/*******************************************************************************
 * Size: 35 px
 * Bpp: 8
 * Opts: --bpp 8 --size 35 --no-compress --font ../K2D-SemiBold.ttf --range 32-127 --format lvgl
 ******************************************************************************/

#ifdef __has_include
    #if __has_include("lvgl.h")
        #ifndef LV_LVGL_H_INCLUDE_SIMPLE
            #define LV_LVGL_H_INCLUDE_SIMPLE
        #endif
    #endif
#endif

#ifdef LV_LVGL_H_INCLUDE_SIMPLE
    #include "lvgl.h"
#else
    #include "lvgl.h"
#endif

#ifndef UI_FONT_K2D_35
#define UI_FONT_K2D_35 1
#endif

#if UI_FONT_K2D_35

/*-----------------
 *    BITMAPS
 *----------------*/

/*Store the image of the glyphs*/
static LV_ATTRIBUTE_LARGE_CONST const uint8_t glyph_bitmap[] = {
    /* U+0020 " " */

    /* U+0021 "!" */
    0x0, 0x0, 0x4c, 0xba, 0xe7, 0x61, 0x0, 0x0,
    0x56, 0xff, 0xff, 0xff, 0x64, 0x0, 0x0, 0xb1,
    0xff, 0xff, 0xff, 0x64, 0x0, 0x0, 0xc0, 0xff,
    0xff, 0xff, 0x64, 0x0, 0x0, 0xc0, 0xff, 0xff,
    0xff, 0x64, 0x0, 0x0, 0xc0, 0xff, 0xff, 0xff,
    0x64, 0x0, 0x0, 0xc0, 0xff, 0xff, 0xff, 0x64,
    0x0, 0x0, 0xc0, 0xff, 0xff, 0xff, 0x64, 0x0,
    0x0, 0xc0, 0xff, 0xff, 0xff, 0x64, 0x0, 0x0,
    0xc0, 0xff, 0xff, 0xff, 0x64, 0x0, 0x0, 0xc0,
    0xff, 0xff, 0xff, 0x64, 0x0, 0x0, 0xc0, 0xff,
    0xff, 0xff, 0x64, 0x0, 0x0, 0xc0, 0xff, 0xff,
    0xff, 0x64, 0x0, 0x0, 0xc0, 0xff, 0xff, 0xff,
    0x64, 0x0, 0x0, 0xc0, 0xff, 0xff, 0xff, 0x57,
    0x0, 0x0, 0xc0, 0xff, 0xff, 0xf3, 0x16, 0x0,
    0x0, 0xc0, 0xff, 0xc5, 0x3a, 0x0, 0x0, 0x0,
    0x1f, 0xf, 0x0, 0x0, 0x0, 0x0, 0x0, 0x0,
    0x0, 0x0, 0x0, 0x0, 0x0, 0x0, 0x29, 0x83,
    0x8e, 0x48, 0x0, 0x0, 0x37, 0xf9, 0xff, 0xff,
    0xff, 0x7d, 0x0, 0xaa, 0xff, 0xff, 0xff, 0xff,
    0xfa, 0x8, 0xbc, 0xff, 0xff, 0xff, 0xff, 0xff,
    0x17, 0x74, 0xff, 0xff, 0xff, 0xff, 0xc9, 0x0,
    0x3, 0x87, 0xe6, 0xf0, 0xad, 0x1b, 0x0,

    /* U+0022 "\"" */
    0x0, 0x0, 0x1, 0x42, 0x70, 0x79, 0xb, 0x0,
    0xf, 0x5c, 0x78, 0x57, 0x0, 0x1, 0xb1, 0xff,
    0xff, 0xdf, 0x0, 0x2b, 0xed, 0xff, 0xff, 0x83,
    0x0, 0x40, 0xff, 0xff, 0xff, 0x8e, 0x0, 0xa7,
    0xff, 0xff, 0xff, 0x31, 0x0, 0x82, 0xff, 0xff,
    0xff, 0x3c, 0x0, 0xe9, 0xff, 0xff, 0xde, 0x0,
    0x0, 0xb5, 0xff, 0xff, 0xe8, 0x2, 0x1b, 0xff,
    0xff, 0xff, 0x8c, 0x0, 0x0, 0xe8, 0xff, 0xff,
    0x98, 0x0, 0x4d, 0xff, 0xff, 0xff, 0x39, 0x0,
    0x1b, 0xff, 0xff, 0xff, 0x45, 0x0, 0x7f, 0xff,
    0xff, 0xe4, 0x1, 0x0, 0x4e, 0xff, 0xff, 0xd2,
    0x1, 0x0, 0xb0, 0xff, 0xff, 0x72, 0x0, 0x0,
    0x7d, 0xf0, 0xb0, 0x1d, 0x0, 0x0, 0xdb, 0xe1,
    0x7a, 0x1, 0x0, 0x0,

    /* U+0023 "#" */
    0x0, 0x0, 0x0, 0x0, 0x0, 0x0, 0x0, 0x0,
    0x1f, 0x9c, 0xdf, 0xd8, 0x0, 0x0, 0x0, 0x0,
    0x0, 0x1, 0x6f, 0xc9, 0xed, 0x5c, 0x0, 0x0,
    0x0, 0x0, 0x0, 0x0, 0x0, 0x0, 0x0, 0x0,
    0x0, 0x0, 0x3, 0xe0, 0xff, 0xff, 0xc1, 0x0,
    0x0, 0x0, 0x0, 0x0, 0x6d, 0xff, 0xff, 0xff,
    0x3d, 0x0, 0x0, 0x0, 0x0, 0x0, 0x0, 0x0,
    0x0, 0x0, 0x0, 0x0, 0x0, 0x37, 0xff, 0xff,
    0xff, 0xa0, 0x0, 0x0, 0x0, 0x0, 0x0, 0xb8,
    0xff, 0xff, 0xff, 0x1c, 0x0, 0x0, 0x0, 0x0,
    0x0, 0x0, 0x0, 0x0, 0x0, 0x0, 0x0, 0x0,
    0x59, 0xff, 0xff, 0xff, 0x7f, 0x0, 0x0, 0x0,
    0x0, 0x0, 0xda, 0xff, 0xff, 0xf9, 0x2, 0x0,
    0x0, 0x0, 0x0, 0x0, 0x0, 0x0, 0x0, 0x0,
    0x0, 0x0, 0x0, 0x79, 0xff, 0xff, 0xff, 0x5e,
    0x0, 0x0, 0x0, 0x0, 0x1, 0xf9, 0xff, 0xff,
    0xda, 0x0, 0x0, 0x0, 0x0, 0x0, 0x0, 0x0,
    0x0, 0x0, 0x0, 0x0, 0x0, 0x0, 0x99, 0xff,
    0xff, 0xff, 0x3d, 0x0, 0x0, 0x0, 0x0, 0x1b,
    0xff, 0xff, 0xff, 0xb9, 0x0, 0x0, 0x0, 0x0,
    0x0, 0x0, 0x0, 0x0, 0x0, 0x0, 0x0, 0x0,
    0x0, 0xb8, 0xff, 0xff, 0xff, 0x1c, 0x0, 0x0,
    0x0, 0x0, 0x3c, 0xff, 0xff, 0xff, 0x98, 0x0,
    0x0, 0x0, 0x0, 0x0, 0x0, 0x0, 0x0, 0x35,
    0xcb, 0xf9, 0xff, 0xff, 0xff, 0xff, 0xff, 0xff,
    0xff, 0xff, 0xff, 0xff, 0xff, 0xff, 0xff, 0xff,
    0xff, 0xff, 0xff, 0xff, 0xff, 0xff, 0xff, 0x12,
    0x0, 0x0, 0xdd, 0xff, 0xff, 0xff, 0xff, 0xff,
    0xff, 0xff, 0xff, 0xff, 0xff, 0xff, 0xff, 0xff,
    0xff, 0xff, 0xff, 0xff, 0xff, 0xff, 0xff, 0xff,
    0xff, 0xfd, 0x9, 0x0, 0xf, 0xff, 0xff, 0xff,
    0xff, 0xff, 0xff, 0xff, 0xff, 0xff, 0xff, 0xff,
    0xff, 0xff, 0xff, 0xff, 0xff, 0xff, 0xff, 0xff,
    0xff, 0xff, 0xff, 0xff, 0x95, 0x0, 0x0, 0x1,
    0x77, 0x78, 0x78, 0x78, 0x95, 0xff, 0xff, 0xff,
    0xb5, 0x78, 0x78, 0x78, 0x78, 0x78, 0xc9, 0xff,
    0xff, 0xff, 0x82, 0x78, 0x78, 0x72, 0x45, 0x0,
    0x0, 0x0, 0x0, 0x0, 0x0, 0x0, 0x0, 0x4e,
    0xff, 0xff, 0xff, 0x5b, 0x0, 0x0, 0x0, 0x0,
    0x0, 0xb0, 0xff, 0xff, 0xf9, 0x2, 0x0, 0x0,
    0x0, 0x0, 0x0, 0x0, 0x0, 0x0, 0x0, 0x0,
    0x0, 0x0, 0x6b, 0xff, 0xff, 0xff, 0x3c, 0x0,
    0x0, 0x0, 0x0, 0x0, 0xcf, 0xff, 0xff, 0xdc,
    0x0, 0x0, 0x0, 0x0, 0x0, 0x0, 0x0, 0x0,
    0x0, 0x0, 0x0, 0x0, 0x0, 0x89, 0xff, 0xff,
    0xff, 0x1d, 0x0, 0x0, 0x0, 0x0, 0x0, 0xee,
    0xff, 0xff, 0xbd, 0x0, 0x0, 0x0, 0x0, 0x0,
    0x0, 0x0, 0x0, 0x13, 0x57, 0x6b, 0x6c, 0x6c,
    0xc8, 0xff, 0xff, 0xff, 0x6f, 0x6c, 0x6c, 0x6c,
    0x6c, 0x70, 0xff, 0xff, 0xff, 0xcb, 0x6c, 0x6c,
    0x6c, 0x6c, 0x36, 0x0, 0x0, 0x23, 0xee, 0xff,
    0xff, 0xff, 0xff, 0xff, 0xff, 0xff, 0xff, 0xff,
    0xff, 0xff, 0xff, 0xff, 0xff, 0xff, 0xff, 0xff,
    0xff, 0xff, 0xff, 0xff, 0xff, 0x8b, 0x0, 0x0,
    0x82, 0xff, 0xff, 0xff, 0xff, 0xff, 0xff, 0xff,
    0xff, 0xff, 0xff, 0xff, 0xff, 0xff, 0xff, 0xff,
    0xff, 0xff, 0xff, 0xff, 0xff, 0xff, 0xff, 0xff,
    0x60, 0x0, 0x0, 0x8c, 0xff, 0xff, 0xff, 0xff,
    0xff, 0xff, 0xff, 0xff, 0xff, 0xff, 0xff, 0xff,
    0xff, 0xff, 0xff, 0xff, 0xff, 0xff, 0xff, 0xff,
    0xff, 0xec, 0x94, 0x3, 0x0, 0x0, 0x0, 0x0,
    0x0, 0x0, 0x0, 0x2c, 0xff, 0xff, 0xff, 0xb0,
    0x0, 0x0, 0x0, 0x0, 0x0, 0xb0, 0xff, 0xff,
    0xff, 0x2c, 0x0, 0x0, 0x0, 0x0, 0x0, 0x0,
    0x0, 0x0, 0x0, 0x0, 0x0, 0x0, 0x4a, 0xff,
    0xff, 0xff, 0x91, 0x0, 0x0, 0x0, 0x0, 0x0,
    0xce, 0xff, 0xff, 0xff, 0xd, 0x0, 0x0, 0x0,
    0x0, 0x0, 0x0, 0x0, 0x0, 0x0, 0x0, 0x0,
    0x0, 0x68, 0xff, 0xff, 0xff, 0x72, 0x0, 0x0,
    0x0, 0x0, 0x0, 0xec, 0xff, 0xff, 0xef, 0x0,
    0x0, 0x0, 0x0, 0x0, 0x0, 0x0, 0x0, 0x0,
    0x0, 0x0, 0x0, 0x0, 0x86, 0xff, 0xff, 0xff,
    0x54, 0x0, 0x0, 0x0, 0x0, 0xa, 0xff, 0xff,
    0xff, 0xd0, 0x0, 0x0, 0x0, 0x0, 0x0, 0x0,
    0x0, 0x0, 0x0, 0x0, 0x0, 0x0, 0x0, 0xa5,
    0xff, 0xff, 0xff, 0x32, 0x0, 0x0, 0x0, 0x0,
    0x29, 0xff, 0xff, 0xff, 0xaf, 0x0, 0x0, 0x0,
    0x0, 0x0, 0x0, 0x0, 0x0, 0x0, 0x0, 0x0,
    0x0, 0x0, 0xc3, 0xff, 0xff, 0xdc, 0x2, 0x0,
    0x0, 0x0, 0x0, 0x47, 0xff, 0xff, 0xff, 0x5b,
    0x0, 0x0, 0x0, 0x0, 0x0, 0x0, 0x0, 0x0,
    0x0, 0x0, 0x0, 0x0, 0x0, 0xd7, 0xdf, 0x9b,
    0x1c, 0x0, 0x0, 0x0, 0x0, 0x0, 0x62, 0xec,
    0xc2, 0x5b, 0x0, 0x0, 0x0, 0x0, 0x0, 0x0,
    0x0, 0x0, 0x0,

    /* U+0024 "$" */
    0x0, 0x0, 0x0, 0x0, 0x0, 0x0, 0x0, 0x0,
    0x0, 0x2d, 0xdc, 0x1b, 0x0, 0x0, 0x0, 0x0,
    0x0, 0x0, 0x0, 0x0, 0x0, 0x0, 0x0, 0x0,
    0x0, 0x0, 0x0, 0x0, 0x0, 0x0, 0x94, 0xff,
    0x1c, 0x0, 0x0, 0x0, 0x0, 0x0, 0x0, 0x0,
    0x0, 0x0, 0x0, 0x0, 0x0, 0x0, 0x0, 0x0,
    0x0, 0x0, 0x0, 0xa4, 0xff, 0x1c, 0x0, 0x0,
    0x0, 0x0, 0x0, 0x0, 0x0, 0x0, 0x0, 0x0,
    0x0, 0x0, 0x0, 0x0, 0x0, 0x0, 0x0, 0x0,
    0xa4, 0xff, 0x1c, 0x0, 0x0, 0x0, 0x0, 0x0,
    0x0, 0x0, 0x0, 0x0, 0x0, 0x0, 0x0, 0x0,
    0xc, 0x64, 0xac, 0xdc, 0xf2, 0xfe, 0xff, 0xf7,
    0xe1, 0xc2, 0x7d, 0x2a, 0x0, 0x0, 0x0, 0x0,
    0x0, 0x0, 0x0, 0x0, 0x5f, 0xed, 0xff, 0xff,
    0xff, 0xff, 0xff, 0xff, 0xff, 0xff, 0xff, 0xff,
    0xfd, 0xa4, 0x16, 0x0, 0x0, 0x0, 0x0, 0x0,
    0x81, 0xff, 0xff, 0xff, 0xff, 0xff, 0xff, 0xff,
    0xff, 0xff, 0xff, 0xff, 0xff, 0xff, 0xff, 0xdb,
    0x21, 0x0, 0x0, 0x0, 0x44, 0xff, 0xff, 0xff,
    0xff, 0xf9, 0xa7, 0x7d, 0xc9, 0xff, 0x71, 0x8d,
    0xe3, 0xff, 0xff, 0xff, 0xff, 0xcb, 0x1, 0x0,
    0x0, 0xbb, 0xff, 0xff, 0xff, 0xd4, 0x1c, 0x0,
    0x0, 0xa4, 0xff, 0x1c, 0x0, 0x7, 0x9c, 0xff,
    0xff, 0xff, 0xff, 0x3b, 0x0, 0x1, 0xf9, 0xff,
    0xff, 0xff, 0x45, 0x0, 0x0, 0x0, 0xa4, 0xff,
    0x1c, 0x0, 0x0, 0x2, 0xca, 0xff, 0xff, 0xff,
    0x5f, 0x0, 0xd, 0xff, 0xff, 0xff, 0xff, 0x20,
    0x0, 0x0, 0x0, 0xa4, 0xff, 0x1c, 0x0, 0x0,
    0x0, 0x59, 0xff, 0xff, 0xff, 0x35, 0x0, 0x0,
    0xf6, 0xff, 0xff, 0xff, 0x4c, 0x0, 0x0, 0x0,
    0xa4, 0xff, 0x1c, 0x0, 0x0, 0x0, 0x17, 0xff,
    0xe6, 0x6e, 0x0, 0x0, 0x0, 0xc7, 0xff, 0xff,
    0xff, 0xd6, 0x12, 0x0, 0x0, 0xa4, 0xff, 0x1c,
    0x0, 0x0, 0x0, 0x0, 0xb, 0x0, 0x0, 0x0,
    0x0, 0x0, 0x62, 0xff, 0xff, 0xff, 0xff, 0xea,
    0x7d, 0x21, 0xa4, 0xff, 0x1c, 0x0, 0x0, 0x0,
    0x0, 0x0, 0x0, 0x0, 0x0, 0x0, 0x0, 0x3,
    0xb7, 0xff, 0xff, 0xff, 0xff, 0xff, 0xff, 0xf9,
    0xff, 0x70, 0x20, 0x0, 0x0, 0x0, 0x0, 0x0,
    0x0, 0x0, 0x0, 0x0, 0x0, 0x7, 0x92, 0xfd,
    0xff, 0xff, 0xff, 0xff, 0xff, 0xff, 0xff, 0xff,
    0xd5, 0x83, 0x25, 0x0, 0x0, 0x0, 0x0, 0x0,
    0x0, 0x0, 0x0, 0x0, 0x2b, 0x9e, 0xf4, 0xff,
    0xff, 0xff, 0xff, 0xff, 0xff, 0xff, 0xff, 0xfe,
    0xb1, 0x2a, 0x0, 0x0, 0x0, 0x0, 0x0, 0x0,
    0x0, 0x0, 0x0, 0xa, 0x52, 0x9a, 0xeb, 0xff,
    0xff, 0xff, 0xff, 0xff, 0xff, 0xff, 0xf8, 0x62,
    0x0, 0x0, 0x0, 0x0, 0x0, 0x0, 0x0, 0x0,
    0x0, 0x0, 0x0, 0xa4, 0xff, 0x73, 0xa9, 0xf5,
    0xff, 0xff, 0xff, 0xff, 0xfe, 0x49, 0x0, 0x0,
    0x0, 0x0, 0x0, 0x0, 0x0, 0x0, 0x0, 0x0,
    0xa4, 0xff, 0x1c, 0x0, 0xe, 0x77, 0xf5, 0xff,
    0xff, 0xff, 0xcb, 0x0, 0x0, 0x53, 0xce, 0xf6,
    0x18, 0x0, 0x0, 0x0, 0x0, 0xa4, 0xff, 0x1c,
    0x0, 0x0, 0x0, 0x47, 0xff, 0xff, 0xff, 0xff,
    0x23, 0x33, 0xfc, 0xff, 0xff, 0x40, 0x0, 0x0,
    0x0, 0x0, 0xa4, 0xff, 0x1c, 0x0, 0x0, 0x0,
    0x0, 0xdd, 0xff, 0xff, 0xff, 0x44, 0x76, 0xff,
    0xff, 0xff, 0x96, 0x0, 0x0, 0x0, 0x0, 0xa4,
    0xff, 0x1c, 0x0, 0x0, 0x0, 0x0, 0xd3, 0xff,
    0xff, 0xff, 0x4d, 0x76, 0xff, 0xff, 0xff, 0xf9,
    0x37, 0x0, 0x0, 0x0, 0xa4, 0xff, 0x1c, 0x0,
    0x0, 0x0, 0x21, 0xfd, 0xff, 0xff, 0xff, 0x2e,
    0x3f, 0xff, 0xff, 0xff, 0xff, 0xf2, 0x5f, 0x2,
    0x0, 0xa4, 0xff, 0x1c, 0x0, 0x0, 0x25, 0xd0,
    0xff, 0xff, 0xff, 0xdf, 0x0, 0x1, 0xc8, 0xff,
    0xff, 0xff, 0xff, 0xff, 0xe4, 0x9e, 0xd2, 0xff,
    0x84, 0x88, 0xbb, 0xfb, 0xff, 0xff, 0xff, 0xff,
    0x5a, 0x0, 0x0, 0x21, 0xe0, 0xff, 0xff, 0xff,
    0xff, 0xff, 0xff, 0xff, 0xff, 0xff, 0xff, 0xff,
    0xff, 0xff, 0xff, 0xff, 0x87, 0x0, 0x0, 0x0,
    0x0, 0x18, 0xaa, 0xff, 0xff, 0xff, 0xff, 0xff,
    0xff, 0xff, 0xff, 0xff, 0xff, 0xff, 0xff, 0xe5,
    0x57, 0x0, 0x0, 0x0, 0x0, 0x0, 0x0, 0x0,
    0x28, 0x80, 0xba, 0xe3, 0xf5, 0xff, 0xff, 0xfa,
    0xec, 0xcf, 0x9d, 0x52, 0x6, 0x0, 0x0, 0x0,
    0x0, 0x0, 0x0, 0x0, 0x0, 0x0, 0x0, 0x0,
    0x0, 0x0, 0xa4, 0xff, 0x1c, 0x0, 0x0, 0x0,
    0x0, 0x0, 0x0, 0x0, 0x0, 0x0, 0x0, 0x0,
    0x0, 0x0, 0x0, 0x0, 0x0, 0x0, 0x0, 0xa4,
    0xff, 0x1b, 0x0, 0x0, 0x0, 0x0, 0x0, 0x0,
    0x0, 0x0, 0x0, 0x0, 0x0, 0x0, 0x0, 0x0,
    0x0, 0x0, 0x0, 0x0, 0xa4, 0xed, 0x4, 0x0,
    0x0, 0x0, 0x0, 0x0, 0x0, 0x0, 0x0, 0x0,
    0x0, 0x0, 0x0, 0x0, 0x0, 0x0, 0x0, 0x0,
    0x0, 0x4a, 0x2b, 0x0, 0x0, 0x0, 0x0, 0x0,
    0x0, 0x0, 0x0, 0x0, 0x0,

    /* U+0025 "%" */
    0x0, 0x0, 0x0, 0x0, 0x0, 0x0, 0x0, 0x0,
    0x0, 0x0, 0x0, 0x0, 0x0, 0x0, 0x0, 0x0,
    0x0, 0x0, 0x0, 0x2, 0x50, 0x75, 0x49, 0x1,
    0x0, 0x0, 0x0, 0x0, 0x0, 0x0, 0x0, 0x0,
    0x0, 0x0, 0x0, 0x0, 0x0, 0x0, 0x0, 0x0,
    0x0, 0x0, 0x0, 0x0, 0x0, 0x0, 0x0, 0x0,
    0x0, 0xa6, 0xff, 0xff, 0xff, 0x8a, 0x0, 0x0,
    0x0, 0x0, 0x0, 0x0, 0x0, 0x0, 0x1, 0x59,
    0xb4, 0xe6, 0xf9, 0xe5, 0xb4, 0x58, 0x1, 0x0,
    0x0, 0x0, 0x0, 0x0, 0x0, 0x0, 0x43, 0xff,
    0xff, 0xff, 0xfe, 0x2d, 0x0, 0x0, 0x0, 0x0,
    0x0, 0x0, 0x0, 0x13, 0xc4, 0xff, 0xff, 0xff,
    0xff, 0xff, 0xff, 0xff, 0xc1, 0xf, 0x0, 0x0,
    0x0, 0x0, 0x0, 0x0, 0xc1, 0xff, 0xff, 0xff,
    0xae, 0x0, 0x0, 0x0, 0x0, 0x0, 0x0, 0x0,
    0x1, 0xc7, 0xff, 0xff, 0xff, 0xff, 0xff, 0xff,
    0xff, 0xff, 0xff, 0xbb, 0x0, 0x0, 0x0, 0x0,
    0x0, 0x3e, 0xff, 0xff, 0xff, 0xff, 0x32, 0x0,
    0x0, 0x0, 0x0, 0x0, 0x0, 0x0, 0x51, 0xff,
    0xff, 0xff, 0xf3, 0x80, 0x55, 0x84, 0xf8, 0xff,
    0xff, 0xff, 0x3e, 0x0, 0x0, 0x0, 0x0, 0xbd,
    0xff, 0xff, 0xff, 0xb3, 0x0, 0x0, 0x0, 0x0,
    0x0, 0x0, 0x0, 0x0, 0x89, 0xff, 0xff, 0xff,
    0x6d, 0x0, 0x0, 0x0, 0x83, 0xff, 0xff, 0xff,
    0x74, 0x0, 0x0, 0x0, 0x3a, 0xff, 0xff, 0xff,
    0xff, 0x35, 0x0, 0x0, 0x0, 0x0, 0x0, 0x0,
    0x0, 0x0, 0x98, 0xff, 0xff, 0xff, 0x48, 0x0,
    0x0, 0x0, 0x60, 0xff, 0xff, 0xff, 0x84, 0x0,
    0x0, 0x0, 0xb8, 0xff, 0xff, 0xff, 0xb8, 0x0,
    0x0, 0x0, 0x0, 0x0, 0x0, 0x0, 0x0, 0x0,
    0x98, 0xff, 0xff, 0xff, 0x48, 0x0, 0x0, 0x0,
    0x60, 0xff, 0xff, 0xff, 0x84, 0x0, 0x0, 0x35,
    0xff, 0xff, 0xff, 0xff, 0x3a, 0x0, 0x0, 0x0,
    0x0, 0x0, 0x0, 0x0, 0x0, 0x0, 0x98, 0xff,
    0xff, 0xff, 0x48, 0x0, 0x0, 0x0, 0x60, 0xff,
    0xff, 0xff, 0x84, 0x0, 0x0, 0xb4, 0xff, 0xff,
    0xff, 0xbc, 0x0, 0x0, 0x0, 0x0, 0x0, 0x0,
    0x0, 0x0, 0x0, 0x0, 0x98, 0xff, 0xff, 0xff,
    0x48, 0x0, 0x0, 0x0, 0x60, 0xff, 0xff, 0xff,
    0x84, 0x0, 0x31, 0xff, 0xff, 0xff, 0xff, 0x3e,
    0x0, 0x0, 0x0, 0x0, 0x0, 0x0, 0x0, 0x0,
    0x0, 0x0, 0x91, 0xff, 0xff, 0xff, 0x56, 0x0,
    0x0, 0x0, 0x6d, 0xff, 0xff, 0xff, 0x7d, 0x0,
    0xaf, 0xff, 0xff, 0xff, 0xc1, 0x0, 0x0, 0x0,
    0x0, 0x0, 0x0, 0x0, 0x0, 0x0, 0x0, 0x0,
    0x68, 0xff, 0xff, 0xff, 0xd3, 0x31, 0x8, 0x37,
    0xdf, 0xff, 0xff, 0xff, 0x53, 0x2d, 0xfe, 0xff,
    0xff, 0xff, 0x43, 0x0, 0x0, 0xd, 0x48, 0x62,
    0x5a, 0x35, 0x1, 0x0, 0x0, 0x0, 0xe, 0xec,
    0xff, 0xff, 0xff, 0xff, 0xff, 0xff, 0xff, 0xff,
    0xff, 0xdd, 0x5, 0xab, 0xff, 0xff, 0xff, 0xc5,
    0x0, 0x14, 0x9b, 0xf7, 0xff, 0xff, 0xff, 0xff,
    0xe2, 0x5f, 0x0, 0x0, 0x0, 0x3b, 0xf2, 0xff,
    0xff, 0xff, 0xff, 0xff, 0xff, 0xff, 0xeb, 0x2c,
    0x2a, 0xfd, 0xff, 0xff, 0xff, 0x48, 0x1c, 0xdf,
    0xff, 0xff, 0xff, 0xff, 0xff, 0xff, 0xff, 0xff,
    0x8f, 0x0, 0x0, 0x0, 0x1e, 0xa5, 0xf6, 0xff,
    0xff, 0xff, 0xf4, 0x9e, 0x17, 0x0, 0xa6, 0xff,
    0xff, 0xff, 0xca, 0x0, 0xb8, 0xff, 0xff, 0xff,
    0xff, 0xff, 0xff, 0xff, 0xff, 0xff, 0xff, 0x47,
    0x0, 0x0, 0x0, 0x0, 0xb, 0x33, 0x45, 0x32,
    0x9, 0x0, 0x0, 0x26, 0xfd, 0xff, 0xff, 0xff,
    0x4c, 0x1e, 0xff, 0xff, 0xff, 0xfc, 0x6d, 0x10,
    0x14, 0x83, 0xff, 0xff, 0xff, 0xaa, 0x0, 0x0,
    0x0, 0x0, 0x0, 0x0, 0x0, 0x0, 0x0, 0x0,
    0x0, 0xa2, 0xff, 0xff, 0xff, 0xce, 0x0, 0x43,
    0xff, 0xff, 0xff, 0xb4, 0x0, 0x0, 0x0, 0x0,
    0xd4, 0xff, 0xff, 0xcf, 0x0, 0x0, 0x0, 0x0,
    0x0, 0x0, 0x0, 0x0, 0x0, 0x0, 0x23, 0xfc,
    0xff, 0xff, 0xff, 0x51, 0x0, 0x48, 0xff, 0xff,
    0xff, 0xa4, 0x0, 0x0, 0x0, 0x0, 0xc4, 0xff,
    0xff, 0xd4, 0x0, 0x0, 0x0, 0x0, 0x0, 0x0,
    0x0, 0x0, 0x0, 0x0, 0x9d, 0xff, 0xff, 0xff,
    0xd2, 0x1, 0x0, 0x48, 0xff, 0xff, 0xff, 0xa4,
    0x0, 0x0, 0x0, 0x0, 0xc4, 0xff, 0xff, 0xd4,
    0x0, 0x0, 0x0, 0x0, 0x0, 0x0, 0x0, 0x0,
    0x0, 0x1f, 0xfa, 0xff, 0xff, 0xff, 0x55, 0x0,
    0x0, 0x48, 0xff, 0xff, 0xff, 0xa4, 0x0, 0x0,
    0x0, 0x0, 0xc4, 0xff, 0xff, 0xd4, 0x0, 0x0,
    0x0, 0x0, 0x0, 0x0, 0x0, 0x0, 0x0, 0x99,
    0xff, 0xff, 0xff, 0xd6, 0x2, 0x0, 0x0, 0x48,
    0xff, 0xff, 0xff, 0xa4, 0x0, 0x0, 0x0, 0x0,
    0xc4, 0xff, 0xff, 0xd4, 0x0, 0x0, 0x0, 0x0,
    0x0, 0x0, 0x0, 0x0, 0x1d, 0xf9, 0xff, 0xff,
    0xff, 0x5a, 0x0, 0x0, 0x0, 0x37, 0xff, 0xff,
    0xff, 0xd6, 0x6, 0x0, 0x0, 0xf, 0xec, 0xff,
    0xff, 0xc2, 0x0, 0x0, 0x0, 0x0, 0x0, 0x0,
    0x0, 0x0, 0x95, 0xff, 0xff, 0xff, 0xd9, 0x3,
    0x0, 0x0, 0x0, 0xc, 0xf2, 0xff, 0xff, 0xff,
    0xcf, 0x7c, 0x7e, 0xd9, 0xff, 0xff, 0xff, 0x88,
    0x0, 0x0, 0x0, 0x0, 0x0, 0x0, 0x0, 0x19,
    0xf8, 0xff, 0xff, 0xff, 0x5f, 0x0, 0x0, 0x0,
    0x0, 0x0, 0x79, 0xff, 0xff, 0xff, 0xff, 0xff,
    0xff, 0xff, 0xff, 0xff, 0xea, 0x16, 0x0, 0x0,
    0x0, 0x0, 0x0, 0x0, 0x0, 0x90, 0xff, 0xff,
    0xff, 0xdd, 0x4, 0x0, 0x0, 0x0, 0x0, 0x0,
    0x0, 0x89, 0xfd, 0xff, 0xff, 0xff, 0xff, 0xff,
    0xff, 0xe1, 0x31, 0x0, 0x0, 0x0, 0x0, 0x0,
    0x0, 0x0, 0x17, 0xf6, 0xff, 0xff, 0xff, 0x5e,
    0x0, 0x0, 0x0, 0x0, 0x0, 0x0, 0x0, 0x0,
    0x33, 0x9a, 0xdc, 0xf7, 0xee, 0xc7, 0x73, 0xb,
    0x0, 0x0, 0x0, 0x0, 0x0, 0x0, 0x0, 0x0,
    0x17, 0xa3, 0xec, 0xea, 0x7e, 0x0, 0x0, 0x0,
    0x0, 0x0, 0x0, 0x0, 0x0, 0x0, 0x0, 0x0,
    0x0, 0x0, 0x0, 0x0, 0x0, 0x0, 0x0, 0x0,

    /* U+0026 "&" */
    0x0, 0x0, 0x0, 0x0, 0x0, 0x52, 0xb4, 0xe9,
    0xfa, 0xe5, 0xb6, 0x53, 0x0, 0x0, 0x0, 0x0,
    0x0, 0x0, 0x0, 0x0, 0x0, 0x0, 0x0, 0x0,
    0x0, 0x0, 0x0, 0x5, 0xab, 0xff, 0xff, 0xff,
    0xff, 0xff, 0xff, 0xff, 0xb4, 0xc, 0x0, 0x0,
    0x0, 0x0, 0x0, 0x0, 0x0, 0x0, 0x0, 0x0,
    0x0, 0x0, 0x0, 0x8d, 0xff, 0xff, 0xff, 0xff,
    0xff, 0xff, 0xff, 0xff, 0xff, 0xa9, 0x0, 0x0,
    0x0, 0x0, 0x0, 0x0, 0x0, 0x0, 0x0, 0x0,
    0x0, 0x0, 0x17, 0xf9, 0xff, 0xff, 0xff, 0xe8,
    0xa8, 0xd8, 0xff, 0xff, 0xff, 0xff, 0x35, 0x0,
    0x0, 0x0, 0x0, 0x0, 0x0, 0x0, 0x0, 0x0,
    0x0, 0x0, 0x5a, 0xff, 0xff, 0xff, 0xf4, 0x1b,
    0x0, 0x7, 0xd1, 0xff, 0xff, 0xff, 0x8a, 0x0,
    0x0, 0x0, 0x0, 0x0, 0x0, 0x0, 0x0, 0x0,
    0x0, 0x0, 0x78, 0xff, 0xff, 0xff, 0xb9, 0x0,
    0x0, 0x0, 0x82, 0xff, 0xff, 0xff, 0xab, 0x0,
    0x0, 0x0, 0x0, 0x0, 0x0, 0x0, 0x0, 0x0,
    0x0, 0x0, 0x6c, 0xff, 0xff, 0xff, 0xc0, 0x0,
    0x0, 0x0, 0x8d, 0xff, 0xff, 0xff, 0x9f, 0x0,
    0x0, 0x0, 0x0, 0x0, 0x0, 0x0, 0x0, 0x0,
    0x0, 0x0, 0x34, 0xff, 0xff, 0xff, 0xfb, 0x2b,
    0x0, 0x13, 0xe8, 0xff, 0xff, 0xff, 0x66, 0x0,
    0x0, 0x0, 0x0, 0x0, 0x0, 0x0, 0x0, 0x0,
    0x0, 0x0, 0x0, 0xbf, 0xff, 0xff, 0xff, 0xe0,
    0x3d, 0xc9, 0xff, 0xff, 0xff, 0xe3, 0x8, 0x0,
    0x0, 0x0, 0x0, 0x0, 0x0, 0x0, 0x0, 0x0,
    0x0, 0x0, 0x0, 0x1f, 0xe8, 0xff, 0xff, 0xff,
    0xff, 0xff, 0xff, 0xff, 0xf4, 0x37, 0x0, 0x0,
    0x0, 0x0, 0x0, 0x0, 0x0, 0x0, 0x0, 0x0,
    0x0, 0x0, 0x0, 0x0, 0x46, 0xff, 0xff, 0xff,
    0xff, 0xff, 0xff, 0xed, 0x3b, 0x0, 0x0, 0x0,
    0x0, 0x0, 0x0, 0x0, 0x0, 0x0, 0x0, 0x0,
    0x0, 0x0, 0x0, 0x4b, 0xee, 0xff, 0xff, 0xff,
    0xff, 0xff, 0xff, 0x47, 0x0, 0x0, 0x0, 0x0,
    0x0, 0x0, 0x36, 0x27, 0x1, 0x0, 0x0, 0x0,
    0x0, 0x0, 0x5e, 0xfd, 0xff, 0xff, 0xff, 0xff,
    0xff, 0xff, 0xff, 0xe5, 0x28, 0x0, 0x0, 0x0,
    0x0, 0x0, 0xc9, 0xff, 0xd6, 0x33, 0x0, 0x0,
    0x0, 0x3c, 0xfb, 0xff, 0xff, 0xff, 0xf2, 0x80,
    0xf2, 0xff, 0xff, 0xff, 0xe8, 0x2b, 0x0, 0x0,
    0x0, 0x0, 0xcf, 0xff, 0xff, 0xd6, 0x0, 0x0,
    0x1, 0xd5, 0xff, 0xff, 0xff, 0xeb, 0x28, 0x0,
    0x39, 0xf1, 0xff, 0xff, 0xff, 0xeb, 0x2f, 0x0,
    0x0, 0x6, 0xf6, 0xff, 0xff, 0xff, 0x6, 0x0,
    0x40, 0xff, 0xff, 0xff, 0xff, 0x4b, 0x0, 0x0,
    0x0, 0x36, 0xef, 0xff, 0xff, 0xff, 0xed, 0x33,
    0x0, 0x56, 0xff, 0xff, 0xff, 0xeb, 0x0, 0x0,
    0x7c, 0xff, 0xff, 0xff, 0xd9, 0x0, 0x0, 0x0,
    0x0, 0x0, 0x32, 0xed, 0xff, 0xff, 0xff, 0xf0,
    0x3c, 0xd3, 0xff, 0xff, 0xff, 0x99, 0x0, 0x0,
    0x93, 0xff, 0xff, 0xff, 0xae, 0x0, 0x0, 0x0,
    0x0, 0x0, 0x0, 0x2f, 0xeb, 0xff, 0xff, 0xff,
    0xfd, 0xff, 0xff, 0xff, 0xf5, 0x1f, 0x0, 0x0,
    0x8a, 0xff, 0xff, 0xff, 0xbb, 0x0, 0x0, 0x0,
    0x0, 0x0, 0x0, 0x0, 0x2c, 0xe9, 0xff, 0xff,
    0xff, 0xff, 0xff, 0xff, 0x6c, 0x0, 0x0, 0x0,
    0x5d, 0xff, 0xff, 0xff, 0xf7, 0x1e, 0x0, 0x0,
    0x0, 0x0, 0x0, 0x0, 0x0, 0x34, 0xfc, 0xff,
    0xff, 0xff, 0xff, 0xbf, 0x0, 0x0, 0x0, 0x0,
    0x11, 0xf5, 0xff, 0xff, 0xff, 0xd7, 0x47, 0x0,
    0x0, 0x0, 0x0, 0xb, 0x62, 0xdf, 0xff, 0xff,
    0xff, 0xff, 0xff, 0xfc, 0x5c, 0x0, 0x0, 0x0,
    0x0, 0x77, 0xff, 0xff, 0xff, 0xff, 0xff, 0xe5,
    0xc3, 0xb6, 0xcd, 0xfa, 0xff, 0xff, 0xff, 0xff,
    0xff, 0xff, 0xff, 0xff, 0xfd, 0x61, 0x0, 0x0,
    0x0, 0x0, 0x9b, 0xff, 0xff, 0xff, 0xff, 0xff,
    0xff, 0xff, 0xff, 0xff, 0xff, 0xff, 0xff, 0xff,
    0xc0, 0xf7, 0xff, 0xff, 0xff, 0xfe, 0x67, 0x0,
    0x0, 0x0, 0x2, 0x6a, 0xf1, 0xff, 0xff, 0xff,
    0xff, 0xff, 0xff, 0xff, 0xff, 0xff, 0xd8, 0x53,
    0x0, 0x41, 0xf3, 0xff, 0xff, 0xff, 0xfa, 0x15,
    0x0, 0x0, 0x0, 0x0, 0x13, 0x66, 0xb6, 0xdc,
    0xf5, 0xf7, 0xe6, 0xc6, 0x8f, 0x42, 0x0, 0x0,
    0x0, 0x0, 0x2f, 0xc0, 0xf5, 0xd7, 0x53, 0x0,

    /* U+0027 "'" */
    0x0, 0x0, 0x0, 0x3a, 0x72, 0x83, 0x2a, 0x0,
    0x0, 0xa6, 0xff, 0xff, 0xff, 0x1e, 0x0, 0x3f,
    0xff, 0xff, 0xff, 0xcb, 0x0, 0x0, 0x83, 0xff,
    0xff, 0xff, 0x78, 0x0, 0x0, 0xb6, 0xff, 0xff,
    0xff, 0x26, 0x0, 0x0, 0xe8, 0xff, 0xff, 0xd4,
    0x0, 0x0, 0x1b, 0xff, 0xff, 0xff, 0x80, 0x0,
    0x0, 0x4e, 0xff, 0xff, 0xf5, 0x1b, 0x0, 0x0,
    0x7d, 0xf4, 0xc4, 0x3c, 0x0, 0x0, 0x0,

    /* U+0028 "(" */
    0x0, 0x0, 0x0, 0x0, 0x0, 0x15, 0x9e, 0xd3,
    0xab, 0x22, 0x0, 0x0, 0x0, 0x0, 0x1c, 0xe2,
    0xff, 0xff, 0xff, 0x83, 0x0, 0x0, 0x0, 0x4,
    0xc6, 0xff, 0xff, 0xff, 0xc4, 0x4, 0x0, 0x0,
    0x0, 0x76, 0xff, 0xff, 0xff, 0xf5, 0x22, 0x0,
    0x0, 0x0, 0x19, 0xf5, 0xff, 0xff, 0xff, 0x73,
    0x0, 0x0, 0x0, 0x0, 0x92, 0xff, 0xff, 0xff,
    0xde, 0x6, 0x0, 0x0, 0x0, 0xd, 0xf4, 0xff,
    0xff, 0xff, 0x66, 0x0, 0x0, 0x0, 0x0, 0x63,
    0xff, 0xff, 0xff, 0xef, 0xa, 0x0, 0x0, 0x0,
    0x0, 0xb3, 0xff, 0xff, 0xff, 0xa2, 0x0, 0x0,
    0x0, 0x0, 0x3, 0xf4, 0xff, 0xff, 0xff, 0x58,
    0x0, 0x0, 0x0, 0x0, 0x2c, 0xff, 0xff, 0xff,
    0xff, 0x21, 0x0, 0x0, 0x0, 0x0, 0x57, 0xff,
    0xff, 0xff, 0xf4, 0x0, 0x0, 0x0, 0x0, 0x0,
    0x75, 0xff, 0xff, 0xff, 0xd6, 0x0, 0x0, 0x0,
    0x0, 0x0, 0x8a, 0xff, 0xff, 0xff, 0xc2, 0x0,
    0x0, 0x0, 0x0, 0x0, 0x93, 0xff, 0xff, 0xff,
    0xb9, 0x0, 0x0, 0x0, 0x0, 0x0, 0x94, 0xff,
    0xff, 0xff, 0xb7, 0x0, 0x0, 0x0, 0x0, 0x0,
    0x8b, 0xff, 0xff, 0xff, 0xc0, 0x0, 0x0, 0x0,
    0x0, 0x0, 0x7a, 0xff, 0xff, 0xff, 0xd2, 0x0,
    0x0, 0x0, 0x0, 0x0, 0x5d, 0xff, 0xff, 0xff,
    0xf0, 0x0, 0x0, 0x0, 0x0, 0x0, 0x37, 0xff,
    0xff, 0xff, 0xff, 0x19, 0x0, 0x0, 0x0, 0x0,
    0x8, 0xfb, 0xff, 0xff, 0xff, 0x4f, 0x0, 0x0,
    0x0, 0x0, 0x0, 0xc3, 0xff, 0xff, 0xff, 0x97,
    0x0, 0x0, 0x0, 0x0, 0x0, 0x75, 0xff, 0xff,
    0xff, 0xe8, 0x4, 0x0, 0x0, 0x0, 0x0, 0x19,
    0xfb, 0xff, 0xff, 0xff, 0x58, 0x0, 0x0, 0x0,
    0x0, 0x0, 0xa7, 0xff, 0xff, 0xff, 0xd1, 0x2,
    0x0, 0x0, 0x0, 0x0, 0x29, 0xfc, 0xff, 0xff,
    0xff, 0x61, 0x0, 0x0, 0x0, 0x0, 0x0, 0x90,
    0xff, 0xff, 0xff, 0xeb, 0x15, 0x0, 0x0, 0x0,
    0x0, 0xc, 0xda, 0xff, 0xff, 0xff, 0xaf, 0x0,
    0x0, 0x0, 0x0, 0x0, 0x2d, 0xf3, 0xff, 0xff,
    0xff, 0x71, 0x0, 0x0, 0x0, 0x0, 0x0, 0x2a,
    0xc4, 0xf8, 0xcf, 0x39,

    /* U+0029 ")" */
    0x38, 0xb8, 0xd2, 0x8b, 0xa, 0x0, 0x0, 0x0,
    0x0, 0x0, 0xaf, 0xff, 0xff, 0xff, 0xd0, 0xd,
    0x0, 0x0, 0x0, 0x0, 0x12, 0xdf, 0xff, 0xff,
    0xff, 0xa9, 0x0, 0x0, 0x0, 0x0, 0x0, 0x3f,
    0xfe, 0xff, 0xff, 0xff, 0x53, 0x0, 0x0, 0x0,
    0x0, 0x0, 0x97, 0xff, 0xff, 0xff, 0xe4, 0x7,
    0x0, 0x0, 0x0, 0x0, 0x16, 0xf2, 0xff, 0xff,
    0xff, 0x6d, 0x0, 0x0, 0x0, 0x0, 0x0, 0x8a,
    0xff, 0xff, 0xff, 0xdb, 0x1, 0x0, 0x0, 0x0,
    0x0, 0x1f, 0xfe, 0xff, 0xff, 0xff, 0x3e, 0x0,
    0x0, 0x0, 0x0, 0x0, 0xc8, 0xff, 0xff, 0xff,
    0x8c, 0x0, 0x0, 0x0, 0x0, 0x0, 0x7d, 0xff,
    0xff, 0xff, 0xd0, 0x0, 0x0, 0x0, 0x0, 0x0,
    0x46, 0xff, 0xff, 0xff, 0xfb, 0x8, 0x0, 0x0,
    0x0, 0x0, 0x19, 0xff, 0xff, 0xff, 0xff, 0x2e,
    0x0, 0x0, 0x0, 0x0, 0x1, 0xf9, 0xff, 0xff,
    0xff, 0x4b, 0x0, 0x0, 0x0, 0x0, 0x0, 0xe7,
    0xff, 0xff, 0xff, 0x60, 0x0, 0x0, 0x0, 0x0,
    0x0, 0xde, 0xff, 0xff, 0xff, 0x6a, 0x0, 0x0,
    0x0, 0x0, 0x0, 0xdc, 0xff, 0xff, 0xff, 0x6b,
    0x0, 0x0, 0x0, 0x0, 0x0, 0xe6, 0xff, 0xff,
    0xff, 0x62, 0x0, 0x0, 0x0, 0x0, 0x0, 0xf6,
    0xff, 0xff, 0xff, 0x50, 0x0, 0x0, 0x0, 0x0,
    0x16, 0xff, 0xff, 0xff, 0xff, 0x33, 0x0, 0x0,
    0x0, 0x0, 0x3e, 0xff, 0xff, 0xff, 0xfe, 0xe,
    0x0, 0x0, 0x0, 0x0, 0x75, 0xff, 0xff, 0xff,
    0xd9, 0x0, 0x0, 0x0, 0x0, 0x0, 0xbd, 0xff,
    0xff, 0xff, 0x98, 0x0, 0x0, 0x0, 0x0, 0x16,
    0xfb, 0xff, 0xff, 0xff, 0x4b, 0x0, 0x0, 0x0,
    0x0, 0x7d, 0xff, 0xff, 0xff, 0xe7, 0x4, 0x0,
    0x0, 0x0, 0xd, 0xea, 0xff, 0xff, 0xff, 0x80,
    0x0, 0x0, 0x0, 0x0, 0x85, 0xff, 0xff, 0xff,
    0xf0, 0x10, 0x0, 0x0, 0x0, 0x2d, 0xf9, 0xff,
    0xff, 0xff, 0x6b, 0x0, 0x0, 0x0, 0x8, 0xcf,
    0xff, 0xff, 0xff, 0xc1, 0x2, 0x0, 0x0, 0x0,
    0x9c, 0xff, 0xff, 0xff, 0xe5, 0x19, 0x0, 0x0,
    0x0, 0x0, 0x55, 0xdc, 0xf7, 0xb2, 0x1a, 0x0,
    0x0, 0x0, 0x0, 0x0,

    /* U+002A "*" */
    0x0, 0x0, 0x0, 0x0, 0x0, 0xb, 0x0, 0x0,
    0x0, 0xb, 0x0, 0x0, 0x0, 0x0, 0x0, 0x0,
    0x0, 0x0, 0x0, 0x3, 0x6a, 0xec, 0x34, 0x0,
    0x0, 0xa2, 0xbf, 0x2f, 0x0, 0x0, 0x0, 0x0,
    0x0, 0x0, 0x42, 0xd2, 0xff, 0xff, 0xb2, 0x0,
    0x20, 0xfb, 0xff, 0xfd, 0x9b, 0x16, 0x0, 0x0,
    0x0, 0x0, 0x87, 0xff, 0xff, 0xff, 0xff, 0x30,
    0x96, 0xff, 0xff, 0xff, 0xf0, 0x22, 0x0, 0x0,
    0x0, 0x0, 0x3, 0xc0, 0xff, 0xff, 0xff, 0xbf,
    0xf7, 0xff, 0xff, 0xff, 0x52, 0x0, 0x0, 0x0,
    0x0, 0x0, 0x0, 0x19, 0xe8, 0xff, 0xff, 0xff,
    0xff, 0xff, 0xff, 0x90, 0x0, 0x0, 0x0, 0x0,
    0x75, 0xb6, 0xa3, 0x90, 0xb6, 0xff, 0xff, 0xff,
    0xff, 0xff, 0xf7, 0x84, 0x93, 0xa8, 0xbd, 0x22,
    0x98, 0xff, 0xff, 0xff, 0xff, 0xff, 0xff, 0xff,
    0xff, 0xff, 0xff, 0xff, 0xff, 0xff, 0xff, 0x2c,
    0x98, 0xff, 0xff, 0xff, 0xff, 0xff, 0xff, 0xff,
    0xff, 0xff, 0xff, 0xff, 0xff, 0xff, 0xff, 0x2c,
    0x98, 0xff, 0xf4, 0xdd, 0xdd, 0xff, 0xff, 0xff,
    0xff, 0xff, 0xff, 0xff, 0xff, 0xff, 0xff, 0x2c,
    0x11, 0xb, 0x0, 0x6, 0xcc, 0xff, 0xff, 0xff,
    0xff, 0xff, 0xf7, 0x35, 0x0, 0x0, 0x0, 0x0,
    0x0, 0x0, 0x0, 0x91, 0xff, 0xff, 0xff, 0xcf,
    0xff, 0xff, 0xff, 0xe5, 0x19, 0x0, 0x0, 0x0,
    0x0, 0x0, 0x4f, 0xff, 0xff, 0xff, 0xfb, 0x23,
    0xc8, 0xff, 0xff, 0xff, 0xc9, 0x8, 0x0, 0x0,
    0x0, 0x0, 0x79, 0xfb, 0xff, 0xff, 0x9e, 0x0,
    0x4f, 0xff, 0xff, 0xff, 0xd6, 0x2d, 0x0, 0x0,
    0x0, 0x0, 0x0, 0x2f, 0xcb, 0xfb, 0x22, 0x0,
    0x1, 0xd4, 0xe7, 0x67, 0x3, 0x0, 0x0, 0x0,
    0x0, 0x0, 0x0, 0x0, 0x3, 0x43, 0x0, 0x0,
    0x0, 0x2c, 0xb, 0x0, 0x0, 0x0, 0x0, 0x0,

    /* U+002B "+" */
    0x0, 0x0, 0x0, 0x0, 0x0, 0x0, 0x0, 0x0,
    0x3, 0x6f, 0xc4, 0xe6, 0x2c, 0x0, 0x0, 0x0,
    0x0, 0x0, 0x0, 0x0, 0x0, 0x0, 0x0, 0x0,
    0x0, 0x0, 0x0, 0x0, 0x8b, 0xff, 0xff, 0xff,
    0x30, 0x0, 0x0, 0x0, 0x0, 0x0, 0x0, 0x0,
    0x0, 0x0, 0x0, 0x0, 0x0, 0x0, 0x0, 0x0,
    0xe1, 0xff, 0xff, 0xff, 0x30, 0x0, 0x0, 0x0,
    0x0, 0x0, 0x0, 0x0, 0x0, 0x0, 0x0, 0x0,
    0x0, 0x0, 0x0, 0x0, 0xf0, 0xff, 0xff, 0xff,
    0x30, 0x0, 0x0, 0x0, 0x0, 0x0, 0x0, 0x0,
    0x0, 0x0, 0x0, 0x0, 0x0, 0x0, 0x0, 0x0,
    0xf0, 0xff, 0xff, 0xff, 0x30, 0x0, 0x0, 0x0,
    0x0, 0x0, 0x0, 0x0, 0x0, 0x0, 0x0, 0x0,
    0x0, 0x0, 0x0, 0x0, 0xf0, 0xff, 0xff, 0xff,
    0x30, 0x0, 0x0, 0x0, 0x0, 0x0, 0x0, 0x0,
    0x0, 0x0, 0x0, 0x0, 0x0, 0x0, 0x0, 0x0,
    0xf0, 0xff, 0xff, 0xff, 0x30, 0x0, 0x0, 0x0,
    0x0, 0x0, 0x0, 0x0, 0x0, 0x4f, 0xd6, 0xfd,
    0xff, 0xff, 0xff, 0xff, 0xff, 0xff, 0xff, 0xff,
    0xff, 0xff, 0xff, 0xff, 0xff, 0xff, 0xff, 0xc4,
    0x1f, 0xfb, 0xff, 0xff, 0xff, 0xff, 0xff, 0xff,
    0xff, 0xff, 0xff, 0xff, 0xff, 0xff, 0xff, 0xff,
    0xff, 0xff, 0xff, 0x9c, 0x74, 0xff, 0xff, 0xff,
    0xff, 0xff, 0xff, 0xff, 0xff, 0xff, 0xff, 0xff,
    0xff, 0xff, 0xff, 0xff, 0xff, 0xff, 0xf6, 0x2e,
    0x5b, 0xa4, 0xa4, 0xa4, 0xa4, 0xa4, 0xa4, 0xa4,
    0xfa, 0xff, 0xff, 0xff, 0xb5, 0xa4, 0xa4, 0xa4,
    0xa3, 0x87, 0x2d, 0x0, 0x0, 0x0, 0x0, 0x0,
    0x0, 0x0, 0x0, 0x0, 0xf0, 0xff, 0xff, 0xff,
    0x30, 0x0, 0x0, 0x0, 0x0, 0x0, 0x0, 0x0,
    0x0, 0x0, 0x0, 0x0, 0x0, 0x0, 0x0, 0x0,
    0xf0, 0xff, 0xff, 0xff, 0x30, 0x0, 0x0, 0x0,
    0x0, 0x0, 0x0, 0x0, 0x0, 0x0, 0x0, 0x0,
    0x0, 0x0, 0x0, 0x0, 0xf0, 0xff, 0xff, 0xff,
    0x30, 0x0, 0x0, 0x0, 0x0, 0x0, 0x0, 0x0,
    0x0, 0x0, 0x0, 0x0, 0x0, 0x0, 0x0, 0x0,
    0xf0, 0xff, 0xff, 0xff, 0x2f, 0x0, 0x0, 0x0,
    0x0, 0x0, 0x0, 0x0, 0x0, 0x0, 0x0, 0x0,
    0x0, 0x0, 0x0, 0x0, 0xf0, 0xff, 0xff, 0xff,
    0x1d, 0x0, 0x0, 0x0, 0x0, 0x0, 0x0, 0x0,
    0x0, 0x0, 0x0, 0x0, 0x0, 0x0, 0x0, 0x0,
    0xf0, 0xff, 0xff, 0xc1, 0x0, 0x0, 0x0, 0x0,
    0x0, 0x0, 0x0, 0x0, 0x0, 0x0, 0x0, 0x0,
    0x0, 0x0, 0x0, 0x0, 0xea, 0xde, 0x91, 0x10,
    0x0, 0x0, 0x0, 0x0, 0x0, 0x0, 0x0, 0x0,

    /* U+002C "," */
    0x0, 0x15, 0x7f, 0x9b, 0x65, 0x2, 0x0, 0x12,
    0xe5, 0xff, 0xff, 0xff, 0xa8, 0x0, 0x74, 0xff,
    0xff, 0xff, 0xff, 0xff, 0x2b, 0x8b, 0xff, 0xff,
    0xff, 0xff, 0xff, 0x50, 0x50, 0xff, 0xff, 0xff,
    0xff, 0xff, 0x40, 0x0, 0x83, 0xeb, 0xf4, 0xff,
    0xff, 0x26, 0x0, 0x0, 0x0, 0x55, 0xff, 0xe5,
    0x0, 0x0, 0x0, 0x0, 0x9e, 0xff, 0x95, 0x0,
    0x0, 0x0, 0x1f, 0xf5, 0xf5, 0x1b, 0x0, 0x0,
    0x4, 0xba, 0xff, 0x65, 0x0, 0x0, 0x0, 0x81,
    0xee, 0x6f, 0x0, 0x0, 0x0,

    /* U+002D "-" */
    0x0, 0x8, 0x53, 0x76, 0x78, 0x78, 0x78, 0x78,
    0x78, 0x78, 0x78, 0x78, 0x78, 0x78, 0xb, 0x6,
    0xce, 0xff, 0xff, 0xff, 0xff, 0xff, 0xff, 0xff,
    0xff, 0xff, 0xff, 0xff, 0xfd, 0x4, 0x5b, 0xff,
    0xff, 0xff, 0xff, 0xff, 0xff, 0xff, 0xff, 0xff,
    0xff, 0xff, 0xff, 0xb6, 0x0, 0x88, 0xff, 0xff,
    0xff, 0xff, 0xff, 0xff, 0xff, 0xff, 0xff, 0xff,
    0xf3, 0xb8, 0x1d, 0x0,

    /* U+002E "." */
    0x0, 0x0, 0x11, 0x10, 0x0, 0x0, 0x2, 0xa0,
    0xff, 0xff, 0x9f, 0x2, 0x60, 0xff, 0xff, 0xff,
    0xff, 0x63, 0x8b, 0xff, 0xff, 0xff, 0xff, 0x8f,
    0x50, 0xff, 0xff, 0xff, 0xff, 0x52, 0x0, 0x7b,
    0xe9, 0xe8, 0x7a, 0x0,

    /* U+002F "/" */
    0x0, 0x0, 0x0, 0x0, 0x0, 0x0, 0x0, 0x0,
    0x0, 0x0, 0x0, 0x0, 0x0, 0xb, 0x5f, 0x71,
    0x36, 0x0, 0x0, 0x0, 0x0, 0x0, 0x0, 0x0,
    0x0, 0x0, 0x0, 0x0, 0x0, 0x0, 0xb, 0xd3,
    0xff, 0xff, 0xff, 0x56, 0x0, 0x0, 0x0, 0x0,
    0x0, 0x0, 0x0, 0x0, 0x0, 0x0, 0x0, 0x0,
    0x7f, 0xff, 0xff, 0xff, 0xec, 0xc, 0x0, 0x0,
    0x0, 0x0, 0x0, 0x0, 0x0, 0x0, 0x0, 0x0,
    0x0, 0xe, 0xee, 0xff, 0xff, 0xff, 0x7a, 0x0,
    0x0, 0x0, 0x0, 0x0, 0x0, 0x0, 0x0, 0x0,
    0x0, 0x0, 0x0, 0x7a, 0xff, 0xff, 0xff, 0xee,
    0xe, 0x0, 0x0, 0x0, 0x0, 0x0, 0x0, 0x0,
    0x0, 0x0, 0x0, 0x0, 0xb, 0xeb, 0xff, 0xff,
    0xff, 0x7f, 0x0, 0x0, 0x0, 0x0, 0x0, 0x0,
    0x0, 0x0, 0x0, 0x0, 0x0, 0x0, 0x76, 0xff,
    0xff, 0xff, 0xf1, 0x10, 0x0, 0x0, 0x0, 0x0,
    0x0, 0x0, 0x0, 0x0, 0x0, 0x0, 0x0, 0x9,
    0xe9, 0xff, 0xff, 0xff, 0x84, 0x0, 0x0, 0x0,
    0x0, 0x0, 0x0, 0x0, 0x0, 0x0, 0x0, 0x0,
    0x0, 0x71, 0xff, 0xff, 0xff, 0xf3, 0x13, 0x0,
    0x0, 0x0, 0x0, 0x0, 0x0, 0x0, 0x0, 0x0,
    0x0, 0x0, 0x7, 0xe6, 0xff, 0xff, 0xff, 0x88,
    0x0, 0x0, 0x0, 0x0, 0x0, 0x0, 0x0, 0x0,
    0x0, 0x0, 0x0, 0x0, 0x6c, 0xff, 0xff, 0xff,
    0xf5, 0x15, 0x0, 0x0, 0x0, 0x0, 0x0, 0x0,
    0x0, 0x0, 0x0, 0x0, 0x0, 0x6, 0xe2, 0xff,
    0xff, 0xff, 0x8d, 0x0, 0x0, 0x0, 0x0, 0x0,
    0x0, 0x0, 0x0, 0x0, 0x0, 0x0, 0x0, 0x67,
    0xff, 0xff, 0xff, 0xf7, 0x18, 0x0, 0x0, 0x0,
    0x0, 0x0, 0x0, 0x0, 0x0, 0x0, 0x0, 0x0,
    0x5, 0xdf, 0xff, 0xff, 0xff, 0x91, 0x0, 0x0,
    0x0, 0x0, 0x0, 0x0, 0x0, 0x0, 0x0, 0x0,
    0x0, 0x0, 0x62, 0xff, 0xff, 0xff, 0xf8, 0x1b,
    0x0, 0x0, 0x0, 0x0, 0x0, 0x0, 0x0, 0x0,
    0x0, 0x0, 0x0, 0x3, 0xdc, 0xff, 0xff, 0xff,
    0x96, 0x0, 0x0, 0x0, 0x0, 0x0, 0x0, 0x0,
    0x0, 0x0, 0x0, 0x0, 0x0, 0x5e, 0xff, 0xff,
    0xff, 0xfa, 0x1e, 0x0, 0x0, 0x0, 0x0, 0x0,
    0x0, 0x0, 0x0, 0x0, 0x0, 0x0, 0x2, 0xd8,
    0xff, 0xff, 0xff, 0x9b, 0x0, 0x0, 0x0, 0x0,
    0x0, 0x0, 0x0, 0x0, 0x0, 0x0, 0x0, 0x0,
    0x59, 0xff, 0xff, 0xff, 0xfb, 0x21, 0x0, 0x0,
    0x0, 0x0, 0x0, 0x0, 0x0, 0x0, 0x0, 0x0,
    0x0, 0x1, 0xd4, 0xff, 0xff, 0xff, 0x9f, 0x0,
    0x0, 0x0, 0x0, 0x0, 0x0, 0x0, 0x0, 0x0,
    0x0, 0x0, 0x0, 0x54, 0xff, 0xff, 0xff, 0xfc,
    0x25, 0x0, 0x0, 0x0, 0x0, 0x0, 0x0, 0x0,
    0x0, 0x0, 0x0, 0x0, 0x1, 0xd0, 0xff, 0xff,
    0xff, 0xa4, 0x0, 0x0, 0x0, 0x0, 0x0, 0x0,
    0x0, 0x0, 0x0, 0x0, 0x0, 0x0, 0x4f, 0xff,
    0xff, 0xff, 0xfd, 0x28, 0x0, 0x0, 0x0, 0x0,
    0x0, 0x0, 0x0, 0x0, 0x0, 0x0, 0x0, 0x0,
    0xcc, 0xff, 0xff, 0xff, 0xa8, 0x0, 0x0, 0x0,
    0x0, 0x0, 0x0, 0x0, 0x0, 0x0, 0x0, 0x0,
    0x0, 0x4b, 0xff, 0xff, 0xff, 0xfe, 0x2c, 0x0,
    0x0, 0x0, 0x0, 0x0, 0x0, 0x0, 0x0, 0x0,
    0x0, 0x0, 0x0, 0xc7, 0xff, 0xff, 0xff, 0xad,
    0x0, 0x0, 0x0, 0x0, 0x0, 0x0, 0x0, 0x0,
    0x0, 0x0, 0x0, 0x0, 0x46, 0xff, 0xff, 0xff,
    0xfc, 0x2e, 0x0, 0x0, 0x0, 0x0, 0x0, 0x0,
    0x0, 0x0, 0x0, 0x0, 0x0, 0x0, 0x2f, 0xba,
    0xf3, 0xde, 0x5a, 0x0, 0x0, 0x0, 0x0, 0x0,
    0x0, 0x0, 0x0, 0x0, 0x0, 0x0, 0x0, 0x0,

    /* U+0030 "0" */
    0x0, 0x0, 0x0, 0x0, 0x0, 0x1, 0x44, 0x96,
    0xce, 0xef, 0xfc, 0xf4, 0xd8, 0xa8, 0x5d, 0xa,
    0x0, 0x0, 0x0, 0x0, 0x0, 0x0, 0x0, 0x0,
    0x0, 0x37, 0xcf, 0xff, 0xff, 0xff, 0xff, 0xff,
    0xff, 0xff, 0xff, 0xff, 0xea, 0x5f, 0x0, 0x0,
    0x0, 0x0, 0x0, 0x0, 0x0, 0x7b, 0xfe, 0xff,
    0xff, 0xff, 0xff, 0xff, 0xff, 0xff, 0xff, 0xff,
    0xff, 0xff, 0xff, 0xb5, 0x7, 0x0, 0x0, 0x0,
    0x0, 0x72, 0xff, 0xff, 0xff, 0xff, 0xff, 0xfb,
    0xd6, 0xc4, 0xcf, 0xf4, 0xff, 0xff, 0xff, 0xff,
    0xff, 0xaf, 0x3, 0x0, 0x0, 0x32, 0xfd, 0xff,
    0xff, 0xff, 0xeb, 0x69, 0xc, 0x0, 0x0, 0x0,
    0x2, 0x49, 0xd0, 0xff, 0xff, 0xff, 0xff, 0x6d,
    0x0, 0x0, 0xa8, 0xff, 0xff, 0xff, 0xeb, 0x23,
    0x0, 0x0, 0x0, 0x0, 0x0, 0x0, 0x0, 0x9,
    0xc1, 0xff, 0xff, 0xff, 0xe3, 0x1, 0x0, 0xf0,
    0xff, 0xff, 0xff, 0x6f, 0x0, 0x0, 0x0, 0x0,
    0x0, 0x0, 0x0, 0x0, 0x0, 0x2c, 0xff, 0xff,
    0xff, 0xff, 0x2b, 0xe, 0xff, 0xff, 0xff, 0xff,
    0x33, 0x0, 0x0, 0x0, 0x0, 0x0, 0x0, 0x0,
    0x0, 0x0, 0x0, 0xef, 0xff, 0xff, 0xff, 0x49,
    0x14, 0xff, 0xff, 0xff, 0xff, 0x28, 0x0, 0x0,
    0x0, 0x0, 0x0, 0x0, 0x0, 0x0, 0x0, 0x0,
    0xe4, 0xff, 0xff, 0xff, 0x50, 0x14, 0xff, 0xff,
    0xff, 0xff, 0x28, 0x0, 0x0, 0x0, 0x0, 0x0,
    0x0, 0x0, 0x0, 0x0, 0x0, 0xe4, 0xff, 0xff,
    0xff, 0x50, 0x14, 0xff, 0xff, 0xff, 0xff, 0x28,
    0x0, 0x0, 0x0, 0x0, 0x0, 0x0, 0x0, 0x0,
    0x0, 0x0, 0xe4, 0xff, 0xff, 0xff, 0x50, 0x14,
    0xff, 0xff, 0xff, 0xff, 0x28, 0x0, 0x0, 0x0,
    0x0, 0x0, 0x0, 0x0, 0x0, 0x0, 0x0, 0xe4,
    0xff, 0xff, 0xff, 0x50, 0x14, 0xff, 0xff, 0xff,
    0xff, 0x28, 0x0, 0x0, 0x0, 0x0, 0x0, 0x0,
    0x0, 0x0, 0x0, 0x0, 0xe4, 0xff, 0xff, 0xff,
    0x50, 0x14, 0xff, 0xff, 0xff, 0xff, 0x28, 0x0,
    0x0, 0x0, 0x0, 0x0, 0x0, 0x0, 0x0, 0x0,
    0x0, 0xe4, 0xff, 0xff, 0xff, 0x50, 0x14, 0xff,
    0xff, 0xff, 0xff, 0x28, 0x0, 0x0, 0x0, 0x0,
    0x0, 0x0, 0x0, 0x0, 0x0, 0x0, 0xe4, 0xff,
    0xff, 0xff, 0x50, 0x14, 0xff, 0xff, 0xff, 0xff,
    0x28, 0x0, 0x0, 0x0, 0x0, 0x0, 0x0, 0x0,
    0x0, 0x0, 0x0, 0xe4, 0xff, 0xff, 0xff, 0x50,
    0x14, 0xff, 0xff, 0xff, 0xff, 0x28, 0x0, 0x0,
    0x0, 0x0, 0x0, 0x0, 0x0, 0x0, 0x0, 0x0,
    0xe4, 0xff, 0xff, 0xff, 0x50, 0xe, 0xff, 0xff,
    0xff, 0xff, 0x32, 0x0, 0x0, 0x0, 0x0, 0x0,
    0x0, 0x0, 0x0, 0x0, 0x0, 0xef, 0xff, 0xff,
    0xff, 0x4a, 0x0, 0xf1, 0xff, 0xff, 0xff, 0x6f,
    0x0, 0x0, 0x0, 0x0, 0x0, 0x0, 0x0, 0x0,
    0x0, 0x2c, 0xff, 0xff, 0xff, 0xff, 0x2c, 0x0,
    0xab, 0xff, 0xff, 0xff, 0xea, 0x21, 0x0, 0x0,
    0x0, 0x0, 0x0, 0x0, 0x0, 0x9, 0xc1, 0xff,
    0xff, 0xff, 0xe4, 0x2, 0x0, 0x36, 0xfd, 0xff,
    0xff, 0xff, 0xea, 0x65, 0xb, 0x0, 0x0, 0x0,
    0x2, 0x48, 0xcf, 0xff, 0xff, 0xff, 0xff, 0x6e,
    0x0, 0x0, 0x0, 0x79, 0xff, 0xff, 0xff, 0xff,
    0xff, 0xfa, 0xd4, 0xc3, 0xcd, 0xf3, 0xff, 0xff,
    0xff, 0xff, 0xff, 0xb1, 0x3, 0x0, 0x0, 0x0,
    0x0, 0x80, 0xfe, 0xff, 0xff, 0xff, 0xff, 0xff,
    0xff, 0xff, 0xff, 0xff, 0xff, 0xff, 0xff, 0xb4,
    0x7, 0x0, 0x0, 0x0, 0x0, 0x0, 0x0, 0x3c,
    0xd3, 0xff, 0xff, 0xff, 0xff, 0xff, 0xff, 0xff,
    0xff, 0xff, 0xea, 0x60, 0x0, 0x0, 0x0, 0x0,
    0x0, 0x0, 0x0, 0x0, 0x0, 0x2, 0x48, 0x99,
    0xd0, 0xf1, 0xfd, 0xf5, 0xda, 0xa8, 0x5e, 0xa,
    0x0, 0x0, 0x0, 0x0, 0x0,

    /* U+0031 "1" */
    0xe4, 0xff, 0xff, 0xff, 0xff, 0xff, 0xff, 0xf0,
    0x74, 0x0, 0xb6, 0xff, 0xff, 0xff, 0xff, 0xff,
    0xff, 0xff, 0xfe, 0x15, 0x3c, 0xfa, 0xff, 0xff,
    0xff, 0xff, 0xff, 0xff, 0xff, 0x28, 0x0, 0x37,
    0x95, 0xaf, 0xb6, 0xff, 0xff, 0xff, 0xff, 0x28,
    0x0, 0x0, 0x0, 0x0, 0x14, 0xff, 0xff, 0xff,
    0xff, 0x28, 0x0, 0x0, 0x0, 0x0, 0x14, 0xff,
    0xff, 0xff, 0xff, 0x28, 0x0, 0x0, 0x0, 0x0,
    0x14, 0xff, 0xff, 0xff, 0xff, 0x28, 0x0, 0x0,
    0x0, 0x0, 0x14, 0xff, 0xff, 0xff, 0xff, 0x28,
    0x0, 0x0, 0x0, 0x0, 0x14, 0xff, 0xff, 0xff,
    0xff, 0x28, 0x0, 0x0, 0x0, 0x0, 0x14, 0xff,
    0xff, 0xff, 0xff, 0x28, 0x0, 0x0, 0x0, 0x0,
    0x14, 0xff, 0xff, 0xff, 0xff, 0x28, 0x0, 0x0,
    0x0, 0x0, 0x14, 0xff, 0xff, 0xff, 0xff, 0x28,
    0x0, 0x0, 0x0, 0x0, 0x14, 0xff, 0xff, 0xff,
    0xff, 0x28, 0x0, 0x0, 0x0, 0x0, 0x14, 0xff,
    0xff, 0xff, 0xff, 0x28, 0x0, 0x0, 0x0, 0x0,
    0x14, 0xff, 0xff, 0xff, 0xff, 0x28, 0x0, 0x0,
    0x0, 0x0, 0x14, 0xff, 0xff, 0xff, 0xff, 0x28,
    0x0, 0x0, 0x0, 0x0, 0x14, 0xff, 0xff, 0xff,
    0xff, 0x28, 0x0, 0x0, 0x0, 0x0, 0x14, 0xff,
    0xff, 0xff, 0xff, 0x28, 0x0, 0x0, 0x0, 0x0,
    0x14, 0xff, 0xff, 0xff, 0xff, 0x28, 0x0, 0x0,
    0x0, 0x0, 0x14, 0xff, 0xff, 0xff, 0xff, 0x28,
    0x0, 0x0, 0x0, 0x0, 0x14, 0xff, 0xff, 0xff,
    0xff, 0x28, 0x0, 0x0, 0x0, 0x0, 0x14, 0xff,
    0xff, 0xff, 0xff, 0x27, 0x0, 0x0, 0x0, 0x0,
    0x14, 0xff, 0xff, 0xff, 0xfd, 0x10, 0x0, 0x0,
    0x0, 0x0, 0x14, 0xff, 0xff, 0xff, 0xa2, 0x0,
    0x0, 0x0, 0x0, 0x0, 0x13, 0xef, 0xcd, 0x6d,
    0x5, 0x0,

    /* U+0032 "2" */
    0x0, 0x0, 0x0, 0x0, 0x0, 0x28, 0x75, 0xbb,
    0xdb, 0xf1, 0xf6, 0xdf, 0xc5, 0x81, 0x30, 0x0,
    0x0, 0x0, 0x0, 0x0, 0x0, 0x0, 0x0, 0x28,
    0xae, 0xff, 0xff, 0xff, 0xff, 0xff, 0xff, 0xff,
    0xff, 0xff, 0xff, 0xb0, 0x1c, 0x0, 0x0, 0x0,
    0x0, 0x0, 0x4c, 0xf6, 0xff, 0xff, 0xff, 0xff,
    0xff, 0xff, 0xff, 0xff, 0xff, 0xff, 0xff, 0xff,
    0xed, 0x28, 0x0, 0x0, 0x0, 0x44, 0xfb, 0xff,
    0xff, 0xff, 0xff, 0xff, 0xe6, 0xc9, 0xc6, 0xe0,
    0xff, 0xff, 0xff, 0xff, 0xff, 0xdf, 0x11, 0x0,
    0x2, 0xdb, 0xff, 0xff, 0xff, 0xff, 0xab, 0x2b,
    0x0, 0x0, 0x0, 0x0, 0x23, 0xab, 0xff, 0xff,
    0xff, 0xff, 0x87, 0x0, 0x38, 0xff, 0xff, 0xff,
    0xff, 0xa0, 0x0, 0x0, 0x0, 0x0, 0x0, 0x0,
    0x0, 0x1, 0xb0, 0xff, 0xff, 0xff, 0xe4, 0x0,
    0x5d, 0xff, 0xff, 0xff, 0xfe, 0x19, 0x0, 0x0,
    0x0, 0x0, 0x0, 0x0, 0x0, 0x0, 0x3d, 0xff,
    0xff, 0xff, 0xff, 0x19, 0x44, 0xff, 0xff, 0xff,
    0xde, 0x0, 0x0, 0x0, 0x0, 0x0, 0x0, 0x0,
    0x0, 0x0, 0x1a, 0xff, 0xff, 0xff, 0xff, 0x2b,
    0x1, 0xb7, 0xff, 0xff, 0xd8, 0x0, 0x0, 0x0,
    0x0, 0x0, 0x0, 0x0, 0x0, 0x0, 0x2c, 0xff,
    0xff, 0xff, 0xff, 0x19, 0x0, 0x3, 0x64, 0xb0,
    0xb4, 0x0, 0x0, 0x0, 0x0, 0x0, 0x0, 0x0,
    0x0, 0x0, 0x73, 0xff, 0xff, 0xff, 0xe1, 0x0,
    0x0, 0x0, 0x0, 0x0, 0x0, 0x0, 0x0, 0x0,
    0x0, 0x0, 0x0, 0x0, 0x0, 0x22, 0xee, 0xff,
    0xff, 0xff, 0x7d, 0x0, 0x0, 0x0, 0x0, 0x0,
    0x0, 0x0, 0x0, 0x0, 0x0, 0x0, 0x0, 0x0,
    0x3c, 0xe8, 0xff, 0xff, 0xff, 0xd9, 0xc, 0x0,
    0x0, 0x0, 0x0, 0x0, 0x0, 0x0, 0x0, 0x0,
    0x0, 0x0, 0x15, 0x97, 0xfd, 0xff, 0xff, 0xff,
    0xe7, 0x28, 0x0, 0x0, 0x0, 0x0, 0x0, 0x0,
    0x0, 0x0, 0x0, 0x0, 0x11, 0x84, 0xf2, 0xff,
    0xff, 0xff, 0xff, 0xd2, 0x24, 0x0, 0x0, 0x0,
    0x0, 0x0, 0x0, 0x0, 0x0, 0x0, 0xa, 0x7d,
    0xf0, 0xff, 0xff, 0xff, 0xff, 0xfc, 0x91, 0x9,
    0x0, 0x0, 0x0, 0x0, 0x0, 0x0, 0x0, 0x0,
    0x0, 0x4f, 0xe1, 0xff, 0xff, 0xff, 0xff, 0xff,
    0xbc, 0x32, 0x0, 0x0, 0x0, 0x0, 0x0, 0x0,
    0x0, 0x0, 0x0, 0x9, 0x9b, 0xff, 0xff, 0xff,
    0xff, 0xff, 0xc3, 0x41, 0x0, 0x0, 0x0, 0x0,
    0x0, 0x0, 0x0, 0x0, 0x0, 0x0, 0x10, 0xc5,
    0xff, 0xff, 0xff, 0xff, 0xd8, 0x4c, 0x0, 0x0,
    0x0, 0x0, 0x0, 0x0, 0x0, 0x0, 0x0, 0x0,
    0x0, 0x5, 0xc4, 0xff, 0xff, 0xff, 0xfd, 0x87,
    0x7, 0x0, 0x0, 0x0, 0x0, 0x0, 0x0, 0x0,
    0x0, 0x0, 0x0, 0x0, 0x0, 0x82, 0xff, 0xff,
    0xff, 0xfb, 0x52, 0x0, 0x0, 0x0, 0x0, 0x0,
    0x0, 0x0, 0x0, 0x0, 0x0, 0x0, 0x0, 0x0,
    0x12, 0xf5, 0xff, 0xff, 0xff, 0x7e, 0x0, 0x0,
    0x0, 0x0, 0x0, 0x0, 0x0, 0x0, 0x0, 0x0,
    0x0, 0x0, 0x0, 0x0, 0x5d, 0xff, 0xff, 0xff,
    0xff, 0xbd, 0xac, 0xac, 0xac, 0xac, 0xac, 0xac,
    0xac, 0xac, 0xac, 0xac, 0xa1, 0x72, 0x9, 0x0,
    0x88, 0xff, 0xff, 0xff, 0xff, 0xff, 0xff, 0xff,
    0xff, 0xff, 0xff, 0xff, 0xff, 0xff, 0xff, 0xff,
    0xff, 0xff, 0xcd, 0x3, 0x86, 0xff, 0xff, 0xff,
    0xff, 0xff, 0xff, 0xff, 0xff, 0xff, 0xff, 0xff,
    0xff, 0xff, 0xff, 0xff, 0xff, 0xff, 0xff, 0x50,
    0x1c, 0xc9, 0xfd, 0xff, 0xff, 0xff, 0xff, 0xff,
    0xff, 0xff, 0xff, 0xff, 0xff, 0xff, 0xff, 0xff,
    0xff, 0xff, 0xff, 0x7b,

    /* U+0033 "3" */
    0x0, 0x0, 0x0, 0x0, 0x0, 0x3b, 0x82, 0xc0,
    0xde, 0xf1, 0xf8, 0xe4, 0xcc, 0x90, 0x44, 0x2,
    0x0, 0x0, 0x0, 0x0, 0x0, 0x0, 0x0, 0x44,
    0xca, 0xff, 0xff, 0xff, 0xff, 0xff, 0xff, 0xff,
    0xff, 0xff, 0xff, 0xd0, 0x40, 0x0, 0x0, 0x0,
    0x0, 0x0, 0x70, 0xfd, 0xff, 0xff, 0xff, 0xff,
    0xff, 0xff, 0xff, 0xff, 0xff, 0xff, 0xff, 0xff,
    0xfd, 0x5b, 0x0, 0x0, 0x0, 0x4c, 0xff, 0xff,
    0xff, 0xff, 0xff, 0xfe, 0xdc, 0xc0, 0xbc, 0xd0,
    0xf8, 0xff, 0xff, 0xff, 0xff, 0xfb, 0x3b, 0x0,
    0x0, 0xc1, 0xff, 0xff, 0xff, 0xfe, 0x8e, 0x1a,
    0x0, 0x0, 0x0, 0x0, 0xd, 0x75, 0xfb, 0xff,
    0xff, 0xff, 0xc1, 0x0, 0x0, 0xf0, 0xff, 0xff,
    0xff, 0x83, 0x0, 0x0, 0x0, 0x0, 0x0, 0x0,
    0x0, 0x0, 0x73, 0xff, 0xff, 0xff, 0xfe, 0x11,
    0x0, 0xd2, 0xff, 0xff, 0xff, 0x21, 0x0, 0x0,
    0x0, 0x0, 0x0, 0x0, 0x0, 0x0, 0x1b, 0xff,
    0xff, 0xff, 0xff, 0x33, 0x0, 0x31, 0xd5, 0xff,
    0xff, 0x1a, 0x0, 0x0, 0x0, 0x0, 0x0, 0x0,
    0x0, 0x0, 0x1a, 0xff, 0xff, 0xff, 0xff, 0x28,
    0x0, 0x0, 0x0, 0x34, 0x5a, 0x11, 0x0, 0x0,
    0x0, 0x0, 0x0, 0x0, 0x0, 0x0, 0x68, 0xff,
    0xff, 0xff, 0xf4, 0x6, 0x0, 0x0, 0x0, 0x0,
    0x0, 0x0, 0x0, 0x0, 0x0, 0x0, 0x0, 0x0,
    0x2, 0x5d, 0xf3, 0xff, 0xff, 0xff, 0x8e, 0x0,
    0x0, 0x0, 0x0, 0x0, 0x0, 0x0, 0x0, 0x0,
    0x50, 0x9e, 0xa5, 0xbc, 0xe4, 0xff, 0xff, 0xff,
    0xff, 0xc9, 0xc, 0x0, 0x0, 0x0, 0x0, 0x0,
    0x0, 0x0, 0x0, 0x22, 0xfd, 0xff, 0xff, 0xff,
    0xff, 0xff, 0xff, 0xff, 0xa1, 0x10, 0x0, 0x0,
    0x0, 0x0, 0x0, 0x0, 0x0, 0x0, 0x0, 0x38,
    0xff, 0xff, 0xff, 0xff, 0xff, 0xff, 0xff, 0xf2,
    0x73, 0x7, 0x0, 0x0, 0x0, 0x0, 0x0, 0x0,
    0x0, 0x0, 0x0, 0x2, 0xa6, 0xfa, 0xff, 0xff,
    0xff, 0xff, 0xff, 0xff, 0xff, 0xd7, 0x28, 0x0,
    0x0, 0x0, 0x0, 0x0, 0x0, 0x0, 0x0, 0x0,
    0x0, 0x0, 0x0, 0xc, 0x2e, 0x7c, 0xef, 0xff,
    0xff, 0xff, 0xe6, 0x10, 0x0, 0x11, 0x67, 0x94,
    0x51, 0x0, 0x0, 0x0, 0x0, 0x0, 0x0, 0x0,
    0x0, 0x0, 0x26, 0xf0, 0xff, 0xff, 0xff, 0x80,
    0x17, 0xe2, 0xff, 0xff, 0x72, 0x0, 0x0, 0x0,
    0x0, 0x0, 0x0, 0x0, 0x0, 0x0, 0x0, 0x89,
    0xff, 0xff, 0xff, 0xc6, 0x74, 0xff, 0xff, 0xff,
    0x7b, 0x0, 0x0, 0x0, 0x0, 0x0, 0x0, 0x0,
    0x0, 0x0, 0x0, 0x5f, 0xff, 0xff, 0xff, 0xe6,
    0x91, 0xff, 0xff, 0xff, 0xb7, 0x0, 0x0, 0x0,
    0x0, 0x0, 0x0, 0x0, 0x0, 0x0, 0x0, 0x76,
    0xff, 0xff, 0xff, 0xdf, 0x71, 0xff, 0xff, 0xff,
    0xff, 0x48, 0x0, 0x0, 0x0, 0x0, 0x0, 0x0,
    0x0, 0x0, 0xb, 0xda, 0xff, 0xff, 0xff, 0xae,
    0x20, 0xfc, 0xff, 0xff, 0xff, 0xf7, 0x7e, 0x17,
    0x0, 0x0, 0x0, 0x0, 0x5, 0x49, 0xd0, 0xff,
    0xff, 0xff, 0xff, 0x4f, 0x0, 0x87, 0xff, 0xff,
    0xff, 0xff, 0xff, 0xfe, 0xdf, 0xc7, 0xc4, 0xd4,
    0xf7, 0xff, 0xff, 0xff, 0xff, 0xff, 0xb7, 0x0,
    0x0, 0x1, 0x91, 0xff, 0xff, 0xff, 0xff, 0xff,
    0xff, 0xff, 0xff, 0xff, 0xff, 0xff, 0xff, 0xff,
    0xff, 0xc4, 0xf, 0x0, 0x0, 0x0, 0x0, 0x54,
    0xd7, 0xff, 0xff, 0xff, 0xff, 0xff, 0xff, 0xff,
    0xff, 0xff, 0xff, 0xf0, 0x7c, 0x6, 0x0, 0x0,
    0x0, 0x0, 0x0, 0x0, 0x3, 0x43, 0x8a, 0xc7,
    0xe0, 0xf4, 0xf7, 0xe3, 0xcd, 0x98, 0x51, 0xc,
    0x0, 0x0, 0x0, 0x0,

    /* U+0034 "4" */
    0x0, 0x0, 0x0, 0x0, 0x0, 0x0, 0x0, 0x0,
    0x0, 0x0, 0x0, 0x0, 0xc, 0xa5, 0xf0, 0xd5,
    0x27, 0x0, 0x0, 0x0, 0x0, 0x0, 0x0, 0x0,
    0x0, 0x0, 0x0, 0x0, 0x0, 0x0, 0x0, 0x0,
    0x1, 0xb0, 0xff, 0xff, 0xff, 0x9a, 0x0, 0x0,
    0x0, 0x0, 0x0, 0x0, 0x0, 0x0, 0x0, 0x0,
    0x0, 0x0, 0x0, 0x0, 0x0, 0x87, 0xff, 0xff,
    0xff, 0xff, 0xac, 0x0, 0x0, 0x0, 0x0, 0x0,
    0x0, 0x0, 0x0, 0x0, 0x0, 0x0, 0x0, 0x0,
    0x0, 0x5b, 0xff, 0xff, 0xff, 0xff, 0xff, 0xac,
    0x0, 0x0, 0x0, 0x0, 0x0, 0x0, 0x0, 0x0,
    0x0, 0x0, 0x0, 0x0, 0x0, 0x36, 0xf7, 0xff,
    0xff, 0xff, 0xff, 0xff, 0xac, 0x0, 0x0, 0x0,
    0x0, 0x0, 0x0, 0x0, 0x0, 0x0, 0x0, 0x0,
    0x0, 0x1b, 0xe6, 0xff, 0xff, 0xff, 0xb5, 0xff,
    0xff, 0xac, 0x0, 0x0, 0x0, 0x0, 0x0, 0x0,
    0x0, 0x0, 0x0, 0x0, 0x0, 0x9, 0xcc, 0xff,
    0xff, 0xff, 0xa3, 0xe2, 0xff, 0xff, 0xac, 0x0,
    0x0, 0x0, 0x0, 0x0, 0x0, 0x0, 0x0, 0x0,
    0x0, 0x1, 0xa9, 0xff, 0xff, 0xff, 0xbd, 0x54,
    0xff, 0xff, 0xff, 0xac, 0x0, 0x0, 0x0, 0x0,
    0x0, 0x0, 0x0, 0x0, 0x0, 0x0, 0x7f, 0xff,
    0xff, 0xff, 0xde, 0x13, 0x50, 0xff, 0xff, 0xff,
    0xac, 0x0, 0x0, 0x0, 0x0, 0x0, 0x0, 0x0,
    0x0, 0x0, 0x54, 0xfe, 0xff, 0xff, 0xf3, 0x2d,
    0x0, 0x50, 0xff, 0xff, 0xff, 0xac, 0x0, 0x0,
    0x0, 0x0, 0x0, 0x0, 0x0, 0x0, 0x31, 0xf5,
    0xff, 0xff, 0xfe, 0x52, 0x0, 0x0, 0x50, 0xff,
    0xff, 0xff, 0xac, 0x0, 0x0, 0x0, 0x0, 0x0,
    0x0, 0x0, 0x17, 0xe2, 0xff, 0xff, 0xff, 0x80,
    0x0, 0x0, 0x0, 0x50, 0xff, 0xff, 0xff, 0xac,
    0x0, 0x0, 0x0, 0x0, 0x0, 0x0, 0x7, 0xc7,
    0xff, 0xff, 0xff, 0xaf, 0x1, 0x0, 0x0, 0x0,
    0x50, 0xff, 0xff, 0xff, 0xac, 0x0, 0x0, 0x0,
    0x0, 0x0, 0x0, 0xa2, 0xff, 0xff, 0xff, 0xd3,
    0xc, 0x0, 0x0, 0x0, 0x0, 0x50, 0xff, 0xff,
    0xff, 0xac, 0x0, 0x0, 0x0, 0x0, 0x0, 0x77,
    0xff, 0xff, 0xff, 0xed, 0x22, 0x0, 0x0, 0x0,
    0x0, 0x0, 0x50, 0xff, 0xff, 0xff, 0xac, 0x0,
    0x0, 0x0, 0x0, 0x4b, 0xfd, 0xff, 0xff, 0xff,
    0xff, 0xff, 0xff, 0xff, 0xff, 0xff, 0xff, 0xff,
    0xff, 0xff, 0xff, 0xff, 0xff, 0xff, 0xff, 0xb5,
    0xd7, 0xff, 0xff, 0xff, 0xff, 0xff, 0xff, 0xff,
    0xff, 0xff, 0xff, 0xff, 0xff, 0xff, 0xff, 0xff,
    0xff, 0xff, 0xff, 0xff, 0x94, 0xd9, 0xff, 0xff,
    0xff, 0xff, 0xff, 0xff, 0xff, 0xff, 0xff, 0xff,
    0xff, 0xff, 0xff, 0xff, 0xff, 0xff, 0xff, 0xff,
    0xfc, 0x39, 0x30, 0x9d, 0xac, 0xac, 0xac, 0xac,
    0xac, 0xac, 0xac, 0xac, 0xac, 0xac, 0xdb, 0xff,
    0xff, 0xff, 0xe4, 0xab, 0x94, 0x3b, 0x0, 0x0,
    0x0, 0x0, 0x0, 0x0, 0x0, 0x0, 0x0, 0x0,
    0x0, 0x0, 0x0, 0x90, 0xff, 0xff, 0xff, 0xac,
    0x0, 0x0, 0x0, 0x0, 0x0, 0x0, 0x0, 0x0,
    0x0, 0x0, 0x0, 0x0, 0x0, 0x0, 0x0, 0x0,
    0x90, 0xff, 0xff, 0xff, 0xac, 0x0, 0x0, 0x0,
    0x0, 0x0, 0x0, 0x0, 0x0, 0x0, 0x0, 0x0,
    0x0, 0x0, 0x0, 0x0, 0x0, 0x90, 0xff, 0xff,
    0xff, 0xac, 0x0, 0x0, 0x0, 0x0, 0x0, 0x0,
    0x0, 0x0, 0x0, 0x0, 0x0, 0x0, 0x0, 0x0,
    0x0, 0x0, 0x90, 0xff, 0xff, 0xff, 0xa3, 0x0,
    0x0, 0x0, 0x0, 0x0, 0x0, 0x0, 0x0, 0x0,
    0x0, 0x0, 0x0, 0x0, 0x0, 0x0, 0x0, 0x90,
    0xff, 0xff, 0xff, 0x58, 0x0, 0x0, 0x0, 0x0,
    0x0, 0x0, 0x0, 0x0, 0x0, 0x0, 0x0, 0x0,
    0x0, 0x0, 0x0, 0x0, 0x8e, 0xf1, 0xc6, 0x60,
    0x0, 0x0, 0x0, 0x0, 0x0,

    /* U+0035 "5" */
    0x0, 0x0, 0xa, 0xb1, 0xf8, 0xff, 0xff, 0xff,
    0xff, 0xff, 0xff, 0xff, 0xff, 0xff, 0xff, 0xff,
    0xff, 0xff, 0x5c, 0x0, 0x0, 0x0, 0x5c, 0xff,
    0xff, 0xff, 0xff, 0xff, 0xff, 0xff, 0xff, 0xff,
    0xff, 0xff, 0xff, 0xff, 0xff, 0xff, 0x37, 0x0,
    0x0, 0x0, 0x8b, 0xff, 0xff, 0xff, 0xff, 0xff,
    0xff, 0xff, 0xff, 0xff, 0xff, 0xff, 0xff, 0xff,
    0xff, 0xc2, 0x0, 0x0, 0x0, 0x0, 0xb4, 0xff,
    0xff, 0xf1, 0xa8, 0xa8, 0xa8, 0xa8, 0xa8, 0xa8,
    0xa8, 0xa8, 0xa8, 0xa0, 0x73, 0x9, 0x0, 0x0,
    0x0, 0x0, 0xdd, 0xff, 0xff, 0xba, 0x0, 0x0,
    0x0, 0x0, 0x0, 0x0, 0x0, 0x0, 0x0, 0x0,
    0x0, 0x0, 0x0, 0x0, 0x0, 0x8, 0xfd, 0xff,
    0xff, 0x93, 0x0, 0x0, 0x0, 0x0, 0x0, 0x0,
    0x0, 0x0, 0x0, 0x0, 0x0, 0x0, 0x0, 0x0,
    0x0, 0x2f, 0xff, 0xff, 0xff, 0x6b, 0x0, 0x0,
    0x0, 0x0, 0x0, 0x0, 0x0, 0x0, 0x0, 0x0,
    0x0, 0x0, 0x0, 0x0, 0x0, 0x57, 0xff, 0xff,
    0xff, 0x44, 0x16, 0x6f, 0xb4, 0xe1, 0xf8, 0xf1,
    0xdb, 0xa3, 0x56, 0x3, 0x0, 0x0, 0x0, 0x0,
    0x0, 0x80, 0xff, 0xff, 0xa2, 0x9d, 0xf8, 0xff,
    0xff, 0xff, 0xff, 0xff, 0xff, 0xff, 0xff, 0xd9,
    0x35, 0x0, 0x0, 0x0, 0x0, 0xa9, 0xff, 0xf6,
    0xe4, 0xff, 0xff, 0xff, 0xff, 0xff, 0xff, 0xff,
    0xff, 0xff, 0xff, 0xff, 0xf8, 0x49, 0x0, 0x0,
    0x0, 0xcf, 0xff, 0xff, 0xff, 0xff, 0xff, 0xdf,
    0xab, 0x96, 0x9c, 0xbf, 0xf7, 0xff, 0xff, 0xff,
    0xff, 0xf0, 0x21, 0x0, 0x0, 0xb2, 0xff, 0xff,
    0xff, 0xc2, 0x3a, 0x0, 0x0, 0x0, 0x0, 0x0,
    0x13, 0x92, 0xff, 0xff, 0xff, 0xff, 0xa1, 0x0,
    0x0, 0x1a, 0x9f, 0xba, 0x68, 0x2, 0x0, 0x0,
    0x0, 0x0, 0x0, 0x0, 0x0, 0x0, 0x8b, 0xff,
    0xff, 0xff, 0xfb, 0xe, 0x0, 0x0, 0x0, 0x0,
    0x0, 0x0, 0x0, 0x0, 0x0, 0x0, 0x0, 0x0,
    0x0, 0x0, 0xb, 0xee, 0xff, 0xff, 0xff, 0x4c,
    0x0, 0x0, 0x0, 0x0, 0x0, 0x0, 0x0, 0x0,
    0x0, 0x0, 0x0, 0x0, 0x0, 0x0, 0x0, 0xaf,
    0xff, 0xff, 0xff, 0x72, 0x0, 0x0, 0x24, 0x44,
    0x1c, 0x0, 0x0, 0x0, 0x0, 0x0, 0x0, 0x0,
    0x0, 0x0, 0x0, 0x93, 0xff, 0xff, 0xff, 0x85,
    0x9, 0xbd, 0xff, 0xff, 0x52, 0x0, 0x0, 0x0,
    0x0, 0x0, 0x0, 0x0, 0x0, 0x0, 0x0, 0x9a,
    0xff, 0xff, 0xff, 0x82, 0x6b, 0xff, 0xff, 0xff,
    0x53, 0x0, 0x0, 0x0, 0x0, 0x0, 0x0, 0x0,
    0x0, 0x0, 0x0, 0xc2, 0xff, 0xff, 0xff, 0x69,
    0x90, 0xff, 0xff, 0xff, 0x8c, 0x0, 0x0, 0x0,
    0x0, 0x0, 0x0, 0x0, 0x0, 0x0, 0x20, 0xfb,
    0xff, 0xff, 0xff, 0x38, 0x79, 0xff, 0xff, 0xff,
    0xf4, 0x2a, 0x0, 0x0, 0x0, 0x0, 0x0, 0x0,
    0x0, 0x5, 0xbb, 0xff, 0xff, 0xff, 0xe6, 0x2,
    0x28, 0xfe, 0xff, 0xff, 0xff, 0xed, 0x6b, 0xf,
    0x0, 0x0, 0x0, 0x1, 0x3d, 0xc8, 0xff, 0xff,
    0xff, 0xff, 0x75, 0x0, 0x0, 0x92, 0xff, 0xff,
    0xff, 0xff, 0xff, 0xfc, 0xd8, 0xc4, 0xcb, 0xed,
    0xff, 0xff, 0xff, 0xff, 0xff, 0xcf, 0x6, 0x0,
    0x0, 0x2, 0x96, 0xff, 0xff, 0xff, 0xff, 0xff,
    0xff, 0xff, 0xff, 0xff, 0xff, 0xff, 0xff, 0xff,
    0xd8, 0x1a, 0x0, 0x0, 0x0, 0x0, 0x0, 0x57,
    0xda, 0xff, 0xff, 0xff, 0xff, 0xff, 0xff, 0xff,
    0xff, 0xff, 0xfc, 0x9a, 0xf, 0x0, 0x0, 0x0,
    0x0, 0x0, 0x0, 0x0, 0x4, 0x48, 0x8f, 0xcb,
    0xe3, 0xf8, 0xf9, 0xe5, 0xbc, 0x7b, 0x1f, 0x0,
    0x0, 0x0, 0x0, 0x0,

    /* U+0036 "6" */
    0x0, 0x0, 0x0, 0x0, 0x0, 0x0, 0x0, 0x0,
    0x0, 0x0, 0x39, 0xcc, 0xf6, 0xce, 0x49, 0x0,
    0x0, 0x0, 0x0, 0x0, 0x0, 0x0, 0x0, 0x0,
    0x0, 0x0, 0x0, 0x0, 0x0, 0x0, 0x35, 0xf3,
    0xff, 0xff, 0xff, 0xe0, 0x7, 0x0, 0x0, 0x0,
    0x0, 0x0, 0x0, 0x0, 0x0, 0x0, 0x0, 0x0,
    0x0, 0x0, 0x27, 0xeb, 0xff, 0xff, 0xff, 0xec,
    0x29, 0x0, 0x0, 0x0, 0x0, 0x0, 0x0, 0x0,
    0x0, 0x0, 0x0, 0x0, 0x0, 0x0, 0x1c, 0xe1,
    0xff, 0xff, 0xff, 0xf4, 0x37, 0x0, 0x0, 0x0,
    0x0, 0x0, 0x0, 0x0, 0x0, 0x0, 0x0, 0x0,
    0x0, 0x0, 0x12, 0xd5, 0xff, 0xff, 0xff, 0xfa,
    0x47, 0x0, 0x0, 0x0, 0x0, 0x0, 0x0, 0x0,
    0x0, 0x0, 0x0, 0x0, 0x0, 0x0, 0xa, 0xc7,
    0xff, 0xff, 0xff, 0xfe, 0x59, 0x0, 0x0, 0x0,
    0x0, 0x0, 0x0, 0x0, 0x0, 0x0, 0x0, 0x0,
    0x0, 0x0, 0x5, 0xb7, 0xff, 0xff, 0xff, 0xe0,
    0x63, 0x0, 0x0, 0x0, 0x0, 0x0, 0x0, 0x0,
    0x0, 0x0, 0x0, 0x0, 0x0, 0x0, 0x1, 0xa5,
    0xff, 0xff, 0xff, 0xc1, 0xa5, 0xd8, 0xf7, 0xf3,
    0xd0, 0x8e, 0x2b, 0x0, 0x0, 0x0, 0x0, 0x0,
    0x0, 0x0, 0x0, 0x8f, 0xff, 0xff, 0xff, 0xff,
    0xff, 0xff, 0xff, 0xff, 0xff, 0xff, 0xff, 0xfe,
    0x93, 0x6, 0x0, 0x0, 0x0, 0x0, 0x0, 0x5c,
    0xff, 0xff, 0xff, 0xff, 0xff, 0xff, 0xf3, 0xe7,
    0xfc, 0xff, 0xff, 0xff, 0xff, 0xff, 0xcb, 0xf,
    0x0, 0x0, 0x0, 0x19, 0xf5, 0xff, 0xff, 0xff,
    0xfc, 0x92, 0x2a, 0x0, 0x0, 0x3, 0x3f, 0xb0,
    0xff, 0xff, 0xff, 0xff, 0xae, 0x0, 0x0, 0x0,
    0x95, 0xff, 0xff, 0xff, 0xf8, 0x45, 0x0, 0x0,
    0x0, 0x0, 0x0, 0x0, 0x0, 0x6b, 0xff, 0xff,
    0xff, 0xff, 0x5f, 0x0, 0x9, 0xf5, 0xff, 0xff,
    0xff, 0x6c, 0x0, 0x0, 0x0, 0x0, 0x0, 0x0,
    0x0, 0x0, 0x0, 0x9a, 0xff, 0xff, 0xff, 0xd4,
    0x0, 0x4d, 0xff, 0xff, 0xff, 0xea, 0x4, 0x0,
    0x0, 0x0, 0x0, 0x0, 0x0, 0x0, 0x0, 0x0,
    0x20, 0xfd, 0xff, 0xff, 0xff, 0x22, 0x7a, 0xff,
    0xff, 0xff, 0xac, 0x0, 0x0, 0x0, 0x0, 0x0,
    0x0, 0x0, 0x0, 0x0, 0x0, 0x0, 0xd7, 0xff,
    0xff, 0xff, 0x4f, 0x92, 0xff, 0xff, 0xff, 0x96,
    0x0, 0x0, 0x0, 0x0, 0x0, 0x0, 0x0, 0x0,
    0x0, 0x0, 0x0, 0xbc, 0xff, 0xff, 0xff, 0x5f,
    0x8b, 0xff, 0xff, 0xff, 0xab, 0x0, 0x0, 0x0,
    0x0, 0x0, 0x0, 0x0, 0x0, 0x0, 0x0, 0x0,
    0xd0, 0xff, 0xff, 0xff, 0x55, 0x6b, 0xff, 0xff,
    0xff, 0xe0, 0x2, 0x0, 0x0, 0x0, 0x0, 0x0,
    0x0, 0x0, 0x0, 0x0, 0x11, 0xf7, 0xff, 0xff,
    0xff, 0x33, 0x30, 0xff, 0xff, 0xff, 0xff, 0x52,
    0x0, 0x0, 0x0, 0x0, 0x0, 0x0, 0x0, 0x0,
    0x0, 0x7a, 0xff, 0xff, 0xff, 0xf0, 0x6, 0x0,
    0xd5, 0xff, 0xff, 0xff, 0xeb, 0x21, 0x0, 0x0,
    0x0, 0x0, 0x0, 0x0, 0x0, 0x3c, 0xf9, 0xff,
    0xff, 0xff, 0x97, 0x0, 0x0, 0x51, 0xff, 0xff,
    0xff, 0xff, 0xee, 0x60, 0x8, 0x0, 0x0, 0x0,
    0x11, 0x78, 0xf9, 0xff, 0xff, 0xff, 0xef, 0x1d,
    0x0, 0x0, 0x0, 0x8d, 0xff, 0xff, 0xff, 0xff,
    0xff, 0xf0, 0xc5, 0xb3, 0xcb, 0xf8, 0xff, 0xff,
    0xff, 0xff, 0xfd, 0x49, 0x0, 0x0, 0x0, 0x0,
    0x3, 0x9e, 0xff, 0xff, 0xff, 0xff, 0xff, 0xff,
    0xff, 0xff, 0xff, 0xff, 0xff, 0xff, 0xf6, 0x61,
    0x0, 0x0, 0x0, 0x0, 0x0, 0x0, 0x0, 0x54,
    0xe9, 0xff, 0xff, 0xff, 0xff, 0xff, 0xff, 0xff,
    0xff, 0xff, 0xca, 0x29, 0x0, 0x0, 0x0, 0x0,
    0x0, 0x0, 0x0, 0x0, 0x0, 0x8, 0x5c, 0xa8,
    0xd8, 0xf4, 0xfc, 0xf0, 0xcf, 0x96, 0x42, 0x0,
    0x0, 0x0, 0x0, 0x0, 0x0,

    /* U+0037 "7" */
    0xe5, 0xff, 0xff, 0xff, 0xff, 0xff, 0xff, 0xff,
    0xff, 0xff, 0xff, 0xff, 0xff, 0xff, 0xff, 0xff,
    0xff, 0xf1, 0x7e, 0x0, 0xbc, 0xff, 0xff, 0xff,
    0xff, 0xff, 0xff, 0xff, 0xff, 0xff, 0xff, 0xff,
    0xff, 0xff, 0xff, 0xff, 0xff, 0xff, 0xff, 0x16,
    0x49, 0xfd, 0xff, 0xff, 0xff, 0xff, 0xff, 0xff,
    0xff, 0xff, 0xff, 0xff, 0xff, 0xff, 0xff, 0xff,
    0xff, 0xff, 0xf6, 0x6, 0x0, 0x3f, 0x97, 0xaf,
    0xb0, 0xb0, 0xb0, 0xb0, 0xb0, 0xb0, 0xb0, 0xb0,
    0xb0, 0xb7, 0xff, 0xff, 0xff, 0xff, 0x90, 0x0,
    0x0, 0x0, 0x0, 0x0, 0x0, 0x0, 0x0, 0x0,
    0x0, 0x0, 0x0, 0x0, 0x0, 0x6c, 0xff, 0xff,
    0xff, 0xf7, 0x19, 0x0, 0x0, 0x0, 0x0, 0x0,
    0x0, 0x0, 0x0, 0x0, 0x0, 0x0, 0x0, 0x0,
    0x7, 0xe4, 0xff, 0xff, 0xff, 0x92, 0x0, 0x0,
    0x0, 0x0, 0x0, 0x0, 0x0, 0x0, 0x0, 0x0,
    0x0, 0x0, 0x0, 0x0, 0x6b, 0xff, 0xff, 0xff,
    0xf8, 0x1b, 0x0, 0x0, 0x0, 0x0, 0x0, 0x0,
    0x0, 0x0, 0x0, 0x0, 0x0, 0x0, 0x0, 0x7,
    0xe3, 0xff, 0xff, 0xff, 0x94, 0x0, 0x0, 0x0,
    0x0, 0x0, 0x0, 0x0, 0x0, 0x0, 0x0, 0x0,
    0x0, 0x0, 0x0, 0x6a, 0xff, 0xff, 0xff, 0xf9,
    0x1c, 0x0, 0x0, 0x0, 0x0, 0x0, 0x0, 0x0,
    0x0, 0x0, 0x0, 0x0, 0x0, 0x0, 0x6, 0xe2,
    0xff, 0xff, 0xff, 0x96, 0x0, 0x0, 0x0, 0x0,
    0x0, 0x0, 0x0, 0x0, 0x0, 0x0, 0x0, 0x0,
    0x0, 0x0, 0x6a, 0xff, 0xff, 0xff, 0xf9, 0x1d,
    0x0, 0x0, 0x0, 0x0, 0x0, 0x0, 0x0, 0x0,
    0x0, 0x0, 0x0, 0x0, 0x0, 0x6, 0xe2, 0xff,
    0xff, 0xff, 0x97, 0x0, 0x0, 0x0, 0x0, 0x0,
    0x0, 0x0, 0x0, 0x0, 0x0, 0x0, 0x0, 0x0,
    0x0, 0x69, 0xff, 0xff, 0xff, 0xfa, 0x1e, 0x0,
    0x0, 0x0, 0x0, 0x0, 0x0, 0x0, 0x0, 0x0,
    0x0, 0x0, 0x0, 0x0, 0x6, 0xe2, 0xff, 0xff,
    0xff, 0x99, 0x0, 0x0, 0x0, 0x0, 0x0, 0x0,
    0x0, 0x0, 0x0, 0x0, 0x0, 0x0, 0x0, 0x0,
    0x68, 0xff, 0xff, 0xff, 0xfa, 0x20, 0x0, 0x0,
    0x0, 0x0, 0x0, 0x0, 0x0, 0x0, 0x0, 0x0,
    0x0, 0x0, 0x0, 0x6, 0xe1, 0xff, 0xff, 0xff,
    0x9b, 0x0, 0x0, 0x0, 0x0, 0x0, 0x0, 0x0,
    0x0, 0x0, 0x0, 0x0, 0x0, 0x0, 0x0, 0x67,
    0xff, 0xff, 0xff, 0xfb, 0x21, 0x0, 0x0, 0x0,
    0x0, 0x0, 0x0, 0x0, 0x0, 0x0, 0x0, 0x0,
    0x0, 0x0, 0x5, 0xe0, 0xff, 0xff, 0xff, 0x9d,
    0x0, 0x0, 0x0, 0x0, 0x0, 0x0, 0x0, 0x0,
    0x0, 0x0, 0x0, 0x0, 0x0, 0x0, 0x67, 0xff,
    0xff, 0xff, 0xfb, 0x23, 0x0, 0x0, 0x0, 0x0,
    0x0, 0x0, 0x0, 0x0, 0x0, 0x0, 0x0, 0x0,
    0x0, 0x5, 0xe0, 0xff, 0xff, 0xff, 0x9f, 0x0,
    0x0, 0x0, 0x0, 0x0, 0x0, 0x0, 0x0, 0x0,
    0x0, 0x0, 0x0, 0x0, 0x0, 0x66, 0xff, 0xff,
    0xff, 0xfc, 0x24, 0x0, 0x0, 0x0, 0x0, 0x0,
    0x0, 0x0, 0x0, 0x0, 0x0, 0x0, 0x0, 0x0,
    0x5, 0xdf, 0xff, 0xff, 0xff, 0xa1, 0x0, 0x0,
    0x0, 0x0, 0x0, 0x0, 0x0, 0x0, 0x0, 0x0,
    0x0, 0x0, 0x0, 0x0, 0x65, 0xff, 0xff, 0xff,
    0xfc, 0x26, 0x0, 0x0, 0x0, 0x0, 0x0, 0x0,
    0x0, 0x0, 0x0, 0x0, 0x0, 0x0, 0x0, 0x5,
    0xdf, 0xff, 0xff, 0xff, 0x9f, 0x0, 0x0, 0x0,
    0x0, 0x0, 0x0, 0x0, 0x0, 0x0, 0x0, 0x0,
    0x0, 0x0, 0x0, 0xe, 0xa6, 0xe8, 0xf7, 0xaf,
    0x10, 0x0, 0x0, 0x0, 0x0, 0x0, 0x0, 0x0,
    0x0, 0x0, 0x0, 0x0,

    /* U+0038 "8" */
    0x0, 0x0, 0x0, 0x0, 0x0, 0x1e, 0x6d, 0xb5,
    0xd9, 0xef, 0xf9, 0xe5, 0xcf, 0x97, 0x4e, 0x6,
    0x0, 0x0, 0x0, 0x0, 0x0, 0x0, 0x0, 0x0,
    0x12, 0x93, 0xfa, 0xff, 0xff, 0xff, 0xff, 0xff,
    0xff, 0xff, 0xff, 0xff, 0xdd, 0x55, 0x0, 0x0,
    0x0, 0x0, 0x0, 0x0, 0x18, 0xd5, 0xff, 0xff,
    0xff, 0xff, 0xff, 0xff, 0xff, 0xff, 0xff, 0xff,
    0xff, 0xff, 0xff, 0x7f, 0x0, 0x0, 0x0, 0x0,
    0x4, 0xcf, 0xff, 0xff, 0xff, 0xff, 0xf8, 0xc3,
    0xa5, 0x9f, 0xaf, 0xda, 0xff, 0xff, 0xff, 0xff,
    0xff, 0x61, 0x0, 0x0, 0x0, 0x5b, 0xff, 0xff,
    0xff, 0xff, 0x8c, 0xe, 0x0, 0x0, 0x0, 0x0,
    0x0, 0x33, 0xd5, 0xff, 0xff, 0xff, 0xe3, 0x2,
    0x0, 0x0, 0xa5, 0xff, 0xff, 0xff, 0xb0, 0x0,
    0x0, 0x0, 0x0, 0x0, 0x0, 0x0, 0x0, 0x24,
    0xfe, 0xff, 0xff, 0xff, 0x2d, 0x0, 0x0, 0xbd,
    0xff, 0xff, 0xff, 0x69, 0x0, 0x0, 0x0, 0x0,
    0x0, 0x0, 0x0, 0x0, 0x0, 0xdd, 0xff, 0xff,
    0xff, 0x45, 0x0, 0x0, 0xa1, 0xff, 0xff, 0xff,
    0x7f, 0x0, 0x0, 0x0, 0x0, 0x0, 0x0, 0x0,
    0x0, 0x3, 0xee, 0xff, 0xff, 0xff, 0x29, 0x0,
    0x0, 0x53, 0xff, 0xff, 0xff, 0xea, 0x21, 0x0,
    0x0, 0x0, 0x0, 0x0, 0x0, 0x0, 0x78, 0xff,
    0xff, 0xff, 0xdb, 0x3, 0x0, 0x0, 0x1, 0xba,
    0xff, 0xff, 0xff, 0xf0, 0x8b, 0x34, 0x15, 0x7,
    0x20, 0x4f, 0xb6, 0xff, 0xff, 0xff, 0xfd, 0x4e,
    0x0, 0x0, 0x0, 0x0, 0xb, 0xb2, 0xff, 0xff,
    0xff, 0xff, 0xff, 0xff, 0xff, 0xff, 0xff, 0xff,
    0xff, 0xff, 0xf3, 0x5b, 0x0, 0x0, 0x0, 0x0,
    0x0, 0x0, 0x7, 0xb3, 0xff, 0xff, 0xff, 0xff,
    0xff, 0xff, 0xff, 0xff, 0xff, 0xff, 0xfb, 0x4d,
    0x0, 0x0, 0x0, 0x0, 0x0, 0x0, 0x34, 0xda,
    0xff, 0xff, 0xff, 0xff, 0xff, 0xff, 0xff, 0xff,
    0xff, 0xff, 0xff, 0xff, 0xfe, 0x94, 0x5, 0x0,
    0x0, 0x0, 0x34, 0xf4, 0xff, 0xff, 0xff, 0xe7,
    0x84, 0x45, 0x27, 0x20, 0x30, 0x5a, 0xab, 0xfe,
    0xff, 0xff, 0xff, 0xaf, 0x1, 0x0, 0x3, 0xd8,
    0xff, 0xff, 0xff, 0xb5, 0xd, 0x0, 0x0, 0x0,
    0x0, 0x0, 0x0, 0x0, 0x3e, 0xf1, 0xff, 0xff,
    0xff, 0x64, 0x0, 0x4a, 0xff, 0xff, 0xff, 0xea,
    0xe, 0x0, 0x0, 0x0, 0x0, 0x0, 0x0, 0x0,
    0x0, 0x0, 0x6a, 0xff, 0xff, 0xff, 0xd4, 0x0,
    0x84, 0xff, 0xff, 0xff, 0xa0, 0x0, 0x0, 0x0,
    0x0, 0x0, 0x0, 0x0, 0x0, 0x0, 0x0, 0x14,
    0xff, 0xff, 0xff, 0xff, 0xf, 0x93, 0xff, 0xff,
    0xff, 0x8e, 0x0, 0x0, 0x0, 0x0, 0x0, 0x0,
    0x0, 0x0, 0x0, 0x0, 0x4, 0xff, 0xff, 0xff,
    0xff, 0x1f, 0x81, 0xff, 0xff, 0xff, 0xb8, 0x0,
    0x0, 0x0, 0x0, 0x0, 0x0, 0x0, 0x0, 0x0,
    0x0, 0x2b, 0xff, 0xff, 0xff, 0xff, 0xd, 0x4a,
    0xff, 0xff, 0xff, 0xfd, 0x3c, 0x0, 0x0, 0x0,
    0x0, 0x0, 0x0, 0x0, 0x0, 0x0, 0xa6, 0xff,
    0xff, 0xff, 0xd7, 0x0, 0x5, 0xe4, 0xff, 0xff,
    0xff, 0xf2, 0x6c, 0xc, 0x0, 0x0, 0x0, 0x0,
    0x0, 0x27, 0xab, 0xff, 0xff, 0xff, 0xff, 0x77,
    0x0, 0x0, 0x52, 0xff, 0xff, 0xff, 0xff, 0xff,
    0xf8, 0xcc, 0xb1, 0xab, 0xb8, 0xde, 0xff, 0xff,
    0xff, 0xff, 0xff, 0xd7, 0x9, 0x0, 0x0, 0x0,
    0x6f, 0xfe, 0xff, 0xff, 0xff, 0xff, 0xff, 0xff,
    0xff, 0xff, 0xff, 0xff, 0xff, 0xff, 0xff, 0xdd,
    0x22, 0x0, 0x0, 0x0, 0x0, 0x0, 0x3f, 0xd0,
    0xff, 0xff, 0xff, 0xff, 0xff, 0xff, 0xff, 0xff,
    0xff, 0xff, 0xfa, 0x96, 0xf, 0x0, 0x0, 0x0,
    0x0, 0x0, 0x0, 0x0, 0x1, 0x36, 0x7f, 0xc0,
    0xdb, 0xf0, 0xf9, 0xe6, 0xd2, 0xa8, 0x5f, 0x16,
    0x0, 0x0, 0x0, 0x0, 0x0,

    /* U+0039 "9" */
    0x0, 0x0, 0x0, 0x0, 0x0, 0xb, 0x60, 0xaa,
    0xd9, 0xf3, 0xfc, 0xf1, 0xd1, 0x9e, 0x4f, 0x3,
    0x0, 0x0, 0x0, 0x0, 0x0, 0x0, 0x0, 0x0,
    0x2, 0x6f, 0xee, 0xff, 0xff, 0xff, 0xff, 0xff,
    0xff, 0xff, 0xff, 0xff, 0xdd, 0x4c, 0x0, 0x0,
    0x0, 0x0, 0x0, 0x0, 0x9, 0xb4, 0xff, 0xff,
    0xff, 0xff, 0xff, 0xff, 0xff, 0xff, 0xff, 0xff,
    0xff, 0xff, 0xff, 0x85, 0x0, 0x0, 0x0, 0x0,
    0x0, 0xaf, 0xff, 0xff, 0xff, 0xff, 0xff, 0xf1,
    0xc3, 0xb5, 0xca, 0xf9, 0xff, 0xff, 0xff, 0xff,
    0xff, 0x73, 0x0, 0x0, 0x0, 0x5f, 0xff, 0xff,
    0xff, 0xff, 0xe4, 0x56, 0x3, 0x0, 0x0, 0x0,
    0xc, 0x76, 0xf7, 0xff, 0xff, 0xff, 0xf9, 0x28,
    0x0, 0x1, 0xdc, 0xff, 0xff, 0xff, 0xdd, 0x17,
    0x0, 0x0, 0x0, 0x0, 0x0, 0x0, 0x0, 0x3a,
    0xf6, 0xff, 0xff, 0xff, 0xa3, 0x0, 0x36, 0xff,
    0xff, 0xff, 0xff, 0x3a, 0x0, 0x0, 0x0, 0x0,
    0x0, 0x0, 0x0, 0x0, 0x0, 0x75, 0xff, 0xff,
    0xff, 0xf4, 0x8, 0x6e, 0xff, 0xff, 0xff, 0xcf,
    0x0, 0x0, 0x0, 0x0, 0x0, 0x0, 0x0, 0x0,
    0x0, 0x0, 0xd, 0xfa, 0xff, 0xff, 0xff, 0x37,
    0x8d, 0xff, 0xff, 0xff, 0x9a, 0x0, 0x0, 0x0,
    0x0, 0x0, 0x0, 0x0, 0x0, 0x0, 0x0, 0x0,
    0xd2, 0xff, 0xff, 0xff, 0x56, 0x94, 0xff, 0xff,
    0xff, 0x8d, 0x0, 0x0, 0x0, 0x0, 0x0, 0x0,
    0x0, 0x0, 0x0, 0x0, 0x0, 0xc6, 0xff, 0xff,
    0xff, 0x5d, 0x84, 0xff, 0xff, 0xff, 0xa5, 0x0,
    0x0, 0x0, 0x0, 0x0, 0x0, 0x0, 0x0, 0x0,
    0x0, 0x0, 0xde, 0xff, 0xff, 0xff, 0x44, 0x5a,
    0xff, 0xff, 0xff, 0xe6, 0x4, 0x0, 0x0, 0x0,
    0x0, 0x0, 0x0, 0x0, 0x0, 0x0, 0x23, 0xff,
    0xff, 0xff, 0xfe, 0x18, 0x15, 0xfb, 0xff, 0xff,
    0xff, 0x69, 0x0, 0x0, 0x0, 0x0, 0x0, 0x0,
    0x0, 0x0, 0x0, 0xa4, 0xff, 0xff, 0xff, 0xc5,
    0x0, 0x0, 0xa1, 0xff, 0xff, 0xff, 0xf8, 0x4a,
    0x0, 0x0, 0x0, 0x0, 0x0, 0x0, 0x0, 0x7e,
    0xff, 0xff, 0xff, 0xff, 0x5b, 0x0, 0x0, 0x12,
    0xdf, 0xff, 0xff, 0xff, 0xfd, 0xa3, 0x43, 0x12,
    0x5, 0x19, 0x54, 0xc2, 0xff, 0xff, 0xff, 0xff,
    0xd1, 0x2, 0x0, 0x0, 0x0, 0x2f, 0xe6, 0xff,
    0xff, 0xff, 0xff, 0xff, 0xff, 0xff, 0xff, 0xff,
    0xff, 0xff, 0xff, 0xff, 0xf4, 0x2b, 0x0, 0x0,
    0x0, 0x0, 0x0, 0x13, 0xaa, 0xff, 0xff, 0xff,
    0xff, 0xff, 0xff, 0xff, 0xff, 0xff, 0xff, 0xff,
    0xfd, 0x52, 0x0, 0x0, 0x0, 0x0, 0x0, 0x0,
    0x0, 0x0, 0x2a, 0x7c, 0xb2, 0xd0, 0xd6, 0xbe,
    0x8f, 0xbf, 0xff, 0xff, 0xff, 0x69, 0x0, 0x0,
    0x0, 0x0, 0x0, 0x0, 0x0, 0x0, 0x0, 0x0,
    0x0, 0x0, 0x0, 0x0, 0x8a, 0xf7, 0xff, 0xff,
    0xff, 0x7f, 0x0, 0x0, 0x0, 0x0, 0x0, 0x0,
    0x0, 0x0, 0x0, 0x0, 0x0, 0x0, 0x0, 0x0,
    0x82, 0xff, 0xff, 0xff, 0xff, 0x96, 0x0, 0x0,
    0x0, 0x0, 0x0, 0x0, 0x0, 0x0, 0x0, 0x0,
    0x0, 0x0, 0x0, 0x0, 0x71, 0xff, 0xff, 0xff,
    0xff, 0xaa, 0x2, 0x0, 0x0, 0x0, 0x0, 0x0,
    0x0, 0x0, 0x0, 0x0, 0x0, 0x0, 0x0, 0x0,
    0x61, 0xfe, 0xff, 0xff, 0xff, 0xbc, 0x6, 0x0,
    0x0, 0x0, 0x0, 0x0, 0x0, 0x0, 0x0, 0x0,
    0x0, 0x0, 0x0, 0x0, 0x53, 0xfc, 0xff, 0xff,
    0xff, 0xcc, 0xd, 0x0, 0x0, 0x0, 0x0, 0x0,
    0x0, 0x0, 0x0, 0x0, 0x0, 0x0, 0x0, 0x0,
    0x27, 0xf9, 0xff, 0xff, 0xff, 0xda, 0x16, 0x0,
    0x0, 0x0, 0x0, 0x0, 0x0, 0x0, 0x0, 0x0,
    0x0, 0x0, 0x0, 0x0, 0x0, 0x0, 0x6a, 0xdd,
    0xf4, 0xbb, 0x1c, 0x0, 0x0, 0x0, 0x0, 0x0,
    0x0, 0x0, 0x0, 0x0, 0x0,

    /* U+003A ":" */
    0x0, 0x50, 0xd5, 0xf2, 0xb5, 0x20, 0x0, 0x31,
    0xfc, 0xff, 0xff, 0xff, 0xd6, 0x6, 0x83, 0xff,
    0xff, 0xff, 0xff, 0xff, 0x39, 0x7f, 0xff, 0xff,
    0xff, 0xff, 0xff, 0x34, 0x27, 0xf7, 0xff, 0xff,
    0xff, 0xcb, 0x4, 0x0, 0x3a, 0xb7, 0xd3, 0x99,
    0x15, 0x0, 0x0, 0x0, 0x0, 0x0, 0x0, 0x0,
    0x0, 0x0, 0x0, 0x0, 0x0, 0x0, 0x0, 0x0,
    0x0, 0x0, 0x0, 0x0, 0x0, 0x0, 0x0, 0x0,
    0x0, 0x0, 0x0, 0x0, 0x0, 0x0, 0x0, 0x0,
    0x0, 0x0, 0x0, 0x0, 0x0, 0x0, 0x0, 0x0,
    0x0, 0x0, 0x0, 0x0, 0x0, 0x34, 0xb2, 0xce,
    0x93, 0x11, 0x0, 0x24, 0xf6, 0xff, 0xff, 0xff,
    0xc7, 0x3, 0x7e, 0xff, 0xff, 0xff, 0xff, 0xff,
    0x33, 0x84, 0xff, 0xff, 0xff, 0xff, 0xff, 0x3a,
    0x35, 0xfd, 0xff, 0xff, 0xff, 0xd9, 0x7, 0x0,
    0x55, 0xd7, 0xf3, 0xb8, 0x23, 0x0,

    /* U+003B ";" */
    0x0, 0x50, 0xd5, 0xf2, 0xb5, 0x20, 0x0, 0x31,
    0xfc, 0xff, 0xff, 0xff, 0xd6, 0x6, 0x83, 0xff,
    0xff, 0xff, 0xff, 0xff, 0x39, 0x7f, 0xff, 0xff,
    0xff, 0xff, 0xff, 0x34, 0x27, 0xf7, 0xff, 0xff,
    0xff, 0xcb, 0x4, 0x0, 0x3a, 0xb7, 0xd3, 0x99,
    0x15, 0x0, 0x0, 0x0, 0x0, 0x0, 0x0, 0x0,
    0x0, 0x0, 0x0, 0x0, 0x0, 0x0, 0x0, 0x0,
    0x0, 0x0, 0x0, 0x0, 0x0, 0x0, 0x0, 0x0,
    0x0, 0x0, 0x0, 0x0, 0x0, 0x0, 0x0, 0x0,
    0x0, 0x0, 0x0, 0x0, 0x0, 0x0, 0x0, 0x0,
    0x0, 0x0, 0x0, 0x0, 0x0, 0x15, 0x7f, 0x9b,
    0x65, 0x2, 0x0, 0x12, 0xe5, 0xff, 0xff, 0xff,
    0xa8, 0x0, 0x74, 0xff, 0xff, 0xff, 0xff, 0xff,
    0x2b, 0x8b, 0xff, 0xff, 0xff, 0xff, 0xff, 0x50,
    0x50, 0xff, 0xff, 0xff, 0xff, 0xff, 0x40, 0x0,
    0x82, 0xeb, 0xf4, 0xff, 0xff, 0x27, 0x0, 0x0,
    0x0, 0x55, 0xff, 0xe6, 0x1, 0x0, 0x0, 0x0,
    0x9e, 0xff, 0x97, 0x0, 0x0, 0x0, 0x1f, 0xf5,
    0xf7, 0x1d, 0x0, 0x0, 0x4, 0xba, 0xff, 0x6a,
    0x0, 0x0, 0x0, 0x81, 0xf1, 0x76, 0x0, 0x0,
    0x0,

    /* U+003C "<" */
    0x0, 0x0, 0x0, 0x0, 0x0, 0x0, 0x0, 0x0,
    0x0, 0x0, 0x0, 0x0, 0x0, 0x0, 0x0, 0x0,
    0x0, 0x0, 0x0, 0x8, 0xa, 0x0, 0x0, 0x0,
    0x0, 0x0, 0x0, 0x0, 0x0, 0x0, 0x0, 0x0,
    0x0, 0x0, 0x0, 0x0, 0x0, 0x0, 0x15, 0x7f,
    0xea, 0x85, 0x0, 0x0, 0x0, 0x0, 0x0, 0x0,
    0x0, 0x0, 0x0, 0x0, 0x0, 0x0, 0x0, 0x0,
    0x0, 0x29, 0x9a, 0xf7, 0xff, 0xff, 0xd3, 0x0,
    0x0, 0x0, 0x0, 0x0, 0x0, 0x0, 0x0, 0x0,
    0x0, 0x0, 0x0, 0x0, 0x43, 0xb5, 0xfe, 0xff,
    0xff, 0xff, 0xff, 0xcf, 0x0, 0x0, 0x0, 0x0,
    0x0, 0x0, 0x0, 0x0, 0x0, 0x0, 0x6, 0x5e,
    0xd0, 0xff, 0xff, 0xff, 0xff, 0xff, 0xff, 0xfb,
    0x51, 0x0, 0x0, 0x0, 0x0, 0x0, 0x0, 0x0,
    0x0, 0x12, 0x79, 0xe5, 0xff, 0xff, 0xff, 0xff,
    0xff, 0xff, 0xf5, 0x9a, 0x28, 0x0, 0x0, 0x0,
    0x0, 0x0, 0x0, 0x0, 0x24, 0x94, 0xf4, 0xff,
    0xff, 0xff, 0xff, 0xff, 0xff, 0xdb, 0x72, 0x10,
    0x0, 0x0, 0x0, 0x0, 0x0, 0x0, 0x0, 0x3d,
    0xaf, 0xfd, 0xff, 0xff, 0xff, 0xff, 0xff, 0xfd,
    0xb5, 0x49, 0x1, 0x0, 0x0, 0x0, 0x0, 0x0,
    0x0, 0x4, 0x58, 0xca, 0xff, 0xff, 0xff, 0xff,
    0xff, 0xff, 0xee, 0x8d, 0x22, 0x0, 0x0, 0x0,
    0x0, 0x0, 0x0, 0x0, 0x0, 0x21, 0xd6, 0xff,
    0xff, 0xff, 0xff, 0xff, 0xff, 0xcf, 0x64, 0x9,
    0x0, 0x0, 0x0, 0x0, 0x0, 0x0, 0x0, 0x0,
    0x0, 0x0, 0x8c, 0xff, 0xff, 0xff, 0xff, 0xff,
    0xdf, 0x3e, 0x0, 0x0, 0x0, 0x0, 0x0, 0x0,
    0x0, 0x0, 0x0, 0x0, 0x0, 0x0, 0x0, 0x50,
    0xfe, 0xff, 0xff, 0xff, 0xff, 0xff, 0xdf, 0x76,
    0x13, 0x0, 0x0, 0x0, 0x0, 0x0, 0x0, 0x0,
    0x0, 0x0, 0x0, 0x0, 0x0, 0x30, 0xa5, 0xfb,
    0xff, 0xff, 0xff, 0xff, 0xff, 0xf7, 0x9e, 0x32,
    0x0, 0x0, 0x0, 0x0, 0x0, 0x0, 0x0, 0x0,
    0x0, 0x0, 0x0, 0x0, 0x1d, 0x8b, 0xf0, 0xff,
    0xff, 0xff, 0xff, 0xff, 0xff, 0xc6, 0x5a, 0x6,
    0x0, 0x0, 0x0, 0x0, 0x0, 0x0, 0x0, 0x0,
    0x0, 0x0, 0x0, 0xd, 0x72, 0xe1, 0xff, 0xff,
    0xff, 0xff, 0xff, 0xff, 0xe8, 0x82, 0x1a, 0x0,
    0x0, 0x0, 0x0, 0x0, 0x0, 0x0, 0x0, 0x0,
    0x0, 0x0, 0x4, 0x58, 0xcb, 0xff, 0xff, 0xff,
    0xff, 0xff, 0xff, 0xfb, 0xaa, 0x3e, 0x0, 0x0,
    0x0, 0x0, 0x0, 0x0, 0x0, 0x0, 0x0, 0x0,
    0x0, 0x0, 0x3e, 0xb1, 0xfe, 0xff, 0xff, 0xff,
    0xff, 0xff, 0xff, 0xc7, 0x16, 0x0, 0x0, 0x0,
    0x0, 0x0, 0x0, 0x0, 0x0, 0x0, 0x0, 0x0,
    0x0, 0x26, 0x97, 0xf6, 0xff, 0xff, 0xff, 0xff,
    0xff, 0x9a, 0x0, 0x0, 0x0, 0x0, 0x0, 0x0,
    0x0, 0x0, 0x0, 0x0, 0x0, 0x0, 0x0, 0x0,
    0x14, 0x7e, 0xe9, 0xff, 0xff, 0xff, 0xc6, 0x0,
    0x0, 0x0, 0x0, 0x0, 0x0, 0x0, 0x0, 0x0,
    0x0, 0x0, 0x0, 0x0, 0x0, 0x0, 0x0, 0x7,
    0x64, 0xd6, 0xff, 0x9d, 0x0, 0x0, 0x0, 0x0,
    0x0, 0x0, 0x0, 0x0, 0x0, 0x0, 0x0, 0x0,
    0x0, 0x0, 0x0, 0x0, 0x0, 0x0, 0x1, 0x4a,
    0x28,

    /* U+003D "=" */
    0x0, 0x14, 0x7a, 0xa1, 0xa4, 0xa4, 0xa4, 0xa4,
    0xa4, 0xa4, 0xa4, 0xa4, 0xa4, 0xa4, 0xa4, 0xa4,
    0xa4, 0xa4, 0xa4, 0x7c, 0x8, 0xdd, 0xff, 0xff,
    0xff, 0xff, 0xff, 0xff, 0xff, 0xff, 0xff, 0xff,
    0xff, 0xff, 0xff, 0xff, 0xff, 0xff, 0xff, 0xa9,
    0x5f, 0xff, 0xff, 0xff, 0xff, 0xff, 0xff, 0xff,
    0xff, 0xff, 0xff, 0xff, 0xff, 0xff, 0xff, 0xff,
    0xff, 0xff, 0xff, 0x55, 0x89, 0xff, 0xff, 0xff,
    0xff, 0xff, 0xff, 0xff, 0xff, 0xff, 0xff, 0xff,
    0xff, 0xff, 0xff, 0xff, 0xff, 0xe3, 0x7e, 0x1,
    0x0, 0x0, 0x0, 0x0, 0x0, 0x0, 0x0, 0x0,
    0x0, 0x0, 0x0, 0x0, 0x0, 0x0, 0x0, 0x0,
    0x0, 0x0, 0x0, 0x0, 0x0, 0x0, 0x0, 0x0,
    0x0, 0x0, 0x0, 0x0, 0x0, 0x0, 0x0, 0x0,
    0x0, 0x0, 0x0, 0x0, 0x0, 0x0, 0x0, 0x0,
    0x0, 0x0, 0x0, 0x0, 0x0, 0x0, 0x0, 0x0,
    0x0, 0x0, 0x0, 0x0, 0x0, 0x0, 0x0, 0x0,
    0x0, 0x0, 0x0, 0x0, 0x0, 0x14, 0x7b, 0xa1,
    0xa4, 0xa4, 0xa4, 0xa4, 0xa4, 0xa4, 0xa4, 0xa4,
    0xa4, 0xa4, 0xa4, 0xa4, 0xa4, 0xa4, 0xa4, 0x7c,
    0x9, 0xdf, 0xff, 0xff, 0xff, 0xff, 0xff, 0xff,
    0xff, 0xff, 0xff, 0xff, 0xff, 0xff, 0xff, 0xff,
    0xff, 0xff, 0xff, 0xa9, 0x60, 0xff, 0xff, 0xff,
    0xff, 0xff, 0xff, 0xff, 0xff, 0xff, 0xff, 0xff,
    0xff, 0xff, 0xff, 0xff, 0xff, 0xff, 0xff, 0x55,
    0x89, 0xff, 0xff, 0xff, 0xff, 0xff, 0xff, 0xff,
    0xff, 0xff, 0xff, 0xff, 0xff, 0xff, 0xff, 0xff,
    0xff, 0xe3, 0x7e, 0x1,

    /* U+003E ">" */
    0x0, 0x13, 0x0, 0x0, 0x0, 0x0, 0x0, 0x0,
    0x0, 0x0, 0x0, 0x0, 0x0, 0x0, 0x0, 0x0,
    0x0, 0x0, 0x0, 0x0, 0x0, 0x35, 0xfa, 0xa3,
    0x31, 0x0, 0x0, 0x0, 0x0, 0x0, 0x0, 0x0,
    0x0, 0x0, 0x0, 0x0, 0x0, 0x0, 0x0, 0x0,
    0x0, 0x0, 0x83, 0xff, 0xff, 0xff, 0xbe, 0x4c,
    0x1, 0x0, 0x0, 0x0, 0x0, 0x0, 0x0, 0x0,
    0x0, 0x0, 0x0, 0x0, 0x0, 0x0, 0x0, 0x81,
    0xff, 0xff, 0xff, 0xff, 0xff, 0xd7, 0x67, 0x9,
    0x0, 0x0, 0x0, 0x0, 0x0, 0x0, 0x0, 0x0,
    0x0, 0x0, 0x0, 0x0, 0x1c, 0xe3, 0xff, 0xff,
    0xff, 0xff, 0xff, 0xff, 0xeb, 0x82, 0x17, 0x0,
    0x0, 0x0, 0x0, 0x0, 0x0, 0x0, 0x0, 0x0,
    0x0, 0x0, 0xe, 0x78, 0xe1, 0xff, 0xff, 0xff,
    0xff, 0xff, 0xff, 0xf8, 0x9d, 0x2b, 0x0, 0x0,
    0x0, 0x0, 0x0, 0x0, 0x0, 0x0, 0x0, 0x0,
    0x0, 0x3, 0x50, 0xbc, 0xff, 0xff, 0xff, 0xff,
    0xff, 0xff, 0xff, 0xb8, 0x45, 0x0, 0x0, 0x0,
    0x0, 0x0, 0x0, 0x0, 0x0, 0x0, 0x0, 0x0,
    0x0, 0x28, 0x93, 0xf1, 0xff, 0xff, 0xff, 0xff,
    0xff, 0xff, 0xd2, 0x60, 0x6, 0x0, 0x0, 0x0,
    0x0, 0x0, 0x0, 0x0, 0x0, 0x0, 0x0, 0x0,
    0xc, 0x6b, 0xd5, 0xff, 0xff, 0xff, 0xff, 0xff,
    0xff, 0xe7, 0x7b, 0x13, 0x0, 0x0, 0x0, 0x0,
    0x0, 0x0, 0x0, 0x0, 0x0, 0x0, 0x0, 0x0,
    0x42, 0xae, 0xfc, 0xff, 0xff, 0xff, 0xff, 0xff,
    0xf4, 0x53, 0x0, 0x0, 0x0, 0x0, 0x0, 0x0,
    0x0, 0x0, 0x0, 0x0, 0x0, 0x0, 0x0, 0x1d,
    0xb1, 0xff, 0xff, 0xff, 0xff, 0xff, 0xdb, 0x0,
    0x0, 0x0, 0x0, 0x0, 0x0, 0x0, 0x0, 0x0,
    0x0, 0x0, 0x4, 0x55, 0xc1, 0xff, 0xff, 0xff,
    0xff, 0xff, 0xff, 0x9d, 0x0, 0x0, 0x0, 0x0,
    0x0, 0x0, 0x0, 0x0, 0x0, 0x17, 0x7d, 0xe4,
    0xff, 0xff, 0xff, 0xff, 0xff, 0xff, 0xc9, 0x55,
    0x1, 0x0, 0x0, 0x0, 0x0, 0x0, 0x0, 0x0,
    0x39, 0xa5, 0xf9, 0xff, 0xff, 0xff, 0xff, 0xff,
    0xfd, 0xaf, 0x3c, 0x0, 0x0, 0x0, 0x0, 0x0,
    0x0, 0x0, 0x8, 0x60, 0xcd, 0xff, 0xff, 0xff,
    0xff, 0xff, 0xff, 0xf5, 0x96, 0x24, 0x0, 0x0,
    0x0, 0x0, 0x0, 0x0, 0x0, 0x1f, 0x88, 0xec,
    0xff, 0xff, 0xff, 0xff, 0xff, 0xff, 0xe7, 0x7c,
    0x13, 0x0, 0x0, 0x0, 0x0, 0x0, 0x0, 0x0,
    0x0, 0x8f, 0xfd, 0xff, 0xff, 0xff, 0xff, 0xff,
    0xff, 0xd4, 0x62, 0x7, 0x0, 0x0, 0x0, 0x0,
    0x0, 0x0, 0x0, 0x0, 0x0, 0x4b, 0xff, 0xff,
    0xff, 0xff, 0xff, 0xff, 0xbb, 0x48, 0x0, 0x0,
    0x0, 0x0, 0x0, 0x0, 0x0, 0x0, 0x0, 0x0,
    0x0, 0x0, 0x76, 0xff, 0xff, 0xff, 0xfa, 0xa2,
    0x2f, 0x0, 0x0, 0x0, 0x0, 0x0, 0x0, 0x0,
    0x0, 0x0, 0x0, 0x0, 0x0, 0x0, 0x0, 0x4d,
    0xff, 0xef, 0x88, 0x1a, 0x0, 0x0, 0x0, 0x0,
    0x0, 0x0, 0x0, 0x0, 0x0, 0x0, 0x0, 0x0,
    0x0, 0x0, 0x0, 0x0, 0x3, 0x64, 0xc, 0x0,
    0x0, 0x0, 0x0, 0x0, 0x0, 0x0, 0x0, 0x0,
    0x0, 0x0, 0x0, 0x0, 0x0, 0x0, 0x0, 0x0,
    0x0,

    /* U+003F "?" */
    0x0, 0x0, 0x0, 0x0, 0x1b, 0x6e, 0xba, 0xde,
    0xf6, 0xf0, 0xd9, 0xaa, 0x5d, 0xb, 0x0, 0x0,
    0x0, 0x0, 0x0, 0x0, 0xb, 0x87, 0xf8, 0xff,
    0xff, 0xff, 0xff, 0xff, 0xff, 0xff, 0xff, 0xe5,
    0x59, 0x0, 0x0, 0x0, 0x0, 0xf, 0xc5, 0xff,
    0xff, 0xff, 0xff, 0xff, 0xff, 0xff, 0xff, 0xff,
    0xff, 0xff, 0xff, 0x72, 0x0, 0x0, 0x0, 0xba,
    0xff, 0xff, 0xff, 0xff, 0xff, 0xd9, 0xb6, 0xb9,
    0xde, 0xff, 0xff, 0xff, 0xff, 0xff, 0x42, 0x0,
    0x40, 0xff, 0xff, 0xff, 0xff, 0xdd, 0x38, 0x0,
    0x0, 0x0, 0x0, 0x41, 0xf2, 0xff, 0xff, 0xff,
    0xba, 0x0, 0x85, 0xff, 0xff, 0xff, 0xfa, 0x26,
    0x0, 0x0, 0x0, 0x0, 0x0, 0x0, 0x70, 0xff,
    0xff, 0xff, 0xf7, 0x1, 0x85, 0xff, 0xff, 0xff,
    0xba, 0x0, 0x0, 0x0, 0x0, 0x0, 0x0, 0x0,
    0x3a, 0xff, 0xff, 0xff, 0xff, 0x9, 0x2e, 0xf4,
    0xff, 0xff, 0x9b, 0x0, 0x0, 0x0, 0x0, 0x0,
    0x0, 0x0, 0x51, 0xff, 0xff, 0xff, 0xe9, 0x0,
    0x0, 0x2b, 0x9b, 0xc7, 0x84, 0x0, 0x0, 0x0,
    0x0, 0x0, 0x0, 0xa, 0xcd, 0xff, 0xff, 0xff,
    0x8d, 0x0, 0x0, 0x0, 0x0, 0x0, 0x0, 0x0,
    0x0, 0x0, 0x0, 0x0, 0x1c, 0xc8, 0xff, 0xff,
    0xff, 0xd8, 0xd, 0x0, 0x0, 0x0, 0x0, 0x0,
    0x0, 0x0, 0x0, 0x0, 0x0, 0x4f, 0xed, 0xff,
    0xff, 0xff, 0xcb, 0x1a, 0x0, 0x0, 0x0, 0x0,
    0x0, 0x0, 0x0, 0x0, 0x0, 0x1, 0x8c, 0xff,
    0xff, 0xff, 0xff, 0x92, 0x7, 0x0, 0x0, 0x0,
    0x0, 0x0, 0x0, 0x0, 0x0, 0x0, 0x0, 0x94,
    0xff, 0xff, 0xff, 0xee, 0x4c, 0x0, 0x0, 0x0,
    0x0, 0x0, 0x0, 0x0, 0x0, 0x0, 0x0, 0x0,
    0x2d, 0xfe, 0xff, 0xff, 0xf3, 0x2a, 0x0, 0x0,
    0x0, 0x0, 0x0, 0x0, 0x0, 0x0, 0x0, 0x0,
    0x0, 0x0, 0x66, 0xff, 0xff, 0xff, 0xa9, 0x0,
    0x0, 0x0, 0x0, 0x0, 0x0, 0x0, 0x0, 0x0,
    0x0, 0x0, 0x0, 0x0, 0x78, 0xff, 0xff, 0xff,
    0x96, 0x0, 0x0, 0x0, 0x0, 0x0, 0x0, 0x0,
    0x0, 0x0, 0x0, 0x0, 0x0, 0x0, 0x78, 0xff,
    0xff, 0xf2, 0x34, 0x0, 0x0, 0x0, 0x0, 0x0,
    0x0, 0x0, 0x0, 0x0, 0x0, 0x0, 0x0, 0x0,
    0x46, 0x8b, 0x65, 0x16, 0x0, 0x0, 0x0, 0x0,
    0x0, 0x0, 0x0, 0x0, 0x0, 0x0, 0x0, 0x0,
    0x0, 0x0, 0x0, 0x0, 0x0, 0x0, 0x0, 0x0,
    0x0, 0x0, 0x0, 0x0, 0x0, 0x0, 0x0, 0x0,
    0x0, 0x0, 0x0, 0x0, 0xb, 0x70, 0x94, 0x6d,
    0x9, 0x0, 0x0, 0x0, 0x0, 0x0, 0x0, 0x0,
    0x0, 0x0, 0x0, 0x0, 0x0, 0x9, 0xd4, 0xff,
    0xff, 0xff, 0xcc, 0x6, 0x0, 0x0, 0x0, 0x0,
    0x0, 0x0, 0x0, 0x0, 0x0, 0x0, 0x0, 0x5a,
    0xff, 0xff, 0xff, 0xff, 0xff, 0x51, 0x0, 0x0,
    0x0, 0x0, 0x0, 0x0, 0x0, 0x0, 0x0, 0x0,
    0x0, 0x6c, 0xff, 0xff, 0xff, 0xff, 0xff, 0x63,
    0x0, 0x0, 0x0, 0x0, 0x0, 0x0, 0x0, 0x0,
    0x0, 0x0, 0x0, 0x27, 0xf9, 0xff, 0xff, 0xff,
    0xf5, 0x21, 0x0, 0x0, 0x0, 0x0, 0x0, 0x0,
    0x0, 0x0, 0x0, 0x0, 0x0, 0x0, 0x4a, 0xd1,
    0xf5, 0xce, 0x43, 0x0, 0x0, 0x0, 0x0, 0x0,
    0x0, 0x0,

    /* U+0040 "@" */
    0x0, 0x0, 0x0, 0x0, 0x0, 0x0, 0x0, 0x0,
    0x2b, 0x77, 0xb0, 0xd9, 0xee, 0xfb, 0xf7, 0xea,
    0xcc, 0xa3, 0x67, 0x1a, 0x0, 0x0, 0x0, 0x0,
    0x0, 0x0, 0x0, 0x0, 0x0, 0x0, 0x0, 0x0,
    0x0, 0x4a, 0xc5, 0xff, 0xff, 0xff, 0xff, 0xff,
    0xff, 0xff, 0xff, 0xff, 0xff, 0xff, 0xfd, 0xb6,
    0x39, 0x0, 0x0, 0x0, 0x0, 0x0, 0x0, 0x0,
    0x0, 0x0, 0x10, 0xae, 0xff, 0xff, 0xff, 0xff,
    0xff, 0xff, 0xff, 0xff, 0xff, 0xff, 0xff, 0xff,
    0xff, 0xff, 0xff, 0xff, 0x98, 0x9, 0x0, 0x0,
    0x0, 0x0, 0x0, 0x0, 0x1c, 0xd9, 0xff, 0xff,
    0xff, 0xff, 0xd9, 0x92, 0x58, 0x3f, 0x2d, 0x33,
    0x41, 0x67, 0x99, 0xe8, 0xff, 0xff, 0xff, 0xff,
    0xc3, 0xd, 0x0, 0x0, 0x0, 0x0, 0xe, 0xd4,
    0xff, 0xff, 0xff, 0xdc, 0x50, 0x1, 0x0, 0x0,
    0x0, 0x0, 0x0, 0x0, 0x0, 0x0, 0x3, 0x5a,
    0xe1, 0xff, 0xff, 0xff, 0xb1, 0x0, 0x0, 0x0,
    0x0, 0x9c, 0xff, 0xff, 0xff, 0xbc, 0x10, 0x0,
    0x0, 0x32, 0xa0, 0xe1, 0xf9, 0xe1, 0x83, 0x6,
    0x32, 0x70, 0x70, 0x3f, 0xca, 0xff, 0xff, 0xff,
    0x5a, 0x0, 0x0, 0x30, 0xff, 0xff, 0xff, 0xd8,
    0xe, 0x0, 0x0, 0x78, 0xfd, 0xff, 0xff, 0xff,
    0xff, 0xff, 0xad, 0xb2, 0xff, 0xff, 0x2b, 0x1c,
    0xf3, 0xff, 0xff, 0xd8, 0x0, 0x0, 0xa5, 0xff,
    0xff, 0xff, 0x41, 0x0, 0x0, 0x82, 0xff, 0xff,
    0xff, 0xeb, 0xbc, 0xe4, 0xff, 0xff, 0xfe, 0xff,
    0xdd, 0x0, 0x0, 0x8e, 0xff, 0xff, 0xff, 0x32,
    0x8, 0xf3, 0xff, 0xff, 0xc9, 0x0, 0x0, 0x37,
    0xfd, 0xff, 0xff, 0x97, 0x9, 0x0, 0xa, 0xdd,
    0xff, 0xff, 0xff, 0x8f, 0x0, 0x0, 0x41, 0xff,
    0xff, 0xff, 0x6a, 0x40, 0xff, 0xff, 0xff, 0x7d,
    0x0, 0x0, 0xc8, 0xff, 0xff, 0xb0, 0x1, 0x0,
    0x0, 0x0, 0x9e, 0xff, 0xff, 0xff, 0x42, 0x0,
    0x0, 0x1e, 0xff, 0xff, 0xff, 0x8a, 0x6e, 0xff,
    0xff, 0xff, 0x42, 0x0, 0x24, 0xff, 0xff, 0xfc,
    0x24, 0x0, 0x0, 0x0, 0x0, 0xa5, 0xff, 0xff,
    0xef, 0x4, 0x0, 0x0, 0xd, 0xff, 0xff, 0xff,
    0x97, 0x88, 0xff, 0xff, 0xff, 0x29, 0x0, 0x74,
    0xff, 0xff, 0xc4, 0x0, 0x0, 0x0, 0x0, 0x0,
    0xc5, 0xff, 0xff, 0xa6, 0x0, 0x0, 0x0, 0x1f,
    0xff, 0xff, 0xff, 0x8c, 0x94, 0xff, 0xff, 0xff,
    0x18, 0x0, 0x9a, 0xff, 0xff, 0x86, 0x0, 0x0,
    0x0, 0x0, 0xd, 0xfa, 0xff, 0xff, 0x59, 0x0,
    0x0, 0x0, 0x49, 0xff, 0xff, 0xff, 0x67, 0x8c,
    0xff, 0xff, 0xff, 0x24, 0x0, 0xb3, 0xff, 0xff,
    0x6e, 0x0, 0x0, 0x0, 0x0, 0x6d, 0xff, 0xff,
    0xfb, 0x10, 0x0, 0x0, 0x0, 0x9e, 0xff, 0xff,
    0xff, 0x25, 0x78, 0xff, 0xff, 0xff, 0x39, 0x0,
    0xb8, 0xff, 0xff, 0x74, 0x0, 0x0, 0x0, 0x15,
    0xe6, 0xff, 0xff, 0xbe, 0x0, 0x0, 0x0, 0x33,
    0xfc, 0xff, 0xff, 0xc0, 0x0, 0x4e, 0xff, 0xff,
    0xff, 0x70, 0x0, 0x95, 0xff, 0xff, 0xcb, 0xc,
    0x0, 0x1b, 0xc6, 0xff, 0xff, 0xff, 0x9d, 0x0,
    0x0, 0x4b, 0xec, 0xff, 0xff, 0xf7, 0x2d, 0x0,
    0x14, 0xfc, 0xff, 0xff, 0xb9, 0x0, 0x44, 0xff,
    0xff, 0xff, 0xef, 0xd4, 0xfb, 0xff, 0xff, 0xea,
    0xff, 0xfe, 0xd1, 0xe7, 0xff, 0xff, 0xff, 0xfe,
    0x65, 0x0, 0x0, 0x0, 0xbe, 0xff, 0xff, 0xff,
    0x32, 0x0, 0xa6, 0xff, 0xff, 0xff, 0xff, 0xff,
    0xff, 0x92, 0x40, 0xfd, 0xff, 0xff, 0xff, 0xff,
    0xff, 0xf0, 0x4d, 0x0, 0x0, 0x0, 0x0, 0x4e,
    0xff, 0xff, 0xff, 0xcb, 0x9, 0x3, 0x76, 0xd6,
    0xf9, 0xec, 0xb8, 0x4b, 0x0, 0x0, 0x54, 0xd0,
    0xf8, 0xf1, 0xc8, 0x7c, 0x14, 0x0, 0x0, 0x0,
    0x0, 0x0, 0x1, 0xbf, 0xff, 0xff, 0xff, 0xb4,
    0xe, 0x0, 0x0, 0x0, 0x0, 0x0, 0x0, 0x0,
    0x0, 0x0, 0x0, 0x0, 0x0, 0x7, 0x57, 0x37,
    0x0, 0x0, 0x0, 0x0, 0x0, 0x0, 0x20, 0xea,
    0xff, 0xff, 0xff, 0xdd, 0x55, 0x3, 0x0, 0x0,
    0x0, 0x0, 0x0, 0x0, 0x0, 0x0, 0x4, 0x55,
    0xdd, 0xff, 0xff, 0x68, 0x0, 0x0, 0x0, 0x0,
    0x0, 0x0, 0x32, 0xeb, 0xff, 0xff, 0xff, 0xff,
    0xe4, 0xa1, 0x6a, 0x50, 0x3f, 0x3f, 0x4e, 0x6e,
    0xa1, 0xea, 0xff, 0xff, 0xff, 0xff, 0xad, 0x0,
    0x0, 0x0, 0x0, 0x0, 0x0, 0x0, 0x1f, 0xc5,
    0xff, 0xff, 0xff, 0xff, 0xff, 0xff, 0xff, 0xff,
    0xff, 0xff, 0xff, 0xff, 0xff, 0xff, 0xff, 0xfe,
    0x8f, 0x5, 0x0, 0x0, 0x0, 0x0, 0x0, 0x0,
    0x0, 0x0, 0x1, 0x5c, 0xd0, 0xff, 0xff, 0xff,
    0xff, 0xff, 0xff, 0xff, 0xff, 0xff, 0xff, 0xff,
    0xfe, 0xb6, 0x36, 0x0, 0x0, 0x0, 0x0, 0x0,
    0x0, 0x0, 0x0, 0x0, 0x0, 0x0, 0x0, 0x0,
    0x32, 0x7a, 0xb0, 0xd7, 0xef, 0xfa, 0xf6, 0xe2,
    0xcd, 0x9d, 0x5e, 0x1b, 0x0, 0x0, 0x0, 0x0,
    0x0, 0x0, 0x0,

    /* U+0041 "A" */
    0x0, 0x0, 0x0, 0x0, 0x0, 0x0, 0x0, 0x0,
    0x0, 0x5d, 0xe8, 0xec, 0x69, 0x0, 0x0, 0x0,
    0x0, 0x0, 0x0, 0x0, 0x0, 0x0, 0x0, 0x0,
    0x0, 0x0, 0x0, 0x0, 0x0, 0x0, 0x19, 0xf7,
    0xff, 0xff, 0xfc, 0x27, 0x0, 0x0, 0x0, 0x0,
    0x0, 0x0, 0x0, 0x0, 0x0, 0x0, 0x0, 0x0,
    0x0, 0x0, 0x0, 0x0, 0x80, 0xff, 0xff, 0xff,
    0xff, 0x93, 0x0, 0x0, 0x0, 0x0, 0x0, 0x0,
    0x0, 0x0, 0x0, 0x0, 0x0, 0x0, 0x0, 0x0,
    0x0, 0x5, 0xe6, 0xff, 0xff, 0xff, 0xff, 0xf2,
    0xd, 0x0, 0x0, 0x0, 0x0, 0x0, 0x0, 0x0,
    0x0, 0x0, 0x0, 0x0, 0x0, 0x0, 0x0, 0x58,
    0xff, 0xff, 0xd7, 0xff, 0xff, 0xff, 0x6b, 0x0,
    0x0, 0x0, 0x0, 0x0, 0x0, 0x0, 0x0, 0x0,
    0x0, 0x0, 0x0, 0x0, 0x0, 0xc4, 0xff, 0xff,
    0x92, 0xff, 0xff, 0xff, 0xd6, 0x0, 0x0, 0x0,
    0x0, 0x0, 0x0, 0x0, 0x0, 0x0, 0x0, 0x0,
    0x0, 0x0, 0x30, 0xff, 0xff, 0xff, 0xb5, 0xd7,
    0xff, 0xff, 0xff, 0x43, 0x0, 0x0, 0x0, 0x0,
    0x0, 0x0, 0x0, 0x0, 0x0, 0x0, 0x0, 0x0,
    0x9c, 0xff, 0xff, 0xff, 0x87, 0x74, 0xff, 0xff,
    0xff, 0xaf, 0x0, 0x0, 0x0, 0x0, 0x0, 0x0,
    0x0, 0x0, 0x0, 0x0, 0x0, 0x11, 0xf6, 0xff,
    0xff, 0xfe, 0x24, 0x15, 0xfa, 0xff, 0xff, 0xfc,
    0x1e, 0x0, 0x0, 0x0, 0x0, 0x0, 0x0, 0x0,
    0x0, 0x0, 0x0, 0x74, 0xff, 0xff, 0xff, 0xbe,
    0x0, 0x0, 0xac, 0xff, 0xff, 0xff, 0x87, 0x0,
    0x0, 0x0, 0x0, 0x0, 0x0, 0x0, 0x0, 0x0,
    0x2, 0xdd, 0xff, 0xff, 0xff, 0x59, 0x0, 0x0,
    0x49, 0xff, 0xff, 0xff, 0xeb, 0x7, 0x0, 0x0,
    0x0, 0x0, 0x0, 0x0, 0x0, 0x0, 0x4d, 0xff,
    0xff, 0xff, 0xed, 0x7, 0x0, 0x0, 0x2, 0xe2,
    0xff, 0xff, 0xff, 0x5f, 0x0, 0x0, 0x0, 0x0,
    0x0, 0x0, 0x0, 0x0, 0xb9, 0xff, 0xff, 0xff,
    0x8f, 0x0, 0x0, 0x0, 0x0, 0x81, 0xff, 0xff,
    0xff, 0xcb, 0x0, 0x0, 0x0, 0x0, 0x0, 0x0,
    0x0, 0x25, 0xfe, 0xff, 0xff, 0xff, 0x2b, 0x0,
    0x0, 0x0, 0x0, 0x1f, 0xfd, 0xff, 0xff, 0xff,
    0x38, 0x0, 0x0, 0x0, 0x0, 0x0, 0x0, 0x91,
    0xff, 0xff, 0xff, 0xc6, 0x0, 0x0, 0x0, 0x0,
    0x0, 0x0, 0xba, 0xff, 0xff, 0xff, 0xa4, 0x0,
    0x0, 0x0, 0x0, 0x0, 0xb, 0xf0, 0xff, 0xff,
    0xff, 0xff, 0xff, 0xff, 0xff, 0xff, 0xff, 0xff,
    0xff, 0xff, 0xff, 0xff, 0xf9, 0x16, 0x0, 0x0,
    0x0, 0x0, 0x69, 0xff, 0xff, 0xff, 0xff, 0xff,
    0xff, 0xff, 0xff, 0xff, 0xff, 0xff, 0xff, 0xff,
    0xff, 0xff, 0xff, 0x7c, 0x0, 0x0, 0x0, 0x0,
    0xd4, 0xff, 0xff, 0xff, 0xff, 0xff, 0xff, 0xff,
    0xff, 0xff, 0xff, 0xff, 0xff, 0xff, 0xff, 0xff,
    0xff, 0xe3, 0x4, 0x0, 0x0, 0x41, 0xff, 0xff,
    0xff, 0xff, 0xc1, 0xb0, 0xb0, 0xb0, 0xb0, 0xb0,
    0xb0, 0xb0, 0xb0, 0xbd, 0xff, 0xff, 0xff, 0xff,
    0x54, 0x0, 0x0, 0xad, 0xff, 0xff, 0xff, 0xe8,
    0x6, 0x0, 0x0, 0x0, 0x0, 0x0, 0x0, 0x0,
    0x0, 0x3, 0xdf, 0xff, 0xff, 0xff, 0xc0, 0x0,
    0x1a, 0xfb, 0xff, 0xff, 0xff, 0x80, 0x0, 0x0,
    0x0, 0x0, 0x0, 0x0, 0x0, 0x0, 0x0, 0x0,
    0x75, 0xff, 0xff, 0xff, 0xff, 0x2a, 0x6e, 0xff,
    0xff, 0xff, 0xfa, 0x19, 0x0, 0x0, 0x0, 0x0,
    0x0, 0x0, 0x0, 0x0, 0x0, 0x0, 0x11, 0xf5,
    0xff, 0xff, 0xff, 0x7d, 0x8f, 0xff, 0xff, 0xff,
    0xa5, 0x0, 0x0, 0x0, 0x0, 0x0, 0x0, 0x0,
    0x0, 0x0, 0x0, 0x0, 0x0, 0x9a, 0xff, 0xff,
    0xff, 0x9a, 0x68, 0xff, 0xff, 0xff, 0x37, 0x0,
    0x0, 0x0, 0x0, 0x0, 0x0, 0x0, 0x0, 0x0,
    0x0, 0x0, 0x0, 0x2c, 0xff, 0xff, 0xff, 0x72,
    0x8, 0xcd, 0xff, 0xc9, 0x0, 0x0, 0x0, 0x0,
    0x0, 0x0, 0x0, 0x0, 0x0, 0x0, 0x0, 0x0,
    0x0, 0x0, 0xbe, 0xff, 0xd5, 0xc, 0x0, 0x7,
    0x62, 0x41, 0x0, 0x0, 0x0, 0x0, 0x0, 0x0,
    0x0, 0x0, 0x0, 0x0, 0x0, 0x0, 0x0, 0x0,
    0x3b, 0x66, 0xa, 0x0,

    /* U+0042 "B" */
    0x27, 0xcb, 0xfd, 0xff, 0xff, 0xff, 0xff, 0xff,
    0xff, 0xff, 0xff, 0xff, 0xf2, 0xd5, 0x94, 0x29,
    0x0, 0x0, 0x0, 0x0, 0x0, 0xb0, 0xff, 0xff,
    0xff, 0xff, 0xff, 0xff, 0xff, 0xff, 0xff, 0xff,
    0xff, 0xff, 0xff, 0xff, 0xfd, 0x80, 0x1, 0x0,
    0x0, 0x0, 0xcc, 0xff, 0xff, 0xff, 0xff, 0xff,
    0xff, 0xff, 0xff, 0xff, 0xff, 0xff, 0xff, 0xff,
    0xff, 0xff, 0xff, 0x7f, 0x0, 0x0, 0x0, 0xcc,
    0xff, 0xff, 0xff, 0xbc, 0x9c, 0x9c, 0x9c, 0x9c,
    0x9c, 0x9c, 0x9d, 0xc1, 0xfb, 0xff, 0xff, 0xff,
    0xfd, 0x29, 0x0, 0x0, 0xcc, 0xff, 0xff, 0xff,
    0x54, 0x0, 0x0, 0x0, 0x0, 0x0, 0x0, 0x0,
    0x0, 0x3d, 0xf6, 0xff, 0xff, 0xff, 0x94, 0x0,
    0x0, 0xcc, 0xff, 0xff, 0xff, 0x54, 0x0, 0x0,
    0x0, 0x0, 0x0, 0x0, 0x0, 0x0, 0x0, 0x8c,
    0xff, 0xff, 0xff, 0xd5, 0x0, 0x0, 0xcc, 0xff,
    0xff, 0xff, 0x54, 0x0, 0x0, 0x0, 0x0, 0x0,
    0x0, 0x0, 0x0, 0x0, 0x4e, 0xff, 0xff, 0xff,
    0xf2, 0x0, 0x0, 0xcc, 0xff, 0xff, 0xff, 0x54,
    0x0, 0x0, 0x0, 0x0, 0x0, 0x0, 0x0, 0x0,
    0x0, 0x40, 0xff, 0xff, 0xff, 0xf3, 0x0, 0x0,
    0xcc, 0xff, 0xff, 0xff, 0x54, 0x0, 0x0, 0x0,
    0x0, 0x0, 0x0, 0x0, 0x0, 0x0, 0x69, 0xff,
    0xff, 0xff, 0xcf, 0x0, 0x0, 0xcc, 0xff, 0xff,
    0xff, 0x54, 0x0, 0x0, 0x0, 0x0, 0x0, 0x0,
    0x0, 0x0, 0x4, 0xd8, 0xff, 0xff, 0xff, 0x76,
    0x0, 0x0, 0xcc, 0xff, 0xff, 0xff, 0x54, 0x0,
    0x0, 0x0, 0x0, 0x0, 0x0, 0x0, 0x22, 0xb0,
    0xff, 0xff, 0xff, 0xe1, 0x10, 0x0, 0x0, 0xcc,
    0xff, 0xff, 0xff, 0xff, 0xff, 0xff, 0xff, 0xff,
    0xff, 0xff, 0xff, 0xff, 0xff, 0xff, 0xff, 0xea,
    0x35, 0x0, 0x0, 0x0, 0xcc, 0xff, 0xff, 0xff,
    0xff, 0xff, 0xff, 0xff, 0xff, 0xff, 0xff, 0xff,
    0xff, 0xff, 0xff, 0xff, 0x55, 0x0, 0x0, 0x0,
    0x0, 0xcc, 0xff, 0xff, 0xff, 0xff, 0xff, 0xff,
    0xff, 0xff, 0xff, 0xff, 0xff, 0xff, 0xff, 0xff,
    0xff, 0xff, 0xb8, 0xf, 0x0, 0x0, 0xcc, 0xff,
    0xff, 0xff, 0xb7, 0x94, 0x94, 0x94, 0x94, 0x94,
    0x94, 0x94, 0x9a, 0xbe, 0xfc, 0xff, 0xff, 0xff,
    0xcc, 0x8, 0x0, 0xcc, 0xff, 0xff, 0xff, 0x54,
    0x0, 0x0, 0x0, 0x0, 0x0, 0x0, 0x0, 0x0,
    0x0, 0x32, 0xf0, 0xff, 0xff, 0xff, 0x78, 0x0,
    0xcc, 0xff, 0xff, 0xff, 0x54, 0x0, 0x0, 0x0,
    0x0, 0x0, 0x0, 0x0, 0x0, 0x0, 0x0, 0x78,
    0xff, 0xff, 0xff, 0xd5, 0x0, 0xcc, 0xff, 0xff,
    0xff, 0x54, 0x0, 0x0, 0x0, 0x0, 0x0, 0x0,
    0x0, 0x0, 0x0, 0x0, 0x42, 0xff, 0xff, 0xff,
    0xfb, 0x0, 0xcc, 0xff, 0xff, 0xff, 0x54, 0x0,
    0x0, 0x0, 0x0, 0x0, 0x0, 0x0, 0x0, 0x0,
    0x0, 0x46, 0xff, 0xff, 0xff, 0xf0, 0x0, 0xcc,
    0xff, 0xff, 0xff, 0x54, 0x0, 0x0, 0x0, 0x0,
    0x0, 0x0, 0x0, 0x0, 0x0, 0x0, 0x86, 0xff,
    0xff, 0xff, 0xd1, 0x0, 0xcc, 0xff, 0xff, 0xff,
    0x54, 0x0, 0x0, 0x0, 0x0, 0x0, 0x0, 0x0,
    0x0, 0x0, 0x48, 0xf7, 0xff, 0xff, 0xff, 0x84,
    0x0, 0xcc, 0xff, 0xff, 0xff, 0xc2, 0xa4, 0xa4,
    0xa4, 0xa4, 0xa4, 0xa4, 0xa4, 0xaa, 0xd0, 0xff,
    0xff, 0xff, 0xff, 0xf6, 0x1d, 0x0, 0xcc, 0xff,
    0xff, 0xff, 0xff, 0xff, 0xff, 0xff, 0xff, 0xff,
    0xff, 0xff, 0xff, 0xff, 0xff, 0xff, 0xff, 0xff,
    0x5d, 0x0, 0x0, 0xae, 0xff, 0xff, 0xff, 0xff,
    0xff, 0xff, 0xff, 0xff, 0xff, 0xff, 0xff, 0xff,
    0xff, 0xff, 0xff, 0xf2, 0x5d, 0x0, 0x0, 0x0,
    0x23, 0xc9, 0xfd, 0xff, 0xff, 0xff, 0xff, 0xff,
    0xff, 0xff, 0xff, 0xff, 0xfd, 0xe7, 0xc7, 0x78,
    0x19, 0x0, 0x0, 0x0, 0x0,

    /* U+0043 "C" */
    0x0, 0x0, 0x0, 0x0, 0x0, 0x0, 0x2f, 0x84,
    0xc1, 0xe7, 0xf8, 0xf6, 0xe1, 0xcc, 0x9b, 0x54,
    0x10, 0x0, 0x0, 0x0, 0x0, 0x0, 0x0, 0x0,
    0x0, 0x0, 0x2d, 0xbc, 0xff, 0xff, 0xff, 0xff,
    0xff, 0xff, 0xff, 0xff, 0xff, 0xff, 0xf6, 0x91,
    0x11, 0x0, 0x0, 0x0, 0x0, 0x0, 0x0, 0x60,
    0xf8, 0xff, 0xff, 0xff, 0xff, 0xff, 0xff, 0xff,
    0xff, 0xff, 0xff, 0xff, 0xff, 0xff, 0xe4, 0x32,
    0x0, 0x0, 0x0, 0x0, 0x5b, 0xfe, 0xff, 0xff,
    0xff, 0xff, 0xff, 0xe0, 0xc2, 0xbf, 0xd5, 0xfc,
    0xff, 0xff, 0xff, 0xff, 0xff, 0xec, 0x22, 0x0,
    0x0, 0x1e, 0xf4, 0xff, 0xff, 0xff, 0xfe, 0x98,
    0x23, 0x0, 0x0, 0x0, 0x0, 0xd, 0x66, 0xe6,
    0xff, 0xff, 0xff, 0xff, 0xb7, 0x0, 0x0, 0x98,
    0xff, 0xff, 0xff, 0xfc, 0x56, 0x0, 0x0, 0x0,
    0x0, 0x0, 0x0, 0x0, 0x0, 0x15, 0xcf, 0xff,
    0xff, 0xff, 0xff, 0x20, 0x4, 0xf0, 0xff, 0xff,
    0xff, 0x8a, 0x0, 0x0, 0x0, 0x0, 0x0, 0x0,
    0x0, 0x0, 0x0, 0x0, 0x28, 0xfe, 0xff, 0xff,
    0xff, 0x56, 0x2d, 0xff, 0xff, 0xff, 0xff, 0x1d,
    0x0, 0x0, 0x0, 0x0, 0x0, 0x0, 0x0, 0x0,
    0x0, 0x0, 0x0, 0xd2, 0xff, 0xff, 0xff, 0x5a,
    0x48, 0xff, 0xff, 0xff, 0xec, 0x0, 0x0, 0x0,
    0x0, 0x0, 0x0, 0x0, 0x0, 0x0, 0x0, 0x0,
    0x0, 0xbf, 0xff, 0xff, 0xf3, 0x1d, 0x50, 0xff,
    0xff, 0xff, 0xe0, 0x0, 0x0, 0x0, 0x0, 0x0,
    0x0, 0x0, 0x0, 0x0, 0x0, 0x0, 0x0, 0x9e,
    0xd7, 0xb3, 0x38, 0x0, 0x50, 0xff, 0xff, 0xff,
    0xe0, 0x0, 0x0, 0x0, 0x0, 0x0, 0x0, 0x0,
    0x0, 0x0, 0x0, 0x0, 0x0, 0x0, 0x0, 0x0,
    0x0, 0x0, 0x50, 0xff, 0xff, 0xff, 0xe0, 0x0,
    0x0, 0x0, 0x0, 0x0, 0x0, 0x0, 0x0, 0x0,
    0x0, 0x0, 0x0, 0x0, 0x0, 0x0, 0x0, 0x0,
    0x50, 0xff, 0xff, 0xff, 0xe0, 0x0, 0x0, 0x0,
    0x0, 0x0, 0x0, 0x0, 0x0, 0x0, 0x0, 0x0,
    0x0, 0x0, 0x0, 0x0, 0x0, 0x0, 0x50, 0xff,
    0xff, 0xff, 0xe0, 0x0, 0x0, 0x0, 0x0, 0x0,
    0x0, 0x0, 0x0, 0x0, 0x0, 0x0, 0x0, 0x0,
    0x0, 0x0, 0x0, 0x0, 0x50, 0xff, 0xff, 0xff,
    0xe0, 0x0, 0x0, 0x0, 0x0, 0x0, 0x0, 0x0,
    0x0, 0x0, 0x0, 0x0, 0x0, 0x0, 0x0, 0x0,
    0x0, 0x0, 0x4f, 0xff, 0xff, 0xff, 0xe0, 0x0,
    0x0, 0x0, 0x0, 0x0, 0x0, 0x0, 0x0, 0x0,
    0x0, 0x0, 0x0, 0x6e, 0xc3, 0xa5, 0x35, 0x0,
    0x46, 0xff, 0xff, 0xff, 0xef, 0x0, 0x0, 0x0,
    0x0, 0x0, 0x0, 0x0, 0x0, 0x0, 0x0, 0x0,
    0x0, 0x92, 0xff, 0xff, 0xf8, 0x2c, 0x28, 0xff,
    0xff, 0xff, 0xff, 0x24, 0x0, 0x0, 0x0, 0x0,
    0x0, 0x0, 0x0, 0x0, 0x0, 0x0, 0x0, 0xa5,
    0xff, 0xff, 0xff, 0x7f, 0x2, 0xea, 0xff, 0xff,
    0xff, 0x98, 0x0, 0x0, 0x0, 0x0, 0x0, 0x0,
    0x0, 0x0, 0x0, 0x0, 0xd, 0xec, 0xff, 0xff,
    0xff, 0x87, 0x0, 0x8d, 0xff, 0xff, 0xff, 0xfe,
    0x67, 0x0, 0x0, 0x0, 0x0, 0x0, 0x0, 0x0,
    0x0, 0x8, 0xb0, 0xff, 0xff, 0xff, 0xff, 0x58,
    0x0, 0x16, 0xee, 0xff, 0xff, 0xff, 0xff, 0xa9,
    0x32, 0x0, 0x0, 0x0, 0x0, 0xa, 0x59, 0xd7,
    0xff, 0xff, 0xff, 0xff, 0xe9, 0x9, 0x0, 0x0,
    0x4d, 0xfc, 0xff, 0xff, 0xff, 0xff, 0xff, 0xec,
    0xcc, 0xc4, 0xd7, 0xfb, 0xff, 0xff, 0xff, 0xff,
    0xff, 0xfe, 0x50, 0x0, 0x0, 0x0, 0x0, 0x54,
    0xf5, 0xff, 0xff, 0xff, 0xff, 0xff, 0xff, 0xff,
    0xff, 0xff, 0xff, 0xff, 0xff, 0xff, 0xf8, 0x5d,
    0x0, 0x0, 0x0, 0x0, 0x0, 0x0, 0x26, 0xb4,
    0xff, 0xff, 0xff, 0xff, 0xff, 0xff, 0xff, 0xff,
    0xff, 0xff, 0xfd, 0xb0, 0x28, 0x0, 0x0, 0x0,
    0x0, 0x0, 0x0, 0x0, 0x0, 0x0, 0x28, 0x7f,
    0xbc, 0xe4, 0xf8, 0xf9, 0xe6, 0xd2, 0xa7, 0x64,
    0x1e, 0x0, 0x0, 0x0, 0x0, 0x0,

    /* U+0044 "D" */
    0x27, 0xcb, 0xfd, 0xff, 0xff, 0xff, 0xff, 0xff,
    0xff, 0xff, 0xfc, 0xee, 0xcd, 0x98, 0x4a, 0x2,
    0x0, 0x0, 0x0, 0x0, 0x0, 0xb0, 0xff, 0xff,
    0xff, 0xff, 0xff, 0xff, 0xff, 0xff, 0xff, 0xff,
    0xff, 0xff, 0xff, 0xff, 0xdb, 0x50, 0x0, 0x0,
    0x0, 0x0, 0xcc, 0xff, 0xff, 0xff, 0xff, 0xff,
    0xff, 0xff, 0xff, 0xff, 0xff, 0xff, 0xff, 0xff,
    0xff, 0xff, 0xff, 0x94, 0x1, 0x0, 0x0, 0xcc,
    0xff, 0xff, 0xff, 0xd0, 0xb0, 0xb0, 0xb0, 0xb0,
    0xb0, 0xba, 0xd1, 0xfb, 0xff, 0xff, 0xff, 0xff,
    0xff, 0x91, 0x0, 0x0, 0xcc, 0xff, 0xff, 0xff,
    0x68, 0x0, 0x0, 0x0, 0x0, 0x0, 0x0, 0x0,
    0xc, 0x68, 0xec, 0xff, 0xff, 0xff, 0xff, 0x47,
    0x0, 0xcc, 0xff, 0xff, 0xff, 0x68, 0x0, 0x0,
    0x0, 0x0, 0x0, 0x0, 0x0, 0x0, 0x0, 0x1d,
    0xe1, 0xff, 0xff, 0xff, 0xcd, 0x0, 0xcc, 0xff,
    0xff, 0xff, 0x68, 0x0, 0x0, 0x0, 0x0, 0x0,
    0x0, 0x0, 0x0, 0x0, 0x0, 0x44, 0xff, 0xff,
    0xff, 0xff, 0x2c, 0xcc, 0xff, 0xff, 0xff, 0x68,
    0x0, 0x0, 0x0, 0x0, 0x0, 0x0, 0x0, 0x0,
    0x0, 0x0, 0x0, 0xdd, 0xff, 0xff, 0xff, 0x69,
    0xcc, 0xff, 0xff, 0xff, 0x68, 0x0, 0x0, 0x0,
    0x0, 0x0, 0x0, 0x0, 0x0, 0x0, 0x0, 0x0,
    0xab, 0xff, 0xff, 0xff, 0x8d, 0xcc, 0xff, 0xff,
    0xff, 0x68, 0x0, 0x0, 0x0, 0x0, 0x0, 0x0,
    0x0, 0x0, 0x0, 0x0, 0x0, 0x99, 0xff, 0xff,
    0xff, 0x9a, 0xcc, 0xff, 0xff, 0xff, 0x68, 0x0,
    0x0, 0x0, 0x0, 0x0, 0x0, 0x0, 0x0, 0x0,
    0x0, 0x0, 0x98, 0xff, 0xff, 0xff, 0x9c, 0xcc,
    0xff, 0xff, 0xff, 0x68, 0x0, 0x0, 0x0, 0x0,
    0x0, 0x0, 0x0, 0x0, 0x0, 0x0, 0x0, 0x98,
    0xff, 0xff, 0xff, 0x9c, 0xcc, 0xff, 0xff, 0xff,
    0x68, 0x0, 0x0, 0x0, 0x0, 0x0, 0x0, 0x0,
    0x0, 0x0, 0x0, 0x0, 0x98, 0xff, 0xff, 0xff,
    0x9c, 0xcc, 0xff, 0xff, 0xff, 0x68, 0x0, 0x0,
    0x0, 0x0, 0x0, 0x0, 0x0, 0x0, 0x0, 0x0,
    0x0, 0x98, 0xff, 0xff, 0xff, 0x9c, 0xcc, 0xff,
    0xff, 0xff, 0x68, 0x0, 0x0, 0x0, 0x0, 0x0,
    0x0, 0x0, 0x0, 0x0, 0x0, 0x0, 0x98, 0xff,
    0xff, 0xff, 0x9c, 0xcc, 0xff, 0xff, 0xff, 0x68,
    0x0, 0x0, 0x0, 0x0, 0x0, 0x0, 0x0, 0x0,
    0x0, 0x0, 0x0, 0x9a, 0xff, 0xff, 0xff, 0x99,
    0xcc, 0xff, 0xff, 0xff, 0x68, 0x0, 0x0, 0x0,
    0x0, 0x0, 0x0, 0x0, 0x0, 0x0, 0x0, 0x0,
    0xad, 0xff, 0xff, 0xff, 0x8b, 0xcc, 0xff, 0xff,
    0xff, 0x68, 0x0, 0x0, 0x0, 0x0, 0x0, 0x0,
    0x0, 0x0, 0x0, 0x0, 0x0, 0xe2, 0xff, 0xff,
    0xff, 0x65, 0xcc, 0xff, 0xff, 0xff, 0x68, 0x0,
    0x0, 0x0, 0x0, 0x0, 0x0, 0x0, 0x0, 0x0,
    0x0, 0x4b, 0xff, 0xff, 0xff, 0xff, 0x25, 0xcc,
    0xff, 0xff, 0xff, 0x68, 0x0, 0x0, 0x0, 0x0,
    0x0, 0x0, 0x0, 0x0, 0x0, 0x21, 0xe5, 0xff,
    0xff, 0xff, 0xc2, 0x0, 0xcc, 0xff, 0xff, 0xff,
    0x68, 0x0, 0x0, 0x0, 0x0, 0x0, 0x0, 0x0,
    0xc, 0x6a, 0xee, 0xff, 0xff, 0xff, 0xfd, 0x3b,
    0x0, 0xcc, 0xff, 0xff, 0xff, 0xce, 0xac, 0xac,
    0xac, 0xac, 0xac, 0xb5, 0xcd, 0xfa, 0xff, 0xff,
    0xff, 0xff, 0xff, 0x7e, 0x0, 0x0, 0xcc, 0xff,
    0xff, 0xff, 0xff, 0xff, 0xff, 0xff, 0xff, 0xff,
    0xff, 0xff, 0xff, 0xff, 0xff, 0xff, 0xfe, 0x83,
    0x0, 0x0, 0x0, 0xb0, 0xff, 0xff, 0xff, 0xff,
    0xff, 0xff, 0xff, 0xff, 0xff, 0xff, 0xff, 0xff,
    0xff, 0xff, 0xd5, 0x45, 0x0, 0x0, 0x0, 0x0,
    0x29, 0xcd, 0xfd, 0xff, 0xff, 0xff, 0xff, 0xff,
    0xff, 0xff, 0xfc, 0xef, 0xcd, 0x95, 0x45, 0x1,
    0x0, 0x0, 0x0, 0x0, 0x0,

    /* U+0045 "E" */
    0x27, 0xcb, 0xfd, 0xff, 0xff, 0xff, 0xff, 0xff,
    0xff, 0xff, 0xff, 0xff, 0xff, 0xff, 0xff, 0xff,
    0xff, 0xe5, 0x0, 0xb0, 0xff, 0xff, 0xff, 0xff,
    0xff, 0xff, 0xff, 0xff, 0xff, 0xff, 0xff, 0xff,
    0xff, 0xff, 0xff, 0xff, 0xc4, 0x0, 0xcc, 0xff,
    0xff, 0xff, 0xff, 0xff, 0xff, 0xff, 0xff, 0xff,
    0xff, 0xff, 0xff, 0xff, 0xff, 0xff, 0xff, 0x64,
    0x0, 0xcc, 0xff, 0xff, 0xff, 0xd0, 0xb0, 0xb0,
    0xb0, 0xb0, 0xb0, 0xb0, 0xb0, 0xb0, 0xb0, 0xb0,
    0x9c, 0x51, 0x0, 0x0, 0xcc, 0xff, 0xff, 0xff,
    0x68, 0x0, 0x0, 0x0, 0x0, 0x0, 0x0, 0x0,
    0x0, 0x0, 0x0, 0x0, 0x0, 0x0, 0x0, 0xcc,
    0xff, 0xff, 0xff, 0x68, 0x0, 0x0, 0x0, 0x0,
    0x0, 0x0, 0x0, 0x0, 0x0, 0x0, 0x0, 0x0,
    0x0, 0x0, 0xcc, 0xff, 0xff, 0xff, 0x68, 0x0,
    0x0, 0x0, 0x0, 0x0, 0x0, 0x0, 0x0, 0x0,
    0x0, 0x0, 0x0, 0x0, 0x0, 0xcc, 0xff, 0xff,
    0xff, 0x68, 0x0, 0x0, 0x0, 0x0, 0x0, 0x0,
    0x0, 0x0, 0x0, 0x0, 0x0, 0x0, 0x0, 0x0,
    0xcc, 0xff, 0xff, 0xff, 0x68, 0x0, 0x0, 0x0,
    0x0, 0x0, 0x0, 0x0, 0x0, 0x0, 0x0, 0x0,
    0x0, 0x0, 0x0, 0xcc, 0xff, 0xff, 0xff, 0x68,
    0x0, 0x0, 0x0, 0x0, 0x0, 0x0, 0x0, 0x0,
    0x0, 0x0, 0x0, 0x0, 0x0, 0x0, 0xcc, 0xff,
    0xff, 0xff, 0x68, 0x0, 0x0, 0x0, 0x0, 0x0,
    0x0, 0x0, 0x0, 0x0, 0x0, 0x0, 0x0, 0x0,
    0x0, 0xcc, 0xff, 0xff, 0xff, 0xff, 0xff, 0xff,
    0xff, 0xff, 0xff, 0xff, 0xff, 0xff, 0xdd, 0x0,
    0x0, 0x0, 0x0, 0x0, 0xcc, 0xff, 0xff, 0xff,
    0xff, 0xff, 0xff, 0xff, 0xff, 0xff, 0xff, 0xff,
    0xff, 0xbb, 0x0, 0x0, 0x0, 0x0, 0x0, 0xcc,
    0xff, 0xff, 0xff, 0xff, 0xff, 0xff, 0xff, 0xff,
    0xff, 0xff, 0xff, 0xff, 0x5a, 0x0, 0x0, 0x0,
    0x0, 0x0, 0xcc, 0xff, 0xff, 0xff, 0xd0, 0xb0,
    0xb0, 0xb0, 0xb0, 0xb0, 0xb0, 0x9c, 0x4e, 0x0,
    0x0, 0x0, 0x0, 0x0, 0x0, 0xcc, 0xff, 0xff,
    0xff, 0x68, 0x0, 0x0, 0x0, 0x0, 0x0, 0x0,
    0x0, 0x0, 0x0, 0x0, 0x0, 0x0, 0x0, 0x0,
    0xcc, 0xff, 0xff, 0xff, 0x68, 0x0, 0x0, 0x0,
    0x0, 0x0, 0x0, 0x0, 0x0, 0x0, 0x0, 0x0,
    0x0, 0x0, 0x0, 0xcc, 0xff, 0xff, 0xff, 0x68,
    0x0, 0x0, 0x0, 0x0, 0x0, 0x0, 0x0, 0x0,
    0x0, 0x0, 0x0, 0x0, 0x0, 0x0, 0xcc, 0xff,
    0xff, 0xff, 0x68, 0x0, 0x0, 0x0, 0x0, 0x0,
    0x0, 0x0, 0x0, 0x0, 0x0, 0x0, 0x0, 0x0,
    0x0, 0xcc, 0xff, 0xff, 0xff, 0x68, 0x0, 0x0,
    0x0, 0x0, 0x0, 0x0, 0x0, 0x0, 0x0, 0x0,
    0x0, 0x0, 0x0, 0x0, 0xcc, 0xff, 0xff, 0xff,
    0x68, 0x0, 0x0, 0x0, 0x0, 0x0, 0x0, 0x0,
    0x0, 0x0, 0x0, 0x0, 0x0, 0x0, 0x0, 0xcc,
    0xff, 0xff, 0xff, 0xce, 0xac, 0xac, 0xac, 0xac,
    0xac, 0xac, 0xac, 0xac, 0xac, 0xac, 0xaa, 0x8b,
    0x27, 0x0, 0xcc, 0xff, 0xff, 0xff, 0xff, 0xff,
    0xff, 0xff, 0xff, 0xff, 0xff, 0xff, 0xff, 0xff,
    0xff, 0xff, 0xff, 0xf2, 0x1d, 0xb0, 0xff, 0xff,
    0xff, 0xff, 0xff, 0xff, 0xff, 0xff, 0xff, 0xff,
    0xff, 0xff, 0xff, 0xff, 0xff, 0xff, 0xff, 0x73,
    0x29, 0xcd, 0xfd, 0xff, 0xff, 0xff, 0xff, 0xff,
    0xff, 0xff, 0xff, 0xff, 0xff, 0xff, 0xff, 0xff,
    0xff, 0xff, 0x95,

    /* U+0046 "F" */
    0x27, 0xcb, 0xfd, 0xff, 0xff, 0xff, 0xff, 0xff,
    0xff, 0xff, 0xff, 0xff, 0xff, 0xff, 0xff, 0xff,
    0xff, 0xff, 0x11, 0xb1, 0xff, 0xff, 0xff, 0xff,
    0xff, 0xff, 0xff, 0xff, 0xff, 0xff, 0xff, 0xff,
    0xff, 0xff, 0xff, 0xff, 0xef, 0x0, 0xcc, 0xff,
    0xff, 0xff, 0xff, 0xff, 0xff, 0xff, 0xff, 0xff,
    0xff, 0xff, 0xff, 0xff, 0xff, 0xff, 0xff, 0x90,
    0x0, 0xcc, 0xff, 0xff, 0xff, 0xd0, 0xb0, 0xb0,
    0xb0, 0xb0, 0xb0, 0xb0, 0xb0, 0xb0, 0xb0, 0xb0,
    0xa4, 0x68, 0x2, 0x0, 0xcc, 0xff, 0xff, 0xff,
    0x68, 0x0, 0x0, 0x0, 0x0, 0x0, 0x0, 0x0,
    0x0, 0x0, 0x0, 0x0, 0x0, 0x0, 0x0, 0xcc,
    0xff, 0xff, 0xff, 0x68, 0x0, 0x0, 0x0, 0x0,
    0x0, 0x0, 0x0, 0x0, 0x0, 0x0, 0x0, 0x0,
    0x0, 0x0, 0xcc, 0xff, 0xff, 0xff, 0x68, 0x0,
    0x0, 0x0, 0x0, 0x0, 0x0, 0x0, 0x0, 0x0,
    0x0, 0x0, 0x0, 0x0, 0x0, 0xcc, 0xff, 0xff,
    0xff, 0x68, 0x0, 0x0, 0x0, 0x0, 0x0, 0x0,
    0x0, 0x0, 0x0, 0x0, 0x0, 0x0, 0x0, 0x0,
    0xcc, 0xff, 0xff, 0xff, 0x68, 0x0, 0x0, 0x0,
    0x0, 0x0, 0x0, 0x0, 0x0, 0x0, 0x0, 0x0,
    0x0, 0x0, 0x0, 0xcc, 0xff, 0xff, 0xff, 0x68,
    0x0, 0x0, 0x0, 0x0, 0x0, 0x0, 0x0, 0x0,
    0x0, 0x0, 0x0, 0x0, 0x0, 0x0, 0xcc, 0xff,
    0xff, 0xff, 0xce, 0xac, 0xac, 0xac, 0xac, 0xac,
    0xac, 0xac, 0xac, 0x96, 0x0, 0x0, 0x0, 0x0,
    0x0, 0xcc, 0xff, 0xff, 0xff, 0xff, 0xff, 0xff,
    0xff, 0xff, 0xff, 0xff, 0xff, 0xff, 0xcb, 0x0,
    0x0, 0x0, 0x0, 0x0, 0xcc, 0xff, 0xff, 0xff,
    0xff, 0xff, 0xff, 0xff, 0xff, 0xff, 0xff, 0xff,
    0xff, 0x86, 0x0, 0x0, 0x0, 0x0, 0x0, 0xcc,
    0xff, 0xff, 0xff, 0xff, 0xff, 0xff, 0xff, 0xff,
    0xff, 0xff, 0xec, 0x9f, 0xb, 0x0, 0x0, 0x0,
    0x0, 0x0, 0xcc, 0xff, 0xff, 0xff, 0x68, 0x0,
    0x0, 0x0, 0x0, 0x0, 0x0, 0x0, 0x0, 0x0,
    0x0, 0x0, 0x0, 0x0, 0x0, 0xcc, 0xff, 0xff,
    0xff, 0x68, 0x0, 0x0, 0x0, 0x0, 0x0, 0x0,
    0x0, 0x0, 0x0, 0x0, 0x0, 0x0, 0x0, 0x0,
    0xcc, 0xff, 0xff, 0xff, 0x68, 0x0, 0x0, 0x0,
    0x0, 0x0, 0x0, 0x0, 0x0, 0x0, 0x0, 0x0,
    0x0, 0x0, 0x0, 0xcc, 0xff, 0xff, 0xff, 0x68,
    0x0, 0x0, 0x0, 0x0, 0x0, 0x0, 0x0, 0x0,
    0x0, 0x0, 0x0, 0x0, 0x0, 0x0, 0xcc, 0xff,
    0xff, 0xff, 0x68, 0x0, 0x0, 0x0, 0x0, 0x0,
    0x0, 0x0, 0x0, 0x0, 0x0, 0x0, 0x0, 0x0,
    0x0, 0xcc, 0xff, 0xff, 0xff, 0x68, 0x0, 0x0,
    0x0, 0x0, 0x0, 0x0, 0x0, 0x0, 0x0, 0x0,
    0x0, 0x0, 0x0, 0x0, 0xcc, 0xff, 0xff, 0xff,
    0x68, 0x0, 0x0, 0x0, 0x0, 0x0, 0x0, 0x0,
    0x0, 0x0, 0x0, 0x0, 0x0, 0x0, 0x0, 0xcc,
    0xff, 0xff, 0xff, 0x67, 0x0, 0x0, 0x0, 0x0,
    0x0, 0x0, 0x0, 0x0, 0x0, 0x0, 0x0, 0x0,
    0x0, 0x0, 0xcc, 0xff, 0xff, 0xff, 0x4c, 0x0,
    0x0, 0x0, 0x0, 0x0, 0x0, 0x0, 0x0, 0x0,
    0x0, 0x0, 0x0, 0x0, 0x0, 0xcc, 0xff, 0xff,
    0xe7, 0x12, 0x0, 0x0, 0x0, 0x0, 0x0, 0x0,
    0x0, 0x0, 0x0, 0x0, 0x0, 0x0, 0x0, 0x0,
    0xc8, 0xe9, 0xb0, 0x2e, 0x0, 0x0, 0x0, 0x0,
    0x0, 0x0, 0x0, 0x0, 0x0, 0x0, 0x0, 0x0,
    0x0, 0x0, 0x0,

    /* U+0047 "G" */
    0x0, 0x0, 0x0, 0x0, 0x0, 0x0, 0x2f, 0x84,
    0xc1, 0xe7, 0xf8, 0xf6, 0xe1, 0xcc, 0x99, 0x53,
    0xf, 0x0, 0x0, 0x0, 0x0, 0x0, 0x0, 0x0,
    0x0, 0x0, 0x2d, 0xbc, 0xff, 0xff, 0xff, 0xff,
    0xff, 0xff, 0xff, 0xff, 0xff, 0xff, 0xf5, 0x90,
    0x11, 0x0, 0x0, 0x0, 0x0, 0x0, 0x0, 0x60,
    0xf8, 0xff, 0xff, 0xff, 0xff, 0xff, 0xff, 0xff,
    0xff, 0xff, 0xff, 0xff, 0xff, 0xff, 0xe4, 0x33,
    0x0, 0x0, 0x0, 0x0, 0x5b, 0xfe, 0xff, 0xff,
    0xff, 0xff, 0xfe, 0xd8, 0xba, 0xb7, 0xcd, 0xf8,
    0xff, 0xff, 0xff, 0xff, 0xff, 0xee, 0x24, 0x0,
    0x0, 0x1e, 0xf4, 0xff, 0xff, 0xff, 0xfd, 0x90,
    0x1c, 0x0, 0x0, 0x0, 0x0, 0x9, 0x5e, 0xe1,
    0xff, 0xff, 0xff, 0xff, 0xba, 0x0, 0x0, 0x98,
    0xff, 0xff, 0xff, 0xfb, 0x4f, 0x0, 0x0, 0x0,
    0x0, 0x0, 0x0, 0x0, 0x0, 0x11, 0xca, 0xff,
    0xff, 0xff, 0xff, 0x23, 0x4, 0xf0, 0xff, 0xff,
    0xff, 0x87, 0x0, 0x0, 0x0, 0x0, 0x0, 0x0,
    0x0, 0x0, 0x0, 0x0, 0x24, 0xfd, 0xff, 0xff,
    0xff, 0x57, 0x2d, 0xff, 0xff, 0xff, 0xff, 0x1c,
    0x0, 0x0, 0x0, 0x0, 0x0, 0x0, 0x0, 0x0,
    0x0, 0x0, 0x0, 0xd0, 0xff, 0xff, 0xff, 0x58,
    0x48, 0xff, 0xff, 0xff, 0xec, 0x0, 0x0, 0x0,
    0x0, 0x0, 0x0, 0x0, 0x0, 0x0, 0x0, 0x0,
    0x0, 0xbe, 0xff, 0xff, 0xed, 0x18, 0x50, 0xff,
    0xff, 0xff, 0xe0, 0x0, 0x0, 0x0, 0x0, 0x0,
    0x0, 0x0, 0x0, 0x0, 0x0, 0x0, 0x0, 0x8b,
    0xbf, 0x9c, 0x2a, 0x0, 0x50, 0xff, 0xff, 0xff,
    0xe0, 0x0, 0x0, 0x0, 0x0, 0x0, 0x0, 0x0,
    0x0, 0x0, 0x0, 0x0, 0x0, 0x0, 0x0, 0x0,
    0x0, 0x0, 0x50, 0xff, 0xff, 0xff, 0xe0, 0x0,
    0x0, 0x0, 0x0, 0x0, 0x0, 0x0, 0x0, 0x0,
    0x0, 0x0, 0x0, 0x0, 0x0, 0x0, 0x0, 0x0,
    0x50, 0xff, 0xff, 0xff, 0xe0, 0x0, 0x0, 0x0,
    0x0, 0x0, 0x0, 0xda, 0xff, 0xff, 0xff, 0xff,
    0xff, 0xff, 0xff, 0xfc, 0xc3, 0x16, 0x50, 0xff,
    0xff, 0xff, 0xe0, 0x0, 0x0, 0x0, 0x0, 0x0,
    0x0, 0xa1, 0xff, 0xff, 0xff, 0xff, 0xff, 0xff,
    0xff, 0xff, 0xff, 0x7f, 0x50, 0xff, 0xff, 0xff,
    0xe0, 0x0, 0x0, 0x0, 0x0, 0x0, 0x0, 0x20,
    0xe0, 0xff, 0xff, 0xff, 0xff, 0xff, 0xff, 0xff,
    0xff, 0x94, 0x4f, 0xff, 0xff, 0xff, 0xe0, 0x0,
    0x0, 0x0, 0x0, 0x0, 0x0, 0x0, 0xf, 0x4f,
    0x64, 0x64, 0x64, 0xc5, 0xff, 0xff, 0xff, 0x94,
    0x46, 0xff, 0xff, 0xff, 0xf4, 0x0, 0x0, 0x0,
    0x0, 0x0, 0x0, 0x0, 0x0, 0x0, 0x0, 0x0,
    0x0, 0xa0, 0xff, 0xff, 0xff, 0x93, 0x28, 0xff,
    0xff, 0xff, 0xff, 0x27, 0x0, 0x0, 0x0, 0x0,
    0x0, 0x0, 0x0, 0x0, 0x0, 0x0, 0x0, 0xb8,
    0xff, 0xff, 0xff, 0x87, 0x2, 0xea, 0xff, 0xff,
    0xff, 0x99, 0x0, 0x0, 0x0, 0x0, 0x0, 0x0,
    0x0, 0x0, 0x0, 0x0, 0x17, 0xf7, 0xff, 0xff,
    0xff, 0x5f, 0x0, 0x8d, 0xff, 0xff, 0xff, 0xff,
    0x63, 0x0, 0x0, 0x0, 0x0, 0x0, 0x0, 0x0,
    0x0, 0xa, 0xbd, 0xff, 0xff, 0xff, 0xfa, 0x17,
    0x0, 0x16, 0xee, 0xff, 0xff, 0xff, 0xff, 0xa2,
    0x2a, 0x0, 0x0, 0x0, 0x0, 0x4, 0x51, 0xd7,
    0xff, 0xff, 0xff, 0xff, 0x97, 0x0, 0x0, 0x0,
    0x4d, 0xfc, 0xff, 0xff, 0xff, 0xff, 0xff, 0xdd,
    0xbd, 0xb1, 0xc4, 0xf2, 0xff, 0xff, 0xff, 0xff,
    0xff, 0xd6, 0xe, 0x0, 0x0, 0x0, 0x0, 0x54,
    0xf5, 0xff, 0xff, 0xff, 0xff, 0xff, 0xff, 0xff,
    0xff, 0xff, 0xff, 0xff, 0xff, 0xff, 0xce, 0x19,
    0x0, 0x0, 0x0, 0x0, 0x0, 0x0, 0x26, 0xb4,
    0xff, 0xff, 0xff, 0xff, 0xff, 0xff, 0xff, 0xff,
    0xff, 0xff, 0xf0, 0x7d, 0x6, 0x0, 0x0, 0x0,
    0x0, 0x0, 0x0, 0x0, 0x0, 0x0, 0x28, 0x7e,
    0xbc, 0xe4, 0xf8, 0xfc, 0xf0, 0xd3, 0xa2, 0x5c,
    0xb, 0x0, 0x0, 0x0, 0x0, 0x0,

    /* U+0048 "H" */
    0x0, 0x44, 0xb8, 0xe5, 0x65, 0x0, 0x0, 0x0,
    0x0, 0x0, 0x0, 0x0, 0x0, 0x0, 0x0, 0x0,
    0x22, 0x99, 0xdc, 0xbb, 0x50, 0xff, 0xff, 0xff,
    0x68, 0x0, 0x0, 0x0, 0x0, 0x0, 0x0, 0x0,
    0x0, 0x0, 0x0, 0x15, 0xeb, 0xff, 0xff, 0xc4,
    0xb5, 0xff, 0xff, 0xff, 0x68, 0x0, 0x0, 0x0,
    0x0, 0x0, 0x0, 0x0, 0x0, 0x0, 0x0, 0x64,
    0xff, 0xff, 0xff, 0xc4, 0xcb, 0xff, 0xff, 0xff,
    0x68, 0x0, 0x0, 0x0, 0x0, 0x0, 0x0, 0x0,
    0x0, 0x0, 0x0, 0x77, 0xff, 0xff, 0xff, 0xc4,
    0xcc, 0xff, 0xff, 0xff, 0x68, 0x0, 0x0, 0x0,
    0x0, 0x0, 0x0, 0x0, 0x0, 0x0, 0x0, 0x78,
    0xff, 0xff, 0xff, 0xc4, 0xcc, 0xff, 0xff, 0xff,
    0x68, 0x0, 0x0, 0x0, 0x0, 0x0, 0x0, 0x0,
    0x0, 0x0, 0x0, 0x78, 0xff, 0xff, 0xff, 0xc4,
    0xcc, 0xff, 0xff, 0xff, 0x68, 0x0, 0x0, 0x0,
    0x0, 0x0, 0x0, 0x0, 0x0, 0x0, 0x0, 0x78,
    0xff, 0xff, 0xff, 0xc4, 0xcc, 0xff, 0xff, 0xff,
    0x68, 0x0, 0x0, 0x0, 0x0, 0x0, 0x0, 0x0,
    0x0, 0x0, 0x0, 0x78, 0xff, 0xff, 0xff, 0xc4,
    0xcc, 0xff, 0xff, 0xff, 0x68, 0x0, 0x0, 0x0,
    0x0, 0x0, 0x0, 0x0, 0x0, 0x0, 0x0, 0x78,
    0xff, 0xff, 0xff, 0xc4, 0xcc, 0xff, 0xff, 0xff,
    0x68, 0x0, 0x0, 0x0, 0x0, 0x0, 0x0, 0x0,
    0x0, 0x0, 0x0, 0x78, 0xff, 0xff, 0xff, 0xc4,
    0xcc, 0xff, 0xff, 0xff, 0xd5, 0xb8, 0xb8, 0xb8,
    0xb8, 0xb8, 0xb8, 0xb8, 0xb8, 0xb8, 0xb8, 0xd9,
    0xff, 0xff, 0xff, 0xc4, 0xcc, 0xff, 0xff, 0xff,
    0xff, 0xff, 0xff, 0xff, 0xff, 0xff, 0xff, 0xff,
    0xff, 0xff, 0xff, 0xff, 0xff, 0xff, 0xff, 0xc4,
    0xcc, 0xff, 0xff, 0xff, 0xff, 0xff, 0xff, 0xff,
    0xff, 0xff, 0xff, 0xff, 0xff, 0xff, 0xff, 0xff,
    0xff, 0xff, 0xff, 0xc4, 0xcc, 0xff, 0xff, 0xff,
    0xff, 0xff, 0xff, 0xff, 0xff, 0xff, 0xff, 0xff,
    0xff, 0xff, 0xff, 0xff, 0xff, 0xff, 0xff, 0xc4,
    0xcc, 0xff, 0xff, 0xff, 0x68, 0x0, 0x0, 0x0,
    0x0, 0x0, 0x0, 0x0, 0x0, 0x0, 0x0, 0x78,
    0xff, 0xff, 0xff, 0xc4, 0xcc, 0xff, 0xff, 0xff,
    0x68, 0x0, 0x0, 0x0, 0x0, 0x0, 0x0, 0x0,
    0x0, 0x0, 0x0, 0x78, 0xff, 0xff, 0xff, 0xc4,
    0xcc, 0xff, 0xff, 0xff, 0x68, 0x0, 0x0, 0x0,
    0x0, 0x0, 0x0, 0x0, 0x0, 0x0, 0x0, 0x78,
    0xff, 0xff, 0xff, 0xc4, 0xcc, 0xff, 0xff, 0xff,
    0x68, 0x0, 0x0, 0x0, 0x0, 0x0, 0x0, 0x0,
    0x0, 0x0, 0x0, 0x78, 0xff, 0xff, 0xff, 0xc4,
    0xcc, 0xff, 0xff, 0xff, 0x68, 0x0, 0x0, 0x0,
    0x0, 0x0, 0x0, 0x0, 0x0, 0x0, 0x0, 0x78,
    0xff, 0xff, 0xff, 0xc4, 0xcc, 0xff, 0xff, 0xff,
    0x68, 0x0, 0x0, 0x0, 0x0, 0x0, 0x0, 0x0,
    0x0, 0x0, 0x0, 0x78, 0xff, 0xff, 0xff, 0xc4,
    0xcc, 0xff, 0xff, 0xff, 0x68, 0x0, 0x0, 0x0,
    0x0, 0x0, 0x0, 0x0, 0x0, 0x0, 0x0, 0x78,
    0xff, 0xff, 0xff, 0xc4, 0xcc, 0xff, 0xff, 0xff,
    0x67, 0x0, 0x0, 0x0, 0x0, 0x0, 0x0, 0x0,
    0x0, 0x0, 0x0, 0x78, 0xff, 0xff, 0xff, 0xc3,
    0xcc, 0xff, 0xff, 0xff, 0x4e, 0x0, 0x0, 0x0,
    0x0, 0x0, 0x0, 0x0, 0x0, 0x0, 0x0, 0x78,
    0xff, 0xff, 0xff, 0xab, 0xcc, 0xff, 0xff, 0xdc,
    0x9, 0x0, 0x0, 0x0, 0x0, 0x0, 0x0, 0x0,
    0x0, 0x0, 0x0, 0x78, 0xff, 0xff, 0xfd, 0x45,
    0xc2, 0xda, 0x90, 0x18, 0x0, 0x0, 0x0, 0x0,
    0x0, 0x0, 0x0, 0x0, 0x0, 0x0, 0x0, 0x74,
    0xe4, 0xb3, 0x3c, 0x0,

    /* U+0049 "I" */
    0x0, 0x3, 0x64, 0xc9, 0xed, 0x1b, 0x0, 0x94,
    0xff, 0xff, 0xff, 0x1c, 0x7, 0xf9, 0xff, 0xff,
    0xff, 0x1c, 0x17, 0xff, 0xff, 0xff, 0xff, 0x1c,
    0x18, 0xff, 0xff, 0xff, 0xff, 0x1c, 0x18, 0xff,
    0xff, 0xff, 0xff, 0x1c, 0x18, 0xff, 0xff, 0xff,
    0xff, 0x1c, 0x18, 0xff, 0xff, 0xff, 0xff, 0x1c,
    0x18, 0xff, 0xff, 0xff, 0xff, 0x1c, 0x18, 0xff,
    0xff, 0xff, 0xff, 0x1c, 0x18, 0xff, 0xff, 0xff,
    0xff, 0x1c, 0x18, 0xff, 0xff, 0xff, 0xff, 0x1c,
    0x18, 0xff, 0xff, 0xff, 0xff, 0x1c, 0x18, 0xff,
    0xff, 0xff, 0xff, 0x1c, 0x18, 0xff, 0xff, 0xff,
    0xff, 0x1c, 0x18, 0xff, 0xff, 0xff, 0xff, 0x1c,
    0x18, 0xff, 0xff, 0xff, 0xff, 0x1c, 0x18, 0xff,
    0xff, 0xff, 0xff, 0x1c, 0x18, 0xff, 0xff, 0xff,
    0xff, 0x1c, 0x18, 0xff, 0xff, 0xff, 0xff, 0x1c,
    0x18, 0xff, 0xff, 0xff, 0xff, 0x1c, 0x18, 0xff,
    0xff, 0xff, 0xff, 0x1b, 0x18, 0xff, 0xff, 0xff,
    0xf9, 0x8, 0x18, 0xff, 0xff, 0xff, 0x95, 0x0,
    0x17, 0xef, 0xcc, 0x67, 0x3, 0x0,

    /* U+004A "J" */
    0x0, 0x0, 0x0, 0x0, 0x0, 0x0, 0x0, 0x4e,
    0xff, 0xff, 0xff, 0xff, 0xff, 0xff, 0xff, 0xff,
    0xfb, 0xbc, 0x13, 0x0, 0x0, 0x0, 0x0, 0x0,
    0x0, 0x0, 0x2a, 0xff, 0xff, 0xff, 0xff, 0xff,
    0xff, 0xff, 0xff, 0xff, 0xff, 0x89, 0x0, 0x0,
    0x0, 0x0, 0x0, 0x0, 0x0, 0x0, 0xbc, 0xff,
    0xff, 0xff, 0xff, 0xff, 0xff, 0xff, 0xff, 0xff,
    0xa4, 0x0, 0x0, 0x0, 0x0, 0x0, 0x0, 0x0,
    0x0, 0xa, 0x7e, 0xaf, 0xb8, 0xb8, 0xb8, 0xe2,
    0xff, 0xff, 0xff, 0xa4, 0x0, 0x0, 0x0, 0x0,
    0x0, 0x0, 0x0, 0x0, 0x0, 0x0, 0x0, 0x0,
    0x0, 0x0, 0x98, 0xff, 0xff, 0xff, 0xa4, 0x0,
    0x0, 0x0, 0x0, 0x0, 0x0, 0x0, 0x0, 0x0,
    0x0, 0x0, 0x0, 0x0, 0x0, 0x98, 0xff, 0xff,
    0xff, 0xa4, 0x0, 0x0, 0x0, 0x0, 0x0, 0x0,
    0x0, 0x0, 0x0, 0x0, 0x0, 0x0, 0x0, 0x0,
    0x98, 0xff, 0xff, 0xff, 0xa4, 0x0, 0x0, 0x0,
    0x0, 0x0, 0x0, 0x0, 0x0, 0x0, 0x0, 0x0,
    0x0, 0x0, 0x0, 0x98, 0xff, 0xff, 0xff, 0xa4,
    0x0, 0x0, 0x0, 0x0, 0x0, 0x0, 0x0, 0x0,
    0x0, 0x0, 0x0, 0x0, 0x0, 0x0, 0x98, 0xff,
    0xff, 0xff, 0xa4, 0x0, 0x0, 0x0, 0x0, 0x0,
    0x0, 0x0, 0x0, 0x0, 0x0, 0x0, 0x0, 0x0,
    0x0, 0x98, 0xff, 0xff, 0xff, 0xa4, 0x0, 0x0,
    0x0, 0x0, 0x0, 0x0, 0x0, 0x0, 0x0, 0x0,
    0x0, 0x0, 0x0, 0x0, 0x98, 0xff, 0xff, 0xff,
    0xa4, 0x0, 0x0, 0x0, 0x0, 0x0, 0x0, 0x0,
    0x0, 0x0, 0x0, 0x0, 0x0, 0x0, 0x0, 0x98,
    0xff, 0xff, 0xff, 0xa4, 0x0, 0x0, 0x0, 0x0,
    0x0, 0x0, 0x0, 0x0, 0x0, 0x0, 0x0, 0x0,
    0x0, 0x0, 0x98, 0xff, 0xff, 0xff, 0xa4, 0x0,
    0x0, 0x0, 0x0, 0x0, 0x0, 0x0, 0x0, 0x0,
    0x0, 0x0, 0x0, 0x0, 0x0, 0x98, 0xff, 0xff,
    0xff, 0xa4, 0x0, 0x0, 0xd, 0x2b, 0x1c, 0x0,
    0x0, 0x0, 0x0, 0x0, 0x0, 0x0, 0x0, 0x0,
    0x98, 0xff, 0xff, 0xff, 0xa4, 0x1b, 0xb5, 0xfa,
    0xff, 0x6c, 0x0, 0x0, 0x0, 0x0, 0x0, 0x0,
    0x0, 0x0, 0x0, 0x98, 0xff, 0xff, 0xff, 0xa3,
    0xa4, 0xff, 0xff, 0xff, 0x69, 0x0, 0x0, 0x0,
    0x0, 0x0, 0x0, 0x0, 0x0, 0x0, 0xa2, 0xff,
    0xff, 0xff, 0x9b, 0xc2, 0xff, 0xff, 0xff, 0x82,
    0x0, 0x0, 0x0, 0x0, 0x0, 0x0, 0x0, 0x0,
    0x0, 0xc1, 0xff, 0xff, 0xff, 0x81, 0xa9, 0xff,
    0xff, 0xff, 0xc9, 0x0, 0x0, 0x0, 0x0, 0x0,
    0x0, 0x0, 0x0, 0x15, 0xf8, 0xff, 0xff, 0xff,
    0x4b, 0x69, 0xff, 0xff, 0xff, 0xff, 0x55, 0x0,
    0x0, 0x0, 0x0, 0x0, 0x0, 0x0, 0x9d, 0xff,
    0xff, 0xff, 0xed, 0x7, 0x10, 0xee, 0xff, 0xff,
    0xff, 0xf9, 0x74, 0xb, 0x0, 0x0, 0x0, 0x1e,
    0xa4, 0xff, 0xff, 0xff, 0xff, 0x78, 0x0, 0x0,
    0x56, 0xfe, 0xff, 0xff, 0xff, 0xff, 0xf9, 0xd0,
    0xc4, 0xda, 0xff, 0xff, 0xff, 0xff, 0xff, 0xbd,
    0x3, 0x0, 0x0, 0x0, 0x6e, 0xfe, 0xff, 0xff,
    0xff, 0xff, 0xff, 0xff, 0xff, 0xff, 0xff, 0xff,
    0xff, 0xcf, 0x16, 0x0, 0x0, 0x0, 0x0, 0x0,
    0x3c, 0xd7, 0xff, 0xff, 0xff, 0xff, 0xff, 0xff,
    0xff, 0xff, 0xfe, 0x95, 0x7, 0x0, 0x0, 0x0,
    0x0, 0x0, 0x0, 0x0, 0x3, 0x45, 0x9a, 0xcf,
    0xe9, 0xfb, 0xef, 0xc9, 0x88, 0x28, 0x0, 0x0,
    0x0, 0x0, 0x0,

    /* U+004B "K" */
    0x0, 0x3d, 0xb3, 0xe4, 0x65, 0x0, 0x0, 0x0,
    0x0, 0x0, 0x0, 0x0, 0x0, 0x0, 0x0, 0x27,
    0xc5, 0x27, 0x0, 0x0, 0x4a, 0xfd, 0xff, 0xff,
    0x68, 0x0, 0x0, 0x0, 0x0, 0x0, 0x0, 0x0,
    0x0, 0x0, 0x30, 0xe9, 0xff, 0xd8, 0x6, 0x0,
    0xb3, 0xff, 0xff, 0xff, 0x68, 0x0, 0x0, 0x0,
    0x0, 0x0, 0x0, 0x0, 0x0, 0x39, 0xef, 0xff,
    0xff, 0xff, 0x37, 0x0, 0xcb, 0xff, 0xff, 0xff,
    0x68, 0x0, 0x0, 0x0, 0x0, 0x0, 0x0, 0x0,
    0x43, 0xf4, 0xff, 0xff, 0xff, 0xdc, 0x8, 0x0,
    0xcc, 0xff, 0xff, 0xff, 0x68, 0x0, 0x0, 0x0,
    0x0, 0x0, 0x0, 0x4e, 0xf8, 0xff, 0xff, 0xff,
    0xe6, 0x27, 0x0, 0x0, 0xcc, 0xff, 0xff, 0xff,
    0x68, 0x0, 0x0, 0x0, 0x0, 0x0, 0x59, 0xfb,
    0xff, 0xff, 0xff, 0xde, 0x22, 0x0, 0x0, 0x0,
    0xcc, 0xff, 0xff, 0xff, 0x68, 0x0, 0x0, 0x0,
    0x0, 0x65, 0xfd, 0xff, 0xff, 0xff, 0xd4, 0x1a,
    0x0, 0x0, 0x0, 0x0, 0xcc, 0xff, 0xff, 0xff,
    0x68, 0x0, 0x0, 0x0, 0x73, 0xff, 0xff, 0xff,
    0xff, 0xc9, 0x12, 0x0, 0x0, 0x0, 0x0, 0x0,
    0xcc, 0xff, 0xff, 0xff, 0x68, 0x0, 0x0, 0x80,
    0xff, 0xff, 0xff, 0xff, 0xbd, 0xc, 0x0, 0x0,
    0x0, 0x0, 0x0, 0x0, 0xcc, 0xff, 0xff, 0xff,
    0x68, 0x0, 0x8e, 0xff, 0xff, 0xff, 0xff, 0xb0,
    0x7, 0x0, 0x0, 0x0, 0x0, 0x0, 0x0, 0x0,
    0xcc, 0xff, 0xff, 0xff, 0x6a, 0x9b, 0xff, 0xff,
    0xff, 0xff, 0xa2, 0x4, 0x0, 0x0, 0x0, 0x0,
    0x0, 0x0, 0x0, 0x0, 0xcc, 0xff, 0xff, 0xff,
    0xe7, 0xff, 0xff, 0xff, 0xff, 0xc1, 0x1, 0x0,
    0x0, 0x0, 0x0, 0x0, 0x0, 0x0, 0x0, 0x0,
    0xcc, 0xff, 0xff, 0xff, 0xff, 0xff, 0xff, 0xff,
    0xff, 0xfd, 0x4a, 0x0, 0x0, 0x0, 0x0, 0x0,
    0x0, 0x0, 0x0, 0x0, 0xcc, 0xff, 0xff, 0xff,
    0xff, 0xff, 0xff, 0xff, 0xff, 0xff, 0xf0, 0x28,
    0x0, 0x0, 0x0, 0x0, 0x0, 0x0, 0x0, 0x0,
    0xcc, 0xff, 0xff, 0xff, 0xff, 0xf9, 0x79, 0xf5,
    0xff, 0xff, 0xff, 0xd9, 0x10, 0x0, 0x0, 0x0,
    0x0, 0x0, 0x0, 0x0, 0xcc, 0xff, 0xff, 0xff,
    0xf4, 0x44, 0x0, 0x57, 0xff, 0xff, 0xff, 0xff,
    0xb8, 0x3, 0x0, 0x0, 0x0, 0x0, 0x0, 0x0,
    0xcc, 0xff, 0xff, 0xff, 0x71, 0x0, 0x0, 0x0,
    0x86, 0xff, 0xff, 0xff, 0xff, 0x8c, 0x0, 0x0,
    0x0, 0x0, 0x0, 0x0, 0xcc, 0xff, 0xff, 0xff,
    0x68, 0x0, 0x0, 0x0, 0x2, 0xb3, 0xff, 0xff,
    0xff, 0xff, 0x5e, 0x0, 0x0, 0x0, 0x0, 0x0,
    0xcc, 0xff, 0xff, 0xff, 0x68, 0x0, 0x0, 0x0,
    0x0, 0xe, 0xd7, 0xff, 0xff, 0xff, 0xf8, 0x37,
    0x0, 0x0, 0x0, 0x0, 0xcc, 0xff, 0xff, 0xff,
    0x68, 0x0, 0x0, 0x0, 0x0, 0x0, 0x26, 0xef,
    0xff, 0xff, 0xff, 0xe6, 0x1a, 0x0, 0x0, 0x0,
    0xcc, 0xff, 0xff, 0xff, 0x68, 0x0, 0x0, 0x0,
    0x0, 0x0, 0x0, 0x48, 0xfd, 0xff, 0xff, 0xff,
    0xc9, 0x8, 0x0, 0x0, 0xcc, 0xff, 0xff, 0xff,
    0x67, 0x0, 0x0, 0x0, 0x0, 0x0, 0x0, 0x0,
    0x76, 0xff, 0xff, 0xff, 0xff, 0xa3, 0x0, 0x0,
    0xcc, 0xff, 0xff, 0xff, 0x58, 0x0, 0x0, 0x0,
    0x0, 0x0, 0x0, 0x0, 0x0, 0xa5, 0xff, 0xff,
    0xff, 0xff, 0x74, 0x0, 0xcc, 0xff, 0xff, 0xef,
    0x14, 0x0, 0x0, 0x0, 0x0, 0x0, 0x0, 0x0,
    0x0, 0x9, 0xcb, 0xff, 0xff, 0xff, 0xfd, 0x36,
    0xc8, 0xe8, 0xae, 0x2e, 0x0, 0x0, 0x0, 0x0,
    0x0, 0x0, 0x0, 0x0, 0x0, 0x0, 0x13, 0xa5,
    0xf2, 0xed, 0x8b, 0x4,

    /* U+004C "L" */
    0x0, 0x58, 0xc4, 0xf1, 0x66, 0x0, 0x0, 0x0,
    0x0, 0x0, 0x0, 0x0, 0x0, 0x0, 0x0, 0x0,
    0x0, 0x0, 0x58, 0xff, 0xff, 0xff, 0x68, 0x0,
    0x0, 0x0, 0x0, 0x0, 0x0, 0x0, 0x0, 0x0,
    0x0, 0x0, 0x0, 0x0, 0xb6, 0xff, 0xff, 0xff,
    0x68, 0x0, 0x0, 0x0, 0x0, 0x0, 0x0, 0x0,
    0x0, 0x0, 0x0, 0x0, 0x0, 0x0, 0xcb, 0xff,
    0xff, 0xff, 0x68, 0x0, 0x0, 0x0, 0x0, 0x0,
    0x0, 0x0, 0x0, 0x0, 0x0, 0x0, 0x0, 0x0,
    0xcc, 0xff, 0xff, 0xff, 0x68, 0x0, 0x0, 0x0,
    0x0, 0x0, 0x0, 0x0, 0x0, 0x0, 0x0, 0x0,
    0x0, 0x0, 0xcc, 0xff, 0xff, 0xff, 0x68, 0x0,
    0x0, 0x0, 0x0, 0x0, 0x0, 0x0, 0x0, 0x0,
    0x0, 0x0, 0x0, 0x0, 0xcc, 0xff, 0xff, 0xff,
    0x68, 0x0, 0x0, 0x0, 0x0, 0x0, 0x0, 0x0,
    0x0, 0x0, 0x0, 0x0, 0x0, 0x0, 0xcc, 0xff,
    0xff, 0xff, 0x68, 0x0, 0x0, 0x0, 0x0, 0x0,
    0x0, 0x0, 0x0, 0x0, 0x0, 0x0, 0x0, 0x0,
    0xcc, 0xff, 0xff, 0xff, 0x68, 0x0, 0x0, 0x0,
    0x0, 0x0, 0x0, 0x0, 0x0, 0x0, 0x0, 0x0,
    0x0, 0x0, 0xcc, 0xff, 0xff, 0xff, 0x68, 0x0,
    0x0, 0x0, 0x0, 0x0, 0x0, 0x0, 0x0, 0x0,
    0x0, 0x0, 0x0, 0x0, 0xcc, 0xff, 0xff, 0xff,
    0x68, 0x0, 0x0, 0x0, 0x0, 0x0, 0x0, 0x0,
    0x0, 0x0, 0x0, 0x0, 0x0, 0x0, 0xcc, 0xff,
    0xff, 0xff, 0x68, 0x0, 0x0, 0x0, 0x0, 0x0,
    0x0, 0x0, 0x0, 0x0, 0x0, 0x0, 0x0, 0x0,
    0xcc, 0xff, 0xff, 0xff, 0x68, 0x0, 0x0, 0x0,
    0x0, 0x0, 0x0, 0x0, 0x0, 0x0, 0x0, 0x0,
    0x0, 0x0, 0xcc, 0xff, 0xff, 0xff, 0x68, 0x0,
    0x0, 0x0, 0x0, 0x0, 0x0, 0x0, 0x0, 0x0,
    0x0, 0x0, 0x0, 0x0, 0xcc, 0xff, 0xff, 0xff,
    0x68, 0x0, 0x0, 0x0, 0x0, 0x0, 0x0, 0x0,
    0x0, 0x0, 0x0, 0x0, 0x0, 0x0, 0xcc, 0xff,
    0xff, 0xff, 0x68, 0x0, 0x0, 0x0, 0x0, 0x0,
    0x0, 0x0, 0x0, 0x0, 0x0, 0x0, 0x0, 0x0,
    0xcc, 0xff, 0xff, 0xff, 0x68, 0x0, 0x0, 0x0,
    0x0, 0x0, 0x0, 0x0, 0x0, 0x0, 0x0, 0x0,
    0x0, 0x0, 0xcc, 0xff, 0xff, 0xff, 0x68, 0x0,
    0x0, 0x0, 0x0, 0x0, 0x0, 0x0, 0x0, 0x0,
    0x0, 0x0, 0x0, 0x0, 0xcc, 0xff, 0xff, 0xff,
    0x68, 0x0, 0x0, 0x0, 0x0, 0x0, 0x0, 0x0,
    0x0, 0x0, 0x0, 0x0, 0x0, 0x0, 0xcc, 0xff,
    0xff, 0xff, 0x68, 0x0, 0x0, 0x0, 0x0, 0x0,
    0x0, 0x0, 0x0, 0x0, 0x0, 0x0, 0x0, 0x0,
    0xcc, 0xff, 0xff, 0xff, 0x68, 0x0, 0x0, 0x0,
    0x0, 0x0, 0x0, 0x0, 0x0, 0x0, 0x0, 0x0,
    0x0, 0x0, 0xcc, 0xff, 0xff, 0xff, 0xd5, 0xb8,
    0xb8, 0xb8, 0xb8, 0xb8, 0xb8, 0xb8, 0xb8, 0xb8,
    0xad, 0x78, 0x8, 0x0, 0xca, 0xff, 0xff, 0xff,
    0xff, 0xff, 0xff, 0xff, 0xff, 0xff, 0xff, 0xff,
    0xff, 0xff, 0xff, 0xff, 0xb7, 0x0, 0x9d, 0xff,
    0xff, 0xff, 0xff, 0xff, 0xff, 0xff, 0xff, 0xff,
    0xff, 0xff, 0xff, 0xff, 0xff, 0xff, 0xff, 0x2d,
    0x18, 0xbd, 0xfb, 0xff, 0xff, 0xff, 0xff, 0xff,
    0xff, 0xff, 0xff, 0xff, 0xff, 0xff, 0xff, 0xff,
    0xff, 0x54,

    /* U+004D "M" */
    0x0, 0x32, 0xac, 0xe2, 0x98, 0x0, 0x0, 0x0,
    0x0, 0x0, 0x0, 0x0, 0x0, 0x0, 0x0, 0x0,
    0x0, 0x0, 0x0, 0x42, 0xee, 0xc9, 0x63, 0x3,
    0x0, 0x3f, 0xfa, 0xff, 0xff, 0xf4, 0xf, 0x0,
    0x0, 0x0, 0x0, 0x0, 0x0, 0x0, 0x0, 0x0,
    0x0, 0x0, 0x0, 0x0, 0xa7, 0xff, 0xff, 0xff,
    0x9d, 0x0, 0xb1, 0xff, 0xff, 0xff, 0xff, 0x6c,
    0x0, 0x0, 0x0, 0x0, 0x0, 0x0, 0x0, 0x0,
    0x0, 0x0, 0x0, 0x0, 0x12, 0xf8, 0xff, 0xff,
    0xff, 0xfe, 0x15, 0xcb, 0xff, 0xff, 0xff, 0xff,
    0xd4, 0x0, 0x0, 0x0, 0x0, 0x0, 0x0, 0x0,
    0x0, 0x0, 0x0, 0x0, 0x0, 0x6f, 0xff, 0xff,
    0xff, 0xff, 0xff, 0x2f, 0xcc, 0xff, 0xff, 0xff,
    0xff, 0xff, 0x3d, 0x0, 0x0, 0x0, 0x0, 0x0,
    0x0, 0x0, 0x0, 0x0, 0x0, 0x0, 0xd2, 0xff,
    0xff, 0xff, 0xff, 0xff, 0x30, 0xcc, 0xff, 0xff,
    0xff, 0xff, 0xff, 0xa5, 0x0, 0x0, 0x0, 0x0,
    0x0, 0x0, 0x0, 0x0, 0x0, 0x0, 0x37, 0xff,
    0xff, 0xff, 0xff, 0xff, 0xff, 0x30, 0xcc, 0xff,
    0xff, 0xcd, 0xff, 0xff, 0xf8, 0x14, 0x0, 0x0,
    0x0, 0x0, 0x0, 0x0, 0x0, 0x0, 0x0, 0x9b,
    0xff, 0xff, 0xd9, 0xf8, 0xff, 0xff, 0x30, 0xcc,
    0xff, 0xff, 0xa1, 0xf1, 0xff, 0xff, 0x76, 0x0,
    0x0, 0x0, 0x0, 0x0, 0x0, 0x0, 0x0, 0xb,
    0xf2, 0xff, 0xff, 0x94, 0xff, 0xff, 0xff, 0x30,
    0xcc, 0xff, 0xff, 0xee, 0x9f, 0xff, 0xff, 0xdc,
    0x1, 0x0, 0x0, 0x0, 0x0, 0x0, 0x0, 0x0,
    0x63, 0xff, 0xff, 0xf1, 0x9d, 0xff, 0xff, 0xff,
    0x30, 0xcc, 0xff, 0xff, 0xff, 0x7b, 0xff, 0xff,
    0xff, 0x46, 0x0, 0x0, 0x0, 0x0, 0x0, 0x0,
    0x0, 0xc7, 0xff, 0xff, 0x96, 0xe6, 0xff, 0xff,
    0xff, 0x30, 0xcc, 0xff, 0xff, 0xff, 0x54, 0xcd,
    0xff, 0xff, 0xae, 0x0, 0x0, 0x0, 0x0, 0x0,
    0x0, 0x2a, 0xff, 0xff, 0xff, 0x31, 0xf4, 0xff,
    0xff, 0xff, 0x30, 0xcc, 0xff, 0xff, 0xff, 0x54,
    0x68, 0xff, 0xff, 0xfb, 0x1b, 0x0, 0x0, 0x0,
    0x0, 0x0, 0x8f, 0xff, 0xff, 0xcb, 0x0, 0xf4,
    0xff, 0xff, 0xff, 0x30, 0xcc, 0xff, 0xff, 0xff,
    0x54, 0xe, 0xf5, 0xff, 0xff, 0x7f, 0x0, 0x0,
    0x0, 0x0, 0x6, 0xeb, 0xff, 0xff, 0x66, 0x0,
    0xf4, 0xff, 0xff, 0xff, 0x30, 0xcc, 0xff, 0xff,
    0xff, 0x54, 0x0, 0x9e, 0xff, 0xff, 0xe3, 0x3,
    0x0, 0x0, 0x0, 0x57, 0xff, 0xff, 0xf3, 0xc,
    0x0, 0xf4, 0xff, 0xff, 0xff, 0x30, 0xcc, 0xff,
    0xff, 0xff, 0x54, 0x0, 0x39, 0xff, 0xff, 0xff,
    0x50, 0x0, 0x0, 0x0, 0xbb, 0xff, 0xff, 0x9a,
    0x0, 0x0, 0xf4, 0xff, 0xff, 0xff, 0x30, 0xcc,
    0xff, 0xff, 0xff, 0x54, 0x0, 0x0, 0xd4, 0xff,
    0xff, 0xb8, 0x0, 0x0, 0x20, 0xfe, 0xff, 0xff,
    0x35, 0x0, 0x0, 0xf4, 0xff, 0xff, 0xff, 0x30,
    0xcc, 0xff, 0xff, 0xff, 0x54, 0x0, 0x0, 0x6f,
    0xff, 0xff, 0xfe, 0x22, 0x0, 0x83, 0xff, 0xff,
    0xcf, 0x0, 0x0, 0x0, 0xf4, 0xff, 0xff, 0xff,
    0x30, 0xcc, 0xff, 0xff, 0xff, 0x54, 0x0, 0x0,
    0x12, 0xf8, 0xff, 0xff, 0x89, 0x3, 0xe3, 0xff,
    0xff, 0x6a, 0x0, 0x0, 0x0, 0xf4, 0xff, 0xff,
    0xff, 0x30, 0xcc, 0xff, 0xff, 0xff, 0x54, 0x0,
    0x0, 0x0, 0xa5, 0xff, 0xff, 0xea, 0x51, 0xff,
    0xff, 0xf5, 0xf, 0x0, 0x0, 0x0, 0xf4, 0xff,
    0xff, 0xff, 0x30, 0xcc, 0xff, 0xff, 0xff, 0x54,
    0x0, 0x0, 0x0, 0x40, 0xff, 0xff, 0xea, 0xb5,
    0xff, 0xff, 0x9e, 0x0, 0x0, 0x0, 0x0, 0xf4,
    0xff, 0xff, 0xff, 0x30, 0xcc, 0xff, 0xff, 0xff,
    0x54, 0x0, 0x0, 0x0, 0x0, 0xda, 0xff, 0xa6,
    0xfb, 0xff, 0xff, 0x39, 0x0, 0x0, 0x0, 0x0,
    0xf4, 0xff, 0xff, 0xff, 0x30, 0xcc, 0xff, 0xff,
    0xff, 0x53, 0x0, 0x0, 0x0, 0x0, 0x76, 0xff,
    0xfc, 0xff, 0xff, 0xd3, 0x0, 0x0, 0x0, 0x0,
    0x0, 0xf3, 0xff, 0xff, 0xff, 0x30, 0xcc, 0xff,
    0xff, 0xff, 0x3f, 0x0, 0x0, 0x0, 0x0, 0x16,
    0xfa, 0xff, 0xff, 0xff, 0x6d, 0x0, 0x0, 0x0,
    0x0, 0x0, 0xe0, 0xff, 0xff, 0xff, 0x30, 0xcc,
    0xff, 0xff, 0xdb, 0x6, 0x0, 0x0, 0x0, 0x0,
    0x0, 0xab, 0xff, 0xff, 0xf6, 0x11, 0x0, 0x0,
    0x0, 0x0, 0x0, 0x82, 0xff, 0xff, 0xff, 0x30,
    0xc8, 0xe4, 0x9f, 0x1c, 0x0, 0x0, 0x0, 0x0,
    0x0, 0x0, 0x26, 0xd6, 0xef, 0x62, 0x0, 0x0,
    0x0, 0x0, 0x0, 0x0, 0x2, 0x71, 0xd0, 0xf6,
    0x2f,

    /* U+004E "N" */
    0x0, 0x3c, 0xbb, 0xea, 0x69, 0x0, 0x0, 0x0,
    0x0, 0x0, 0x0, 0x0, 0x0, 0x0, 0x0, 0x7e,
    0xed, 0xb9, 0x41, 0x0, 0x40, 0xfc, 0xff, 0xff,
    0xf2, 0x1d, 0x0, 0x0, 0x0, 0x0, 0x0, 0x0,
    0x0, 0x0, 0x0, 0x80, 0xff, 0xff, 0xfb, 0x39,
    0xad, 0xff, 0xff, 0xff, 0xff, 0xb5, 0x0, 0x0,
    0x0, 0x0, 0x0, 0x0, 0x0, 0x0, 0x0, 0x80,
    0xff, 0xff, 0xff, 0x96, 0xca, 0xff, 0xff, 0xff,
    0xff, 0xff, 0x5c, 0x0, 0x0, 0x0, 0x0, 0x0,
    0x0, 0x0, 0x0, 0x80, 0xff, 0xff, 0xff, 0xab,
    0xcc, 0xff, 0xff, 0xff, 0xff, 0xff, 0xec, 0x15,
    0x0, 0x0, 0x0, 0x0, 0x0, 0x0, 0x0, 0x80,
    0xff, 0xff, 0xff, 0xac, 0xcc, 0xff, 0xff, 0x9f,
    0xff, 0xff, 0xff, 0xa8, 0x0, 0x0, 0x0, 0x0,
    0x0, 0x0, 0x0, 0x80, 0xff, 0xff, 0xff, 0xac,
    0xcc, 0xff, 0xff, 0xc6, 0xb4, 0xff, 0xff, 0xff,
    0x4d, 0x0, 0x0, 0x0, 0x0, 0x0, 0x0, 0x80,
    0xff, 0xff, 0xff, 0xac, 0xcc, 0xff, 0xff, 0xff,
    0x69, 0xf1, 0xff, 0xff, 0xe4, 0xe, 0x0, 0x0,
    0x0, 0x0, 0x0, 0x80, 0xff, 0xff, 0xff, 0xac,
    0xcc, 0xff, 0xff, 0xff, 0x60, 0x66, 0xff, 0xff,
    0xff, 0x99, 0x0, 0x0, 0x0, 0x0, 0x0, 0x80,
    0xff, 0xff, 0xff, 0xac, 0xcc, 0xff, 0xff, 0xff,
    0x60, 0x1, 0xbf, 0xff, 0xff, 0xfe, 0x40, 0x0,
    0x0, 0x0, 0x0, 0x80, 0xff, 0xff, 0xff, 0xac,
    0xcc, 0xff, 0xff, 0xff, 0x60, 0x0, 0x23, 0xf6,
    0xff, 0xff, 0xdb, 0x9, 0x0, 0x0, 0x0, 0x80,
    0xff, 0xff, 0xff, 0xac, 0xcc, 0xff, 0xff, 0xff,
    0x60, 0x0, 0x0, 0x74, 0xff, 0xff, 0xff, 0x8b,
    0x0, 0x0, 0x0, 0x80, 0xff, 0xff, 0xff, 0xac,
    0xcc, 0xff, 0xff, 0xff, 0x60, 0x0, 0x0, 0x3,
    0xca, 0xff, 0xff, 0xfc, 0x34, 0x0, 0x0, 0x80,
    0xff, 0xff, 0xff, 0xac, 0xcc, 0xff, 0xff, 0xff,
    0x60, 0x0, 0x0, 0x0, 0x2d, 0xfa, 0xff, 0xff,
    0xd1, 0x5, 0x0, 0x80, 0xff, 0xff, 0xff, 0xac,
    0xcc, 0xff, 0xff, 0xff, 0x60, 0x0, 0x0, 0x0,
    0x0, 0x81, 0xff, 0xff, 0xff, 0x7c, 0x0, 0x80,
    0xff, 0xff, 0xff, 0xac, 0xcc, 0xff, 0xff, 0xff,
    0x60, 0x0, 0x0, 0x0, 0x0, 0x6, 0xd4, 0xff,
    0xff, 0xf8, 0x29, 0x80, 0xff, 0xff, 0xff, 0xac,
    0xcc, 0xff, 0xff, 0xff, 0x60, 0x0, 0x0, 0x0,
    0x0, 0x0, 0x37, 0xfd, 0xff, 0xff, 0xc5, 0x7c,
    0xff, 0xff, 0xff, 0xac, 0xcc, 0xff, 0xff, 0xff,
    0x60, 0x0, 0x0, 0x0, 0x0, 0x0, 0x0, 0x8f,
    0xff, 0xff, 0xff, 0x84, 0xef, 0xff, 0xff, 0xac,
    0xcc, 0xff, 0xff, 0xff, 0x60, 0x0, 0x0, 0x0,
    0x0, 0x0, 0x0, 0xa, 0xde, 0xff, 0xff, 0xf4,
    0x8f, 0xff, 0xff, 0xac, 0xcc, 0xff, 0xff, 0xff,
    0x60, 0x0, 0x0, 0x0, 0x0, 0x0, 0x0, 0x0,
    0x43, 0xff, 0xff, 0xff, 0xfc, 0xff, 0xff, 0xac,
    0xcc, 0xff, 0xff, 0xff, 0x60, 0x0, 0x0, 0x0,
    0x0, 0x0, 0x0, 0x0, 0x0, 0x9c, 0xff, 0xff,
    0xff, 0xff, 0xff, 0xac, 0xcc, 0xff, 0xff, 0xff,
    0x5f, 0x0, 0x0, 0x0, 0x0, 0x0, 0x0, 0x0,
    0x0, 0x10, 0xe6, 0xff, 0xff, 0xff, 0xff, 0xac,
    0xcc, 0xff, 0xff, 0xff, 0x48, 0x0, 0x0, 0x0,
    0x0, 0x0, 0x0, 0x0, 0x0, 0x0, 0x4f, 0xff,
    0xff, 0xff, 0xff, 0x90, 0xcc, 0xff, 0xff, 0xdb,
    0x8, 0x0, 0x0, 0x0, 0x0, 0x0, 0x0, 0x0,
    0x0, 0x0, 0x0, 0xaa, 0xff, 0xff, 0xf8, 0x2f,
    0xc2, 0xda, 0x90, 0x18, 0x0, 0x0, 0x0, 0x0,
    0x0, 0x0, 0x0, 0x0, 0x0, 0x0, 0x0, 0x16,
    0xe2, 0xc3, 0x3c, 0x0,

    /* U+004F "O" */
    0x0, 0x0, 0x0, 0x0, 0x0, 0x2, 0x47, 0x96,
    0xcd, 0xee, 0xfb, 0xf5, 0xdd, 0xb2, 0x6d, 0x15,
    0x0, 0x0, 0x0, 0x0, 0x0, 0x0, 0x0, 0x0,
    0x0, 0x0, 0x52, 0xda, 0xff, 0xff, 0xff, 0xff,
    0xff, 0xff, 0xff, 0xff, 0xff, 0xf9, 0x92, 0x11,
    0x0, 0x0, 0x0, 0x0, 0x0, 0x0, 0x5, 0x9f,
    0xff, 0xff, 0xff, 0xff, 0xff, 0xff, 0xff, 0xff,
    0xff, 0xff, 0xff, 0xff, 0xff, 0xe3, 0x33, 0x0,
    0x0, 0x0, 0x0, 0x0, 0xa9, 0xff, 0xff, 0xff,
    0xff, 0xff, 0xf7, 0xcf, 0xbd, 0xc5, 0xe5, 0xff,
    0xff, 0xff, 0xff, 0xff, 0xf1, 0x2c, 0x0, 0x0,
    0x0, 0x69, 0xff, 0xff, 0xff, 0xff, 0xda, 0x55,
    0x6, 0x0, 0x0, 0x0, 0x0, 0x29, 0x9e, 0xfe,
    0xff, 0xff, 0xff, 0xd7, 0x5, 0x0, 0x7, 0xeb,
    0xff, 0xff, 0xff, 0xc2, 0xb, 0x0, 0x0, 0x0,
    0x0, 0x0, 0x0, 0x0, 0x0, 0x5f, 0xff, 0xff,
    0xff, 0xff, 0x65, 0x0, 0x4e, 0xff, 0xff, 0xff,
    0xf9, 0x1d, 0x0, 0x0, 0x0, 0x0, 0x0, 0x0,
    0x0, 0x0, 0x0, 0x0, 0xa8, 0xff, 0xff, 0xff,
    0xc1, 0x0, 0x83, 0xff, 0xff, 0xff, 0xbb, 0x0,
    0x0, 0x0, 0x0, 0x0, 0x0, 0x0, 0x0, 0x0,
    0x0, 0x0, 0x4c, 0xff, 0xff, 0xff, 0xf5, 0x0,
    0x95, 0xff, 0xff, 0xff, 0x9c, 0x0, 0x0, 0x0,
    0x0, 0x0, 0x0, 0x0, 0x0, 0x0, 0x0, 0x0,
    0x2c, 0xff, 0xff, 0xff, 0xff, 0x9, 0x98, 0xff,
    0xff, 0xff, 0x98, 0x0, 0x0, 0x0, 0x0, 0x0,
    0x0, 0x0, 0x0, 0x0, 0x0, 0x0, 0x28, 0xff,
    0xff, 0xff, 0xff, 0xc, 0x98, 0xff, 0xff, 0xff,
    0x98, 0x0, 0x0, 0x0, 0x0, 0x0, 0x0, 0x0,
    0x0, 0x0, 0x0, 0x0, 0x28, 0xff, 0xff, 0xff,
    0xff, 0xc, 0x98, 0xff, 0xff, 0xff, 0x98, 0x0,
    0x0, 0x0, 0x0, 0x0, 0x0, 0x0, 0x0, 0x0,
    0x0, 0x0, 0x28, 0xff, 0xff, 0xff, 0xff, 0xc,
    0x98, 0xff, 0xff, 0xff, 0x98, 0x0, 0x0, 0x0,
    0x0, 0x0, 0x0, 0x0, 0x0, 0x0, 0x0, 0x0,
    0x28, 0xff, 0xff, 0xff, 0xff, 0xc, 0x98, 0xff,
    0xff, 0xff, 0x98, 0x0, 0x0, 0x0, 0x0, 0x0,
    0x0, 0x0, 0x0, 0x0, 0x0, 0x0, 0x28, 0xff,
    0xff, 0xff, 0xff, 0xc, 0x98, 0xff, 0xff, 0xff,
    0x98, 0x0, 0x0, 0x0, 0x0, 0x0, 0x0, 0x0,
    0x0, 0x0, 0x0, 0x0, 0x28, 0xff, 0xff, 0xff,
    0xff, 0xc, 0x98, 0xff, 0xff, 0xff, 0x98, 0x0,
    0x0, 0x0, 0x0, 0x0, 0x0, 0x0, 0x0, 0x0,
    0x0, 0x0, 0x28, 0xff, 0xff, 0xff, 0xff, 0xc,
    0x95, 0xff, 0xff, 0xff, 0x9c, 0x0, 0x0, 0x0,
    0x0, 0x0, 0x0, 0x0, 0x0, 0x0, 0x0, 0x0,
    0x2d, 0xff, 0xff, 0xff, 0xff, 0x9, 0x82, 0xff,
    0xff, 0xff, 0xbc, 0x0, 0x0, 0x0, 0x0, 0x0,
    0x0, 0x0, 0x0, 0x0, 0x0, 0x0, 0x4e, 0xff,
    0xff, 0xff, 0xf5, 0x0, 0x4b, 0xff, 0xff, 0xff,
    0xfa, 0x1f, 0x0, 0x0, 0x0, 0x0, 0x0, 0x0,
    0x0, 0x0, 0x0, 0x0, 0xaa, 0xff, 0xff, 0xff,
    0xbe, 0x0, 0x5, 0xe7, 0xff, 0xff, 0xff, 0xc3,
    0xb, 0x0, 0x0, 0x0, 0x0, 0x0, 0x0, 0x0,
    0x0, 0x60, 0xff, 0xff, 0xff, 0xff, 0x5e, 0x0,
    0x0, 0x60, 0xff, 0xff, 0xff, 0xff, 0xd9, 0x52,
    0x4, 0x0, 0x0, 0x0, 0x0, 0x25, 0x9b, 0xfe,
    0xff, 0xff, 0xff, 0xcc, 0x3, 0x0, 0x0, 0x0,
    0x8c, 0xff, 0xff, 0xff, 0xff, 0xff, 0xf5, 0xca,
    0xb8, 0xc0, 0xe1, 0xff, 0xff, 0xff, 0xff, 0xff,
    0xe0, 0x1b, 0x0, 0x0, 0x0, 0x0, 0x1, 0x8d,
    0xfe, 0xff, 0xff, 0xff, 0xff, 0xff, 0xff, 0xff,
    0xff, 0xff, 0xff, 0xff, 0xff, 0xd6, 0x26, 0x0,
    0x0, 0x0, 0x0, 0x0, 0x0, 0x0, 0x3c, 0xd5,
    0xff, 0xff, 0xff, 0xff, 0xff, 0xff, 0xff, 0xff,
    0xff, 0xf7, 0x82, 0x6, 0x0, 0x0, 0x0, 0x0,
    0x0, 0x0, 0x0, 0x0, 0x0, 0x1, 0x45, 0x95,
    0xcc, 0xef, 0xfc, 0xf6, 0xde, 0xb1, 0x6c, 0x13,
    0x0, 0x0, 0x0, 0x0, 0x0, 0x0,

    /* U+0050 "P" */
    0x27, 0xcb, 0xfd, 0xff, 0xff, 0xff, 0xff, 0xff,
    0xff, 0xff, 0xff, 0xff, 0xfb, 0xe8, 0xbb, 0x6e,
    0xf, 0x0, 0x0, 0x0, 0x0, 0xb1, 0xff, 0xff,
    0xff, 0xff, 0xff, 0xff, 0xff, 0xff, 0xff, 0xff,
    0xff, 0xff, 0xff, 0xff, 0xff, 0xeb, 0x4d, 0x0,
    0x0, 0x0, 0xcc, 0xff, 0xff, 0xff, 0xff, 0xff,
    0xff, 0xff, 0xff, 0xff, 0xff, 0xff, 0xff, 0xff,
    0xff, 0xff, 0xff, 0xff, 0x70, 0x0, 0x0, 0xcc,
    0xff, 0xff, 0xff, 0xd5, 0xb8, 0xb8, 0xb8, 0xb8,
    0xb8, 0xb8, 0xb8, 0xbe, 0xe4, 0xff, 0xff, 0xff,
    0xff, 0xfc, 0x3f, 0x0, 0xcc, 0xff, 0xff, 0xff,
    0x68, 0x0, 0x0, 0x0, 0x0, 0x0, 0x0, 0x0,
    0x0, 0x0, 0x52, 0xf1, 0xff, 0xff, 0xff, 0xd1,
    0x0, 0xcc, 0xff, 0xff, 0xff, 0x68, 0x0, 0x0,
    0x0, 0x0, 0x0, 0x0, 0x0, 0x0, 0x0, 0x0,
    0x55, 0xff, 0xff, 0xff, 0xff, 0x31, 0xcc, 0xff,
    0xff, 0xff, 0x68, 0x0, 0x0, 0x0, 0x0, 0x0,
    0x0, 0x0, 0x0, 0x0, 0x0, 0x1, 0xe4, 0xff,
    0xff, 0xff, 0x6a, 0xcc, 0xff, 0xff, 0xff, 0x68,
    0x0, 0x0, 0x0, 0x0, 0x0, 0x0, 0x0, 0x0,
    0x0, 0x0, 0x0, 0xb9, 0xff, 0xff, 0xff, 0x84,
    0xcc, 0xff, 0xff, 0xff, 0x68, 0x0, 0x0, 0x0,
    0x0, 0x0, 0x0, 0x0, 0x0, 0x0, 0x0, 0x0,
    0xba, 0xff, 0xff, 0xff, 0x84, 0xcc, 0xff, 0xff,
    0xff, 0x68, 0x0, 0x0, 0x0, 0x0, 0x0, 0x0,
    0x0, 0x0, 0x0, 0x0, 0x1, 0xe5, 0xff, 0xff,
    0xff, 0x6a, 0xcc, 0xff, 0xff, 0xff, 0x68, 0x0,
    0x0, 0x0, 0x0, 0x0, 0x0, 0x0, 0x0, 0x0,
    0x0, 0x53, 0xff, 0xff, 0xff, 0xff, 0x34, 0xcc,
    0xff, 0xff, 0xff, 0x68, 0x0, 0x0, 0x0, 0x0,
    0x0, 0x0, 0x0, 0x0, 0x0, 0x4e, 0xef, 0xff,
    0xff, 0xff, 0xd9, 0x1, 0xcc, 0xff, 0xff, 0xff,
    0xd5, 0xb8, 0xb8, 0xb8, 0xb8, 0xb8, 0xb8, 0xb8,
    0xbd, 0xe3, 0xff, 0xff, 0xff, 0xff, 0xfe, 0x4d,
    0x0, 0xcc, 0xff, 0xff, 0xff, 0xff, 0xff, 0xff,
    0xff, 0xff, 0xff, 0xff, 0xff, 0xff, 0xff, 0xff,
    0xff, 0xff, 0xff, 0x86, 0x0, 0x0, 0xcc, 0xff,
    0xff, 0xff, 0xff, 0xff, 0xff, 0xff, 0xff, 0xff,
    0xff, 0xff, 0xff, 0xff, 0xff, 0xff, 0xf4, 0x63,
    0x0, 0x0, 0x0, 0xcc, 0xff, 0xff, 0xff, 0xff,
    0xff, 0xff, 0xff, 0xff, 0xff, 0xff, 0xff, 0xf7,
    0xde, 0xbd, 0x6c, 0x14, 0x0, 0x0, 0x0, 0x0,
    0xcc, 0xff, 0xff, 0xff, 0x68, 0x0, 0x0, 0x0,
    0x0, 0x0, 0x0, 0x0, 0x0, 0x0, 0x0, 0x0,
    0x0, 0x0, 0x0, 0x0, 0x0, 0xcc, 0xff, 0xff,
    0xff, 0x68, 0x0, 0x0, 0x0, 0x0, 0x0, 0x0,
    0x0, 0x0, 0x0, 0x0, 0x0, 0x0, 0x0, 0x0,
    0x0, 0x0, 0xcc, 0xff, 0xff, 0xff, 0x68, 0x0,
    0x0, 0x0, 0x0, 0x0, 0x0, 0x0, 0x0, 0x0,
    0x0, 0x0, 0x0, 0x0, 0x0, 0x0, 0x0, 0xcc,
    0xff, 0xff, 0xff, 0x68, 0x0, 0x0, 0x0, 0x0,
    0x0, 0x0, 0x0, 0x0, 0x0, 0x0, 0x0, 0x0,
    0x0, 0x0, 0x0, 0x0, 0xcc, 0xff, 0xff, 0xff,
    0x68, 0x0, 0x0, 0x0, 0x0, 0x0, 0x0, 0x0,
    0x0, 0x0, 0x0, 0x0, 0x0, 0x0, 0x0, 0x0,
    0x0, 0xcc, 0xff, 0xff, 0xff, 0x67, 0x0, 0x0,
    0x0, 0x0, 0x0, 0x0, 0x0, 0x0, 0x0, 0x0,
    0x0, 0x0, 0x0, 0x0, 0x0, 0x0, 0xcc, 0xff,
    0xff, 0xff, 0x4e, 0x0, 0x0, 0x0, 0x0, 0x0,
    0x0, 0x0, 0x0, 0x0, 0x0, 0x0, 0x0, 0x0,
    0x0, 0x0, 0x0, 0xcc, 0xff, 0xff, 0xdd, 0xa,
    0x0, 0x0, 0x0, 0x0, 0x0, 0x0, 0x0, 0x0,
    0x0, 0x0, 0x0, 0x0, 0x0, 0x0, 0x0, 0x0,
    0xc2, 0xda, 0x90, 0x18, 0x0, 0x0, 0x0, 0x0,
    0x0, 0x0, 0x0, 0x0, 0x0, 0x0, 0x0, 0x0,
    0x0, 0x0, 0x0, 0x0, 0x0,

    /* U+0051 "Q" */
    0x0, 0x0, 0x0, 0x0, 0x0, 0x2, 0x47, 0x96,
    0xcd, 0xee, 0xfb, 0xf5, 0xde, 0xb3, 0x70, 0x17,
    0x0, 0x0, 0x0, 0x0, 0x0, 0x0, 0x0, 0x0,
    0x0, 0x0, 0x52, 0xda, 0xff, 0xff, 0xff, 0xff,
    0xff, 0xff, 0xff, 0xff, 0xff, 0xfa, 0x96, 0x13,
    0x0, 0x0, 0x0, 0x0, 0x0, 0x0, 0x5, 0x9f,
    0xff, 0xff, 0xff, 0xff, 0xff, 0xff, 0xff, 0xff,
    0xff, 0xff, 0xff, 0xff, 0xff, 0xe5, 0x36, 0x0,
    0x0, 0x0, 0x0, 0x0, 0xa9, 0xff, 0xff, 0xff,
    0xff, 0xff, 0xf7, 0xce, 0xbd, 0xc5, 0xe5, 0xff,
    0xff, 0xff, 0xff, 0xff, 0xf2, 0x2e, 0x0, 0x0,
    0x0, 0x69, 0xff, 0xff, 0xff, 0xff, 0xd6, 0x52,
    0x5, 0x0, 0x0, 0x0, 0x0, 0x27, 0x9a, 0xfe,
    0xff, 0xff, 0xff, 0xd9, 0x6, 0x0, 0x7, 0xeb,
    0xff, 0xff, 0xff, 0xbb, 0x8, 0x0, 0x0, 0x0,
    0x0, 0x0, 0x0, 0x0, 0x0, 0x5a, 0xff, 0xff,
    0xff, 0xff, 0x67, 0x0, 0x4e, 0xff, 0xff, 0xff,
    0xf7, 0x17, 0x0, 0x0, 0x0, 0x0, 0x0, 0x0,
    0x0, 0x0, 0x0, 0x0, 0xa4, 0xff, 0xff, 0xff,
    0xc3, 0x0, 0x83, 0xff, 0xff, 0xff, 0xb6, 0x0,
    0x0, 0x0, 0x0, 0x0, 0x0, 0x0, 0x0, 0x0,
    0x0, 0x0, 0x4a, 0xff, 0xff, 0xff, 0xf6, 0x0,
    0x95, 0xff, 0xff, 0xff, 0x9a, 0x0, 0x0, 0x0,
    0x0, 0x0, 0x0, 0x0, 0x0, 0x0, 0x0, 0x0,
    0x2c, 0xff, 0xff, 0xff, 0xff, 0x9, 0x98, 0xff,
    0xff, 0xff, 0x98, 0x0, 0x0, 0x0, 0x0, 0x0,
    0x0, 0x0, 0x0, 0x0, 0x0, 0x0, 0x28, 0xff,
    0xff, 0xff, 0xff, 0xc, 0x98, 0xff, 0xff, 0xff,
    0x98, 0x0, 0x0, 0x0, 0x0, 0x0, 0x0, 0x0,
    0x0, 0x0, 0x0, 0x0, 0x28, 0xff, 0xff, 0xff,
    0xff, 0xc, 0x98, 0xff, 0xff, 0xff, 0x98, 0x0,
    0x0, 0x0, 0x0, 0x0, 0x0, 0x0, 0x0, 0x0,
    0x0, 0x0, 0x28, 0xff, 0xff, 0xff, 0xff, 0xc,
    0x98, 0xff, 0xff, 0xff, 0x98, 0x0, 0x0, 0x0,
    0x0, 0x0, 0x0, 0x0, 0x0, 0x0, 0x0, 0x0,
    0x28, 0xff, 0xff, 0xff, 0xff, 0xc, 0x98, 0xff,
    0xff, 0xff, 0x98, 0x0, 0x0, 0x0, 0x0, 0x0,
    0x0, 0x0, 0x0, 0x0, 0x0, 0x0, 0x28, 0xff,
    0xff, 0xff, 0xff, 0xc, 0x98, 0xff, 0xff, 0xff,
    0xd4, 0xc4, 0xef, 0xf7, 0xe0, 0xc7, 0x87, 0x33,
    0x0, 0x0, 0x0, 0x0, 0x28, 0xff, 0xff, 0xff,
    0xff, 0xc, 0x98, 0xff, 0xff, 0xff, 0xff, 0xff,
    0xff, 0xff, 0xff, 0xff, 0xff, 0xff, 0xc4, 0x2a,
    0x0, 0x0, 0x28, 0xff, 0xff, 0xff, 0xff, 0xc,
    0x95, 0xff, 0xff, 0xff, 0xff, 0xff, 0xff, 0xff,
    0xff, 0xff, 0xff, 0xff, 0xff, 0xf4, 0x4c, 0x0,
    0x32, 0xff, 0xff, 0xff, 0xff, 0x8, 0x82, 0xff,
    0xff, 0xff, 0xf3, 0x62, 0x34, 0x34, 0x4a, 0x79,
    0xcd, 0xff, 0xff, 0xff, 0xfa, 0x47, 0x66, 0xff,
    0xff, 0xff, 0xf0, 0x0, 0x4b, 0xff, 0xff, 0xff,
    0xff, 0x39, 0x0, 0x0, 0x0, 0x0, 0x0, 0x58,
    0xf5, 0xff, 0xff, 0xf0, 0xe6, 0xff, 0xff, 0xff,
    0xb8, 0x0, 0x5, 0xe7, 0xff, 0xff, 0xff, 0xdb,
    0x18, 0x0, 0x0, 0x0, 0x0, 0x0, 0x45, 0xfb,
    0xff, 0xff, 0xff, 0xff, 0xff, 0xff, 0x5c, 0x0,
    0x0, 0x60, 0xff, 0xff, 0xff, 0xff, 0xe6, 0x5d,
    0x7, 0x0, 0x0, 0x0, 0x0, 0x93, 0xff, 0xff,
    0xff, 0xff, 0xff, 0xcb, 0x2, 0x0, 0x0, 0x0,
    0x8c, 0xff, 0xff, 0xff, 0xff, 0xff, 0xf3, 0xc4,
    0xb0, 0xbd, 0xe2, 0xff, 0xff, 0xff, 0xff, 0xff,
    0xe7, 0x1c, 0x0, 0x0, 0x0, 0x0, 0x1, 0x8d,
    0xfe, 0xff, 0xff, 0xff, 0xff, 0xff, 0xff, 0xff,
    0xff, 0xff, 0xff, 0xff, 0xff, 0xff, 0xfb, 0x6a,
    0x6, 0x0, 0x0, 0x0, 0x0, 0x0, 0x3c, 0xd5,
    0xff, 0xff, 0xff, 0xff, 0xff, 0xff, 0xff, 0xff,
    0xff, 0xef, 0xff, 0xff, 0xff, 0xff, 0xf6, 0x94,
    0x0, 0x0, 0x0, 0x0, 0x0, 0x1, 0x45, 0x95,
    0xcc, 0xef, 0xfc, 0xf6, 0xda, 0xa8, 0x5c, 0x9,
    0x6e, 0xf9, 0xff, 0xff, 0xff, 0x60, 0x0, 0x0,
    0x0, 0x0, 0x0, 0x0, 0x0, 0x0, 0x0, 0x0,
    0x0, 0x0, 0x0, 0x0, 0x0, 0x0, 0x0, 0x1c,
    0x66, 0x76, 0x43, 0x0,

    /* U+0052 "R" */
    0x27, 0xcb, 0xfd, 0xff, 0xff, 0xff, 0xff, 0xff,
    0xff, 0xff, 0xff, 0xff, 0xf1, 0xd8, 0x9e, 0x43,
    0x0, 0x0, 0x0, 0x0, 0xb1, 0xff, 0xff, 0xff,
    0xff, 0xff, 0xff, 0xff, 0xff, 0xff, 0xff, 0xff,
    0xff, 0xff, 0xff, 0xff, 0xba, 0x15, 0x0, 0x0,
    0xcc, 0xff, 0xff, 0xff, 0xff, 0xff, 0xff, 0xff,
    0xff, 0xff, 0xff, 0xff, 0xff, 0xff, 0xff, 0xff,
    0xff, 0xd4, 0xd, 0x0, 0xcc, 0xff, 0xff, 0xff,
    0xc9, 0xa8, 0xa8, 0xa8, 0xa8, 0xa8, 0xa8, 0xab,
    0xcb, 0xf7, 0xff, 0xff, 0xff, 0xff, 0x96, 0x0,
    0xcc, 0xff, 0xff, 0xff, 0x60, 0x0, 0x0, 0x0,
    0x0, 0x0, 0x0, 0x0, 0x0, 0x1d, 0xc2, 0xff,
    0xff, 0xff, 0xf9, 0x13, 0xcc, 0xff, 0xff, 0xff,
    0x60, 0x0, 0x0, 0x0, 0x0, 0x0, 0x0, 0x0,
    0x0, 0x0, 0x20, 0xf9, 0xff, 0xff, 0xff, 0x55,
    0xcc, 0xff, 0xff, 0xff, 0x60, 0x0, 0x0, 0x0,
    0x0, 0x0, 0x0, 0x0, 0x0, 0x0, 0x0, 0xd0,
    0xff, 0xff, 0xff, 0x7b, 0xcc, 0xff, 0xff, 0xff,
    0x60, 0x0, 0x0, 0x0, 0x0, 0x0, 0x0, 0x0,
    0x0, 0x0, 0x0, 0xb5, 0xff, 0xff, 0xff, 0x89,
    0xcc, 0xff, 0xff, 0xff, 0x60, 0x0, 0x0, 0x0,
    0x0, 0x0, 0x0, 0x0, 0x0, 0x0, 0x0, 0xd4,
    0xff, 0xff, 0xff, 0x72, 0xcc, 0xff, 0xff, 0xff,
    0x60, 0x0, 0x0, 0x0, 0x0, 0x0, 0x0, 0x0,
    0x0, 0x0, 0x2d, 0xfc, 0xff, 0xff, 0xff, 0x47,
    0xcc, 0xff, 0xff, 0xff, 0x60, 0x0, 0x0, 0x0,
    0x0, 0x0, 0x0, 0x0, 0x0, 0x1c, 0xce, 0xff,
    0xff, 0xff, 0xe0, 0x2, 0xcc, 0xff, 0xff, 0xff,
    0xc6, 0xa4, 0xa4, 0xa4, 0xa4, 0xa4, 0xa4, 0xa5,
    0xbd, 0xf8, 0xff, 0xff, 0xff, 0xfa, 0x43, 0x0,
    0xcc, 0xff, 0xff, 0xff, 0xff, 0xff, 0xff, 0xff,
    0xff, 0xff, 0xff, 0xff, 0xff, 0xff, 0xff, 0xff,
    0xe5, 0x4b, 0x0, 0x0, 0xcc, 0xff, 0xff, 0xff,
    0xff, 0xff, 0xff, 0xff, 0xff, 0xff, 0xff, 0xff,
    0xff, 0xff, 0xff, 0xff, 0x6a, 0x0, 0x0, 0x0,
    0xcc, 0xff, 0xff, 0xff, 0xff, 0xff, 0xff, 0xff,
    0xff, 0xff, 0xff, 0xff, 0xff, 0xff, 0xff, 0xff,
    0xff, 0xa0, 0x0, 0x0, 0xcc, 0xff, 0xff, 0xff,
    0x60, 0x0, 0x0, 0x0, 0x0, 0x0, 0x0, 0x0,
    0x1f, 0x77, 0xfa, 0xff, 0xff, 0xff, 0x67, 0x0,
    0xcc, 0xff, 0xff, 0xff, 0x60, 0x0, 0x0, 0x0,
    0x0, 0x0, 0x0, 0x0, 0x0, 0x0, 0x86, 0xff,
    0xff, 0xff, 0xd7, 0x0, 0xcc, 0xff, 0xff, 0xff,
    0x60, 0x0, 0x0, 0x0, 0x0, 0x0, 0x0, 0x0,
    0x0, 0x0, 0x27, 0xff, 0xff, 0xff, 0xff, 0x11,
    0xcc, 0xff, 0xff, 0xff, 0x60, 0x0, 0x0, 0x0,
    0x0, 0x0, 0x0, 0x0, 0x0, 0x0, 0x8, 0xff,
    0xff, 0xff, 0xff, 0x2d, 0xcc, 0xff, 0xff, 0xff,
    0x60, 0x0, 0x0, 0x0, 0x0, 0x0, 0x0, 0x0,
    0x0, 0x0, 0x0, 0xfc, 0xff, 0xff, 0xff, 0x34,
    0xcc, 0xff, 0xff, 0xff, 0x60, 0x0, 0x0, 0x0,
    0x0, 0x0, 0x0, 0x0, 0x0, 0x0, 0x0, 0xfc,
    0xff, 0xff, 0xff, 0x34, 0xcc, 0xff, 0xff, 0xff,
    0x5f, 0x0, 0x0, 0x0, 0x0, 0x0, 0x0, 0x0,
    0x0, 0x0, 0x0, 0xfc, 0xff, 0xff, 0xff, 0x33,
    0xcc, 0xff, 0xff, 0xff, 0x46, 0x0, 0x0, 0x0,
    0x0, 0x0, 0x0, 0x0, 0x0, 0x0, 0x0, 0xfc,
    0xff, 0xff, 0xff, 0x1b, 0xcc, 0xff, 0xff, 0xd7,
    0x6, 0x0, 0x0, 0x0, 0x0, 0x0, 0x0, 0x0,
    0x0, 0x0, 0x0, 0xfc, 0xff, 0xff, 0xb4, 0x0,
    0xc2, 0xd9, 0x8e, 0x16, 0x0, 0x0, 0x0, 0x0,
    0x0, 0x0, 0x0, 0x0, 0x0, 0x0, 0x0, 0xee,
    0xd3, 0x7a, 0xb, 0x0,

    /* U+0053 "S" */
    0x0, 0x0, 0x0, 0x0, 0x0, 0x34, 0x7d, 0xbf,
    0xdd, 0xf1, 0xf9, 0xe7, 0xd2, 0x9d, 0x5e, 0xe,
    0x0, 0x0, 0x0, 0x0, 0x0, 0x0, 0x0, 0x0,
    0x31, 0xbb, 0xff, 0xff, 0xff, 0xff, 0xff, 0xff,
    0xff, 0xff, 0xff, 0xff, 0xf0, 0x87, 0x8, 0x0,
    0x0, 0x0, 0x0, 0x0, 0x49, 0xf6, 0xff, 0xff,
    0xff, 0xff, 0xff, 0xff, 0xff, 0xff, 0xff, 0xff,
    0xff, 0xff, 0xff, 0xca, 0x17, 0x0, 0x0, 0x0,
    0x2d, 0xf9, 0xff, 0xff, 0xff, 0xff, 0xce, 0x93,
    0x78, 0x75, 0x87, 0xb7, 0xfa, 0xff, 0xff, 0xff,
    0xff, 0xbe, 0x0, 0x0, 0x0, 0xad, 0xff, 0xff,
    0xff, 0xea, 0x41, 0x0, 0x0, 0x0, 0x0, 0x0,
    0x0, 0x1a, 0xbb, 0xff, 0xff, 0xff, 0xff, 0x34,
    0x0, 0x2, 0xf5, 0xff, 0xff, 0xff, 0x59, 0x0,
    0x0, 0x0, 0x0, 0x0, 0x0, 0x0, 0x0, 0x8,
    0xd8, 0xff, 0xff, 0xff, 0x5f, 0x0, 0xe, 0xff,
    0xff, 0xff, 0xff, 0x1f, 0x0, 0x0, 0x0, 0x0,
    0x0, 0x0, 0x0, 0x0, 0x0, 0x61, 0xff, 0xff,
    0xff, 0x3e, 0x0, 0x0, 0xf7, 0xff, 0xff, 0xff,
    0x3c, 0x0, 0x0, 0x0, 0x0, 0x0, 0x0, 0x0,
    0x0, 0x0, 0x1c, 0xff, 0xf6, 0x87, 0x0, 0x0,
    0x0, 0xcb, 0xff, 0xff, 0xff, 0xbf, 0x9, 0x0,
    0x0, 0x0, 0x0, 0x0, 0x0, 0x0, 0x0, 0x0,
    0x23, 0x8, 0x0, 0x0, 0x0, 0x0, 0x64, 0xff,
    0xff, 0xff, 0xff, 0xde, 0x65, 0x11, 0x0, 0x0,
    0x0, 0x0, 0x0, 0x0, 0x0, 0x0, 0x0, 0x0,
    0x0, 0x0, 0x0, 0x4, 0xbb, 0xff, 0xff, 0xff,
    0xff, 0xff, 0xfb, 0xc5, 0x88, 0x4a, 0xe, 0x0,
    0x0, 0x0, 0x0, 0x0, 0x0, 0x0, 0x0, 0x0,
    0x0, 0x9, 0x9b, 0xff, 0xff, 0xff, 0xff, 0xff,
    0xff, 0xff, 0xff, 0xfb, 0xbf, 0x6c, 0x14, 0x0,
    0x0, 0x0, 0x0, 0x0, 0x0, 0x0, 0x0, 0x0,
    0x36, 0xab, 0xf9, 0xff, 0xff, 0xff, 0xff, 0xff,
    0xff, 0xff, 0xff, 0xf8, 0x9a, 0x1c, 0x0, 0x0,
    0x0, 0x0, 0x0, 0x0, 0x0, 0x0, 0x0, 0x11,
    0x5b, 0xa1, 0xde, 0xff, 0xff, 0xff, 0xff, 0xff,
    0xff, 0xff, 0xf2, 0x54, 0x0, 0x0, 0x0, 0x0,
    0x0, 0x0, 0x0, 0x0, 0x0, 0x0, 0x0, 0x0,
    0x1a, 0x58, 0xa0, 0xef, 0xff, 0xff, 0xff, 0xff,
    0xfd, 0x45, 0x0, 0x0, 0x0, 0x0, 0x0, 0x0,
    0x0, 0x0, 0x0, 0x0, 0x0, 0x0, 0x0, 0x0,
    0x8, 0x6f, 0xf4, 0xff, 0xff, 0xff, 0xca, 0x0,
    0x0, 0x57, 0xcf, 0xf7, 0x19, 0x0, 0x0, 0x0,
    0x0, 0x0, 0x0, 0x0, 0x0, 0x0, 0x0, 0x40,
    0xff, 0xff, 0xff, 0xff, 0x24, 0x37, 0xfd, 0xff,
    0xff, 0x42, 0x0, 0x0, 0x0, 0x0, 0x0, 0x0,
    0x0, 0x0, 0x0, 0x0, 0x0, 0xdc, 0xff, 0xff,
    0xff, 0x45, 0x79, 0xff, 0xff, 0xff, 0x9a, 0x0,
    0x0, 0x0, 0x0, 0x0, 0x0, 0x0, 0x0, 0x0,
    0x0, 0x0, 0xd7, 0xff, 0xff, 0xff, 0x4f, 0x76,
    0xff, 0xff, 0xff, 0xfb, 0x3f, 0x0, 0x0, 0x0,
    0x0, 0x0, 0x0, 0x0, 0x0, 0x0, 0x2e, 0xfe,
    0xff, 0xff, 0xff, 0x2c, 0x34, 0xff, 0xff, 0xff,
    0xff, 0xf4, 0x6a, 0x6, 0x0, 0x0, 0x0, 0x0,
    0x0, 0x0, 0x3e, 0xe0, 0xff, 0xff, 0xff, 0xdb,
    0x1, 0x0, 0xaf, 0xff, 0xff, 0xff, 0xff, 0xff,
    0xeb, 0xab, 0x84, 0x77, 0x7e, 0x9b, 0xd5, 0xff,
    0xff, 0xff, 0xff, 0xff, 0x50, 0x0, 0x0, 0xd,
    0xbe, 0xff, 0xff, 0xff, 0xff, 0xff, 0xff, 0xff,
    0xff, 0xff, 0xff, 0xff, 0xff, 0xff, 0xff, 0xfe,
    0x75, 0x0, 0x0, 0x0, 0x0, 0x3, 0x6f, 0xe8,
    0xff, 0xff, 0xff, 0xff, 0xff, 0xff, 0xff, 0xff,
    0xff, 0xff, 0xff, 0xd1, 0x43, 0x0, 0x0, 0x0,
    0x0, 0x0, 0x0, 0x0, 0x6, 0x49, 0x87, 0xc1,
    0xdd, 0xee, 0xfb, 0xed, 0xda, 0xbb, 0x7c, 0x37,
    0x0, 0x0, 0x0, 0x0, 0x0,

    /* U+0054 "T" */
    0x3, 0x77, 0xd9, 0xfc, 0xff, 0xff, 0xff, 0xff,
    0xff, 0xff, 0xff, 0xff, 0xff, 0xff, 0xff, 0xff,
    0xff, 0xff, 0xff, 0xff, 0xff, 0x26, 0x6b, 0xff,
    0xff, 0xff, 0xff, 0xff, 0xff, 0xff, 0xff, 0xff,
    0xff, 0xff, 0xff, 0xff, 0xff, 0xff, 0xff, 0xff,
    0xff, 0xff, 0xf5, 0x6, 0xcb, 0xff, 0xff, 0xff,
    0xff, 0xff, 0xff, 0xff, 0xff, 0xff, 0xff, 0xff,
    0xff, 0xff, 0xff, 0xff, 0xff, 0xff, 0xff, 0xff,
    0x7d, 0x0, 0xa7, 0xb8, 0xb8, 0xb8, 0xb8, 0xb8,
    0xb8, 0xb8, 0xd7, 0xff, 0xff, 0xff, 0xee, 0xb8,
    0xb8, 0xb8, 0xb8, 0xb7, 0x9d, 0x54, 0x0, 0x0,
    0x0, 0x0, 0x0, 0x0, 0x0, 0x0, 0x0, 0x0,
    0x70, 0xff, 0xff, 0xff, 0xc0, 0x0, 0x0, 0x0,
    0x0, 0x0, 0x0, 0x0, 0x0, 0x0, 0x0, 0x0,
    0x0, 0x0, 0x0, 0x0, 0x0, 0x0, 0x70, 0xff,
    0xff, 0xff, 0xc0, 0x0, 0x0, 0x0, 0x0, 0x0,
    0x0, 0x0, 0x0, 0x0, 0x0, 0x0, 0x0, 0x0,
    0x0, 0x0, 0x0, 0x0, 0x70, 0xff, 0xff, 0xff,
    0xc0, 0x0, 0x0, 0x0, 0x0, 0x0, 0x0, 0x0,
    0x0, 0x0, 0x0, 0x0, 0x0, 0x0, 0x0, 0x0,
    0x0, 0x0, 0x70, 0xff, 0xff, 0xff, 0xc0, 0x0,
    0x0, 0x0, 0x0, 0x0, 0x0, 0x0, 0x0, 0x0,
    0x0, 0x0, 0x0, 0x0, 0x0, 0x0, 0x0, 0x0,
    0x70, 0xff, 0xff, 0xff, 0xc0, 0x0, 0x0, 0x0,
    0x0, 0x0, 0x0, 0x0, 0x0, 0x0, 0x0, 0x0,
    0x0, 0x0, 0x0, 0x0, 0x0, 0x0, 0x70, 0xff,
    0xff, 0xff, 0xc0, 0x0, 0x0, 0x0, 0x0, 0x0,
    0x0, 0x0, 0x0, 0x0, 0x0, 0x0, 0x0, 0x0,
    0x0, 0x0, 0x0, 0x0, 0x70, 0xff, 0xff, 0xff,
    0xc0, 0x0, 0x0, 0x0, 0x0, 0x0, 0x0, 0x0,
    0x0, 0x0, 0x0, 0x0, 0x0, 0x0, 0x0, 0x0,
    0x0, 0x0, 0x70, 0xff, 0xff, 0xff, 0xc0, 0x0,
    0x0, 0x0, 0x0, 0x0, 0x0, 0x0, 0x0, 0x0,
    0x0, 0x0, 0x0, 0x0, 0x0, 0x0, 0x0, 0x0,
    0x70, 0xff, 0xff, 0xff, 0xc0, 0x0, 0x0, 0x0,
    0x0, 0x0, 0x0, 0x0, 0x0, 0x0, 0x0, 0x0,
    0x0, 0x0, 0x0, 0x0, 0x0, 0x0, 0x70, 0xff,
    0xff, 0xff, 0xc0, 0x0, 0x0, 0x0, 0x0, 0x0,
    0x0, 0x0, 0x0, 0x0, 0x0, 0x0, 0x0, 0x0,
    0x0, 0x0, 0x0, 0x0, 0x70, 0xff, 0xff, 0xff,
    0xc0, 0x0, 0x0, 0x0, 0x0, 0x0, 0x0, 0x0,
    0x0, 0x0, 0x0, 0x0, 0x0, 0x0, 0x0, 0x0,
    0x0, 0x0, 0x70, 0xff, 0xff, 0xff, 0xc0, 0x0,
    0x0, 0x0, 0x0, 0x0, 0x0, 0x0, 0x0, 0x0,
    0x0, 0x0, 0x0, 0x0, 0x0, 0x0, 0x0, 0x0,
    0x70, 0xff, 0xff, 0xff, 0xc0, 0x0, 0x0, 0x0,
    0x0, 0x0, 0x0, 0x0, 0x0, 0x0, 0x0, 0x0,
    0x0, 0x0, 0x0, 0x0, 0x0, 0x0, 0x70, 0xff,
    0xff, 0xff, 0xc0, 0x0, 0x0, 0x0, 0x0, 0x0,
    0x0, 0x0, 0x0, 0x0, 0x0, 0x0, 0x0, 0x0,
    0x0, 0x0, 0x0, 0x0, 0x70, 0xff, 0xff, 0xff,
    0xc0, 0x0, 0x0, 0x0, 0x0, 0x0, 0x0, 0x0,
    0x0, 0x0, 0x0, 0x0, 0x0, 0x0, 0x0, 0x0,
    0x0, 0x0, 0x70, 0xff, 0xff, 0xff, 0xc0, 0x0,
    0x0, 0x0, 0x0, 0x0, 0x0, 0x0, 0x0, 0x0,
    0x0, 0x0, 0x0, 0x0, 0x0, 0x0, 0x0, 0x0,
    0x70, 0xff, 0xff, 0xff, 0xc0, 0x0, 0x0, 0x0,
    0x0, 0x0, 0x0, 0x0, 0x0, 0x0, 0x0, 0x0,
    0x0, 0x0, 0x0, 0x0, 0x0, 0x0, 0x70, 0xff,
    0xff, 0xff, 0xbf, 0x0, 0x0, 0x0, 0x0, 0x0,
    0x0, 0x0, 0x0, 0x0, 0x0, 0x0, 0x0, 0x0,
    0x0, 0x0, 0x0, 0x0, 0x70, 0xff, 0xff, 0xff,
    0xa6, 0x0, 0x0, 0x0, 0x0, 0x0, 0x0, 0x0,
    0x0, 0x0, 0x0, 0x0, 0x0, 0x0, 0x0, 0x0,
    0x0, 0x0, 0x70, 0xff, 0xff, 0xfb, 0x3e, 0x0,
    0x0, 0x0, 0x0, 0x0, 0x0, 0x0, 0x0, 0x0,
    0x0, 0x0, 0x0, 0x0, 0x0, 0x0, 0x0, 0x0,
    0x6d, 0xe4, 0xb1, 0x38, 0x0, 0x0, 0x0, 0x0,
    0x0, 0x0, 0x0, 0x0, 0x0, 0x0,

    /* U+0055 "U" */
    0x0, 0x5b, 0xc4, 0xea, 0x3b, 0x0, 0x0, 0x0,
    0x0, 0x0, 0x0, 0x0, 0x0, 0x0, 0x0, 0x0,
    0x0, 0x53, 0xc0, 0xe8, 0x4a, 0x7b, 0xff, 0xff,
    0xff, 0x3c, 0x0, 0x0, 0x0, 0x0, 0x0, 0x0,
    0x0, 0x0, 0x0, 0x0, 0x0, 0x6c, 0xff, 0xff,
    0xff, 0x4c, 0xe1, 0xff, 0xff, 0xff, 0x3c, 0x0,
    0x0, 0x0, 0x0, 0x0, 0x0, 0x0, 0x0, 0x0,
    0x0, 0x0, 0xd2, 0xff, 0xff, 0xff, 0x4c, 0xf7,
    0xff, 0xff, 0xff, 0x3c, 0x0, 0x0, 0x0, 0x0,
    0x0, 0x0, 0x0, 0x0, 0x0, 0x0, 0x0, 0xe7,
    0xff, 0xff, 0xff, 0x4c, 0xf8, 0xff, 0xff, 0xff,
    0x3c, 0x0, 0x0, 0x0, 0x0, 0x0, 0x0, 0x0,
    0x0, 0x0, 0x0, 0x0, 0xe8, 0xff, 0xff, 0xff,
    0x4c, 0xf8, 0xff, 0xff, 0xff, 0x3c, 0x0, 0x0,
    0x0, 0x0, 0x0, 0x0, 0x0, 0x0, 0x0, 0x0,
    0x0, 0xe8, 0xff, 0xff, 0xff, 0x4c, 0xf8, 0xff,
    0xff, 0xff, 0x3c, 0x0, 0x0, 0x0, 0x0, 0x0,
    0x0, 0x0, 0x0, 0x0, 0x0, 0x0, 0xe8, 0xff,
    0xff, 0xff, 0x4c, 0xf8, 0xff, 0xff, 0xff, 0x3c,
    0x0, 0x0, 0x0, 0x0, 0x0, 0x0, 0x0, 0x0,
    0x0, 0x0, 0x0, 0xe8, 0xff, 0xff, 0xff, 0x4c,
    0xf8, 0xff, 0xff, 0xff, 0x3c, 0x0, 0x0, 0x0,
    0x0, 0x0, 0x0, 0x0, 0x0, 0x0, 0x0, 0x0,
    0xe8, 0xff, 0xff, 0xff, 0x4c, 0xf8, 0xff, 0xff,
    0xff, 0x3c, 0x0, 0x0, 0x0, 0x0, 0x0, 0x0,
    0x0, 0x0, 0x0, 0x0, 0x0, 0xe8, 0xff, 0xff,
    0xff, 0x4c, 0xf8, 0xff, 0xff, 0xff, 0x3c, 0x0,
    0x0, 0x0, 0x0, 0x0, 0x0, 0x0, 0x0, 0x0,
    0x0, 0x0, 0xe8, 0xff, 0xff, 0xff, 0x4c, 0xf8,
    0xff, 0xff, 0xff, 0x3c, 0x0, 0x0, 0x0, 0x0,
    0x0, 0x0, 0x0, 0x0, 0x0, 0x0, 0x0, 0xe8,
    0xff, 0xff, 0xff, 0x4c, 0xf8, 0xff, 0xff, 0xff,
    0x3c, 0x0, 0x0, 0x0, 0x0, 0x0, 0x0, 0x0,
    0x0, 0x0, 0x0, 0x0, 0xe8, 0xff, 0xff, 0xff,
    0x4c, 0xf8, 0xff, 0xff, 0xff, 0x3c, 0x0, 0x0,
    0x0, 0x0, 0x0, 0x0, 0x0, 0x0, 0x0, 0x0,
    0x0, 0xe8, 0xff, 0xff, 0xff, 0x4c, 0xf8, 0xff,
    0xff, 0xff, 0x3c, 0x0, 0x0, 0x0, 0x0, 0x0,
    0x0, 0x0, 0x0, 0x0, 0x0, 0x0, 0xe8, 0xff,
    0xff, 0xff, 0x4c, 0xf8, 0xff, 0xff, 0xff, 0x3c,
    0x0, 0x0, 0x0, 0x0, 0x0, 0x0, 0x0, 0x0,
    0x0, 0x0, 0x0, 0xe8, 0xff, 0xff, 0xff, 0x4b,
    0xf0, 0xff, 0xff, 0xff, 0x48, 0x0, 0x0, 0x0,
    0x0, 0x0, 0x0, 0x0, 0x0, 0x0, 0x0, 0x0,
    0xf5, 0xff, 0xff, 0xff, 0x43, 0xd4, 0xff, 0xff,
    0xff, 0x74, 0x0, 0x0, 0x0, 0x0, 0x0, 0x0,
    0x0, 0x0, 0x0, 0x0, 0x22, 0xff, 0xff, 0xff,
    0xff, 0x27, 0x9a, 0xff, 0xff, 0xff, 0xd6, 0x3,
    0x0, 0x0, 0x0, 0x0, 0x0, 0x0, 0x0, 0x0,
    0x0, 0x89, 0xff, 0xff, 0xff, 0xeb, 0x1, 0x3c,
    0xff, 0xff, 0xff, 0xff, 0x94, 0x1, 0x0, 0x0,
    0x0, 0x0, 0x0, 0x0, 0x0, 0x4a, 0xfa, 0xff,
    0xff, 0xff, 0x90, 0x0, 0x0, 0xb3, 0xff, 0xff,
    0xff, 0xff, 0xbb, 0x3a, 0x1, 0x0, 0x0, 0x0,
    0x1c, 0x8c, 0xfc, 0xff, 0xff, 0xff, 0xee, 0x18,
    0x0, 0x0, 0x10, 0xd8, 0xff, 0xff, 0xff, 0xff,
    0xff, 0xed, 0xcc, 0xc5, 0xde, 0xff, 0xff, 0xff,
    0xff, 0xff, 0xfa, 0x41, 0x0, 0x0, 0x0, 0x0,
    0x22, 0xd4, 0xff, 0xff, 0xff, 0xff, 0xff, 0xff,
    0xff, 0xff, 0xff, 0xff, 0xff, 0xff, 0xf2, 0x56,
    0x0, 0x0, 0x0, 0x0, 0x0, 0x0, 0x6, 0x87,
    0xfa, 0xff, 0xff, 0xff, 0xff, 0xff, 0xff, 0xff,
    0xff, 0xff, 0xbb, 0x20, 0x0, 0x0, 0x0, 0x0,
    0x0, 0x0, 0x0, 0x0, 0x0, 0x18, 0x72, 0xb6,
    0xe2, 0xf7, 0xfb, 0xec, 0xc7, 0x8b, 0x35, 0x0,
    0x0, 0x0, 0x0, 0x0, 0x0,

    /* U+0056 "V" */
    0x57, 0xe6, 0xf5, 0xc5, 0x3f, 0x0, 0x0, 0x0,
    0x0, 0x0, 0x0, 0x0, 0x0, 0x0, 0x0, 0x0,
    0x0, 0x0, 0x5f, 0xd4, 0xf7, 0xdb, 0x35, 0x2d,
    0xff, 0xff, 0xff, 0xf9, 0x28, 0x0, 0x0, 0x0,
    0x0, 0x0, 0x0, 0x0, 0x0, 0x0, 0x0, 0x0,
    0x52, 0xff, 0xff, 0xff, 0xf4, 0xc, 0x0, 0xcb,
    0xff, 0xff, 0xff, 0x9c, 0x0, 0x0, 0x0, 0x0,
    0x0, 0x0, 0x0, 0x0, 0x0, 0x0, 0x0, 0xcd,
    0xff, 0xff, 0xff, 0x9e, 0x0, 0x0, 0x68, 0xff,
    0xff, 0xff, 0xf0, 0x8, 0x0, 0x0, 0x0, 0x0,
    0x0, 0x0, 0x0, 0x0, 0x0, 0x2a, 0xff, 0xff,
    0xff, 0xff, 0x3b, 0x0, 0x0, 0xf, 0xf6, 0xff,
    0xff, 0xff, 0x55, 0x0, 0x0, 0x0, 0x0, 0x0,
    0x0, 0x0, 0x0, 0x0, 0x87, 0xff, 0xff, 0xff,
    0xd8, 0x0, 0x0, 0x0, 0x0, 0xa2, 0xff, 0xff,
    0xff, 0xb1, 0x0, 0x0, 0x0, 0x0, 0x0, 0x0,
    0x0, 0x0, 0x1, 0xe1, 0xff, 0xff, 0xff, 0x76,
    0x0, 0x0, 0x0, 0x0, 0x3f, 0xff, 0xff, 0xff,
    0xfa, 0x13, 0x0, 0x0, 0x0, 0x0, 0x0, 0x0,
    0x0, 0x3f, 0xff, 0xff, 0xff, 0xfb, 0x18, 0x0,
    0x0, 0x0, 0x0, 0x0, 0xdb, 0xff, 0xff, 0xff,
    0x69, 0x0, 0x0, 0x0, 0x0, 0x0, 0x0, 0x0,
    0x9c, 0xff, 0xff, 0xff, 0xb1, 0x0, 0x0, 0x0,
    0x0, 0x0, 0x0, 0x7a, 0xff, 0xff, 0xff, 0xc5,
    0x0, 0x0, 0x0, 0x0, 0x0, 0x0, 0x7, 0xf0,
    0xff, 0xff, 0xff, 0x4e, 0x0, 0x0, 0x0, 0x0,
    0x0, 0x0, 0x1a, 0xfc, 0xff, 0xff, 0xff, 0x22,
    0x0, 0x0, 0x0, 0x0, 0x0, 0x55, 0xff, 0xff,
    0xff, 0xe7, 0x4, 0x0, 0x0, 0x0, 0x0, 0x0,
    0x0, 0x0, 0xb4, 0xff, 0xff, 0xff, 0x7d, 0x0,
    0x0, 0x0, 0x0, 0x0, 0xb1, 0xff, 0xff, 0xff,
    0x89, 0x0, 0x0, 0x0, 0x0, 0x0, 0x0, 0x0,
    0x0, 0x51, 0xff, 0xff, 0xff, 0xd8, 0x0, 0x0,
    0x0, 0x0, 0x13, 0xfa, 0xff, 0xff, 0xff, 0x27,
    0x0, 0x0, 0x0, 0x0, 0x0, 0x0, 0x0, 0x0,
    0x5, 0xe9, 0xff, 0xff, 0xff, 0x35, 0x0, 0x0,
    0x0, 0x6a, 0xff, 0xff, 0xff, 0xc3, 0x0, 0x0,
    0x0, 0x0, 0x0, 0x0, 0x0, 0x0, 0x0, 0x0,
    0x8b, 0xff, 0xff, 0xff, 0x91, 0x0, 0x0, 0x0,
    0xc6, 0xff, 0xff, 0xff, 0x61, 0x0, 0x0, 0x0,
    0x0, 0x0, 0x0, 0x0, 0x0, 0x0, 0x0, 0x28,
    0xff, 0xff, 0xff, 0xe9, 0x4, 0x0, 0x23, 0xff,
    0xff, 0xff, 0xf3, 0xb, 0x0, 0x0, 0x0, 0x0,
    0x0, 0x0, 0x0, 0x0, 0x0, 0x0, 0x0, 0xc6,
    0xff, 0xff, 0xff, 0x49, 0x0, 0x7f, 0xff, 0xff,
    0xff, 0x9b, 0x0, 0x0, 0x0, 0x0, 0x0, 0x0,
    0x0, 0x0, 0x0, 0x0, 0x0, 0x0, 0x63, 0xff,
    0xff, 0xff, 0xa5, 0x0, 0xda, 0xff, 0xff, 0xff,
    0x39, 0x0, 0x0, 0x0, 0x0, 0x0, 0x0, 0x0,
    0x0, 0x0, 0x0, 0x0, 0x0, 0xc, 0xf3, 0xff,
    0xff, 0xf5, 0x44, 0xff, 0xff, 0xff, 0xd6, 0x0,
    0x0, 0x0, 0x0, 0x0, 0x0, 0x0, 0x0, 0x0,
    0x0, 0x0, 0x0, 0x0, 0x0, 0x9d, 0xff, 0xff,
    0xf5, 0xa0, 0xff, 0xff, 0xff, 0x73, 0x0, 0x0,
    0x0, 0x0, 0x0, 0x0, 0x0, 0x0, 0x0, 0x0,
    0x0, 0x0, 0x0, 0x0, 0x3a, 0xff, 0xff, 0xab,
    0xeb, 0xff, 0xff, 0xfa, 0x16, 0x0, 0x0, 0x0,
    0x0, 0x0, 0x0, 0x0, 0x0, 0x0, 0x0, 0x0,
    0x0, 0x0, 0x0, 0x0, 0xd7, 0xff, 0xee, 0xff,
    0xff, 0xff, 0xae, 0x0, 0x0, 0x0, 0x0, 0x0,
    0x0, 0x0, 0x0, 0x0, 0x0, 0x0, 0x0, 0x0,
    0x0, 0x0, 0x0, 0x75, 0xff, 0xff, 0xff, 0xff,
    0xff, 0x4b, 0x0, 0x0, 0x0, 0x0, 0x0, 0x0,
    0x0, 0x0, 0x0, 0x0, 0x0, 0x0, 0x0, 0x0,
    0x0, 0x0, 0x17, 0xfb, 0xff, 0xff, 0xff, 0xe5,
    0x3, 0x0, 0x0, 0x0, 0x0, 0x0, 0x0, 0x0,
    0x0, 0x0, 0x0, 0x0, 0x0, 0x0, 0x0, 0x0,
    0x0, 0x0, 0xac, 0xff, 0xff, 0xff, 0x83, 0x0,
    0x0, 0x0, 0x0, 0x0, 0x0, 0x0, 0x0, 0x0,
    0x0, 0x0, 0x0, 0x0, 0x0, 0x0, 0x0, 0x0,
    0x0, 0x20, 0xcc, 0xf7, 0xb5, 0xf, 0x0, 0x0,
    0x0, 0x0, 0x0, 0x0, 0x0, 0x0, 0x0,

    /* U+0057 "W" */
    0x59, 0xe6, 0xf6, 0xc8, 0x3e, 0x0, 0x0, 0x0,
    0x0, 0x0, 0x0, 0x0, 0x0, 0x36, 0xdb, 0xef,
    0x6a, 0x0, 0x0, 0x0, 0x0, 0x0, 0x0, 0x0,
    0x0, 0x19, 0xad, 0xf0, 0xef, 0x94, 0x54, 0xff,
    0xff, 0xff, 0xf5, 0x15, 0x0, 0x0, 0x0, 0x0,
    0x0, 0x0, 0x0, 0xc3, 0xff, 0xff, 0xf9, 0x11,
    0x0, 0x0, 0x0, 0x0, 0x0, 0x0, 0x0, 0xc3,
    0xff, 0xff, 0xff, 0x9b, 0x14, 0xfe, 0xff, 0xff,
    0xff, 0x67, 0x0, 0x0, 0x0, 0x0, 0x0, 0x0,
    0x13, 0xfd, 0xff, 0xff, 0xff, 0x54, 0x0, 0x0,
    0x0, 0x0, 0x0, 0x0, 0x24, 0xff, 0xff, 0xff,
    0xff, 0x59, 0x0, 0xd1, 0xff, 0xff, 0xff, 0xa2,
    0x0, 0x0, 0x0, 0x0, 0x0, 0x0, 0x59, 0xff,
    0xff, 0xff, 0xff, 0x9a, 0x0, 0x0, 0x0, 0x0,
    0x0, 0x0, 0x60, 0xff, 0xff, 0xff, 0xff, 0x18,
    0x0, 0x8f, 0xff, 0xff, 0xff, 0xdc, 0x0, 0x0,
    0x0, 0x0, 0x0, 0x0, 0xa3, 0xff, 0xff, 0xff,
    0xff, 0xe0, 0x0, 0x0, 0x0, 0x0, 0x0, 0x0,
    0x9b, 0xff, 0xff, 0xff, 0xd5, 0x0, 0x0, 0x4d,
    0xff, 0xff, 0xff, 0xff, 0x17, 0x0, 0x0, 0x0,
    0x0, 0x1, 0xea, 0xff, 0xc3, 0xff, 0xff, 0xff,
    0x26, 0x0, 0x0, 0x0, 0x0, 0x0, 0xd6, 0xff,
    0xff, 0xff, 0x93, 0x0, 0x0, 0xe, 0xfc, 0xff,
    0xff, 0xff, 0x51, 0x0, 0x0, 0x0, 0x0, 0x35,
    0xff, 0xff, 0xd6, 0xe3, 0xff, 0xff, 0x6c, 0x0,
    0x0, 0x0, 0x0, 0x13, 0xfe, 0xff, 0xff, 0xff,
    0x51, 0x0, 0x0, 0x0, 0xc9, 0xff, 0xff, 0xff,
    0x8b, 0x0, 0x0, 0x0, 0x0, 0x7e, 0xff, 0xff,
    0xe1, 0x9c, 0xff, 0xff, 0xb2, 0x0, 0x0, 0x0,
    0x0, 0x4d, 0xff, 0xff, 0xff, 0xfd, 0x11, 0x0,
    0x0, 0x0, 0x87, 0xff, 0xff, 0xff, 0xc5, 0x0,
    0x0, 0x0, 0x0, 0xc8, 0xff, 0xff, 0x99, 0x55,
    0xff, 0xff, 0xf2, 0x5, 0x0, 0x0, 0x0, 0x88,
    0xff, 0xff, 0xff, 0xcc, 0x0, 0x0, 0x0, 0x0,
    0x45, 0xff, 0xff, 0xff, 0xf8, 0x7, 0x0, 0x0,
    0x13, 0xfd, 0xff, 0xff, 0x52, 0x10, 0xfc, 0xff,
    0xff, 0x3e, 0x0, 0x0, 0x0, 0xc4, 0xff, 0xff,
    0xff, 0x8a, 0x0, 0x0, 0x0, 0x0, 0x9, 0xf9,
    0xff, 0xff, 0xff, 0x3a, 0x0, 0x0, 0x5a, 0xff,
    0xff, 0xfb, 0xf, 0x0, 0xc6, 0xff, 0xff, 0x84,
    0x0, 0x0, 0x6, 0xf8, 0xff, 0xff, 0xff, 0x48,
    0x0, 0x0, 0x0, 0x0, 0x0, 0xc1, 0xff, 0xff,
    0xff, 0x75, 0x0, 0x0, 0xa3, 0xff, 0xff, 0xc3,
    0x0, 0x0, 0x7e, 0xff, 0xff, 0xca, 0x0, 0x0,
    0x3a, 0xff, 0xff, 0xff, 0xfa, 0xb, 0x0, 0x0,
    0x0, 0x0, 0x0, 0x7f, 0xff, 0xff, 0xff, 0xaf,
    0x0, 0x2, 0xea, 0xff, 0xff, 0x7b, 0x0, 0x0,
    0x36, 0xff, 0xff, 0xfd, 0x12, 0x0, 0x76, 0xff,
    0xff, 0xff, 0xc4, 0x0, 0x0, 0x0, 0x0, 0x0,
    0x0, 0x3d, 0xff, 0xff, 0xff, 0xe9, 0x0, 0x36,
    0xff, 0xff, 0xff, 0x33, 0x0, 0x0, 0x2, 0xec,
    0xff, 0xff, 0x56, 0x0, 0xb1, 0xff, 0xff, 0xff,
    0x82, 0x0, 0x0, 0x0, 0x0, 0x0, 0x0, 0x5,
    0xf5, 0xff, 0xff, 0xff, 0x24, 0x7f, 0xff, 0xff,
    0xea, 0x1, 0x0, 0x0, 0x0, 0xa7, 0xff, 0xff,
    0x9c, 0x0, 0xeb, 0xff, 0xff, 0xff, 0x40, 0x0,
    0x0, 0x0, 0x0, 0x0, 0x0, 0x0, 0xb9, 0xff,
    0xff, 0xff, 0x5e, 0xc8, 0xff, 0xff, 0xa4, 0x0,
    0x0, 0x0, 0x0, 0x60, 0xff, 0xff, 0xe2, 0x28,
    0xff, 0xff, 0xff, 0xf6, 0x7, 0x0, 0x0, 0x0,
    0x0, 0x0, 0x0, 0x0, 0x77, 0xff, 0xff, 0xff,
    0x9b, 0xfd, 0xff, 0xff, 0x5c, 0x0, 0x0, 0x0,
    0x0, 0x19, 0xff, 0xff, 0xff, 0x86, 0xff, 0xff,
    0xff, 0xbb, 0x0, 0x0, 0x0, 0x0, 0x0, 0x0,
    0x0, 0x0, 0x36, 0xff, 0xff, 0xff, 0xac, 0xff,
    0xff, 0xfe, 0x16, 0x0, 0x0, 0x0, 0x0, 0x0,
    0xd1, 0xff, 0xfb, 0xaa, 0xff, 0xff, 0xff, 0x79,
    0x0, 0x0, 0x0, 0x0, 0x0, 0x0, 0x0, 0x0,
    0x3, 0xf0, 0xff, 0xfc, 0xb4, 0xff, 0xff, 0xcd,
    0x0, 0x0, 0x0, 0x0, 0x0, 0x0, 0x89, 0xff,
    0xc9, 0xd9, 0xff, 0xff, 0xff, 0x37, 0x0, 0x0,
    0x0, 0x0, 0x0, 0x0, 0x0, 0x0, 0x0, 0xb2,
    0xff, 0xff, 0xff, 0xff, 0xff, 0x85, 0x0, 0x0,
    0x0, 0x0, 0x0, 0x0, 0x42, 0xff, 0xde, 0xff,
    0xff, 0xff, 0xf1, 0x3, 0x0, 0x0, 0x0, 0x0,
    0x0, 0x0, 0x0, 0x0, 0x0, 0x70, 0xff, 0xff,
    0xff, 0xff, 0xff, 0x3e, 0x0, 0x0, 0x0, 0x0,
    0x0, 0x0, 0x6, 0xf4, 0xff, 0xff, 0xff, 0xff,
    0xb3, 0x0, 0x0, 0x0, 0x0, 0x0, 0x0, 0x0,
    0x0, 0x0, 0x0, 0x2e, 0xff, 0xff, 0xff, 0xff,
    0xf1, 0x4, 0x0, 0x0, 0x0, 0x0, 0x0, 0x0,
    0x0, 0xb3, 0xff, 0xff, 0xff, 0xff, 0x71, 0x0,
    0x0, 0x0, 0x0, 0x0, 0x0, 0x0, 0x0, 0x0,
    0x0, 0x1, 0xd9, 0xff, 0xff, 0xff, 0xae, 0x0,
    0x0, 0x0, 0x0, 0x0, 0x0, 0x0, 0x0, 0x6b,
    0xff, 0xff, 0xff, 0xfd, 0x22, 0x0, 0x0, 0x0,
    0x0, 0x0, 0x0, 0x0, 0x0, 0x0, 0x0, 0x0,
    0x4f, 0xfd, 0xff, 0xff, 0x67, 0x0, 0x0, 0x0,
    0x0, 0x0, 0x0, 0x0, 0x0, 0x23, 0xff, 0xff,
    0xff, 0x99, 0x0, 0x0, 0x0, 0x0, 0x0, 0x0,
    0x0, 0x0, 0x0, 0x0, 0x0, 0x0, 0x0, 0x46,
    0xc1, 0xf0, 0x1f, 0x0, 0x0, 0x0, 0x0, 0x0,
    0x0, 0x0, 0x0, 0x0, 0xd3, 0xd5, 0x74, 0x3,
    0x0, 0x0, 0x0, 0x0, 0x0, 0x0,

    /* U+0058 "X" */
    0x8, 0x9e, 0xe8, 0xf5, 0xc0, 0x3c, 0x0, 0x0,
    0x0, 0x0, 0x0, 0x0, 0x0, 0x0, 0x0, 0x0,
    0x9, 0x8e, 0xe3, 0xf6, 0xcc, 0x3f, 0x0, 0x0,
    0xaa, 0xff, 0xff, 0xff, 0xf6, 0x28, 0x0, 0x0,
    0x0, 0x0, 0x0, 0x0, 0x0, 0x0, 0x0, 0xab,
    0xff, 0xff, 0xff, 0xf5, 0x28, 0x0, 0x0, 0x11,
    0xe2, 0xff, 0xff, 0xff, 0xc9, 0x3, 0x0, 0x0,
    0x0, 0x0, 0x0, 0x0, 0x0, 0x5b, 0xff, 0xff,
    0xff, 0xff, 0x68, 0x0, 0x0, 0x0, 0x0, 0x3f,
    0xfd, 0xff, 0xff, 0xff, 0x79, 0x0, 0x0, 0x0,
    0x0, 0x0, 0x0, 0x1b, 0xee, 0xff, 0xff, 0xff,
    0xb2, 0x0, 0x0, 0x0, 0x0, 0x0, 0x0, 0x86,
    0xff, 0xff, 0xff, 0xf9, 0x2d, 0x0, 0x0, 0x0,
    0x0, 0x0, 0xb8, 0xff, 0xff, 0xff, 0xe8, 0x15,
    0x0, 0x0, 0x0, 0x0, 0x0, 0x0, 0x5, 0xca,
    0xff, 0xff, 0xff, 0xcf, 0x5, 0x0, 0x0, 0x0,
    0x67, 0xff, 0xff, 0xff, 0xff, 0x49, 0x0, 0x0,
    0x0, 0x0, 0x0, 0x0, 0x0, 0x0, 0x24, 0xf4,
    0xff, 0xff, 0xff, 0x81, 0x0, 0x0, 0x22, 0xf3,
    0xff, 0xff, 0xff, 0x92, 0x0, 0x0, 0x0, 0x0,
    0x0, 0x0, 0x0, 0x0, 0x0, 0x0, 0x62, 0xff,
    0xff, 0xff, 0xfb, 0x33, 0x2, 0xc2, 0xff, 0xff,
    0xff, 0xd4, 0x8, 0x0, 0x0, 0x0, 0x0, 0x0,
    0x0, 0x0, 0x0, 0x0, 0x0, 0x0, 0xab, 0xff,
    0xff, 0xff, 0xcc, 0x74, 0xff, 0xff, 0xff, 0xf8,
    0x2e, 0x0, 0x0, 0x0, 0x0, 0x0, 0x0, 0x0,
    0x0, 0x0, 0x0, 0x0, 0x0, 0x11, 0xe3, 0xff,
    0xff, 0x98, 0xf8, 0xff, 0xff, 0xff, 0x71, 0x0,
    0x0, 0x0, 0x0, 0x0, 0x0, 0x0, 0x0, 0x0,
    0x0, 0x0, 0x0, 0x0, 0x0, 0x40, 0xfd, 0xff,
    0xf7, 0xff, 0xff, 0xff, 0xba, 0x1, 0x0, 0x0,
    0x0, 0x0, 0x0, 0x0, 0x0, 0x0, 0x0, 0x0,
    0x0, 0x0, 0x0, 0x0, 0x0, 0x87, 0xff, 0xff,
    0xff, 0xff, 0xec, 0x1a, 0x0, 0x0, 0x0, 0x0,
    0x0, 0x0, 0x0, 0x0, 0x0, 0x0, 0x0, 0x0,
    0x0, 0x0, 0x0, 0x0, 0x62, 0xff, 0xff, 0xff,
    0xff, 0xd8, 0x9, 0x0, 0x0, 0x0, 0x0, 0x0,
    0x0, 0x0, 0x0, 0x0, 0x0, 0x0, 0x0, 0x0,
    0x0, 0x0, 0x24, 0xf3, 0xff, 0xff, 0xff, 0xff,
    0xff, 0x96, 0x0, 0x0, 0x0, 0x0, 0x0, 0x0,
    0x0, 0x0, 0x0, 0x0, 0x0, 0x0, 0x0, 0x0,
    0x5, 0xca, 0xff, 0xff, 0xff, 0xff, 0xff, 0xff,
    0xff, 0x4d, 0x0, 0x0, 0x0, 0x0, 0x0, 0x0,
    0x0, 0x0, 0x0, 0x0, 0x0, 0x0, 0x0, 0x87,
    0xff, 0xff, 0xff, 0xef, 0xa3, 0xff, 0xff, 0xff,
    0xeb, 0x19, 0x0, 0x0, 0x0, 0x0, 0x0, 0x0,
    0x0, 0x0, 0x0, 0x0, 0x0, 0x41, 0xfd, 0xff,
    0xff, 0xff, 0x5a, 0x8, 0xd4, 0xff, 0xff, 0xff,
    0xba, 0x1, 0x0, 0x0, 0x0, 0x0, 0x0, 0x0,
    0x0, 0x0, 0x0, 0x12, 0xe3, 0xff, 0xff, 0xff,
    0xa8, 0x0, 0x0, 0x30, 0xfa, 0xff, 0xff, 0xff,
    0x72, 0x0, 0x0, 0x0, 0x0, 0x0, 0x0, 0x0,
    0x0, 0x0, 0xad, 0xff, 0xff, 0xff, 0xe4, 0x11,
    0x0, 0x0, 0x0, 0x79, 0xff, 0xff, 0xff, 0xf9,
    0x30, 0x0, 0x0, 0x0, 0x0, 0x0, 0x0, 0x0,
    0x66, 0xff, 0xff, 0xff, 0xfe, 0x44, 0x0, 0x0,
    0x0, 0x0, 0x3, 0xc4, 0xff, 0xff, 0xff, 0xd6,
    0x9, 0x0, 0x0, 0x0, 0x0, 0x0, 0x28, 0xf5,
    0xff, 0xff, 0xff, 0x90, 0x0, 0x0, 0x0, 0x0,
    0x0, 0x0, 0x22, 0xf3, 0xff, 0xff, 0xff, 0x97,
    0x0, 0x0, 0x0, 0x0, 0x6, 0xce, 0xff, 0xff,
    0xff, 0xd5, 0x8, 0x0, 0x0, 0x0, 0x0, 0x0,
    0x0, 0x0, 0x64, 0xff, 0xff, 0xff, 0xff, 0x4f,
    0x0, 0x0, 0x0, 0x8d, 0xff, 0xff, 0xff, 0xfa,
    0x31, 0x0, 0x0, 0x0, 0x0, 0x0, 0x0, 0x0,
    0x0, 0x0, 0xb2, 0xff, 0xff, 0xff, 0xeb, 0x19,
    0x0, 0x45, 0xfe, 0xff, 0xff, 0xff, 0x74, 0x0,
    0x0, 0x0, 0x0, 0x0, 0x0, 0x0, 0x0, 0x0,
    0x0, 0x16, 0xe8, 0xff, 0xff, 0xff, 0xbb, 0x1,
    0x20, 0xb3, 0xf7, 0xe4, 0x68, 0x0, 0x0, 0x0,
    0x0, 0x0, 0x0, 0x0, 0x0, 0x0, 0x0, 0x0,
    0x0, 0x2e, 0xc3, 0xf8, 0xe0, 0x6a, 0x0,

    /* U+0059 "Y" */
    0x50, 0xde, 0xf8, 0xdc, 0x70, 0x0, 0x0, 0x0,
    0x0, 0x0, 0x0, 0x0, 0x0, 0x0, 0x0, 0x0,
    0x0, 0x34, 0xbd, 0xf3, 0xec, 0xa5, 0x12, 0xee,
    0xff, 0xff, 0xff, 0x79, 0x0, 0x0, 0x0, 0x0,
    0x0, 0x0, 0x0, 0x0, 0x0, 0x0, 0x22, 0xf3,
    0xff, 0xff, 0xff, 0x69, 0x0, 0x72, 0xff, 0xff,
    0xff, 0xf8, 0x1e, 0x0, 0x0, 0x0, 0x0, 0x0,
    0x0, 0x0, 0x0, 0x0, 0xac, 0xff, 0xff, 0xff,
    0xd5, 0x3, 0x0, 0x6, 0xdc, 0xff, 0xff, 0xff,
    0xa0, 0x0, 0x0, 0x0, 0x0, 0x0, 0x0, 0x0,
    0x0, 0x2f, 0xfe, 0xff, 0xff, 0xff, 0x49, 0x0,
    0x0, 0x0, 0x53, 0xff, 0xff, 0xff, 0xfd, 0x2c,
    0x0, 0x0, 0x0, 0x0, 0x0, 0x0, 0x0, 0xb1,
    0xff, 0xff, 0xff, 0xb9, 0x0, 0x0, 0x0, 0x0,
    0x0, 0xc3, 0xff, 0xff, 0xff, 0xb3, 0x0, 0x0,
    0x0, 0x0, 0x0, 0x0, 0x34, 0xff, 0xff, 0xff,
    0xfc, 0x2c, 0x0, 0x0, 0x0, 0x0, 0x0, 0x35,
    0xfe, 0xff, 0xff, 0xff, 0x3c, 0x0, 0x0, 0x0,
    0x0, 0x0, 0xb6, 0xff, 0xff, 0xff, 0x99, 0x0,
    0x0, 0x0, 0x0, 0x0, 0x0, 0x0, 0xa4, 0xff,
    0xff, 0xff, 0xc5, 0x0, 0x0, 0x0, 0x0, 0x39,
    0xff, 0xff, 0xff, 0xf2, 0x17, 0x0, 0x0, 0x0,
    0x0, 0x0, 0x0, 0x0, 0x1d, 0xf6, 0xff, 0xff,
    0xff, 0x4f, 0x0, 0x0, 0x0, 0xbc, 0xff, 0xff,
    0xff, 0x79, 0x0, 0x0, 0x0, 0x0, 0x0, 0x0,
    0x0, 0x0, 0x0, 0x85, 0xff, 0xff, 0xff, 0xd5,
    0x3, 0x0, 0x3e, 0xff, 0xff, 0xff, 0xe1, 0x8,
    0x0, 0x0, 0x0, 0x0, 0x0, 0x0, 0x0, 0x0,
    0x0, 0xc, 0xe8, 0xff, 0xff, 0xff, 0x62, 0x0,
    0xc1, 0xff, 0xff, 0xff, 0x5a, 0x0, 0x0, 0x0,
    0x0, 0x0, 0x0, 0x0, 0x0, 0x0, 0x0, 0x0,
    0x65, 0xff, 0xff, 0xff, 0xe3, 0x4a, 0xff, 0xff,
    0xff, 0xc9, 0x1, 0x0, 0x0, 0x0, 0x0, 0x0,
    0x0, 0x0, 0x0, 0x0, 0x0, 0x0, 0x3, 0xd2,
    0xff, 0xff, 0xc7, 0xc6, 0xff, 0xff, 0xff, 0x3a,
    0x0, 0x0, 0x0, 0x0, 0x0, 0x0, 0x0, 0x0,
    0x0, 0x0, 0x0, 0x0, 0x0, 0x46, 0xff, 0xff,
    0xac, 0xff, 0xff, 0xff, 0xaa, 0x0, 0x0, 0x0,
    0x0, 0x0, 0x0, 0x0, 0x0, 0x0, 0x0, 0x0,
    0x0, 0x0, 0x0, 0x0, 0xb6, 0xff, 0xff, 0xff,
    0xff, 0xf8, 0x21, 0x0, 0x0, 0x0, 0x0, 0x0,
    0x0, 0x0, 0x0, 0x0, 0x0, 0x0, 0x0, 0x0,
    0x0, 0x0, 0x2a, 0xfc, 0xff, 0xff, 0xff, 0x8a,
    0x0, 0x0, 0x0, 0x0, 0x0, 0x0, 0x0, 0x0,
    0x0, 0x0, 0x0, 0x0, 0x0, 0x0, 0x0, 0x0,
    0x0, 0xec, 0xff, 0xff, 0xff, 0x50, 0x0, 0x0,
    0x0, 0x0, 0x0, 0x0, 0x0, 0x0, 0x0, 0x0,
    0x0, 0x0, 0x0, 0x0, 0x0, 0x0, 0x0, 0xec,
    0xff, 0xff, 0xff, 0x50, 0x0, 0x0, 0x0, 0x0,
    0x0, 0x0, 0x0, 0x0, 0x0, 0x0, 0x0, 0x0,
    0x0, 0x0, 0x0, 0x0, 0x0, 0xec, 0xff, 0xff,
    0xff, 0x50, 0x0, 0x0, 0x0, 0x0, 0x0, 0x0,
    0x0, 0x0, 0x0, 0x0, 0x0, 0x0, 0x0, 0x0,
    0x0, 0x0, 0x0, 0xec, 0xff, 0xff, 0xff, 0x50,
    0x0, 0x0, 0x0, 0x0, 0x0, 0x0, 0x0, 0x0,
    0x0, 0x0, 0x0, 0x0, 0x0, 0x0, 0x0, 0x0,
    0x0, 0xec, 0xff, 0xff, 0xff, 0x50, 0x0, 0x0,
    0x0, 0x0, 0x0, 0x0, 0x0, 0x0, 0x0, 0x0,
    0x0, 0x0, 0x0, 0x0, 0x0, 0x0, 0x0, 0xec,
    0xff, 0xff, 0xff, 0x4f, 0x0, 0x0, 0x0, 0x0,
    0x0, 0x0, 0x0, 0x0, 0x0, 0x0, 0x0, 0x0,
    0x0, 0x0, 0x0, 0x0, 0x0, 0xec, 0xff, 0xff,
    0xff, 0x37, 0x0, 0x0, 0x0, 0x0, 0x0, 0x0,
    0x0, 0x0, 0x0, 0x0, 0x0, 0x0, 0x0, 0x0,
    0x0, 0x0, 0x0, 0xec, 0xff, 0xff, 0xca, 0x2,
    0x0, 0x0, 0x0, 0x0, 0x0, 0x0, 0x0, 0x0,
    0x0, 0x0, 0x0, 0x0, 0x0, 0x0, 0x0, 0x0,
    0x0, 0xe0, 0xd6, 0x83, 0x10, 0x0, 0x0, 0x0,
    0x0, 0x0, 0x0, 0x0, 0x0, 0x0,

    /* U+005A "Z" */
    0x0, 0xbc, 0xff, 0xff, 0xff, 0xff, 0xff, 0xff,
    0xff, 0xff, 0xff, 0xff, 0xff, 0xff, 0xff, 0xff,
    0xff, 0xff, 0xff, 0xfe, 0xd7, 0x2d, 0x0, 0x92,
    0xff, 0xff, 0xff, 0xff, 0xff, 0xff, 0xff, 0xff,
    0xff, 0xff, 0xff, 0xff, 0xff, 0xff, 0xff, 0xff,
    0xff, 0xff, 0xff, 0x9f, 0x0, 0x22, 0xf1, 0xff,
    0xff, 0xff, 0xff, 0xff, 0xff, 0xff, 0xff, 0xff,
    0xff, 0xff, 0xff, 0xf5, 0xb8, 0xff, 0xff, 0xff,
    0xff, 0x89, 0x0, 0x0, 0x21, 0x83, 0xa5, 0xa8,
    0xa8, 0xa8, 0xa8, 0xa8, 0xa8, 0xa8, 0xa8, 0xa8,
    0xa8, 0x7e, 0xf6, 0xff, 0xff, 0xff, 0xdb, 0x10,
    0x0, 0x0, 0x0, 0x0, 0x0, 0x0, 0x0, 0x0,
    0x0, 0x0, 0x0, 0x0, 0x0, 0x0, 0x17, 0xe2,
    0xff, 0xff, 0xff, 0xf2, 0x2a, 0x0, 0x0, 0x0,
    0x0, 0x0, 0x0, 0x0, 0x0, 0x0, 0x0, 0x0,
    0x0, 0x0, 0x0, 0x6, 0xc4, 0xff, 0xff, 0xff,
    0xfe, 0x4f, 0x0, 0x0, 0x0, 0x0, 0x0, 0x0,
    0x0, 0x0, 0x0, 0x0, 0x0, 0x0, 0x0, 0x0,
    0x0, 0x9b, 0xff, 0xff, 0xff, 0xff, 0x7e, 0x0,
    0x0, 0x0, 0x0, 0x0, 0x0, 0x0, 0x0, 0x0,
    0x0, 0x0, 0x0, 0x0, 0x0, 0x0, 0x6d, 0xff,
    0xff, 0xff, 0xff, 0xad, 0x1, 0x0, 0x0, 0x0,
    0x0, 0x0, 0x0, 0x0, 0x0, 0x0, 0x0, 0x0,
    0x0, 0x0, 0x0, 0x42, 0xfb, 0xff, 0xff, 0xff,
    0xd3, 0xc, 0x0, 0x0, 0x0, 0x0, 0x0, 0x0,
    0x0, 0x0, 0x0, 0x0, 0x0, 0x0, 0x0, 0x0,
    0x22, 0xed, 0xff, 0xff, 0xff, 0xed, 0x22, 0x0,
    0x0, 0x0, 0x0, 0x0, 0x0, 0x0, 0x0, 0x0,
    0x0, 0x0, 0x0, 0x0, 0x0, 0xd, 0xd4, 0xff,
    0xff, 0xff, 0xfc, 0x45, 0x0, 0x0, 0x0, 0x0,
    0x0, 0x0, 0x0, 0x0, 0x0, 0x0, 0x0, 0x0,
    0x0, 0x0, 0x1, 0xb0, 0xff, 0xff, 0xff, 0xff,
    0x72, 0x0, 0x0, 0x0, 0x0, 0x0, 0x0, 0x0,
    0x0, 0x0, 0x0, 0x0, 0x0, 0x0, 0x0, 0x0,
    0x83, 0xff, 0xff, 0xff, 0xff, 0xa2, 0x0, 0x0,
    0x0, 0x0, 0x0, 0x0, 0x0, 0x0, 0x0, 0x0,
    0x0, 0x0, 0x0, 0x0, 0x0, 0x55, 0xff, 0xff,
    0xff, 0xff, 0xcb, 0x8, 0x0, 0x0, 0x0, 0x0,
    0x0, 0x0, 0x0, 0x0, 0x0, 0x0, 0x0, 0x0,
    0x0, 0x0, 0x30, 0xf5, 0xff, 0xff, 0xff, 0xe8,
    0x1c, 0x0, 0x0, 0x0, 0x0, 0x0, 0x0, 0x0,
    0x0, 0x0, 0x0, 0x0, 0x0, 0x0, 0x0, 0x15,
    0xe1, 0xff, 0xff, 0xff, 0xf9, 0x3b, 0x0, 0x0,
    0x0, 0x0, 0x0, 0x0, 0x0, 0x0, 0x0, 0x0,
    0x0, 0x0, 0x0, 0x0, 0x5, 0xc2, 0xff, 0xff,
    0xff, 0xff, 0x66, 0x0, 0x0, 0x0, 0x0, 0x0,
    0x0, 0x0, 0x0, 0x0, 0x0, 0x0, 0x0, 0x0,
    0x0, 0x0, 0x99, 0xff, 0xff, 0xff, 0xff, 0x96,
    0x0, 0x0, 0x0, 0x0, 0x0, 0x0, 0x0, 0x0,
    0x0, 0x0, 0x0, 0x0, 0x0, 0x0, 0x0, 0x6b,
    0xff, 0xff, 0xff, 0xff, 0xc2, 0x5, 0x0, 0x0,
    0x0, 0x0, 0x0, 0x0, 0x0, 0x0, 0x0, 0x0,
    0x0, 0x0, 0x0, 0x0, 0x40, 0xfb, 0xff, 0xff,
    0xff, 0xe2, 0x16, 0x0, 0x0, 0x0, 0x0, 0x0,
    0x0, 0x0, 0x0, 0x0, 0x0, 0x0, 0x0, 0x0,
    0x0, 0x20, 0xeb, 0xff, 0xff, 0xff, 0xf6, 0x32,
    0x0, 0x0, 0x0, 0x0, 0x0, 0x0, 0x0, 0x0,
    0x0, 0x0, 0x0, 0x0, 0x0, 0x0, 0xb, 0xd2,
    0xff, 0xff, 0xff, 0xff, 0x8a, 0xa4, 0xa4, 0xa4,
    0xa4, 0xa4, 0xa4, 0xa4, 0xa4, 0xa4, 0xa4, 0xa4,
    0xa1, 0x7f, 0x1f, 0x0, 0x76, 0xff, 0xff, 0xff,
    0xff, 0xcf, 0xe4, 0xff, 0xff, 0xff, 0xff, 0xff,
    0xff, 0xff, 0xff, 0xff, 0xff, 0xff, 0xff, 0xff,
    0xef, 0x1d, 0x87, 0xff, 0xff, 0xff, 0xff, 0xff,
    0xff, 0xff, 0xff, 0xff, 0xff, 0xff, 0xff, 0xff,
    0xff, 0xff, 0xff, 0xff, 0xff, 0xff, 0xff, 0x8c,
    0x1f, 0xce, 0xfd, 0xff, 0xff, 0xff, 0xff, 0xff,
    0xff, 0xff, 0xff, 0xff, 0xff, 0xff, 0xff, 0xff,
    0xff, 0xff, 0xff, 0xff, 0xff, 0xb7,

    /* U+005B "[" */
    0xcc, 0xff, 0xff, 0xff, 0xff, 0xff, 0xff, 0xff,
    0xff, 0xaa, 0xcc, 0xff, 0xff, 0xff, 0xff, 0xff,
    0xff, 0xff, 0xff, 0x8b, 0xcc, 0xff, 0xff, 0xff,
    0xff, 0xff, 0xff, 0xff, 0xfb, 0x2e, 0xcc, 0xff,
    0xff, 0xff, 0xce, 0xac, 0xab, 0x92, 0x39, 0x0,
    0xcc, 0xff, 0xff, 0xff, 0x68, 0x0, 0x0, 0x0,
    0x0, 0x0, 0xcc, 0xff, 0xff, 0xff, 0x68, 0x0,
    0x0, 0x0, 0x0, 0x0, 0xcc, 0xff, 0xff, 0xff,
    0x68, 0x0, 0x0, 0x0, 0x0, 0x0, 0xcc, 0xff,
    0xff, 0xff, 0x68, 0x0, 0x0, 0x0, 0x0, 0x0,
    0xcc, 0xff, 0xff, 0xff, 0x68, 0x0, 0x0, 0x0,
    0x0, 0x0, 0xcc, 0xff, 0xff, 0xff, 0x68, 0x0,
    0x0, 0x0, 0x0, 0x0, 0xcc, 0xff, 0xff, 0xff,
    0x68, 0x0, 0x0, 0x0, 0x0, 0x0, 0xcc, 0xff,
    0xff, 0xff, 0x68, 0x0, 0x0, 0x0, 0x0, 0x0,
    0xcc, 0xff, 0xff, 0xff, 0x68, 0x0, 0x0, 0x0,
    0x0, 0x0, 0xcc, 0xff, 0xff, 0xff, 0x68, 0x0,
    0x0, 0x0, 0x0, 0x0, 0xcc, 0xff, 0xff, 0xff,
    0x68, 0x0, 0x0, 0x0, 0x0, 0x0, 0xcc, 0xff,
    0xff, 0xff, 0x68, 0x0, 0x0, 0x0, 0x0, 0x0,
    0xcc, 0xff, 0xff, 0xff, 0x68, 0x0, 0x0, 0x0,
    0x0, 0x0, 0xcc, 0xff, 0xff, 0xff, 0x68, 0x0,
    0x0, 0x0, 0x0, 0x0, 0xcc, 0xff, 0xff, 0xff,
    0x68, 0x0, 0x0, 0x0, 0x0, 0x0, 0xcc, 0xff,
    0xff, 0xff, 0x68, 0x0, 0x0, 0x0, 0x0, 0x0,
    0xcc, 0xff, 0xff, 0xff, 0x68, 0x0, 0x0, 0x0,
    0x0, 0x0, 0xcc, 0xff, 0xff, 0xff, 0x68, 0x0,
    0x0, 0x0, 0x0, 0x0, 0xcc, 0xff, 0xff, 0xff,
    0x68, 0x0, 0x0, 0x0, 0x0, 0x0, 0xcc, 0xff,
    0xff, 0xff, 0x68, 0x0, 0x0, 0x0, 0x0, 0x0,
    0xcc, 0xff, 0xff, 0xff, 0x68, 0x0, 0x0, 0x0,
    0x0, 0x0, 0xcc, 0xff, 0xff, 0xff, 0x68, 0x0,
    0x0, 0x0, 0x0, 0x0, 0xcc, 0xff, 0xff, 0xff,
    0x68, 0x0, 0x0, 0x0, 0x0, 0x0, 0xcc, 0xff,
    0xff, 0xff, 0x68, 0x0, 0x0, 0x0, 0x0, 0x0,
    0xcc, 0xff, 0xff, 0xff, 0x68, 0x0, 0x0, 0x0,
    0x0, 0x0, 0xcc, 0xff, 0xff, 0xff, 0xd5, 0xb8,
    0xb7, 0x9c, 0x3f, 0x0, 0xcc, 0xff, 0xff, 0xff,
    0xff, 0xff, 0xff, 0xff, 0xfc, 0x30, 0xcc, 0xff,
    0xff, 0xff, 0xff, 0xff, 0xff, 0xff, 0xff, 0x8b,
    0xcc, 0xff, 0xff, 0xff, 0xff, 0xff, 0xff, 0xff,
    0xff, 0xab,

    /* U+005C "\\" */
    0x0, 0x3b, 0x73, 0x5b, 0x7, 0x0, 0x0, 0x0,
    0x0, 0x0, 0x0, 0x0, 0x0, 0x0, 0x0, 0x0,
    0x0, 0x0, 0x62, 0xff, 0xff, 0xff, 0xc4, 0x4,
    0x0, 0x0, 0x0, 0x0, 0x0, 0x0, 0x0, 0x0,
    0x0, 0x0, 0x0, 0x0, 0x12, 0xf2, 0xff, 0xff,
    0xff, 0x66, 0x0, 0x0, 0x0, 0x0, 0x0, 0x0,
    0x0, 0x0, 0x0, 0x0, 0x0, 0x0, 0x0, 0x87,
    0xff, 0xff, 0xff, 0xdf, 0x5, 0x0, 0x0, 0x0,
    0x0, 0x0, 0x0, 0x0, 0x0, 0x0, 0x0, 0x0,
    0x0, 0x14, 0xf4, 0xff, 0xff, 0xff, 0x63, 0x0,
    0x0, 0x0, 0x0, 0x0, 0x0, 0x0, 0x0, 0x0,
    0x0, 0x0, 0x0, 0x0, 0x8c, 0xff, 0xff, 0xff,
    0xdc, 0x4, 0x0, 0x0, 0x0, 0x0, 0x0, 0x0,
    0x0, 0x0, 0x0, 0x0, 0x0, 0x0, 0x17, 0xf6,
    0xff, 0xff, 0xff, 0x5f, 0x0, 0x0, 0x0, 0x0,
    0x0, 0x0, 0x0, 0x0, 0x0, 0x0, 0x0, 0x0,
    0x0, 0x91, 0xff, 0xff, 0xff, 0xd9, 0x3, 0x0,
    0x0, 0x0, 0x0, 0x0, 0x0, 0x0, 0x0, 0x0,
    0x0, 0x0, 0x0, 0x1a, 0xf8, 0xff, 0xff, 0xff,
    0x5b, 0x0, 0x0, 0x0, 0x0, 0x0, 0x0, 0x0,
    0x0, 0x0, 0x0, 0x0, 0x0, 0x0, 0x95, 0xff,
    0xff, 0xff, 0xd6, 0x2, 0x0, 0x0, 0x0, 0x0,
    0x0, 0x0, 0x0, 0x0, 0x0, 0x0, 0x0, 0x0,
    0x1d, 0xf9, 0xff, 0xff, 0xff, 0x57, 0x0, 0x0,
    0x0, 0x0, 0x0, 0x0, 0x0, 0x0, 0x0, 0x0,
    0x0, 0x0, 0x0, 0x9a, 0xff, 0xff, 0xff, 0xd3,
    0x1, 0x0, 0x0, 0x0, 0x0, 0x0, 0x0, 0x0,
    0x0, 0x0, 0x0, 0x0, 0x0, 0x20, 0xfb, 0xff,
    0xff, 0xff, 0x53, 0x0, 0x0, 0x0, 0x0, 0x0,
    0x0, 0x0, 0x0, 0x0, 0x0, 0x0, 0x0, 0x0,
    0x9e, 0xff, 0xff, 0xff, 0xd0, 0x1, 0x0, 0x0,
    0x0, 0x0, 0x0, 0x0, 0x0, 0x0, 0x0, 0x0,
    0x0, 0x0, 0x24, 0xfc, 0xff, 0xff, 0xff, 0x50,
    0x0, 0x0, 0x0, 0x0, 0x0, 0x0, 0x0, 0x0,
    0x0, 0x0, 0x0, 0x0, 0x0, 0xa3, 0xff, 0xff,
    0xff, 0xcd, 0x0, 0x0, 0x0, 0x0, 0x0, 0x0,
    0x0, 0x0, 0x0, 0x0, 0x0, 0x0, 0x0, 0x27,
    0xfd, 0xff, 0xff, 0xff, 0x4c, 0x0, 0x0, 0x0,
    0x0, 0x0, 0x0, 0x0, 0x0, 0x0, 0x0, 0x0,
    0x0, 0x0, 0xa8, 0xff, 0xff, 0xff, 0xc9, 0x0,
    0x0, 0x0, 0x0, 0x0, 0x0, 0x0, 0x0, 0x0,
    0x0, 0x0, 0x0, 0x0, 0x2b, 0xfe, 0xff, 0xff,
    0xff, 0x48, 0x0, 0x0, 0x0, 0x0, 0x0, 0x0,
    0x0, 0x0, 0x0, 0x0, 0x0, 0x0, 0x0, 0xac,
    0xff, 0xff, 0xff, 0xc6, 0x0, 0x0, 0x0, 0x0,
    0x0, 0x0, 0x0, 0x0, 0x0, 0x0, 0x0, 0x0,
    0x0, 0x2f, 0xfe, 0xff, 0xff, 0xff, 0x44, 0x0,
    0x0, 0x0, 0x0, 0x0, 0x0, 0x0, 0x0, 0x0,
    0x0, 0x0, 0x0, 0x0, 0xb1, 0xff, 0xff, 0xff,
    0xc2, 0x0, 0x0, 0x0, 0x0, 0x0, 0x0, 0x0,
    0x0, 0x0, 0x0, 0x0, 0x0, 0x0, 0x33, 0xff,
    0xff, 0xff, 0xff, 0x40, 0x0, 0x0, 0x0, 0x0,
    0x0, 0x0, 0x0, 0x0, 0x0, 0x0, 0x0, 0x0,
    0x0, 0xb5, 0xff, 0xff, 0xff, 0xbe, 0x0, 0x0,
    0x0, 0x0, 0x0, 0x0, 0x0, 0x0, 0x0, 0x0,
    0x0, 0x0, 0x0, 0x38, 0xff, 0xff, 0xff, 0xff,
    0x3c, 0x0, 0x0, 0x0, 0x0, 0x0, 0x0, 0x0,
    0x0, 0x0, 0x0, 0x0, 0x0, 0x0, 0xba, 0xff,
    0xff, 0xff, 0xbb, 0x0, 0x0, 0x0, 0x0, 0x0,
    0x0, 0x0, 0x0, 0x0, 0x0, 0x0, 0x0, 0x0,
    0x39, 0xfe, 0xff, 0xff, 0xff, 0x39, 0x0, 0x0,
    0x0, 0x0, 0x0, 0x0, 0x0, 0x0, 0x0, 0x0,
    0x0, 0x0, 0x0, 0x65, 0xe2, 0xf1, 0xb6, 0x29,

    /* U+005D "]" */
    0x8c, 0xff, 0xff, 0xff, 0xff, 0xff, 0xff, 0xff,
    0xff, 0xec, 0x6b, 0xff, 0xff, 0xff, 0xff, 0xff,
    0xff, 0xff, 0xff, 0xec, 0x16, 0xf3, 0xff, 0xff,
    0xff, 0xff, 0xff, 0xff, 0xff, 0xec, 0x0, 0x2a,
    0x8c, 0xaa, 0xac, 0xc3, 0xff, 0xff, 0xff, 0xec,
    0x0, 0x0, 0x0, 0x0, 0x0, 0x48, 0xff, 0xff,
    0xff, 0xec, 0x0, 0x0, 0x0, 0x0, 0x0, 0x48,
    0xff, 0xff, 0xff, 0xec, 0x0, 0x0, 0x0, 0x0,
    0x0, 0x48, 0xff, 0xff, 0xff, 0xec, 0x0, 0x0,
    0x0, 0x0, 0x0, 0x48, 0xff, 0xff, 0xff, 0xec,
    0x0, 0x0, 0x0, 0x0, 0x0, 0x48, 0xff, 0xff,
    0xff, 0xec, 0x0, 0x0, 0x0, 0x0, 0x0, 0x48,
    0xff, 0xff, 0xff, 0xec, 0x0, 0x0, 0x0, 0x0,
    0x0, 0x48, 0xff, 0xff, 0xff, 0xec, 0x0, 0x0,
    0x0, 0x0, 0x0, 0x48, 0xff, 0xff, 0xff, 0xec,
    0x0, 0x0, 0x0, 0x0, 0x0, 0x48, 0xff, 0xff,
    0xff, 0xec, 0x0, 0x0, 0x0, 0x0, 0x0, 0x48,
    0xff, 0xff, 0xff, 0xec, 0x0, 0x0, 0x0, 0x0,
    0x0, 0x48, 0xff, 0xff, 0xff, 0xec, 0x0, 0x0,
    0x0, 0x0, 0x0, 0x48, 0xff, 0xff, 0xff, 0xec,
    0x0, 0x0, 0x0, 0x0, 0x0, 0x48, 0xff, 0xff,
    0xff, 0xec, 0x0, 0x0, 0x0, 0x0, 0x0, 0x48,
    0xff, 0xff, 0xff, 0xec, 0x0, 0x0, 0x0, 0x0,
    0x0, 0x48, 0xff, 0xff, 0xff, 0xec, 0x0, 0x0,
    0x0, 0x0, 0x0, 0x48, 0xff, 0xff, 0xff, 0xec,
    0x0, 0x0, 0x0, 0x0, 0x0, 0x48, 0xff, 0xff,
    0xff, 0xec, 0x0, 0x0, 0x0, 0x0, 0x0, 0x48,
    0xff, 0xff, 0xff, 0xec, 0x0, 0x0, 0x0, 0x0,
    0x0, 0x48, 0xff, 0xff, 0xff, 0xec, 0x0, 0x0,
    0x0, 0x0, 0x0, 0x48, 0xff, 0xff, 0xff, 0xec,
    0x0, 0x0, 0x0, 0x0, 0x0, 0x48, 0xff, 0xff,
    0xff, 0xec, 0x0, 0x0, 0x0, 0x0, 0x0, 0x48,
    0xff, 0xff, 0xff, 0xec, 0x0, 0x0, 0x0, 0x0,
    0x0, 0x48, 0xff, 0xff, 0xff, 0xec, 0x0, 0x0,
    0x0, 0x0, 0x0, 0x48, 0xff, 0xff, 0xff, 0xec,
    0x0, 0x0, 0x0, 0x0, 0x0, 0x48, 0xff, 0xff,
    0xff, 0xec, 0x0, 0x2f, 0x96, 0xb6, 0xb8, 0xcc,
    0xff, 0xff, 0xff, 0xec, 0x17, 0xf5, 0xff, 0xff,
    0xff, 0xff, 0xff, 0xff, 0xff, 0xec, 0x6c, 0xff,
    0xff, 0xff, 0xff, 0xff, 0xff, 0xff, 0xff, 0xec,
    0x8b, 0xff, 0xff, 0xff, 0xff, 0xff, 0xff, 0xff,
    0xff, 0xec,

    /* U+005E "^" */
    0x0, 0x0, 0x0, 0x0, 0x0, 0x0, 0x0, 0x0,
    0x9, 0x65, 0x73, 0x1d, 0x0, 0x0, 0x0, 0x0,
    0x0, 0x0, 0x0, 0x0, 0x0, 0x0, 0x0, 0x0,
    0x0, 0x0, 0x0, 0x0, 0xac, 0xff, 0xff, 0xe5,
    0xc, 0x0, 0x0, 0x0, 0x0, 0x0, 0x0, 0x0,
    0x0, 0x0, 0x0, 0x0, 0x0, 0x0, 0x0, 0x34,
    0xff, 0xff, 0xff, 0xff, 0x78, 0x0, 0x0, 0x0,
    0x0, 0x0, 0x0, 0x0, 0x0, 0x0, 0x0, 0x0,
    0x0, 0x0, 0x0, 0xb4, 0xff, 0xff, 0xff, 0xff,
    0xec, 0xd, 0x0, 0x0, 0x0, 0x0, 0x0, 0x0,
    0x0, 0x0, 0x0, 0x0, 0x0, 0x0, 0x33, 0xff,
    0xff, 0xff, 0xff, 0xff, 0xff, 0x7a, 0x0, 0x0,
    0x0, 0x0, 0x0, 0x0, 0x0, 0x0, 0x0, 0x0,
    0x0, 0x0, 0xb3, 0xff, 0xff, 0xff, 0xff, 0xff,
    0xff, 0xed, 0xd, 0x0, 0x0, 0x0, 0x0, 0x0,
    0x0, 0x0, 0x0, 0x0, 0x0, 0x32, 0xff, 0xff,
    0xff, 0xee, 0xb1, 0xff, 0xff, 0xff, 0x7b, 0x0,
    0x0, 0x0, 0x0, 0x0, 0x0, 0x0, 0x0, 0x0,
    0x0, 0xb2, 0xff, 0xff, 0xff, 0x7e, 0x2a, 0xfd,
    0xff, 0xff, 0xee, 0xe, 0x0, 0x0, 0x0, 0x0,
    0x0, 0x0, 0x0, 0x0, 0x32, 0xff, 0xff, 0xff,
    0xf0, 0xf, 0x0, 0xaa, 0xff, 0xff, 0xff, 0x7d,
    0x0, 0x0, 0x0, 0x0, 0x0, 0x0, 0x0, 0x0,
    0xb1, 0xff, 0xff, 0xff, 0x82, 0x0, 0x0, 0x2e,
    0xfe, 0xff, 0xff, 0xef, 0xf, 0x0, 0x0, 0x0,
    0x0, 0x0, 0x0, 0x31, 0xff, 0xff, 0xff, 0xf2,
    0x12, 0x0, 0x0, 0x0, 0xaf, 0xff, 0xff, 0xff,
    0x7f, 0x0, 0x0, 0x0, 0x0, 0x0, 0x0, 0xb1,
    0xff, 0xff, 0xff, 0x87, 0x0, 0x0, 0x0, 0x0,
    0x32, 0xff, 0xff, 0xff, 0xf0, 0x10, 0x0, 0x0,
    0x0, 0x0, 0x30, 0xff, 0xff, 0xff, 0xf4, 0x14,
    0x0, 0x0, 0x0, 0x0, 0x0, 0xb4, 0xff, 0xff,
    0xff, 0x81, 0x0, 0x0, 0x0, 0x0, 0xb0, 0xff,
    0xff, 0xff, 0x8b, 0x0, 0x0, 0x0, 0x0, 0x0,
    0x0, 0x36, 0xff, 0xff, 0xff, 0xf1, 0x11, 0x0,
    0x0, 0x30, 0xfe, 0xff, 0xff, 0xf6, 0x17, 0x0,
    0x0, 0x0, 0x0, 0x0, 0x0, 0x0, 0xb9, 0xff,
    0xff, 0xff, 0x83, 0x0, 0x0, 0xaf, 0xff, 0xff,
    0xff, 0x8f, 0x0, 0x0, 0x0, 0x0, 0x0, 0x0,
    0x0, 0x0, 0x3b, 0xff, 0xff, 0xff, 0xf1, 0x12,
    0x2f, 0xfe, 0xff, 0xff, 0xf4, 0x19, 0x0, 0x0,
    0x0, 0x0, 0x0, 0x0, 0x0, 0x0, 0x0, 0xba,
    0xff, 0xff, 0xff, 0x84, 0x46, 0xdc, 0xf8, 0xd0,
    0x46, 0x0, 0x0, 0x0, 0x0, 0x0, 0x0, 0x0,
    0x0, 0x0, 0x0, 0x1a, 0xb0, 0xf4, 0xeb, 0x8a,

    /* U+005F "_" */
    0x0, 0x7, 0x4c, 0x6e, 0x70, 0x70, 0x70, 0x70,
    0x70, 0x70, 0x70, 0x70, 0x70, 0x70, 0x70, 0x70,
    0x70, 0x70, 0x4f, 0x5, 0xca, 0xff, 0xff, 0xff,
    0xff, 0xff, 0xff, 0xff, 0xff, 0xff, 0xff, 0xff,
    0xff, 0xff, 0xff, 0xff, 0xff, 0x9e, 0x5b, 0xff,
    0xff, 0xff, 0xff, 0xff, 0xff, 0xff, 0xff, 0xff,
    0xff, 0xff, 0xff, 0xff, 0xff, 0xff, 0xff, 0xff,
    0x51, 0x89, 0xff, 0xff, 0xff, 0xff, 0xff, 0xff,
    0xff, 0xff, 0xff, 0xff, 0xff, 0xff, 0xff, 0xff,
    0xff, 0xe5, 0x80, 0x1,

    /* U+0060 "`" */
    0x32, 0x80, 0x80, 0x76, 0x4c, 0x4, 0x0, 0x0,
    0x0, 0x0, 0x6, 0xc7, 0xff, 0xff, 0xff, 0xc9,
    0xb, 0x0, 0x0, 0x0, 0x0, 0x1a, 0xe7, 0xff,
    0xff, 0xff, 0x89, 0x0, 0x0, 0x0, 0x0, 0x0,
    0x3c, 0xfa, 0xff, 0xff, 0xf8, 0x21, 0x0, 0x0,
    0x0, 0x0, 0x0, 0x6d, 0xff, 0xff, 0xff, 0xaa,
    0x0, 0x0, 0x0, 0x0, 0x0, 0x0, 0xa1, 0xff,
    0xff, 0xff, 0x3b, 0x0, 0x0, 0x0, 0x0, 0x0,
    0x9, 0xce, 0xff, 0xff, 0xc9, 0x1, 0x0, 0x0,
    0x0, 0x0, 0x0, 0x1b, 0xbf, 0xf7, 0xff, 0x5b,

    /* U+0061 "a" */
    0x0, 0x0, 0x0, 0x9, 0x5e, 0xa7, 0xdb, 0xf1,
    0xfa, 0xec, 0xc9, 0x8b, 0x28, 0x0, 0x0, 0x0,
    0x0, 0x0, 0x4d, 0xe8, 0xff, 0xff, 0xff, 0xff,
    0xff, 0xff, 0xff, 0xff, 0xfd, 0x8a, 0x2, 0x0,
    0x0, 0x3a, 0xfb, 0xff, 0xff, 0xff, 0xff, 0xff,
    0xff, 0xff, 0xff, 0xff, 0xff, 0xff, 0x94, 0x0,
    0x0, 0x90, 0xff, 0xff, 0xf3, 0x93, 0x4c, 0x30,
    0x34, 0x58, 0xc1, 0xff, 0xff, 0xff, 0xff, 0x37,
    0x0, 0x46, 0xfb, 0xcf, 0x1d, 0x0, 0x0, 0x0,
    0x0, 0x0, 0x0, 0x97, 0xff, 0xff, 0xff, 0x93,
    0x0, 0x0, 0x2f, 0x19, 0x0, 0x0, 0x0, 0x0,
    0x0, 0x0, 0x0, 0x1f, 0xff, 0xff, 0xff, 0xc1,
    0x0, 0x0, 0x0, 0x16, 0x73, 0xbf, 0xe0, 0xf1,
    0xdf, 0xaf, 0x59, 0x7, 0xff, 0xff, 0xff, 0xd2,
    0x0, 0x0, 0x5f, 0xef, 0xff, 0xff, 0xff, 0xff,
    0xff, 0xff, 0xff, 0xcf, 0xb4, 0xff, 0xff, 0xd4,
    0x0, 0x5c, 0xfe, 0xff, 0xff, 0xff, 0xff, 0xff,
    0xff, 0xff, 0xff, 0xff, 0xf2, 0xff, 0xff, 0xd4,
    0xc, 0xed, 0xff, 0xff, 0xff, 0xb3, 0x3a, 0xf,
    0x11, 0x35, 0x9a, 0xfd, 0xff, 0xff, 0xff, 0xd4,
    0x5e, 0xff, 0xff, 0xff, 0xb8, 0x1, 0x0, 0x0,
    0x0, 0x0, 0x0, 0x6a, 0xff, 0xff, 0xff, 0xd4,
    0x85, 0xff, 0xff, 0xff, 0x5a, 0x0, 0x0, 0x0,
    0x0, 0x0, 0x0, 0x6, 0xfb, 0xff, 0xff, 0xd4,
    0x89, 0xff, 0xff, 0xff, 0x56, 0x0, 0x0, 0x0,
    0x0, 0x0, 0x0, 0x4, 0xfa, 0xff, 0xff, 0xd4,
    0x67, 0xff, 0xff, 0xff, 0xa8, 0x0, 0x0, 0x0,
    0x0, 0x0, 0x0, 0x5e, 0xff, 0xff, 0xff, 0xd4,
    0x16, 0xf7, 0xff, 0xff, 0xff, 0x9d, 0x2c, 0x7,
    0x9, 0x2b, 0x8c, 0xf9, 0xff, 0xff, 0xff, 0xd4,
    0x0, 0x7d, 0xff, 0xff, 0xff, 0xff, 0xff, 0xfe,
    0xff, 0xff, 0xff, 0xff, 0xd0, 0xff, 0xff, 0xc8,
    0x0, 0x0, 0x87, 0xfd, 0xff, 0xff, 0xff, 0xff,
    0xff, 0xff, 0xff, 0x9c, 0xc0, 0xff, 0xff, 0x8b,
    0x0, 0x0, 0x0, 0x30, 0x94, 0xd8, 0xf3, 0xf5,
    0xdd, 0x9e, 0x3b, 0x0, 0xd4, 0xe3, 0x96, 0x9,

    /* U+0062 "b" */
    0x0, 0x67, 0xcc, 0xee, 0x27, 0x0, 0x0, 0x0,
    0x0, 0x0, 0x0, 0x0, 0x0, 0x0, 0x0, 0x0,
    0x6c, 0xff, 0xff, 0xff, 0x28, 0x0, 0x0, 0x0,
    0x0, 0x0, 0x0, 0x0, 0x0, 0x0, 0x0, 0x0,
    0xbd, 0xff, 0xff, 0xff, 0x28, 0x0, 0x0, 0x0,
    0x0, 0x0, 0x0, 0x0, 0x0, 0x0, 0x0, 0x0,
    0xcc, 0xff, 0xff, 0xff, 0x28, 0x0, 0x0, 0x0,
    0x0, 0x0, 0x0, 0x0, 0x0, 0x0, 0x0, 0x0,
    0xcc, 0xff, 0xff, 0xff, 0x28, 0x0, 0x0, 0x0,
    0x0, 0x0, 0x0, 0x0, 0x0, 0x0, 0x0, 0x0,
    0xcc, 0xff, 0xff, 0xff, 0x28, 0x0, 0x0, 0x0,
    0x0, 0x0, 0x0, 0x0, 0x0, 0x0, 0x0, 0x0,
    0xcc, 0xff, 0xff, 0xff, 0x28, 0x0, 0x0, 0x0,
    0x0, 0x0, 0x0, 0x0, 0x0, 0x0, 0x0, 0x0,
    0xcc, 0xff, 0xff, 0xff, 0x28, 0x22, 0x87, 0xd0,
    0xf3, 0xf5, 0xdb, 0x9f, 0x38, 0x0, 0x0, 0x0,
    0xcc, 0xff, 0xff, 0xd5, 0x9c, 0xfb, 0xff, 0xff,
    0xff, 0xff, 0xff, 0xff, 0xff, 0x98, 0x4, 0x0,
    0xcc, 0xff, 0xff, 0xf7, 0xff, 0xff, 0xff, 0xff,
    0xff, 0xff, 0xff, 0xff, 0xff, 0xff, 0x97, 0x0,
    0xcc, 0xff, 0xff, 0xff, 0xff, 0xfb, 0xa9, 0x7c,
    0x7d, 0xa4, 0xf7, 0xff, 0xff, 0xff, 0xfe, 0x31,
    0xcc, 0xff, 0xff, 0xff, 0xda, 0x23, 0x0, 0x0,
    0x0, 0x0, 0x1b, 0xd8, 0xff, 0xff, 0xff, 0x88,
    0xcc, 0xff, 0xff, 0xff, 0x48, 0x0, 0x0, 0x0,
    0x0, 0x0, 0x0, 0x54, 0xff, 0xff, 0xff, 0xb1,
    0xcc, 0xff, 0xff, 0xff, 0x20, 0x0, 0x0, 0x0,
    0x0, 0x0, 0x0, 0x2e, 0xff, 0xff, 0xff, 0xbf,
    0xcc, 0xff, 0xff, 0xff, 0x20, 0x0, 0x0, 0x0,
    0x0, 0x0, 0x0, 0x2c, 0xff, 0xff, 0xff, 0xc0,
    0xcc, 0xff, 0xff, 0xff, 0x20, 0x0, 0x0, 0x0,
    0x0, 0x0, 0x0, 0x2c, 0xff, 0xff, 0xff, 0xc0,
    0xcc, 0xff, 0xff, 0xff, 0x20, 0x0, 0x0, 0x0,
    0x0, 0x0, 0x0, 0x2c, 0xff, 0xff, 0xff, 0xc0,
    0xcc, 0xff, 0xff, 0xff, 0x20, 0x0, 0x0, 0x0,
    0x0, 0x0, 0x0, 0x2c, 0xff, 0xff, 0xff, 0xc0,
    0xcc, 0xff, 0xff, 0xff, 0x21, 0x0, 0x0, 0x0,
    0x0, 0x0, 0x0, 0x31, 0xff, 0xff, 0xff, 0xbf,
    0xcc, 0xff, 0xff, 0xff, 0x49, 0x0, 0x0, 0x0,
    0x0, 0x0, 0x0, 0x5d, 0xff, 0xff, 0xff, 0xa8,
    0xcc, 0xff, 0xff, 0xff, 0xda, 0x24, 0x0, 0x0,
    0x0, 0x0, 0x1b, 0xdf, 0xff, 0xff, 0xff, 0x7b,
    0xcc, 0xff, 0xff, 0xff, 0xff, 0xfb, 0xae, 0x83,
    0x83, 0xa8, 0xf7, 0xff, 0xff, 0xff, 0xf9, 0x18,
    0xcc, 0xff, 0xff, 0xb4, 0xf8, 0xff, 0xff, 0xff,
    0xff, 0xff, 0xff, 0xff, 0xff, 0xff, 0x6b, 0x0,
    0xcc, 0xff, 0xff, 0xb8, 0x46, 0xea, 0xff, 0xff,
    0xff, 0xff, 0xff, 0xff, 0xf8, 0x71, 0x0, 0x0,
    0xc9, 0xeb, 0xb3, 0x21, 0x0, 0x17, 0x80, 0xd0,
    0xf1, 0xf3, 0xd4, 0x8b, 0x24, 0x0, 0x0, 0x0,

    /* U+0063 "c" */
    0x0, 0x0, 0x0, 0x0, 0x21, 0x7c, 0xc8, 0xe6,
    0xfa, 0xeb, 0xd0, 0x93, 0x3b, 0x0, 0x0, 0x0,
    0x0, 0x0, 0x2, 0x7a, 0xf8, 0xff, 0xff, 0xff,
    0xff, 0xff, 0xff, 0xff, 0xff, 0xb4, 0xf, 0x0,
    0x0, 0x0, 0x8f, 0xff, 0xff, 0xff, 0xff, 0xff,
    0xff, 0xff, 0xff, 0xff, 0xff, 0xff, 0xc7, 0x2,
    0x0, 0x46, 0xff, 0xff, 0xff, 0xff, 0xed, 0x98,
    0x76, 0x92, 0xe0, 0xff, 0xff, 0xff, 0xff, 0x53,
    0x0, 0xb7, 0xff, 0xff, 0xff, 0xbd, 0x13, 0x0,
    0x0, 0x0, 0xa, 0xa4, 0xff, 0xff, 0xff, 0x82,
    0x0, 0xf0, 0xff, 0xff, 0xfd, 0x1d, 0x0, 0x0,
    0x0, 0x0, 0x0, 0x9, 0xec, 0xff, 0xff, 0x50,
    0xe, 0xff, 0xff, 0xff, 0xde, 0x0, 0x0, 0x0,
    0x0, 0x0, 0x0, 0x0, 0x9a, 0xc5, 0x62, 0x0,
    0x14, 0xff, 0xff, 0xff, 0xd8, 0x0, 0x0, 0x0,
    0x0, 0x0, 0x0, 0x0, 0x0, 0x0, 0x0, 0x0,
    0x14, 0xff, 0xff, 0xff, 0xd8, 0x0, 0x0, 0x0,
    0x0, 0x0, 0x0, 0x0, 0x0, 0x0, 0x0, 0x0,
    0x14, 0xff, 0xff, 0xff, 0xd8, 0x0, 0x0, 0x0,
    0x0, 0x0, 0x0, 0x0, 0x0, 0x0, 0x0, 0x0,
    0x14, 0xff, 0xff, 0xff, 0xd8, 0x0, 0x0, 0x0,
    0x0, 0x0, 0x0, 0x0, 0x0, 0x0, 0x0, 0x0,
    0x12, 0xff, 0xff, 0xff, 0xdb, 0x0, 0x0, 0x0,
    0x0, 0x0, 0x0, 0x0, 0x8b, 0xca, 0x73, 0x1,
    0x1, 0xf7, 0xff, 0xff, 0xfa, 0x14, 0x0, 0x0,
    0x0, 0x0, 0x0, 0x4, 0xde, 0xff, 0xff, 0x69,
    0x0, 0xc7, 0xff, 0xff, 0xff, 0xb4, 0x10, 0x0,
    0x0, 0x0, 0x7, 0x97, 0xff, 0xff, 0xff, 0x9a,
    0x0, 0x58, 0xff, 0xff, 0xff, 0xff, 0xef, 0x9e,
    0x7d, 0x95, 0xde, 0xff, 0xff, 0xff, 0xff, 0x6b,
    0x0, 0x1, 0xa3, 0xff, 0xff, 0xff, 0xff, 0xff,
    0xff, 0xff, 0xff, 0xff, 0xff, 0xff, 0xdb, 0x9,
    0x0, 0x0, 0x5, 0x89, 0xfb, 0xff, 0xff, 0xff,
    0xff, 0xff, 0xff, 0xff, 0xff, 0xc5, 0x1a, 0x0,
    0x0, 0x0, 0x0, 0x0, 0x25, 0x80, 0xc8, 0xe7,
    0xfa, 0xee, 0xd5, 0x9a, 0x46, 0x0, 0x0, 0x0,

    /* U+0064 "d" */
    0x0, 0x0, 0x0, 0x0, 0x0, 0x0, 0x0, 0x0,
    0x0, 0x0, 0x0, 0x0, 0x0, 0x40, 0xbd, 0xef,
    0x76, 0x0, 0x0, 0x0, 0x0, 0x0, 0x0, 0x0,
    0x0, 0x0, 0x0, 0x0, 0x0, 0x26, 0xf6, 0xff,
    0xff, 0x78, 0x0, 0x0, 0x0, 0x0, 0x0, 0x0,
    0x0, 0x0, 0x0, 0x0, 0x0, 0x0, 0x6c, 0xff,
    0xff, 0xff, 0x78, 0x0, 0x0, 0x0, 0x0, 0x0,
    0x0, 0x0, 0x0, 0x0, 0x0, 0x0, 0x0, 0x7c,
    0xff, 0xff, 0xff, 0x78, 0x0, 0x0, 0x0, 0x0,
    0x0, 0x0, 0x0, 0x0, 0x0, 0x0, 0x0, 0x0,
    0x7c, 0xff, 0xff, 0xff, 0x78, 0x0, 0x0, 0x0,
    0x0, 0x0, 0x0, 0x0, 0x0, 0x0, 0x0, 0x0,
    0x0, 0x7c, 0xff, 0xff, 0xff, 0x78, 0x0, 0x0,
    0x0, 0x0, 0x0, 0x0, 0x0, 0x0, 0x0, 0x0,
    0x0, 0x0, 0x7c, 0xff, 0xff, 0xff, 0x78, 0x0,
    0x0, 0x0, 0x0, 0x40, 0x9d, 0xd9, 0xf4, 0xf0,
    0xca, 0x7a, 0x12, 0x7c, 0xff, 0xff, 0xff, 0x78,
    0x0, 0x0, 0xf, 0xaa, 0xff, 0xff, 0xff, 0xff,
    0xff, 0xff, 0xff, 0xf0, 0x96, 0xf8, 0xff, 0xff,
    0x78, 0x0, 0x6, 0xbf, 0xff, 0xff, 0xff, 0xff,
    0xff, 0xff, 0xff, 0xff, 0xff, 0xff, 0xf8, 0xff,
    0xff, 0x78, 0x0, 0x6c, 0xff, 0xff, 0xff, 0xff,
    0xdf, 0x91, 0x75, 0x87, 0xc2, 0xff, 0xff, 0xff,
    0xff, 0xff, 0x78, 0x0, 0xd3, 0xff, 0xff, 0xff,
    0xa1, 0x5, 0x0, 0x0, 0x0, 0x0, 0x4d, 0xfa,
    0xff, 0xff, 0xff, 0x78, 0x3, 0xfa, 0xff, 0xff,
    0xfc, 0xc, 0x0, 0x0, 0x0, 0x0, 0x0, 0x0,
    0x9a, 0xff, 0xff, 0xff, 0x78, 0x13, 0xff, 0xff,
    0xff, 0xdc, 0x0, 0x0, 0x0, 0x0, 0x0, 0x0,
    0x0, 0x75, 0xff, 0xff, 0xff, 0x78, 0x14, 0xff,
    0xff, 0xff, 0xd8, 0x0, 0x0, 0x0, 0x0, 0x0,
    0x0, 0x0, 0x74, 0xff, 0xff, 0xff, 0x78, 0x14,
    0xff, 0xff, 0xff, 0xd8, 0x0, 0x0, 0x0, 0x0,
    0x0, 0x0, 0x0, 0x74, 0xff, 0xff, 0xff, 0x78,
    0x14, 0xff, 0xff, 0xff, 0xd8, 0x0, 0x0, 0x0,
    0x0, 0x0, 0x0, 0x0, 0x74, 0xff, 0xff, 0xff,
    0x78, 0x14, 0xff, 0xff, 0xff, 0xd8, 0x0, 0x0,
    0x0, 0x0, 0x0, 0x0, 0x0, 0x74, 0xff, 0xff,
    0xff, 0x78, 0x13, 0xff, 0xff, 0xff, 0xdc, 0x0,
    0x0, 0x0, 0x0, 0x0, 0x0, 0x0, 0x75, 0xff,
    0xff, 0xff, 0x78, 0x3, 0xfa, 0xff, 0xff, 0xfc,
    0xc, 0x0, 0x0, 0x0, 0x0, 0x0, 0x0, 0x9e,
    0xff, 0xff, 0xff, 0x78, 0x0, 0xd5, 0xff, 0xff,
    0xff, 0xa1, 0x5, 0x0, 0x0, 0x0, 0x0, 0x59,
    0xfc, 0xff, 0xff, 0xff, 0x78, 0x0, 0x74, 0xff,
    0xff, 0xff, 0xff, 0xe2, 0x97, 0x7c, 0x8f, 0xcd,
    0xff, 0xff, 0xff, 0xff, 0xff, 0x78, 0x0, 0xa,
    0xcf, 0xff, 0xff, 0xff, 0xff, 0xff, 0xff, 0xff,
    0xff, 0xff, 0xd3, 0xd6, 0xff, 0xff, 0x67, 0x0,
    0x0, 0x1b, 0xc4, 0xff, 0xff, 0xff, 0xff, 0xff,
    0xff, 0xff, 0xc6, 0x44, 0xff, 0xff, 0xf6, 0x23,
    0x0, 0x0, 0x0, 0x3, 0x5a, 0xb4, 0xe2, 0xf9,
    0xe8, 0xc2, 0x65, 0x5, 0x2b, 0xf5, 0xc6, 0x46,
    0x0,

    /* U+0065 "e" */
    0x0, 0x0, 0x0, 0x0, 0x9, 0x5b, 0xb3, 0xde,
    0xf8, 0xe9, 0xca, 0x7f, 0x22, 0x0, 0x0, 0x0,
    0x0, 0x0, 0x0, 0x0, 0x42, 0xdd, 0xff, 0xff,
    0xff, 0xff, 0xff, 0xff, 0xff, 0xf9, 0x80, 0x2,
    0x0, 0x0, 0x0, 0x0, 0x51, 0xfc, 0xff, 0xff,
    0xff, 0xff, 0xff, 0xff, 0xff, 0xff, 0xff, 0xff,
    0x97, 0x0, 0x0, 0x0, 0x2a, 0xf7, 0xff, 0xff,
    0xfd, 0xa5, 0x4c, 0x2d, 0x43, 0x86, 0xf4, 0xff,
    0xff, 0xff, 0x4f, 0x0, 0x0, 0xa6, 0xff, 0xff,
    0xff, 0x5e, 0x0, 0x0, 0x0, 0x0, 0x0, 0x2b,
    0xf5, 0xff, 0xff, 0xc5, 0x0, 0x1, 0xf0, 0xff,
    0xff, 0xdc, 0x0, 0x0, 0x0, 0x0, 0x0, 0x0,
    0x0, 0x9d, 0xff, 0xff, 0xf8, 0x2, 0xf, 0xff,
    0xff, 0xff, 0xbd, 0x0, 0x0, 0x0, 0x0, 0x0,
    0x0, 0x0, 0x7d, 0xff, 0xff, 0xff, 0x19, 0x14,
    0xff, 0xff, 0xff, 0xfb, 0xf0, 0xf0, 0xf0, 0xf0,
    0xf0, 0xf0, 0xf0, 0xf7, 0xff, 0xff, 0xff, 0x1c,
    0x14, 0xff, 0xff, 0xff, 0xff, 0xff, 0xff, 0xff,
    0xff, 0xff, 0xff, 0xff, 0xff, 0xff, 0xff, 0xff,
    0x11, 0x14, 0xff, 0xff, 0xff, 0xff, 0xff, 0xff,
    0xff, 0xff, 0xff, 0xff, 0xff, 0xff, 0xff, 0xf4,
    0x83, 0x0, 0x14, 0xff, 0xff, 0xff, 0xbc, 0x0,
    0x0, 0x0, 0x0, 0x0, 0x0, 0x0, 0x0, 0x0,
    0x0, 0x0, 0x0, 0x12, 0xff, 0xff, 0xff, 0xce,
    0x0, 0x0, 0x0, 0x0, 0x0, 0x0, 0x0, 0x36,
    0x4d, 0x14, 0x0, 0x0, 0x3, 0xf9, 0xff, 0xff,
    0xf6, 0xc, 0x0, 0x0, 0x0, 0x0, 0x0, 0x0,
    0xb9, 0xff, 0xf3, 0x3a, 0x0, 0x0, 0xbc, 0xff,
    0xff, 0xff, 0x94, 0x0, 0x0, 0x0, 0x0, 0x0,
    0x3b, 0xfc, 0xff, 0xff, 0x9f, 0x0, 0x0, 0x45,
    0xff, 0xff, 0xff, 0xff, 0xb4, 0x58, 0x3d, 0x53,
    0x8e, 0xf7, 0xff, 0xff, 0xff, 0x82, 0x0, 0x0,
    0x0, 0x7b, 0xff, 0xff, 0xff, 0xff, 0xff, 0xff,
    0xff, 0xff, 0xff, 0xff, 0xff, 0xe2, 0x12, 0x0,
    0x0, 0x0, 0x0, 0x66, 0xf0, 0xff, 0xff, 0xff,
    0xff, 0xff, 0xff, 0xff, 0xff, 0xbc, 0x1a, 0x0,
    0x0, 0x0, 0x0, 0x0, 0x0, 0x15, 0x6f, 0xbf,
    0xe3, 0xf9, 0xee, 0xd1, 0x92, 0x3b, 0x0, 0x0,
    0x0, 0x0,

    /* U+0066 "f" */
    0x0, 0x0, 0x0, 0x0, 0x0, 0x52, 0xb7, 0xea,
    0xf9, 0xe2, 0x9e, 0x1b, 0x0, 0x0, 0x0, 0x0,
    0x0, 0x99, 0xff, 0xff, 0xff, 0xff, 0xff, 0xff,
    0xd9, 0x5, 0x0, 0x0, 0x0, 0x5f, 0xff, 0xff,
    0xff, 0xff, 0xff, 0xff, 0xff, 0xff, 0x2d, 0x0,
    0x0, 0x0, 0xcf, 0xff, 0xff, 0xff, 0xdc, 0x84,
    0x7d, 0xa9, 0xdc, 0xb, 0x0, 0x0, 0x9, 0xfe,
    0xff, 0xff, 0xf8, 0x17, 0x0, 0x0, 0x0, 0x0,
    0x0, 0x0, 0x0, 0x1a, 0xff, 0xff, 0xff, 0xd6,
    0x0, 0x0, 0x0, 0x0, 0x0, 0x0, 0x0, 0x0,
    0x1c, 0xff, 0xff, 0xff, 0xd0, 0x0, 0x0, 0x0,
    0x0, 0x0, 0x0, 0x3c, 0xe1, 0xff, 0xff, 0xff,
    0xff, 0xff, 0xff, 0xff, 0xff, 0xff, 0x39, 0x0,
    0xc0, 0xff, 0xff, 0xff, 0xff, 0xff, 0xff, 0xff,
    0xff, 0xff, 0xf7, 0x12, 0x0, 0xe8, 0xff, 0xff,
    0xff, 0xff, 0xff, 0xff, 0xff, 0xff, 0xe4, 0x61,
    0x0, 0x0, 0x3, 0x4, 0x1f, 0xff, 0xff, 0xff,
    0xd0, 0x4, 0x2, 0x0, 0x0, 0x0, 0x0, 0x0,
    0x0, 0x1c, 0xff, 0xff, 0xff, 0xd0, 0x0, 0x0,
    0x0, 0x0, 0x0, 0x0, 0x0, 0x0, 0x1c, 0xff,
    0xff, 0xff, 0xd0, 0x0, 0x0, 0x0, 0x0, 0x0,
    0x0, 0x0, 0x0, 0x1c, 0xff, 0xff, 0xff, 0xd0,
    0x0, 0x0, 0x0, 0x0, 0x0, 0x0, 0x0, 0x0,
    0x1c, 0xff, 0xff, 0xff, 0xd0, 0x0, 0x0, 0x0,
    0x0, 0x0, 0x0, 0x0, 0x0, 0x1c, 0xff, 0xff,
    0xff, 0xd0, 0x0, 0x0, 0x0, 0x0, 0x0, 0x0,
    0x0, 0x0, 0x1c, 0xff, 0xff, 0xff, 0xd0, 0x0,
    0x0, 0x0, 0x0, 0x0, 0x0, 0x0, 0x0, 0x1c,
    0xff, 0xff, 0xff, 0xd0, 0x0, 0x0, 0x0, 0x0,
    0x0, 0x0, 0x0, 0x0, 0x1c, 0xff, 0xff, 0xff,
    0xd0, 0x0, 0x0, 0x0, 0x0, 0x0, 0x0, 0x0,
    0x0, 0x1c, 0xff, 0xff, 0xff, 0xd0, 0x0, 0x0,
    0x0, 0x0, 0x0, 0x0, 0x0, 0x0, 0x1c, 0xff,
    0xff, 0xff, 0xd0, 0x0, 0x0, 0x0, 0x0, 0x0,
    0x0, 0x0, 0x0, 0x1c, 0xff, 0xff, 0xff, 0xd0,
    0x0, 0x0, 0x0, 0x0, 0x0, 0x0, 0x0, 0x0,
    0x1c, 0xff, 0xff, 0xff, 0xc7, 0x0, 0x0, 0x0,
    0x0, 0x0, 0x0, 0x0, 0x0, 0x1c, 0xff, 0xff,
    0xff, 0x8a, 0x0, 0x0, 0x0, 0x0, 0x0, 0x0,
    0x0, 0x0, 0x1b, 0xf9, 0xdc, 0x8d, 0x6, 0x0,
    0x0, 0x0, 0x0, 0x0, 0x0,

    /* U+0067 "g" */
    0x0, 0x0, 0x0, 0x1, 0x51, 0xb1, 0xe2, 0xf8,
    0xe1, 0xac, 0x48, 0x0, 0x0, 0x62, 0xcb, 0xef,
    0x52, 0x0, 0x0, 0x17, 0xba, 0xff, 0xff, 0xff,
    0xff, 0xff, 0xff, 0xff, 0xa6, 0x40, 0xff, 0xff,
    0xff, 0x54, 0x0, 0x9, 0xcb, 0xff, 0xff, 0xff,
    0xff, 0xff, 0xff, 0xff, 0xff, 0xff, 0xc6, 0xe7,
    0xff, 0xff, 0x54, 0x0, 0x82, 0xff, 0xff, 0xff,
    0xff, 0xcc, 0x86, 0x6c, 0x87, 0xd4, 0xff, 0xff,
    0xff, 0xff, 0xff, 0x54, 0x4, 0xec, 0xff, 0xff,
    0xff, 0x70, 0x0, 0x0, 0x0, 0x0, 0x2, 0x7c,
    0xff, 0xff, 0xff, 0xff, 0x54, 0x24, 0xff, 0xff,
    0xff, 0xd7, 0x0, 0x0, 0x0, 0x0, 0x0, 0x0,
    0x0, 0xc8, 0xff, 0xff, 0xff, 0x54, 0x3e, 0xff,
    0xff, 0xff, 0xaf, 0x0, 0x0, 0x0, 0x0, 0x0,
    0x0, 0x0, 0x9a, 0xff, 0xff, 0xff, 0x54, 0x40,
    0xff, 0xff, 0xff, 0xac, 0x0, 0x0, 0x0, 0x0,
    0x0, 0x0, 0x0, 0x98, 0xff, 0xff, 0xff, 0x54,
    0x40, 0xff, 0xff, 0xff, 0xac, 0x0, 0x0, 0x0,
    0x0, 0x0, 0x0, 0x0, 0x98, 0xff, 0xff, 0xff,
    0x54, 0x40, 0xff, 0xff, 0xff, 0xac, 0x0, 0x0,
    0x0, 0x0, 0x0, 0x0, 0x0, 0x98, 0xff, 0xff,
    0xff, 0x54, 0x40, 0xff, 0xff, 0xff, 0xac, 0x0,
    0x0, 0x0, 0x0, 0x0, 0x0, 0x0, 0x98, 0xff,
    0xff, 0xff, 0x54, 0x3e, 0xff, 0xff, 0xff, 0xb2,
    0x0, 0x0, 0x0, 0x0, 0x0, 0x0, 0x0, 0x9a,
    0xff, 0xff, 0xff, 0x54, 0x27, 0xff, 0xff, 0xff,
    0xe0, 0x1, 0x0, 0x0, 0x0, 0x0, 0x0, 0x0,
    0xcb, 0xff, 0xff, 0xff, 0x54, 0x7, 0xf3, 0xff,
    0xff, 0xff, 0x82, 0x1, 0x0, 0x0, 0x0, 0x5,
    0x86, 0xff, 0xff, 0xff, 0xff, 0x54, 0x0, 0x94,
    0xff, 0xff, 0xff, 0xff, 0xd4, 0x90, 0x78, 0x93,
    0xde, 0xff, 0xff, 0xff, 0xff, 0xff, 0x54, 0x0,
    0x13, 0xdd, 0xff, 0xff, 0xff, 0xff, 0xff, 0xff,
    0xff, 0xff, 0xff, 0xf7, 0xfd, 0xff, 0xff, 0x54,
    0x0, 0x0, 0x23, 0xcb, 0xff, 0xff, 0xff, 0xff,
    0xff, 0xff, 0xff, 0xd9, 0x95, 0xfe, 0xff, 0xff,
    0x54, 0x0, 0x0, 0x0, 0x4, 0x5c, 0xb6, 0xe3,
    0xf9, 0xe6, 0xb0, 0x5a, 0x3, 0xac, 0xff, 0xff,
    0xff, 0x50, 0x0, 0x0, 0x0, 0x4, 0x3, 0x0,
    0x0, 0x0, 0x0, 0x0, 0x0, 0x0, 0xbb, 0xff,
    0xff, 0xff, 0x3d, 0x0, 0x1e, 0xc5, 0xfd, 0x58,
    0x0, 0x0, 0x0, 0x0, 0x0, 0x0, 0x2, 0xe5,
    0xff, 0xff, 0xfc, 0x10, 0x0, 0x93, 0xff, 0xff,
    0xcc, 0xb, 0x0, 0x0, 0x0, 0x0, 0x0, 0x66,
    0xff, 0xff, 0xff, 0xb5, 0x0, 0x0, 0x86, 0xff,
    0xff, 0xff, 0xdc, 0x74, 0x47, 0x34, 0x49, 0x93,
    0xfb, 0xff, 0xff, 0xf9, 0x32, 0x0, 0x0, 0x1c,
    0xef, 0xff, 0xff, 0xff, 0xff, 0xff, 0xff, 0xff,
    0xff, 0xff, 0xff, 0xff, 0x66, 0x0, 0x0, 0x0,
    0x0, 0x2d, 0xd7, 0xff, 0xff, 0xff, 0xff, 0xff,
    0xff, 0xff, 0xff, 0xec, 0x50, 0x0, 0x0, 0x0,
    0x0, 0x0, 0x0, 0x3, 0x54, 0xa3, 0xda, 0xf1,
    0xf9, 0xe0, 0xbc, 0x68, 0x10, 0x0, 0x0, 0x0,
    0x0,

    /* U+0068 "h" */
    0x0, 0x54, 0xc6, 0xed, 0x1f, 0x0, 0x0, 0x0,
    0x0, 0x0, 0x0, 0x0, 0x0, 0x0, 0x0, 0x0,
    0x52, 0xff, 0xff, 0xff, 0x20, 0x0, 0x0, 0x0,
    0x0, 0x0, 0x0, 0x0, 0x0, 0x0, 0x0, 0x0,
    0xaf, 0xff, 0xff, 0xff, 0x20, 0x0, 0x0, 0x0,
    0x0, 0x0, 0x0, 0x0, 0x0, 0x0, 0x0, 0x0,
    0xcb, 0xff, 0xff, 0xff, 0x20, 0x0, 0x0, 0x0,
    0x0, 0x0, 0x0, 0x0, 0x0, 0x0, 0x0, 0x0,
    0xcc, 0xff, 0xff, 0xff, 0x20, 0x0, 0x0, 0x0,
    0x0, 0x0, 0x0, 0x0, 0x0, 0x0, 0x0, 0x0,
    0xcc, 0xff, 0xff, 0xff, 0x20, 0x0, 0x0, 0x0,
    0x0, 0x0, 0x0, 0x0, 0x0, 0x0, 0x0, 0x0,
    0xcc, 0xff, 0xff, 0xff, 0x20, 0x0, 0x0, 0x0,
    0x0, 0x0, 0x0, 0x0, 0x0, 0x0, 0x0, 0x0,
    0xcc, 0xff, 0xff, 0xff, 0x20, 0x0, 0x39, 0xa1,
    0xda, 0xf6, 0xe7, 0xbd, 0x5c, 0x2, 0x0, 0x0,
    0xcc, 0xff, 0xff, 0xff, 0x29, 0x99, 0xff, 0xff,
    0xff, 0xff, 0xff, 0xff, 0xff, 0xb9, 0xe, 0x0,
    0xcc, 0xff, 0xff, 0xd6, 0xbf, 0xff, 0xff, 0xff,
    0xff, 0xff, 0xff, 0xff, 0xff, 0xff, 0xa7, 0x0,
    0xcc, 0xff, 0xff, 0xe3, 0xff, 0xff, 0xd7, 0x89,
    0x74, 0x95, 0xed, 0xff, 0xff, 0xff, 0xff, 0x32,
    0xcc, 0xff, 0xff, 0xff, 0xff, 0x7e, 0x2, 0x0,
    0x0, 0x0, 0x16, 0xdf, 0xff, 0xff, 0xff, 0x8a,
    0xcc, 0xff, 0xff, 0xff, 0xa1, 0x0, 0x0, 0x0,
    0x0, 0x0, 0x0, 0x62, 0xff, 0xff, 0xff, 0xaf,
    0xcc, 0xff, 0xff, 0xff, 0x3c, 0x0, 0x0, 0x0,
    0x0, 0x0, 0x0, 0x34, 0xff, 0xff, 0xff, 0xbf,
    0xcc, 0xff, 0xff, 0xff, 0x21, 0x0, 0x0, 0x0,
    0x0, 0x0, 0x0, 0x2c, 0xff, 0xff, 0xff, 0xc0,
    0xcc, 0xff, 0xff, 0xff, 0x20, 0x0, 0x0, 0x0,
    0x0, 0x0, 0x0, 0x2c, 0xff, 0xff, 0xff, 0xc0,
    0xcc, 0xff, 0xff, 0xff, 0x20, 0x0, 0x0, 0x0,
    0x0, 0x0, 0x0, 0x2c, 0xff, 0xff, 0xff, 0xc0,
    0xcc, 0xff, 0xff, 0xff, 0x20, 0x0, 0x0, 0x0,
    0x0, 0x0, 0x0, 0x2c, 0xff, 0xff, 0xff, 0xc0,
    0xcc, 0xff, 0xff, 0xff, 0x20, 0x0, 0x0, 0x0,
    0x0, 0x0, 0x0, 0x2c, 0xff, 0xff, 0xff, 0xc0,
    0xcc, 0xff, 0xff, 0xff, 0x20, 0x0, 0x0, 0x0,
    0x0, 0x0, 0x0, 0x2c, 0xff, 0xff, 0xff, 0xc0,
    0xcc, 0xff, 0xff, 0xff, 0x20, 0x0, 0x0, 0x0,
    0x0, 0x0, 0x0, 0x2c, 0xff, 0xff, 0xff, 0xc0,
    0xcc, 0xff, 0xff, 0xff, 0x20, 0x0, 0x0, 0x0,
    0x0, 0x0, 0x0, 0x2c, 0xff, 0xff, 0xff, 0xc0,
    0xcc, 0xff, 0xff, 0xff, 0x19, 0x0, 0x0, 0x0,
    0x0, 0x0, 0x0, 0x2c, 0xff, 0xff, 0xff, 0xb9,
    0xcc, 0xff, 0xff, 0xdc, 0x0, 0x0, 0x0, 0x0,
    0x0, 0x0, 0x0, 0x2c, 0xff, 0xff, 0xff, 0x7b,
    0xc5, 0xe3, 0xa6, 0x25, 0x0, 0x0, 0x0, 0x0,
    0x0, 0x0, 0x0, 0x2b, 0xf1, 0xd3, 0x7c, 0x3,

    /* U+0069 "i" */
    0x9, 0x99, 0xed, 0xe5, 0x79, 0x0, 0x88, 0xff,
    0xff, 0xff, 0xff, 0x53, 0xbf, 0xff, 0xff, 0xff,
    0xff, 0x8b, 0x8d, 0xff, 0xff, 0xff, 0xff, 0x58,
    0xd, 0xaa, 0xf9, 0xf4, 0x89, 0x0, 0x0, 0x0,
    0x4, 0x1, 0x0, 0x0, 0x0, 0x0, 0x0, 0x0,
    0x0, 0x0, 0x0, 0x1c, 0x9d, 0xe0, 0xd3, 0x0,
    0x0, 0xcc, 0xff, 0xff, 0xdc, 0x0, 0xa, 0xfe,
    0xff, 0xff, 0xdc, 0x0, 0x10, 0xff, 0xff, 0xff,
    0xdc, 0x0, 0x10, 0xff, 0xff, 0xff, 0xdc, 0x0,
    0x10, 0xff, 0xff, 0xff, 0xdc, 0x0, 0x10, 0xff,
    0xff, 0xff, 0xdc, 0x0, 0x10, 0xff, 0xff, 0xff,
    0xdc, 0x0, 0x10, 0xff, 0xff, 0xff, 0xdc, 0x0,
    0x10, 0xff, 0xff, 0xff, 0xdc, 0x0, 0x10, 0xff,
    0xff, 0xff, 0xdc, 0x0, 0x10, 0xff, 0xff, 0xff,
    0xdc, 0x0, 0x10, 0xff, 0xff, 0xff, 0xdc, 0x0,
    0x10, 0xff, 0xff, 0xff, 0xdc, 0x0, 0x10, 0xff,
    0xff, 0xff, 0xdc, 0x0, 0x10, 0xff, 0xff, 0xff,
    0xd5, 0x0, 0x10, 0xff, 0xff, 0xff, 0x97, 0x0,
    0xf, 0xf4, 0xd9, 0x89, 0x9, 0x0,

    /* U+006A "j" */
    0x0, 0x0, 0x0, 0x0, 0x0, 0x0, 0x64, 0xe0,
    0xf1, 0xa7, 0x11, 0x0, 0x0, 0x0, 0x0, 0x0,
    0x39, 0xfe, 0xff, 0xff, 0xff, 0xa2, 0x0, 0x0,
    0x0, 0x0, 0x0, 0x6f, 0xff, 0xff, 0xff, 0xff,
    0xdb, 0x0, 0x0, 0x0, 0x0, 0x0, 0x3d, 0xff,
    0xff, 0xff, 0xff, 0xa7, 0x0, 0x0, 0x0, 0x0,
    0x0, 0x0, 0x73, 0xef, 0xfc, 0xb8, 0x16, 0x0,
    0x0, 0x0, 0x0, 0x0, 0x0, 0x0, 0x0, 0x5,
    0x0, 0x0, 0x0, 0x0, 0x0, 0x0, 0x0, 0x0,
    0x0, 0x0, 0x0, 0x0, 0x0, 0x0, 0x0, 0x0,
    0x0, 0x0, 0x0, 0x3, 0x7d, 0xd3, 0xf1, 0x2b,
    0x0, 0x0, 0x0, 0x0, 0x0, 0x0, 0x7c, 0xff,
    0xff, 0xff, 0x2c, 0x0, 0x0, 0x0, 0x0, 0x0,
    0x0, 0xb9, 0xff, 0xff, 0xff, 0x2c, 0x0, 0x0,
    0x0, 0x0, 0x0, 0x0, 0xc0, 0xff, 0xff, 0xff,
    0x2c, 0x0, 0x0, 0x0, 0x0, 0x0, 0x0, 0xc0,
    0xff, 0xff, 0xff, 0x2c, 0x0, 0x0, 0x0, 0x0,
    0x0, 0x0, 0xc0, 0xff, 0xff, 0xff, 0x2c, 0x0,
    0x0, 0x0, 0x0, 0x0, 0x0, 0xc0, 0xff, 0xff,
    0xff, 0x2c, 0x0, 0x0, 0x0, 0x0, 0x0, 0x0,
    0xc0, 0xff, 0xff, 0xff, 0x2c, 0x0, 0x0, 0x0,
    0x0, 0x0, 0x0, 0xc0, 0xff, 0xff, 0xff, 0x2c,
    0x0, 0x0, 0x0, 0x0, 0x0, 0x0, 0xc0, 0xff,
    0xff, 0xff, 0x2c, 0x0, 0x0, 0x0, 0x0, 0x0,
    0x0, 0xc0, 0xff, 0xff, 0xff, 0x2c, 0x0, 0x0,
    0x0, 0x0, 0x0, 0x0, 0xc0, 0xff, 0xff, 0xff,
    0x2c, 0x0, 0x0, 0x0, 0x0, 0x0, 0x0, 0xc0,
    0xff, 0xff, 0xff, 0x2c, 0x0, 0x0, 0x0, 0x0,
    0x0, 0x0, 0xc0, 0xff, 0xff, 0xff, 0x2c, 0x0,
    0x0, 0x0, 0x0, 0x0, 0x0, 0xc0, 0xff, 0xff,
    0xff, 0x2c, 0x0, 0x0, 0x0, 0x0, 0x0, 0x0,
    0xc0, 0xff, 0xff, 0xff, 0x2c, 0x0, 0x0, 0x0,
    0x0, 0x0, 0x0, 0xc0, 0xff, 0xff, 0xff, 0x2c,
    0x0, 0x0, 0x0, 0x0, 0x0, 0x0, 0xc0, 0xff,
    0xff, 0xff, 0x2c, 0x0, 0x0, 0x0, 0x0, 0x0,
    0x0, 0xc0, 0xff, 0xff, 0xff, 0x2c, 0x0, 0x0,
    0x0, 0x0, 0x0, 0x0, 0xd7, 0xff, 0xff, 0xff,
    0x1d, 0x2f, 0x15, 0x0, 0x0, 0x0, 0x32, 0xfd,
    0xff, 0xff, 0xf6, 0x3, 0xd4, 0xed, 0x93, 0x72,
    0x8f, 0xf1, 0xff, 0xff, 0xff, 0xa3, 0x0, 0xe1,
    0xff, 0xff, 0xff, 0xff, 0xff, 0xff, 0xff, 0xf4,
    0x26, 0x0, 0x6c, 0xff, 0xff, 0xff, 0xff, 0xff,
    0xff, 0xf1, 0x4b, 0x0, 0x0, 0x0, 0x49, 0xbd,
    0xeb, 0xf4, 0xd7, 0x8c, 0x1f, 0x0, 0x0, 0x0,

    /* U+006B "k" */
    0x0, 0x5e, 0xc9, 0xed, 0x1f, 0x0, 0x0, 0x0,
    0x0, 0x0, 0x0, 0x0, 0x0, 0x0, 0x0, 0x0,
    0x5c, 0xff, 0xff, 0xff, 0x20, 0x0, 0x0, 0x0,
    0x0, 0x0, 0x0, 0x0, 0x0, 0x0, 0x0, 0x0,
    0xb2, 0xff, 0xff, 0xff, 0x20, 0x0, 0x0, 0x0,
    0x0, 0x0, 0x0, 0x0, 0x0, 0x0, 0x0, 0x0,
    0xcb, 0xff, 0xff, 0xff, 0x20, 0x0, 0x0, 0x0,
    0x0, 0x0, 0x0, 0x0, 0x0, 0x0, 0x0, 0x0,
    0xcc, 0xff, 0xff, 0xff, 0x20, 0x0, 0x0, 0x0,
    0x0, 0x0, 0x0, 0x0, 0x0, 0x0, 0x0, 0x0,
    0xcc, 0xff, 0xff, 0xff, 0x20, 0x0, 0x0, 0x0,
    0x0, 0x0, 0x0, 0x0, 0x0, 0x0, 0x0, 0x0,
    0xcc, 0xff, 0xff, 0xff, 0x20, 0x0, 0x0, 0x0,
    0x0, 0x0, 0x0, 0x0, 0x0, 0x0, 0x0, 0x0,
    0xcc, 0xff, 0xff, 0xff, 0x20, 0x0, 0x0, 0x0,
    0x0, 0x0, 0x0, 0x53, 0xc1, 0xe, 0x0, 0x0,
    0xcc, 0xff, 0xff, 0xff, 0x20, 0x0, 0x0, 0x0,
    0x0, 0x0, 0x67, 0xfd, 0xff, 0x9b, 0x0, 0x0,
    0xcc, 0xff, 0xff, 0xff, 0x20, 0x0, 0x0, 0x0,
    0x0, 0x7d, 0xff, 0xff, 0xff, 0xa9, 0x0, 0x0,
    0xcc, 0xff, 0xff, 0xff, 0x20, 0x0, 0x0, 0x1,
    0x93, 0xff, 0xff, 0xff, 0xda, 0x1a, 0x0, 0x0,
    0xcc, 0xff, 0xff, 0xff, 0x20, 0x0, 0x5, 0xa7,
    0xff, 0xff, 0xff, 0xcd, 0x16, 0x0, 0x0, 0x0,
    0xcc, 0xff, 0xff, 0xff, 0x20, 0xb, 0xb9, 0xff,
    0xff, 0xff, 0xbd, 0xd, 0x0, 0x0, 0x0, 0x0,
    0xcc, 0xff, 0xff, 0xff, 0x33, 0xc9, 0xff, 0xff,
    0xff, 0xab, 0x7, 0x0, 0x0, 0x0, 0x0, 0x0,
    0xcc, 0xff, 0xff, 0xff, 0xe7, 0xff, 0xff, 0xff,
    0xf8, 0x18, 0x0, 0x0, 0x0, 0x0, 0x0, 0x0,
    0xcc, 0xff, 0xff, 0xff, 0xff, 0xff, 0xff, 0xff,
    0xff, 0xb1, 0x0, 0x0, 0x0, 0x0, 0x0, 0x0,
    0xcc, 0xff, 0xff, 0xff, 0xff, 0xff, 0xb8, 0xff,
    0xff, 0xff, 0x64, 0x0, 0x0, 0x0, 0x0, 0x0,
    0xcc, 0xff, 0xff, 0xff, 0xfc, 0x63, 0x1, 0xbd,
    0xff, 0xff, 0xf3, 0x23, 0x0, 0x0, 0x0, 0x0,
    0xcc, 0xff, 0xff, 0xff, 0x54, 0x0, 0x0, 0x20,
    0xf3, 0xff, 0xff, 0xc7, 0x3, 0x0, 0x0, 0x0,
    0xcc, 0xff, 0xff, 0xff, 0x18, 0x0, 0x0, 0x0,
    0x69, 0xff, 0xff, 0xff, 0x7d, 0x0, 0x0, 0x0,
    0xcc, 0xff, 0xff, 0xff, 0x18, 0x0, 0x0, 0x0,
    0x1, 0xbd, 0xff, 0xff, 0xfb, 0x35, 0x0, 0x0,
    0xcc, 0xff, 0xff, 0xff, 0x18, 0x0, 0x0, 0x0,
    0x0, 0x20, 0xf3, 0xff, 0xff, 0xd9, 0xa, 0x0,
    0xcc, 0xff, 0xff, 0xff, 0x10, 0x0, 0x0, 0x0,
    0x0, 0x0, 0x68, 0xff, 0xff, 0xff, 0x96, 0x0,
    0xcc, 0xff, 0xff, 0xd4, 0x0, 0x0, 0x0, 0x0,
    0x0, 0x0, 0x1, 0xbc, 0xff, 0xff, 0xff, 0x48,
    0xc9, 0xe8, 0xac, 0x21, 0x0, 0x0, 0x0, 0x0,
    0x0, 0x0, 0x0, 0x17, 0xc2, 0xf9, 0xc9, 0x23,

    /* U+006C "l" */
    0xd, 0x98, 0xdf, 0xf9, 0x3, 0x0, 0x0, 0x0,
    0x0, 0x0, 0xa4, 0xff, 0xff, 0xff, 0x4, 0x0,
    0x0, 0x0, 0x0, 0x0, 0xe1, 0xff, 0xff, 0xff,
    0x4, 0x0, 0x0, 0x0, 0x0, 0x0, 0xe8, 0xff,
    0xff, 0xff, 0x4, 0x0, 0x0, 0x0, 0x0, 0x0,
    0xe8, 0xff, 0xff, 0xff, 0x4, 0x0, 0x0, 0x0,
    0x0, 0x0, 0xe8, 0xff, 0xff, 0xff, 0x4, 0x0,
    0x0, 0x0, 0x0, 0x0, 0xe8, 0xff, 0xff, 0xff,
    0x4, 0x0, 0x0, 0x0, 0x0, 0x0, 0xe8, 0xff,
    0xff, 0xff, 0x4, 0x0, 0x0, 0x0, 0x0, 0x0,
    0xe8, 0xff, 0xff, 0xff, 0x4, 0x0, 0x0, 0x0,
    0x0, 0x0, 0xe8, 0xff, 0xff, 0xff, 0x4, 0x0,
    0x0, 0x0, 0x0, 0x0, 0xe8, 0xff, 0xff, 0xff,
    0x4, 0x0, 0x0, 0x0, 0x0, 0x0, 0xe8, 0xff,
    0xff, 0xff, 0x4, 0x0, 0x0, 0x0, 0x0, 0x0,
    0xe8, 0xff, 0xff, 0xff, 0x4, 0x0, 0x0, 0x0,
    0x0, 0x0, 0xe8, 0xff, 0xff, 0xff, 0x4, 0x0,
    0x0, 0x0, 0x0, 0x0, 0xe8, 0xff, 0xff, 0xff,
    0x4, 0x0, 0x0, 0x0, 0x0, 0x0, 0xe8, 0xff,
    0xff, 0xff, 0x4, 0x0, 0x0, 0x0, 0x0, 0x0,
    0xe8, 0xff, 0xff, 0xff, 0x4, 0x0, 0x0, 0x0,
    0x0, 0x0, 0xe8, 0xff, 0xff, 0xff, 0x4, 0x0,
    0x0, 0x0, 0x0, 0x0, 0xe8, 0xff, 0xff, 0xff,
    0x4, 0x0, 0x0, 0x0, 0x0, 0x0, 0xe4, 0xff,
    0xff, 0xff, 0xd, 0x0, 0x0, 0x0, 0x0, 0x0,
    0xcf, 0xff, 0xff, 0xff, 0x4b, 0x0, 0x0, 0x0,
    0x4, 0x0, 0x94, 0xff, 0xff, 0xff, 0xf1, 0x93,
    0x7c, 0x9e, 0xed, 0x32, 0x29, 0xfa, 0xff, 0xff,
    0xff, 0xff, 0xff, 0xff, 0xff, 0x6b, 0x0, 0x65,
    0xfd, 0xff, 0xff, 0xff, 0xff, 0xff, 0xf2, 0x25,
    0x0, 0x0, 0x39, 0xaa, 0xe5, 0xfa, 0xe7, 0xb1,
    0x31, 0x0,

    /* U+006D "m" */
    0x0, 0x66, 0xcf, 0xde, 0x0, 0x16, 0x8c, 0xda,
    0xf6, 0xdd, 0x89, 0xf, 0x0, 0x0, 0x4, 0x63,
    0xc4, 0xec, 0xf6, 0xcf, 0x6e, 0x4, 0x0, 0x0,
    0x5f, 0xff, 0xff, 0xec, 0x2e, 0xe5, 0xff, 0xff,
    0xff, 0xff, 0xff, 0xcc, 0xc, 0x13, 0xc1, 0xff,
    0xff, 0xff, 0xff, 0xff, 0xff, 0xb0, 0x2, 0x0,
    0xb2, 0xff, 0xff, 0xbe, 0xe8, 0xff, 0xff, 0xff,
    0xff, 0xff, 0xff, 0xff, 0x86, 0xbe, 0xff, 0xff,
    0xff, 0xff, 0xff, 0xff, 0xff, 0xff, 0x6e, 0x0,
    0xcb, 0xff, 0xff, 0xe7, 0xff, 0xe0, 0x7b, 0x67,
    0xa5, 0xff, 0xff, 0xff, 0xff, 0xff, 0xff, 0xb7,
    0x6f, 0x78, 0xdd, 0xff, 0xff, 0xff, 0xe3, 0x1,
    0xcc, 0xff, 0xff, 0xff, 0xdf, 0x11, 0x0, 0x0,
    0x0, 0x97, 0xff, 0xff, 0xff, 0xff, 0x82, 0x0,
    0x0, 0x0, 0x16, 0xf3, 0xff, 0xff, 0xff, 0x27,
    0xcc, 0xff, 0xff, 0xff, 0x5e, 0x0, 0x0, 0x0,
    0x0, 0x40, 0xff, 0xff, 0xff, 0xeb, 0x6, 0x0,
    0x0, 0x0, 0x0, 0xaa, 0xff, 0xff, 0xff, 0x45,
    0xcc, 0xff, 0xff, 0xff, 0x26, 0x0, 0x0, 0x0,
    0x0, 0x26, 0xff, 0xff, 0xff, 0xc2, 0x0, 0x0,
    0x0, 0x0, 0x0, 0x8e, 0xff, 0xff, 0xff, 0x4f,
    0xcc, 0xff, 0xff, 0xff, 0x10, 0x0, 0x0, 0x0,
    0x0, 0x24, 0xff, 0xff, 0xff, 0xb0, 0x0, 0x0,
    0x0, 0x0, 0x0, 0x8c, 0xff, 0xff, 0xff, 0x50,
    0xcc, 0xff, 0xff, 0xff, 0x10, 0x0, 0x0, 0x0,
    0x0, 0x24, 0xff, 0xff, 0xff, 0xb0, 0x0, 0x0,
    0x0, 0x0, 0x0, 0x8c, 0xff, 0xff, 0xff, 0x50,
    0xcc, 0xff, 0xff, 0xff, 0x10, 0x0, 0x0, 0x0,
    0x0, 0x24, 0xff, 0xff, 0xff, 0xb0, 0x0, 0x0,
    0x0, 0x0, 0x0, 0x8c, 0xff, 0xff, 0xff, 0x50,
    0xcc, 0xff, 0xff, 0xff, 0x10, 0x0, 0x0, 0x0,
    0x0, 0x24, 0xff, 0xff, 0xff, 0xb0, 0x0, 0x0,
    0x0, 0x0, 0x0, 0x8c, 0xff, 0xff, 0xff, 0x50,
    0xcc, 0xff, 0xff, 0xff, 0x10, 0x0, 0x0, 0x0,
    0x0, 0x24, 0xff, 0xff, 0xff, 0xb0, 0x0, 0x0,
    0x0, 0x0, 0x0, 0x8c, 0xff, 0xff, 0xff, 0x50,
    0xcc, 0xff, 0xff, 0xff, 0x10, 0x0, 0x0, 0x0,
    0x0, 0x24, 0xff, 0xff, 0xff, 0xb0, 0x0, 0x0,
    0x0, 0x0, 0x0, 0x8c, 0xff, 0xff, 0xff, 0x50,
    0xcc, 0xff, 0xff, 0xff, 0x10, 0x0, 0x0, 0x0,
    0x0, 0x24, 0xff, 0xff, 0xff, 0xb0, 0x0, 0x0,
    0x0, 0x0, 0x0, 0x8c, 0xff, 0xff, 0xff, 0x50,
    0xcc, 0xff, 0xff, 0xff, 0x10, 0x0, 0x0, 0x0,
    0x0, 0x24, 0xff, 0xff, 0xff, 0xb0, 0x0, 0x0,
    0x0, 0x0, 0x0, 0x8c, 0xff, 0xff, 0xff, 0x50,
    0xcc, 0xff, 0xff, 0xfe, 0xa, 0x0, 0x0, 0x0,
    0x0, 0x24, 0xff, 0xff, 0xff, 0xa9, 0x0, 0x0,
    0x0, 0x0, 0x0, 0x8c, 0xff, 0xff, 0xff, 0x49,
    0xcc, 0xff, 0xff, 0xcf, 0x0, 0x0, 0x0, 0x0,
    0x0, 0x24, 0xff, 0xff, 0xff, 0x6f, 0x0, 0x0,
    0x0, 0x0, 0x0, 0x8c, 0xff, 0xff, 0xf6, 0x17,
    0xc9, 0xe9, 0xad, 0x21, 0x0, 0x0, 0x0, 0x0,
    0x0, 0x23, 0xf2, 0xd4, 0x7b, 0x2, 0x0, 0x0,
    0x0, 0x0, 0x0, 0x8a, 0xf0, 0xc0, 0x40, 0x0,

    /* U+006E "n" */
    0x0, 0x64, 0xce, 0xe5, 0x0, 0x0, 0x43, 0xa7,
    0xda, 0xf6, 0xe7, 0xbd, 0x5c, 0x2, 0x0, 0x0,
    0x5e, 0xff, 0xff, 0xf4, 0x13, 0xb1, 0xff, 0xff,
    0xff, 0xff, 0xff, 0xff, 0xff, 0xb9, 0xe, 0x0,
    0xb2, 0xff, 0xff, 0xbe, 0xd4, 0xff, 0xff, 0xff,
    0xff, 0xff, 0xff, 0xff, 0xff, 0xff, 0xa7, 0x0,
    0xcb, 0xff, 0xff, 0xe3, 0xff, 0xff, 0xd7, 0x89,
    0x74, 0x95, 0xed, 0xff, 0xff, 0xff, 0xff, 0x32,
    0xcc, 0xff, 0xff, 0xff, 0xff, 0x7e, 0x2, 0x0,
    0x0, 0x0, 0x16, 0xdf, 0xff, 0xff, 0xff, 0x8a,
    0xcc, 0xff, 0xff, 0xff, 0xa1, 0x0, 0x0, 0x0,
    0x0, 0x0, 0x0, 0x62, 0xff, 0xff, 0xff, 0xaf,
    0xcc, 0xff, 0xff, 0xff, 0x3c, 0x0, 0x0, 0x0,
    0x0, 0x0, 0x0, 0x34, 0xff, 0xff, 0xff, 0xbf,
    0xcc, 0xff, 0xff, 0xff, 0x21, 0x0, 0x0, 0x0,
    0x0, 0x0, 0x0, 0x2c, 0xff, 0xff, 0xff, 0xc0,
    0xcc, 0xff, 0xff, 0xff, 0x20, 0x0, 0x0, 0x0,
    0x0, 0x0, 0x0, 0x2c, 0xff, 0xff, 0xff, 0xc0,
    0xcc, 0xff, 0xff, 0xff, 0x20, 0x0, 0x0, 0x0,
    0x0, 0x0, 0x0, 0x2c, 0xff, 0xff, 0xff, 0xc0,
    0xcc, 0xff, 0xff, 0xff, 0x20, 0x0, 0x0, 0x0,
    0x0, 0x0, 0x0, 0x2c, 0xff, 0xff, 0xff, 0xc0,
    0xcc, 0xff, 0xff, 0xff, 0x20, 0x0, 0x0, 0x0,
    0x0, 0x0, 0x0, 0x2c, 0xff, 0xff, 0xff, 0xc0,
    0xcc, 0xff, 0xff, 0xff, 0x20, 0x0, 0x0, 0x0,
    0x0, 0x0, 0x0, 0x2c, 0xff, 0xff, 0xff, 0xc0,
    0xcc, 0xff, 0xff, 0xff, 0x20, 0x0, 0x0, 0x0,
    0x0, 0x0, 0x0, 0x2c, 0xff, 0xff, 0xff, 0xc0,
    0xcc, 0xff, 0xff, 0xff, 0x20, 0x0, 0x0, 0x0,
    0x0, 0x0, 0x0, 0x2c, 0xff, 0xff, 0xff, 0xc0,
    0xcc, 0xff, 0xff, 0xff, 0x19, 0x0, 0x0, 0x0,
    0x0, 0x0, 0x0, 0x2c, 0xff, 0xff, 0xff, 0xb9,
    0xcc, 0xff, 0xff, 0xdd, 0x0, 0x0, 0x0, 0x0,
    0x0, 0x0, 0x0, 0x2c, 0xff, 0xff, 0xff, 0x7b,
    0xc9, 0xea, 0xb0, 0x27, 0x0, 0x0, 0x0, 0x0,
    0x0, 0x0, 0x0, 0x2b, 0xf1, 0xd3, 0x7c, 0x3,

    /* U+006F "o" */
    0x0, 0x0, 0x0, 0x0, 0x35, 0x8e, 0xcf, 0xea,
    0xf8, 0xe1, 0xbd, 0x6c, 0x15, 0x0, 0x0, 0x0,
    0x0, 0x0, 0x0, 0x16, 0xa7, 0xff, 0xff, 0xff,
    0xff, 0xff, 0xff, 0xff, 0xff, 0xf0, 0x69, 0x0,
    0x0, 0x0, 0x0, 0x12, 0xd7, 0xff, 0xff, 0xff,
    0xff, 0xff, 0xff, 0xff, 0xff, 0xff, 0xff, 0xff,
    0x89, 0x0, 0x0, 0x0, 0xb8, 0xff, 0xff, 0xff,
    0xff, 0xbb, 0x82, 0x6e, 0x8e, 0xe1, 0xff, 0xff,
    0xff, 0xff, 0x58, 0x0, 0x36, 0xff, 0xff, 0xff,
    0xf7, 0x48, 0x0, 0x0, 0x0, 0x0, 0x8, 0x9b,
    0xff, 0xff, 0xff, 0xd5, 0x0, 0x7c, 0xff, 0xff,
    0xff, 0x8a, 0x0, 0x0, 0x0, 0x0, 0x0, 0x0,
    0x6, 0xe8, 0xff, 0xff, 0xff, 0x1b, 0x95, 0xff,
    0xff, 0xff, 0x4e, 0x0, 0x0, 0x0, 0x0, 0x0,
    0x0, 0x0, 0xb3, 0xff, 0xff, 0xff, 0x34, 0x98,
    0xff, 0xff, 0xff, 0x48, 0x0, 0x0, 0x0, 0x0,
    0x0, 0x0, 0x0, 0xac, 0xff, 0xff, 0xff, 0x38,
    0x98, 0xff, 0xff, 0xff, 0x48, 0x0, 0x0, 0x0,
    0x0, 0x0, 0x0, 0x0, 0xac, 0xff, 0xff, 0xff,
    0x38, 0x98, 0xff, 0xff, 0xff, 0x48, 0x0, 0x0,
    0x0, 0x0, 0x0, 0x0, 0x0, 0xac, 0xff, 0xff,
    0xff, 0x38, 0x98, 0xff, 0xff, 0xff, 0x48, 0x0,
    0x0, 0x0, 0x0, 0x0, 0x0, 0x0, 0xac, 0xff,
    0xff, 0xff, 0x38, 0x97, 0xff, 0xff, 0xff, 0x4b,
    0x0, 0x0, 0x0, 0x0, 0x0, 0x0, 0x0, 0xb0,
    0xff, 0xff, 0xff, 0x37, 0x86, 0xff, 0xff, 0xff,
    0x7b, 0x0, 0x0, 0x0, 0x0, 0x0, 0x0, 0x2,
    0xdd, 0xff, 0xff, 0xff, 0x25, 0x4a, 0xff, 0xff,
    0xff, 0xf0, 0x3a, 0x0, 0x0, 0x0, 0x0, 0x5,
    0x8a, 0xff, 0xff, 0xff, 0xe7, 0x1, 0x3, 0xd2,
    0xff, 0xff, 0xff, 0xff, 0xb9, 0x86, 0x75, 0x92,
    0xdf, 0xff, 0xff, 0xff, 0xff, 0x75, 0x0, 0x0,
    0x23, 0xe5, 0xff, 0xff, 0xff, 0xff, 0xff, 0xff,
    0xff, 0xff, 0xff, 0xff, 0xff, 0xa6, 0x2, 0x0,
    0x0, 0x0, 0x22, 0xba, 0xff, 0xff, 0xff, 0xff,
    0xff, 0xff, 0xff, 0xff, 0xf7, 0x7f, 0x4, 0x0,
    0x0, 0x0, 0x0, 0x0, 0x0, 0x40, 0x95, 0xd3,
    0xed, 0xf9, 0xe3, 0xc1, 0x75, 0x1c, 0x0, 0x0,
    0x0, 0x0,

    /* U+0070 "p" */
    0x0, 0x66, 0xd1, 0xcc, 0x0, 0x18, 0x80, 0xd0,
    0xee, 0xf7, 0xdf, 0xa3, 0x3c, 0x0, 0x0, 0x0,
    0x65, 0xff, 0xff, 0xd7, 0x48, 0xeb, 0xff, 0xff,
    0xff, 0xff, 0xff, 0xff, 0xff, 0x99, 0x3, 0x0,
    0xba, 0xff, 0xff, 0xb7, 0xf9, 0xff, 0xff, 0xff,
    0xff, 0xff, 0xff, 0xff, 0xff, 0xff, 0x94, 0x0,
    0xcc, 0xff, 0xff, 0xff, 0xff, 0xfa, 0xa8, 0x7c,
    0x7c, 0xa1, 0xf5, 0xff, 0xff, 0xff, 0xfe, 0x2f,
    0xcc, 0xff, 0xff, 0xff, 0xd9, 0x21, 0x0, 0x0,
    0x0, 0x0, 0x18, 0xde, 0xff, 0xff, 0xff, 0x86,
    0xcc, 0xff, 0xff, 0xff, 0x48, 0x0, 0x0, 0x0,
    0x0, 0x0, 0x0, 0x5c, 0xff, 0xff, 0xff, 0xb0,
    0xcc, 0xff, 0xff, 0xff, 0x21, 0x0, 0x0, 0x0,
    0x0, 0x0, 0x0, 0x31, 0xff, 0xff, 0xff, 0xbf,
    0xcc, 0xff, 0xff, 0xff, 0x20, 0x0, 0x0, 0x0,
    0x0, 0x0, 0x0, 0x2c, 0xff, 0xff, 0xff, 0xc0,
    0xcc, 0xff, 0xff, 0xff, 0x20, 0x0, 0x0, 0x0,
    0x0, 0x0, 0x0, 0x2c, 0xff, 0xff, 0xff, 0xc0,
    0xcc, 0xff, 0xff, 0xff, 0x20, 0x0, 0x0, 0x0,
    0x0, 0x0, 0x0, 0x2c, 0xff, 0xff, 0xff, 0xc0,
    0xcc, 0xff, 0xff, 0xff, 0x20, 0x0, 0x0, 0x0,
    0x0, 0x0, 0x0, 0x2c, 0xff, 0xff, 0xff, 0xc0,
    0xcc, 0xff, 0xff, 0xff, 0x20, 0x0, 0x0, 0x0,
    0x0, 0x0, 0x0, 0x30, 0xff, 0xff, 0xff, 0xbf,
    0xcc, 0xff, 0xff, 0xff, 0x47, 0x0, 0x0, 0x0,
    0x0, 0x0, 0x0, 0x5d, 0xff, 0xff, 0xff, 0xa8,
    0xcc, 0xff, 0xff, 0xff, 0xd7, 0x21, 0x0, 0x0,
    0x0, 0x0, 0x1b, 0xdf, 0xff, 0xff, 0xff, 0x7e,
    0xcc, 0xff, 0xff, 0xff, 0xff, 0xfa, 0xab, 0x83,
    0x83, 0xa8, 0xf7, 0xff, 0xff, 0xff, 0xfa, 0x1b,
    0xcc, 0xff, 0xff, 0xf7, 0xff, 0xff, 0xff, 0xff,
    0xff, 0xff, 0xff, 0xff, 0xff, 0xff, 0x75, 0x0,
    0xcc, 0xff, 0xff, 0xda, 0xa4, 0xfe, 0xff, 0xff,
    0xff, 0xff, 0xff, 0xff, 0xf9, 0x79, 0x0, 0x0,
    0xcc, 0xff, 0xff, 0xff, 0x28, 0x30, 0x98, 0xdc,
    0xf8, 0xec, 0xcf, 0x86, 0x25, 0x0, 0x0, 0x0,
    0xcc, 0xff, 0xff, 0xff, 0x28, 0x0, 0x0, 0x0,
    0x0, 0x0, 0x0, 0x0, 0x0, 0x0, 0x0, 0x0,
    0xcc, 0xff, 0xff, 0xff, 0x28, 0x0, 0x0, 0x0,
    0x0, 0x0, 0x0, 0x0, 0x0, 0x0, 0x0, 0x0,
    0xcc, 0xff, 0xff, 0xff, 0x28, 0x0, 0x0, 0x0,
    0x0, 0x0, 0x0, 0x0, 0x0, 0x0, 0x0, 0x0,
    0xcc, 0xff, 0xff, 0xff, 0x28, 0x0, 0x0, 0x0,
    0x0, 0x0, 0x0, 0x0, 0x0, 0x0, 0x0, 0x0,
    0xcc, 0xff, 0xff, 0xff, 0x18, 0x0, 0x0, 0x0,
    0x0, 0x0, 0x0, 0x0, 0x0, 0x0, 0x0, 0x0,
    0xcc, 0xff, 0xff, 0xcb, 0x0, 0x0, 0x0, 0x0,
    0x0, 0x0, 0x0, 0x0, 0x0, 0x0, 0x0, 0x0,
    0xc4, 0xde, 0x97, 0x19, 0x0, 0x0, 0x0, 0x0,
    0x0, 0x0, 0x0, 0x0, 0x0, 0x0, 0x0, 0x0,

    /* U+0071 "q" */
    0x0, 0x0, 0x0, 0x3, 0x5a, 0xb5, 0xe3, 0xf8,
    0xe2, 0xb1, 0x4c, 0x0, 0x0, 0x5f, 0xca, 0xef,
    0x52, 0x0, 0x0, 0x1f, 0xc6, 0xff, 0xff, 0xff,
    0xff, 0xff, 0xff, 0xff, 0xab, 0x3b, 0xff, 0xff,
    0xff, 0x54, 0x0, 0x11, 0xd8, 0xff, 0xff, 0xff,
    0xff, 0xff, 0xff, 0xff, 0xff, 0xff, 0xc8, 0xe7,
    0xff, 0xff, 0x54, 0x0, 0x8e, 0xff, 0xff, 0xff,
    0xff, 0xd0, 0x8d, 0x74, 0x8d, 0xd5, 0xff, 0xff,
    0xff, 0xff, 0xff, 0x54, 0x3, 0xf2, 0xff, 0xff,
    0xff, 0x7d, 0x0, 0x0, 0x0, 0x0, 0x2, 0x74,
    0xff, 0xff, 0xff, 0xff, 0x54, 0x21, 0xff, 0xff,
    0xff, 0xe3, 0x0, 0x0, 0x0, 0x0, 0x0, 0x0,
    0x0, 0xc2, 0xff, 0xff, 0xff, 0x54, 0x37, 0xff,
    0xff, 0xff, 0xb9, 0x0, 0x0, 0x0, 0x0, 0x0,
    0x0, 0x0, 0x99, 0xff, 0xff, 0xff, 0x54, 0x38,
    0xff, 0xff, 0xff, 0xb4, 0x0, 0x0, 0x0, 0x0,
    0x0, 0x0, 0x0, 0x98, 0xff, 0xff, 0xff, 0x54,
    0x38, 0xff, 0xff, 0xff, 0xb4, 0x0, 0x0, 0x0,
    0x0, 0x0, 0x0, 0x0, 0x98, 0xff, 0xff, 0xff,
    0x54, 0x38, 0xff, 0xff, 0xff, 0xb4, 0x0, 0x0,
    0x0, 0x0, 0x0, 0x0, 0x0, 0x98, 0xff, 0xff,
    0xff, 0x54, 0x38, 0xff, 0xff, 0xff, 0xb4, 0x0,
    0x0, 0x0, 0x0, 0x0, 0x0, 0x0, 0x98, 0xff,
    0xff, 0xff, 0x54, 0x37, 0xff, 0xff, 0xff, 0xb8,
    0x0, 0x0, 0x0, 0x0, 0x0, 0x0, 0x0, 0x99,
    0xff, 0xff, 0xff, 0x54, 0x2a, 0xff, 0xff, 0xff,
    0xe3, 0x0, 0x0, 0x0, 0x0, 0x0, 0x0, 0x0,
    0xc4, 0xff, 0xff, 0xff, 0x54, 0x9, 0xf7, 0xff,
    0xff, 0xff, 0x80, 0x1, 0x0, 0x0, 0x0, 0x5,
    0x80, 0xff, 0xff, 0xff, 0xff, 0x54, 0x0, 0xa8,
    0xff, 0xff, 0xff, 0xff, 0xd5, 0x92, 0x7b, 0x95,
    0xdf, 0xff, 0xff, 0xff, 0xff, 0xff, 0x54, 0x0,
    0x21, 0xed, 0xff, 0xff, 0xff, 0xff, 0xff, 0xff,
    0xff, 0xff, 0xff, 0xfa, 0xfd, 0xff, 0xff, 0x54,
    0x0, 0x0, 0x34, 0xe0, 0xff, 0xff, 0xff, 0xff,
    0xff, 0xff, 0xff, 0xde, 0x96, 0xfe, 0xff, 0xff,
    0x54, 0x0, 0x0, 0x0, 0xc, 0x6e, 0xbe, 0xeb,
    0xfa, 0xe8, 0xb3, 0x5f, 0x5, 0xa0, 0xff, 0xff,
    0xff, 0x54, 0x0, 0x0, 0x0, 0x0, 0x0, 0x0,
    0x0, 0x0, 0x0, 0x0, 0x0, 0x0, 0xa0, 0xff,
    0xff, 0xff, 0x54, 0x0, 0x0, 0x0, 0x0, 0x0,
    0x0, 0x0, 0x0, 0x0, 0x0, 0x0, 0x0, 0xa0,
    0xff, 0xff, 0xff, 0x54, 0x0, 0x0, 0x0, 0x0,
    0x0, 0x0, 0x0, 0x0, 0x0, 0x0, 0x0, 0x0,
    0xa0, 0xff, 0xff, 0xff, 0x54, 0x0, 0x0, 0x0,
    0x0, 0x0, 0x0, 0x0, 0x0, 0x0, 0x0, 0x0,
    0x0, 0xa0, 0xff, 0xff, 0xff, 0x54, 0x0, 0x0,
    0x0, 0x0, 0x0, 0x0, 0x0, 0x0, 0x0, 0x0,
    0x0, 0x0, 0xa0, 0xff, 0xff, 0xff, 0x45, 0x0,
    0x0, 0x0, 0x0, 0x0, 0x0, 0x0, 0x0, 0x0,
    0x0, 0x0, 0x0, 0xa0, 0xff, 0xff, 0xe9, 0xf,
    0x0, 0x0, 0x0, 0x0, 0x0, 0x0, 0x0, 0x0,
    0x0, 0x0, 0x0, 0x0, 0x9b, 0xe4, 0xa9, 0x2c,
    0x0,

    /* U+0072 "r" */
    0x0, 0x64, 0xce, 0xe5, 0x0, 0xa, 0x6f, 0xcc,
    0xf1, 0xe8, 0x96, 0x7, 0x5e, 0xff, 0xff, 0xf4,
    0x23, 0xd3, 0xff, 0xff, 0xff, 0xff, 0xff, 0x7d,
    0xb2, 0xff, 0xff, 0xc0, 0xe1, 0xff, 0xff, 0xff,
    0xff, 0xff, 0xff, 0xb5, 0xcb, 0xff, 0xff, 0xe7,
    0xff, 0xff, 0xe0, 0x91, 0x72, 0x7f, 0xad, 0x81,
    0xcc, 0xff, 0xff, 0xff, 0xff, 0x88, 0x4, 0x0,
    0x0, 0x0, 0x0, 0x0, 0xcc, 0xff, 0xff, 0xff,
    0xa6, 0x0, 0x0, 0x0, 0x0, 0x0, 0x0, 0x0,
    0xcc, 0xff, 0xff, 0xff, 0x3d, 0x0, 0x0, 0x0,
    0x0, 0x0, 0x0, 0x0, 0xcc, 0xff, 0xff, 0xff,
    0x21, 0x0, 0x0, 0x0, 0x0, 0x0, 0x0, 0x0,
    0xcc, 0xff, 0xff, 0xff, 0x20, 0x0, 0x0, 0x0,
    0x0, 0x0, 0x0, 0x0, 0xcc, 0xff, 0xff, 0xff,
    0x20, 0x0, 0x0, 0x0, 0x0, 0x0, 0x0, 0x0,
    0xcc, 0xff, 0xff, 0xff, 0x20, 0x0, 0x0, 0x0,
    0x0, 0x0, 0x0, 0x0, 0xcc, 0xff, 0xff, 0xff,
    0x20, 0x0, 0x0, 0x0, 0x0, 0x0, 0x0, 0x0,
    0xcc, 0xff, 0xff, 0xff, 0x20, 0x0, 0x0, 0x0,
    0x0, 0x0, 0x0, 0x0, 0xcc, 0xff, 0xff, 0xff,
    0x20, 0x0, 0x0, 0x0, 0x0, 0x0, 0x0, 0x0,
    0xcc, 0xff, 0xff, 0xff, 0x20, 0x0, 0x0, 0x0,
    0x0, 0x0, 0x0, 0x0, 0xcc, 0xff, 0xff, 0xff,
    0x19, 0x0, 0x0, 0x0, 0x0, 0x0, 0x0, 0x0,
    0xcc, 0xff, 0xff, 0xdd, 0x0, 0x0, 0x0, 0x0,
    0x0, 0x0, 0x0, 0x0, 0xc9, 0xea, 0xb0, 0x27,
    0x0, 0x0, 0x0, 0x0, 0x0, 0x0, 0x0, 0x0,

    /* U+0073 "s" */
    0x0, 0x0, 0x0, 0x20, 0x83, 0xc6, 0xec, 0xfb,
    0xf6, 0xe1, 0xb6, 0x70, 0x13, 0x0, 0x0, 0x0,
    0x0, 0x0, 0x73, 0xf8, 0xff, 0xff, 0xff, 0xff,
    0xff, 0xff, 0xff, 0xff, 0xf5, 0x6d, 0x0, 0x0,
    0x0, 0x66, 0xff, 0xff, 0xff, 0xff, 0xff, 0xff,
    0xff, 0xff, 0xff, 0xff, 0xff, 0xff, 0x64, 0x0,
    0x2, 0xe5, 0xff, 0xff, 0xff, 0x99, 0x31, 0xb,
    0x11, 0x35, 0x9b, 0xff, 0xff, 0xff, 0xd2, 0x0,
    0x19, 0xff, 0xff, 0xff, 0xb1, 0x0, 0x0, 0x0,
    0x0, 0x0, 0x0, 0x7f, 0xff, 0xff, 0xd5, 0x0,
    0xf, 0xff, 0xff, 0xff, 0xc7, 0x3, 0x0, 0x0,
    0x0, 0x0, 0x0, 0xc, 0xdf, 0xc1, 0x3b, 0x0,
    0x0, 0xd8, 0xff, 0xff, 0xff, 0xc7, 0x5e, 0x17,
    0x0, 0x0, 0x0, 0x0, 0x0, 0x0, 0x0, 0x0,
    0x0, 0x4f, 0xfc, 0xff, 0xff, 0xff, 0xff, 0xff,
    0xdb, 0x9e, 0x58, 0xd, 0x0, 0x0, 0x0, 0x0,
    0x0, 0x0, 0x49, 0xdd, 0xff, 0xff, 0xff, 0xff,
    0xff, 0xff, 0xff, 0xf6, 0x95, 0x17, 0x0, 0x0,
    0x0, 0x0, 0x0, 0x5, 0x4f, 0xa0, 0xe6, 0xff,
    0xff, 0xff, 0xff, 0xff, 0xff, 0xee, 0x3b, 0x0,
    0x0, 0x0, 0x0, 0x0, 0x0, 0x0, 0x0, 0x24,
    0x66, 0xb2, 0xfa, 0xff, 0xff, 0xff, 0xeb, 0x13,
    0x0, 0x5, 0x43, 0x2e, 0x0, 0x0, 0x0, 0x0,
    0x0, 0x0, 0x1a, 0xc0, 0xff, 0xff, 0xff, 0x6e,
    0x7, 0xd2, 0xff, 0xc7, 0x0, 0x0, 0x0, 0x0,
    0x0, 0x0, 0x0, 0x26, 0xff, 0xff, 0xff, 0x9c,
    0x2d, 0xff, 0xff, 0xff, 0x6f, 0x0, 0x0, 0x0,
    0x0, 0x0, 0x0, 0x37, 0xff, 0xff, 0xff, 0x97,
    0x12, 0xfb, 0xff, 0xff, 0xff, 0xb3, 0x50, 0x2a,
    0x25, 0x3d, 0x7e, 0xea, 0xff, 0xff, 0xff, 0x5a,
    0x0, 0x90, 0xff, 0xff, 0xff, 0xff, 0xff, 0xff,
    0xff, 0xff, 0xff, 0xff, 0xff, 0xff, 0xc9, 0x5,
    0x0, 0x4, 0x89, 0xfb, 0xff, 0xff, 0xff, 0xff,
    0xff, 0xff, 0xff, 0xff, 0xff, 0xb0, 0x10, 0x0,
    0x0, 0x0, 0x0, 0x20, 0x7f, 0xc0, 0xe8, 0xf9,
    0xfa, 0xed, 0xc9, 0x90, 0x38, 0x0, 0x0, 0x0,

    /* U+0074 "t" */
    0x0, 0x0, 0x0, 0x0, 0x0, 0x31, 0x66, 0x49,
    0x0, 0x0, 0x0, 0x0, 0x0, 0x0, 0x0, 0x0,
    0x0, 0xa5, 0xff, 0xff, 0x9c, 0x0, 0x0, 0x0,
    0x0, 0x0, 0x0, 0x0, 0x0, 0x21, 0xff, 0xff,
    0xff, 0x9c, 0x0, 0x0, 0x0, 0x0, 0x0, 0x0,
    0x0, 0x0, 0x3c, 0xff, 0xff, 0xff, 0x9c, 0x0,
    0x0, 0x0, 0x0, 0x0, 0x0, 0x0, 0x0, 0x3c,
    0xff, 0xff, 0xff, 0x9c, 0x0, 0x0, 0x0, 0x0,
    0x0, 0x0, 0x0, 0x0, 0x3c, 0xff, 0xff, 0xff,
    0x9c, 0x0, 0x0, 0x0, 0x0, 0x0, 0x13, 0xb9,
    0xfb, 0xff, 0xff, 0xff, 0xff, 0xff, 0xff, 0xff,
    0xff, 0xff, 0x34, 0x87, 0xff, 0xff, 0xff, 0xff,
    0xff, 0xff, 0xff, 0xff, 0xff, 0xff, 0xf4, 0xe,
    0xba, 0xff, 0xff, 0xff, 0xff, 0xff, 0xff, 0xff,
    0xff, 0xfe, 0xe1, 0x59, 0x0, 0x3, 0x4, 0x4,
    0x4a, 0xff, 0xff, 0xff, 0xa5, 0x4, 0x2, 0x0,
    0x0, 0x0, 0x0, 0x0, 0x0, 0x48, 0xff, 0xff,
    0xff, 0xa4, 0x0, 0x0, 0x0, 0x0, 0x0, 0x0,
    0x0, 0x0, 0x48, 0xff, 0xff, 0xff, 0xa4, 0x0,
    0x0, 0x0, 0x0, 0x0, 0x0, 0x0, 0x0, 0x48,
    0xff, 0xff, 0xff, 0xa4, 0x0, 0x0, 0x0, 0x0,
    0x0, 0x0, 0x0, 0x0, 0x48, 0xff, 0xff, 0xff,
    0xa4, 0x0, 0x0, 0x0, 0x0, 0x0, 0x0, 0x0,
    0x0, 0x48, 0xff, 0xff, 0xff, 0xa4, 0x0, 0x0,
    0x0, 0x0, 0x0, 0x0, 0x0, 0x0, 0x48, 0xff,
    0xff, 0xff, 0xa4, 0x0, 0x0, 0x0, 0x0, 0x0,
    0x0, 0x0, 0x0, 0x48, 0xff, 0xff, 0xff, 0xa4,
    0x0, 0x0, 0x0, 0x0, 0x0, 0x0, 0x0, 0x0,
    0x48, 0xff, 0xff, 0xff, 0xa4, 0x0, 0x0, 0x0,
    0x0, 0x0, 0x0, 0x0, 0x0, 0x44, 0xff, 0xff,
    0xff, 0xad, 0x0, 0x0, 0x0, 0x0, 0x0, 0x0,
    0x0, 0x0, 0x2e, 0xff, 0xff, 0xff, 0xe0, 0x4,
    0x0, 0x0, 0x0, 0x5, 0x0, 0x0, 0x0, 0x4,
    0xf1, 0xff, 0xff, 0xff, 0xc6, 0x80, 0x8a, 0xcd,
    0xa3, 0x0, 0x0, 0x0, 0x0, 0x8c, 0xff, 0xff,
    0xff, 0xff, 0xff, 0xff, 0xff, 0xd9, 0x0, 0x0,
    0x0, 0x0, 0xc, 0xcd, 0xff, 0xff, 0xff, 0xff,
    0xff, 0xff, 0x87, 0x0, 0x0, 0x0, 0x0, 0x0,
    0xb, 0x7c, 0xd1, 0xf5, 0xf3, 0xcf, 0x69, 0x1,

    /* U+0075 "u" */
    0x0, 0x29, 0xb0, 0xe9, 0xcc, 0x0, 0x0, 0x0,
    0x0, 0x0, 0x0, 0x0, 0x0, 0x69, 0xce, 0xf4,
    0x5b, 0x0, 0xe1, 0xff, 0xff, 0xd0, 0x0, 0x0,
    0x0, 0x0, 0x0, 0x0, 0x0, 0x4e, 0xff, 0xff,
    0xff, 0x5c, 0x1d, 0xff, 0xff, 0xff, 0xd0, 0x0,
    0x0, 0x0, 0x0, 0x0, 0x0, 0x0, 0x89, 0xff,
    0xff, 0xff, 0x5c, 0x24, 0xff, 0xff, 0xff, 0xd0,
    0x0, 0x0, 0x0, 0x0, 0x0, 0x0, 0x0, 0x90,
    0xff, 0xff, 0xff, 0x5c, 0x24, 0xff, 0xff, 0xff,
    0xd0, 0x0, 0x0, 0x0, 0x0, 0x0, 0x0, 0x0,
    0x90, 0xff, 0xff, 0xff, 0x5c, 0x24, 0xff, 0xff,
    0xff, 0xd0, 0x0, 0x0, 0x0, 0x0, 0x0, 0x0,
    0x0, 0x90, 0xff, 0xff, 0xff, 0x5c, 0x24, 0xff,
    0xff, 0xff, 0xd0, 0x0, 0x0, 0x0, 0x0, 0x0,
    0x0, 0x0, 0x90, 0xff, 0xff, 0xff, 0x5c, 0x24,
    0xff, 0xff, 0xff, 0xd0, 0x0, 0x0, 0x0, 0x0,
    0x0, 0x0, 0x0, 0x90, 0xff, 0xff, 0xff, 0x5c,
    0x24, 0xff, 0xff, 0xff, 0xd0, 0x0, 0x0, 0x0,
    0x0, 0x0, 0x0, 0x0, 0x90, 0xff, 0xff, 0xff,
    0x5c, 0x24, 0xff, 0xff, 0xff, 0xd0, 0x0, 0x0,
    0x0, 0x0, 0x0, 0x0, 0x0, 0x90, 0xff, 0xff,
    0xff, 0x5c, 0x24, 0xff, 0xff, 0xff, 0xd0, 0x0,
    0x0, 0x0, 0x0, 0x0, 0x0, 0x0, 0x91, 0xff,
    0xff, 0xff, 0x5c, 0x22, 0xff, 0xff, 0xff, 0xd8,
    0x0, 0x0, 0x0, 0x0, 0x0, 0x0, 0x0, 0xab,
    0xff, 0xff, 0xff, 0x5c, 0xb, 0xff, 0xff, 0xff,
    0xfa, 0xb, 0x0, 0x0, 0x0, 0x0, 0x0, 0x15,
    0xf2, 0xff, 0xff, 0xff, 0x5c, 0x0, 0xe0, 0xff,
    0xff, 0xff, 0x97, 0x2, 0x0, 0x0, 0x0, 0x13,
    0xc3, 0xff, 0xff, 0xff, 0xff, 0x5c, 0x0, 0x83,
    0xff, 0xff, 0xff, 0xff, 0xd2, 0x8f, 0x7a, 0x9c,
    0xef, 0xff, 0xfe, 0xe7, 0xff, 0xff, 0x5b, 0x0,
    0xe, 0xdc, 0xff, 0xff, 0xff, 0xff, 0xff, 0xff,
    0xff, 0xff, 0xff, 0xa6, 0xf5, 0xff, 0xff, 0x40,
    0x0, 0x0, 0x26, 0xd5, 0xff, 0xff, 0xff, 0xff,
    0xff, 0xff, 0xfa, 0x73, 0x64, 0xff, 0xff, 0xdf,
    0xb, 0x0, 0x0, 0x0, 0xa, 0x6b, 0xc5, 0xec,
    0xf5, 0xd7, 0x93, 0x28, 0x0, 0x61, 0xe4, 0xaa,
    0x25, 0x0,

    /* U+0076 "v" */
    0x61, 0xf0, 0xf4, 0xb3, 0x1f, 0x0, 0x0, 0x0,
    0x0, 0x0, 0x0, 0x0, 0x0, 0x37, 0xc8, 0xf7,
    0xe9, 0x37, 0x22, 0xfe, 0xff, 0xff, 0xbe, 0x0,
    0x0, 0x0, 0x0, 0x0, 0x0, 0x0, 0x7, 0xe7,
    0xff, 0xff, 0xea, 0x5, 0x0, 0xbd, 0xff, 0xff,
    0xfe, 0x1e, 0x0, 0x0, 0x0, 0x0, 0x0, 0x0,
    0x51, 0xff, 0xff, 0xff, 0x8c, 0x0, 0x0, 0x58,
    0xff, 0xff, 0xff, 0x75, 0x0, 0x0, 0x0, 0x0,
    0x0, 0x0, 0xac, 0xff, 0xff, 0xff, 0x28, 0x0,
    0x0, 0x7, 0xec, 0xff, 0xff, 0xcd, 0x0, 0x0,
    0x0, 0x0, 0x0, 0xe, 0xf7, 0xff, 0xff, 0xc3,
    0x0, 0x0, 0x0, 0x0, 0x8f, 0xff, 0xff, 0xff,
    0x24, 0x0, 0x0, 0x0, 0x0, 0x61, 0xff, 0xff,
    0xff, 0x5e, 0x0, 0x0, 0x0, 0x0, 0x2b, 0xff,
    0xff, 0xff, 0x7c, 0x0, 0x0, 0x0, 0x0, 0xbb,
    0xff, 0xff, 0xf0, 0x9, 0x0, 0x0, 0x0, 0x0,
    0x0, 0xc6, 0xff, 0xff, 0xd3, 0x0, 0x0, 0x0,
    0x18, 0xfc, 0xff, 0xff, 0x95, 0x0, 0x0, 0x0,
    0x0, 0x0, 0x0, 0x62, 0xff, 0xff, 0xff, 0x2b,
    0x0, 0x0, 0x70, 0xff, 0xff, 0xff, 0x31, 0x0,
    0x0, 0x0, 0x0, 0x0, 0x0, 0xb, 0xf2, 0xff,
    0xff, 0x82, 0x0, 0x0, 0xca, 0xff, 0xff, 0xcc,
    0x0, 0x0, 0x0, 0x0, 0x0, 0x0, 0x0, 0x0,
    0x99, 0xff, 0xff, 0xd9, 0x0, 0x24, 0xff, 0xff,
    0xff, 0x68, 0x0, 0x0, 0x0, 0x0, 0x0, 0x0,
    0x0, 0x0, 0x34, 0xff, 0xff, 0xff, 0x31, 0x7f,
    0xff, 0xff, 0xf5, 0xe, 0x0, 0x0, 0x0, 0x0,
    0x0, 0x0, 0x0, 0x0, 0x0, 0xd0, 0xff, 0xff,
    0x89, 0xd9, 0xff, 0xff, 0x9f, 0x0, 0x0, 0x0,
    0x0, 0x0, 0x0, 0x0, 0x0, 0x0, 0x0, 0x6c,
    0xff, 0xff, 0xb3, 0xff, 0xff, 0xff, 0x3b, 0x0,
    0x0, 0x0, 0x0, 0x0, 0x0, 0x0, 0x0, 0x0,
    0x0, 0x10, 0xf6, 0xff, 0xda, 0xff, 0xff, 0xd6,
    0x0, 0x0, 0x0, 0x0, 0x0, 0x0, 0x0, 0x0,
    0x0, 0x0, 0x0, 0x0, 0xa3, 0xff, 0xff, 0xff,
    0xff, 0x72, 0x0, 0x0, 0x0, 0x0, 0x0, 0x0,
    0x0, 0x0, 0x0, 0x0, 0x0, 0x0, 0x3c, 0xff,
    0xff, 0xff, 0xf7, 0x14, 0x0, 0x0, 0x0, 0x0,
    0x0, 0x0, 0x0, 0x0, 0x0, 0x0, 0x0, 0x0,
    0x0, 0x82, 0xf0, 0xe6, 0x5a, 0x0, 0x0, 0x0,
    0x0, 0x0, 0x0, 0x0,

    /* U+0077 "w" */
    0x62, 0xec, 0xf3, 0xa7, 0xd, 0x0, 0x0, 0x0,
    0x0, 0x0, 0x61, 0xec, 0xe9, 0x59, 0x0, 0x0,
    0x0, 0x0, 0x0, 0x13, 0xb1, 0xf5, 0xe9, 0x55,
    0x48, 0xff, 0xff, 0xff, 0x82, 0x0, 0x0, 0x0,
    0x0, 0x4, 0xef, 0xff, 0xff, 0xee, 0x3, 0x0,
    0x0, 0x0, 0x0, 0x93, 0xff, 0xff, 0xff, 0x37,
    0x9, 0xf8, 0xff, 0xff, 0xc7, 0x0, 0x0, 0x0,
    0x0, 0x3d, 0xff, 0xff, 0xff, 0xff, 0x38, 0x0,
    0x0, 0x0, 0x0, 0xda, 0xff, 0xff, 0xef, 0x3,
    0x0, 0xbc, 0xff, 0xff, 0xf9, 0x9, 0x0, 0x0,
    0x0, 0x85, 0xff, 0xf2, 0xff, 0xff, 0x7b, 0x0,
    0x0, 0x0, 0x18, 0xff, 0xff, 0xff, 0xad, 0x0,
    0x0, 0x77, 0xff, 0xff, 0xff, 0x3e, 0x0, 0x0,
    0x0, 0xcc, 0xff, 0xd0, 0xff, 0xff, 0xbe, 0x0,
    0x0, 0x0, 0x55, 0xff, 0xff, 0xff, 0x67, 0x0,
    0x0, 0x31, 0xff, 0xff, 0xff, 0x7a, 0x0, 0x0,
    0x14, 0xfe, 0xff, 0xc6, 0xda, 0xff, 0xf8, 0x9,
    0x0, 0x0, 0x93, 0xff, 0xff, 0xff, 0x22, 0x0,
    0x0, 0x1, 0xe9, 0xff, 0xff, 0xb5, 0x0, 0x0,
    0x5a, 0xff, 0xff, 0x81, 0x96, 0xff, 0xff, 0x44,
    0x0, 0x0, 0xd1, 0xff, 0xff, 0xdd, 0x0, 0x0,
    0x0, 0x0, 0xa5, 0xff, 0xff, 0xef, 0x1, 0x0,
    0xa1, 0xff, 0xff, 0x3a, 0x52, 0xff, 0xff, 0x87,
    0x0, 0x10, 0xfd, 0xff, 0xff, 0x98, 0x0, 0x0,
    0x0, 0x0, 0x60, 0xff, 0xff, 0xff, 0x2c, 0x0,
    0xe7, 0xff, 0xef, 0x3, 0x11, 0xfd, 0xff, 0xca,
    0x0, 0x4c, 0xff, 0xff, 0xff, 0x53, 0x0, 0x0,
    0x0, 0x0, 0x1a, 0xff, 0xff, 0xff, 0x68, 0x2f,
    0xff, 0xff, 0xab, 0x0, 0x0, 0xcb, 0xff, 0xfd,
    0x10, 0x89, 0xff, 0xff, 0xfc, 0x11, 0x0, 0x0,
    0x0, 0x0, 0x0, 0xd4, 0xff, 0xff, 0xa3, 0x76,
    0xff, 0xff, 0x64, 0x0, 0x0, 0x88, 0xff, 0xff,
    0x50, 0xc7, 0xff, 0xff, 0xc8, 0x0, 0x0, 0x0,
    0x0, 0x0, 0x0, 0x8f, 0xff, 0xff, 0xd7, 0xbd,
    0xff, 0xff, 0x1e, 0x0, 0x0, 0x44, 0xff, 0xff,
    0x9c, 0xfa, 0xff, 0xff, 0x83, 0x0, 0x0, 0x0,
    0x0, 0x0, 0x0, 0x49, 0xff, 0xff, 0xbf, 0xf9,
    0xff, 0xd6, 0x0, 0x0, 0x0, 0x8, 0xf7, 0xff,
    0xc3, 0xff, 0xff, 0xff, 0x3e, 0x0, 0x0, 0x0,
    0x0, 0x0, 0x0, 0xa, 0xf8, 0xff, 0xe1, 0xff,
    0xff, 0x8f, 0x0, 0x0, 0x0, 0x0, 0xbd, 0xff,
    0xcf, 0xff, 0xff, 0xf3, 0x5, 0x0, 0x0, 0x0,
    0x0, 0x0, 0x0, 0x0, 0xbd, 0xff, 0xff, 0xff,
    0xff, 0x48, 0x0, 0x0, 0x0, 0x0, 0x79, 0xff,
    0xff, 0xff, 0xff, 0xb3, 0x0, 0x0, 0x0, 0x0,
    0x0, 0x0, 0x0, 0x0, 0x75, 0xff, 0xff, 0xff,
    0xf7, 0x9, 0x0, 0x0, 0x0, 0x0, 0x35, 0xff,
    0xff, 0xff, 0xff, 0x6c, 0x0, 0x0, 0x0, 0x0,
    0x0, 0x0, 0x0, 0x0, 0x13, 0xeb, 0xff, 0xff,
    0xba, 0x0, 0x0, 0x0, 0x0, 0x0, 0x2, 0xee,
    0xff, 0xff, 0xdf, 0xc, 0x0, 0x0, 0x0, 0x0,
    0x0, 0x0, 0x0, 0x0, 0x0, 0x24, 0xa7, 0xe9,
    0x72, 0x0, 0x0, 0x0, 0x0, 0x0, 0x0, 0xa9,
    0xe1, 0x94, 0x16, 0x0, 0x0, 0x0, 0x0, 0x0,

    /* U+0078 "x" */
    0x0, 0x97, 0xe9, 0xef, 0xb6, 0x1b, 0x0, 0x0,
    0x0, 0x0, 0x0, 0x0, 0x2d, 0xc3, 0xf8, 0xe8,
    0x86, 0x0, 0x0, 0x56, 0xff, 0xff, 0xff, 0xd1,
    0x5, 0x0, 0x0, 0x0, 0x0, 0xd, 0xe0, 0xff,
    0xff, 0xfe, 0x42, 0x0, 0x0, 0x0, 0xa3, 0xff,
    0xff, 0xff, 0x7c, 0x0, 0x0, 0x0, 0x0, 0x9a,
    0xff, 0xff, 0xff, 0x8c, 0x0, 0x0, 0x0, 0x0,
    0xf, 0xe0, 0xff, 0xff, 0xf8, 0x29, 0x0, 0x0,
    0x45, 0xff, 0xff, 0xff, 0xd1, 0x7, 0x0, 0x0,
    0x0, 0x0, 0x0, 0x3e, 0xfd, 0xff, 0xff, 0xc5,
    0x2, 0xe, 0xe2, 0xff, 0xff, 0xf7, 0x2c, 0x0,
    0x0, 0x0, 0x0, 0x0, 0x0, 0x0, 0x89, 0xff,
    0xff, 0xff, 0x6e, 0x9c, 0xff, 0xff, 0xff, 0x70,
    0x0, 0x0, 0x0, 0x0, 0x0, 0x0, 0x0, 0x0,
    0x6, 0xd0, 0xff, 0xff, 0xb2, 0xff, 0xff, 0xff,
    0xba, 0x1, 0x0, 0x0, 0x0, 0x0, 0x0, 0x0,
    0x0, 0x0, 0x0, 0x2b, 0xf7, 0xff, 0xf9, 0xff,
    0xff, 0xed, 0x1a, 0x0, 0x0, 0x0, 0x0, 0x0,
    0x0, 0x0, 0x0, 0x0, 0x0, 0x0, 0x85, 0xff,
    0xff, 0xff, 0xff, 0x69, 0x0, 0x0, 0x0, 0x0,
    0x0, 0x0, 0x0, 0x0, 0x0, 0x0, 0x0, 0x11,
    0xe1, 0xff, 0xff, 0xff, 0xff, 0xce, 0x7, 0x0,
    0x0, 0x0, 0x0, 0x0, 0x0, 0x0, 0x0, 0x0,
    0x0, 0xad, 0xff, 0xff, 0xff, 0xff, 0xff, 0xff,
    0x91, 0x0, 0x0, 0x0, 0x0, 0x0, 0x0, 0x0,
    0x0, 0x0, 0x6a, 0xff, 0xff, 0xff, 0x9c, 0xba,
    0xff, 0xff, 0xff, 0x4d, 0x0, 0x0, 0x0, 0x0,
    0x0, 0x0, 0x0, 0x2d, 0xf7, 0xff, 0xff, 0xe0,
    0xd, 0x1c, 0xef, 0xff, 0xff, 0xec, 0x1c, 0x0,
    0x0, 0x0, 0x0, 0x0, 0xa, 0xd6, 0xff, 0xff,
    0xfe, 0x42, 0x0, 0x0, 0x5d, 0xff, 0xff, 0xff,
    0xc1, 0x3, 0x0, 0x0, 0x0, 0x0, 0x9d, 0xff,
    0xff, 0xff, 0x93, 0x0, 0x0, 0x0, 0x0, 0xad,
    0xff, 0xff, 0xff, 0x80, 0x0, 0x0, 0x0, 0x58,
    0xff, 0xff, 0xff, 0xdb, 0xa, 0x0, 0x0, 0x0,
    0x0, 0x15, 0xe9, 0xff, 0xff, 0xfc, 0x3f, 0x0,
    0x22, 0xf1, 0xff, 0xff, 0xfd, 0x3c, 0x0, 0x0,
    0x0, 0x0, 0x0, 0x0, 0x4f, 0xff, 0xff, 0xff,
    0xe4, 0x13, 0x35, 0xc6, 0xf4, 0xd9, 0x57, 0x0,
    0x0, 0x0, 0x0, 0x0, 0x0, 0x0, 0x0, 0x6f,
    0xd9, 0xf4, 0xc1, 0x27,

    /* U+0079 "y" */
    0x5f, 0xef, 0xf4, 0xb1, 0x1e, 0x0, 0x0, 0x0,
    0x0, 0x0, 0x0, 0x0, 0x0, 0xa, 0x95, 0xec,
    0xf4, 0x8d, 0x1e, 0xfc, 0xff, 0xff, 0xc5, 0x0,
    0x0, 0x0, 0x0, 0x0, 0x0, 0x0, 0x0, 0x91,
    0xff, 0xff, 0xff, 0x4e, 0x0, 0xb1, 0xff, 0xff,
    0xff, 0x30, 0x0, 0x0, 0x0, 0x0, 0x0, 0x0,
    0xc, 0xf3, 0xff, 0xff, 0xe2, 0x3, 0x0, 0x47,
    0xff, 0xff, 0xff, 0x93, 0x0, 0x0, 0x0, 0x0,
    0x0, 0x0, 0x65, 0xff, 0xff, 0xff, 0x7b, 0x0,
    0x0, 0x1, 0xdb, 0xff, 0xff, 0xee, 0x8, 0x0,
    0x0, 0x0, 0x0, 0x0, 0xca, 0xff, 0xff, 0xfa,
    0x18, 0x0, 0x0, 0x0, 0x73, 0xff, 0xff, 0xff,
    0x59, 0x0, 0x0, 0x0, 0x0, 0x2f, 0xff, 0xff,
    0xff, 0xa8, 0x0, 0x0, 0x0, 0x0, 0x12, 0xf6,
    0xff, 0xff, 0xbc, 0x0, 0x0, 0x0, 0x0, 0x94,
    0xff, 0xff, 0xff, 0x3f, 0x0, 0x0, 0x0, 0x0,
    0x0, 0x9f, 0xff, 0xff, 0xfe, 0x21, 0x0, 0x0,
    0x9, 0xef, 0xff, 0xff, 0xd5, 0x0, 0x0, 0x0,
    0x0, 0x0, 0x0, 0x35, 0xff, 0xff, 0xff, 0x82,
    0x0, 0x0, 0x5f, 0xff, 0xff, 0xff, 0x6c, 0x0,
    0x0, 0x0, 0x0, 0x0, 0x0, 0x0, 0xcb, 0xff,
    0xff, 0xe2, 0x2, 0x0, 0xc4, 0xff, 0xff, 0xf4,
    0xe, 0x0, 0x0, 0x0, 0x0, 0x0, 0x0, 0x0,
    0x62, 0xff, 0xff, 0xff, 0x48, 0x29, 0xff, 0xff,
    0xff, 0x99, 0x0, 0x0, 0x0, 0x0, 0x0, 0x0,
    0x0, 0x0, 0x9, 0xee, 0xff, 0xff, 0xab, 0x8e,
    0xff, 0xff, 0xff, 0x30, 0x0, 0x0, 0x0, 0x0,
    0x0, 0x0, 0x0, 0x0, 0x0, 0x8e, 0xff, 0xff,
    0xbc, 0xec, 0xff, 0xff, 0xc6, 0x0, 0x0, 0x0,
    0x0, 0x0, 0x0, 0x0, 0x0, 0x0, 0x0, 0x25,
    0xfe, 0xff, 0xd1, 0xff, 0xff, 0xff, 0x5d, 0x0,
    0x0, 0x0, 0x0, 0x0, 0x0, 0x0, 0x0, 0x0,
    0x0, 0x0, 0xba, 0xff, 0xff, 0xff, 0xff, 0xec,
    0x8, 0x0, 0x0, 0x0, 0x0, 0x0, 0x0, 0x0,
    0x0, 0x0, 0x0, 0x0, 0x50, 0xff, 0xff, 0xff,
    0xff, 0x8a, 0x0, 0x0, 0x0, 0x0, 0x0, 0x0,
    0x0, 0x0, 0x0, 0x0, 0x0, 0x0, 0x3, 0xe7,
    0xff, 0xff, 0xfe, 0x23, 0x0, 0x0, 0x0, 0x0,
    0x0, 0x0, 0x0, 0x0, 0x0, 0x0, 0x0, 0x0,
    0x1f, 0xfb, 0xff, 0xff, 0xb7, 0x0, 0x0, 0x0,
    0x0, 0x0, 0x0, 0x0, 0x0, 0x0, 0x0, 0x0,
    0x0, 0x0, 0x90, 0xff, 0xff, 0xff, 0x4e, 0x0,
    0x0, 0x0, 0x0, 0x0, 0x0, 0x0, 0x0, 0x0,
    0x0, 0x0, 0x0, 0x1a, 0xf5, 0xff, 0xff, 0xdf,
    0x3, 0x0, 0x0, 0x0, 0x0, 0x0, 0x0, 0x0,
    0x0, 0x0, 0x0, 0x0, 0x1, 0xb1, 0xff, 0xff,
    0xff, 0x6c, 0x0, 0x0, 0x0, 0x0, 0x0, 0x0,
    0x0, 0x0, 0x4, 0x3b, 0x29, 0x48, 0xb9, 0xff,
    0xff, 0xff, 0xdd, 0x6, 0x0, 0x0, 0x0, 0x0,
    0x0, 0x0, 0x0, 0x0, 0x1, 0xf6, 0xff, 0xff,
    0xff, 0xff, 0xff, 0xfc, 0x3f, 0x0, 0x0, 0x0,
    0x0, 0x0, 0x0, 0x0, 0x0, 0x0, 0x0, 0xae,
    0xff, 0xff, 0xff, 0xff, 0xfb, 0x62, 0x0, 0x0,
    0x0, 0x0, 0x0, 0x0, 0x0, 0x0, 0x0, 0x0,
    0x0, 0x1a, 0xb8, 0xf5, 0xeb, 0xad, 0x35, 0x0,
    0x0, 0x0, 0x0, 0x0, 0x0, 0x0, 0x0, 0x0,
    0x0, 0x0,

    /* U+007A "z" */
    0x2, 0xfa, 0xff, 0xff, 0xff, 0xff, 0xff, 0xff,
    0xff, 0xff, 0xff, 0xff, 0xff, 0xff, 0xf6, 0x73,
    0x0, 0xc1, 0xff, 0xff, 0xff, 0xff, 0xff, 0xff,
    0xff, 0xff, 0xff, 0xff, 0xff, 0xff, 0xff, 0xdc,
    0x0, 0x2b, 0xd0, 0xfe, 0xff, 0xff, 0xff, 0xff,
    0xff, 0xff, 0xe1, 0xca, 0xff, 0xff, 0xff, 0x91,
    0x0, 0x0, 0x0, 0x2, 0x4, 0x4, 0x4, 0x4,
    0x4, 0x4, 0x86, 0xff, 0xff, 0xff, 0xc5, 0x6,
    0x0, 0x0, 0x0, 0x0, 0x0, 0x0, 0x0, 0x0,
    0x0, 0x56, 0xff, 0xff, 0xff, 0xe2, 0x17, 0x0,
    0x0, 0x0, 0x0, 0x0, 0x0, 0x0, 0x0, 0x0,
    0x31, 0xf5, 0xff, 0xff, 0xf5, 0x31, 0x0, 0x0,
    0x0, 0x0, 0x0, 0x0, 0x0, 0x0, 0x0, 0x16,
    0xe2, 0xff, 0xff, 0xff, 0x56, 0x0, 0x0, 0x0,
    0x0, 0x0, 0x0, 0x0, 0x0, 0x0, 0x6, 0xc4,
    0xff, 0xff, 0xff, 0x83, 0x0, 0x0, 0x0, 0x0,
    0x0, 0x0, 0x0, 0x0, 0x0, 0x0, 0x9c, 0xff,
    0xff, 0xff, 0xaf, 0x1, 0x0, 0x0, 0x0, 0x0,
    0x0, 0x0, 0x0, 0x0, 0x0, 0x6f, 0xff, 0xff,
    0xff, 0xd2, 0xc, 0x0, 0x0, 0x0, 0x0, 0x0,
    0x0, 0x0, 0x0, 0x0, 0x44, 0xfc, 0xff, 0xff,
    0xec, 0x21, 0x0, 0x0, 0x0, 0x0, 0x0, 0x0,
    0x0, 0x0, 0x0, 0x24, 0xee, 0xff, 0xff, 0xfb,
    0x40, 0x0, 0x0, 0x0, 0x0, 0x0, 0x0, 0x0,
    0x0, 0x0, 0xe, 0xd6, 0xff, 0xff, 0xff, 0x69,
    0x0, 0x0, 0x0, 0x0, 0x0, 0x0, 0x0, 0x0,
    0x0, 0x2, 0xb4, 0xff, 0xff, 0xff, 0x96, 0x0,
    0x0, 0x0, 0x0, 0x0, 0x0, 0x0, 0x0, 0x0,
    0x0, 0x89, 0xff, 0xff, 0xff, 0xbf, 0x5, 0x0,
    0x0, 0x0, 0x0, 0x0, 0x0, 0x0, 0x0, 0x0,
    0x4d, 0xff, 0xff, 0xff, 0xe3, 0xb9, 0xff, 0xff,
    0xff, 0xff, 0xff, 0xff, 0xff, 0xfb, 0xc3, 0x1d,
    0x8b, 0xff, 0xff, 0xff, 0xff, 0xff, 0xff, 0xff,
    0xff, 0xff, 0xff, 0xff, 0xff, 0xff, 0xff, 0xa5,
    0x2b, 0xe3, 0xff, 0xff, 0xff, 0xff, 0xff, 0xff,
    0xff, 0xff, 0xff, 0xff, 0xff, 0xff, 0xff, 0xe0,

    /* U+007B "{" */
    0x0, 0x0, 0x0, 0x0, 0x9, 0x8c, 0xe2, 0xfd,
    0xff, 0xff, 0xff, 0x68, 0x0, 0x0, 0x0, 0x0,
    0xaf, 0xff, 0xff, 0xff, 0xff, 0xff, 0xff, 0x4c,
    0x0, 0x0, 0x0, 0x2f, 0xff, 0xff, 0xff, 0xff,
    0xff, 0xff, 0xea, 0x9, 0x0, 0x0, 0x0, 0x69,
    0xff, 0xff, 0xff, 0xff, 0xa7, 0x83, 0x28, 0x0,
    0x0, 0x0, 0x0, 0x7a, 0xff, 0xff, 0xff, 0xca,
    0x0, 0x0, 0x0, 0x0, 0x0, 0x0, 0x0, 0x7c,
    0xff, 0xff, 0xff, 0xc0, 0x0, 0x0, 0x0, 0x0,
    0x0, 0x0, 0x0, 0x7c, 0xff, 0xff, 0xff, 0xc0,
    0x0, 0x0, 0x0, 0x0, 0x0, 0x0, 0x0, 0x7c,
    0xff, 0xff, 0xff, 0xc0, 0x0, 0x0, 0x0, 0x0,
    0x0, 0x0, 0x0, 0x7c, 0xff, 0xff, 0xff, 0xc0,
    0x0, 0x0, 0x0, 0x0, 0x0, 0x0, 0x0, 0x7c,
    0xff, 0xff, 0xff, 0xc0, 0x0, 0x0, 0x0, 0x0,
    0x0, 0x0, 0x0, 0x7d, 0xff, 0xff, 0xff, 0xbe,
    0x0, 0x0, 0x0, 0x0, 0x0, 0x0, 0x0, 0x95,
    0xff, 0xff, 0xff, 0xac, 0x0, 0x0, 0x0, 0x0,
    0x0, 0x0, 0x2e, 0xea, 0xff, 0xff, 0xff, 0x79,
    0x0, 0x0, 0x0, 0x0, 0x2e, 0xe4, 0xff, 0xff,
    0xff, 0xff, 0xee, 0x18, 0x0, 0x0, 0x0, 0x0,
    0x8c, 0xff, 0xff, 0xff, 0xff, 0xf3, 0x33, 0x0,
    0x0, 0x0, 0x0, 0x0, 0x72, 0xff, 0xff, 0xff,
    0xff, 0xff, 0x98, 0x0, 0x0, 0x0, 0x0, 0x0,
    0x7, 0x72, 0xbb, 0xff, 0xff, 0xff, 0xff, 0x43,
    0x0, 0x0, 0x0, 0x0, 0x0, 0x0, 0x0, 0xc2,
    0xff, 0xff, 0xff, 0x93, 0x0, 0x0, 0x0, 0x0,
    0x0, 0x0, 0x0, 0x86, 0xff, 0xff, 0xff, 0xb3,
    0x0, 0x0, 0x0, 0x0, 0x0, 0x0, 0x0, 0x7c,
    0xff, 0xff, 0xff, 0xbf, 0x0, 0x0, 0x0, 0x0,
    0x0, 0x0, 0x0, 0x7c, 0xff, 0xff, 0xff, 0xc0,
    0x0, 0x0, 0x0, 0x0, 0x0, 0x0, 0x0, 0x7c,
    0xff, 0xff, 0xff, 0xc0, 0x0, 0x0, 0x0, 0x0,
    0x0, 0x0, 0x0, 0x7c, 0xff, 0xff, 0xff, 0xc0,
    0x0, 0x0, 0x0, 0x0, 0x0, 0x0, 0x0, 0x7c,
    0xff, 0xff, 0xff, 0xc0, 0x0, 0x0, 0x0, 0x0,
    0x0, 0x0, 0x0, 0x7c, 0xff, 0xff, 0xff, 0xc0,
    0x0, 0x0, 0x0, 0x0, 0x0, 0x0, 0x0, 0x79,
    0xff, 0xff, 0xff, 0xcc, 0x0, 0x0, 0x0, 0x0,
    0x0, 0x0, 0x0, 0x64, 0xff, 0xff, 0xff, 0xff,
    0xa7, 0x83, 0x28, 0x0, 0x0, 0x0, 0x0, 0x27,
    0xff, 0xff, 0xff, 0xff, 0xff, 0xff, 0xea, 0x9,
    0x0, 0x0, 0x0, 0x0, 0xa5, 0xff, 0xff, 0xff,
    0xff, 0xff, 0xff, 0x4c, 0x0, 0x0, 0x0, 0x0,
    0x6, 0x88, 0xe2, 0xfd, 0xff, 0xff, 0xff, 0x69,

    /* U+007C "|" */
    0x0, 0x41, 0xb6, 0xe6, 0x52, 0x4e, 0xfe, 0xff,
    0xff, 0x54, 0xb5, 0xff, 0xff, 0xff, 0x54, 0xcb,
    0xff, 0xff, 0xff, 0x54, 0xcc, 0xff, 0xff, 0xff,
    0x54, 0xcc, 0xff, 0xff, 0xff, 0x54, 0xcc, 0xff,
    0xff, 0xff, 0x54, 0xcc, 0xff, 0xff, 0xff, 0x54,
    0xcc, 0xff, 0xff, 0xff, 0x54, 0xcc, 0xff, 0xff,
    0xff, 0x54, 0xcc, 0xff, 0xff, 0xff, 0x54, 0xcc,
    0xff, 0xff, 0xff, 0x54, 0xcc, 0xff, 0xff, 0xff,
    0x54, 0xcc, 0xff, 0xff, 0xff, 0x54, 0xcc, 0xff,
    0xff, 0xff, 0x54, 0xcc, 0xff, 0xff, 0xff, 0x54,
    0xcc, 0xff, 0xff, 0xff, 0x54, 0xcc, 0xff, 0xff,
    0xff, 0x54, 0xcc, 0xff, 0xff, 0xff, 0x54, 0xcc,
    0xff, 0xff, 0xff, 0x54, 0xcc, 0xff, 0xff, 0xff,
    0x54, 0xcc, 0xff, 0xff, 0xff, 0x54, 0xcc, 0xff,
    0xff, 0xff, 0x54, 0xcc, 0xff, 0xff, 0xff, 0x54,
    0xcc, 0xff, 0xff, 0xff, 0x54, 0xcc, 0xff, 0xff,
    0xff, 0x54, 0xcc, 0xff, 0xff, 0xff, 0x54, 0xcc,
    0xff, 0xff, 0xff, 0x54, 0xcc, 0xff, 0xff, 0xff,
    0x54, 0xcc, 0xff, 0xff, 0xff, 0x53, 0xcc, 0xff,
    0xff, 0xff, 0x3d, 0xcc, 0xff, 0xff, 0xd3, 0x4,
    0xc2, 0xd9, 0x89, 0x13, 0x0,

    /* U+007D "}" */
    0x8e, 0xff, 0xff, 0xff, 0xfb, 0xda, 0x73, 0x1,
    0x0, 0x0, 0x0, 0x0, 0x72, 0xff, 0xff, 0xff,
    0xff, 0xff, 0xff, 0x83, 0x0, 0x0, 0x0, 0x0,
    0x23, 0xf8, 0xff, 0xff, 0xff, 0xff, 0xff, 0xf5,
    0xc, 0x0, 0x0, 0x0, 0x0, 0x38, 0x89, 0xb6,
    0xff, 0xff, 0xff, 0xff, 0x3b, 0x0, 0x0, 0x0,
    0x0, 0x0, 0x0, 0x1, 0xed, 0xff, 0xff, 0xff,
    0x4e, 0x0, 0x0, 0x0, 0x0, 0x0, 0x0, 0x0,
    0xe4, 0xff, 0xff, 0xff, 0x50, 0x0, 0x0, 0x0,
    0x0, 0x0, 0x0, 0x0, 0xe4, 0xff, 0xff, 0xff,
    0x50, 0x0, 0x0, 0x0, 0x0, 0x0, 0x0, 0x0,
    0xe4, 0xff, 0xff, 0xff, 0x50, 0x0, 0x0, 0x0,
    0x0, 0x0, 0x0, 0x0, 0xe4, 0xff, 0xff, 0xff,
    0x50, 0x0, 0x0, 0x0, 0x0, 0x0, 0x0, 0x0,
    0xe4, 0xff, 0xff, 0xff, 0x50, 0x0, 0x0, 0x0,
    0x0, 0x0, 0x0, 0x0, 0xe2, 0xff, 0xff, 0xff,
    0x50, 0x0, 0x0, 0x0, 0x0, 0x0, 0x0, 0x0,
    0xd1, 0xff, 0xff, 0xff, 0x68, 0x0, 0x0, 0x0,
    0x0, 0x0, 0x0, 0x0, 0x9e, 0xff, 0xff, 0xff,
    0xd1, 0x1c, 0x0, 0x0, 0x0, 0x0, 0x0, 0x0,
    0x30, 0xfb, 0xff, 0xff, 0xff, 0xff, 0xd5, 0x17,
    0x0, 0x0, 0x0, 0x0, 0x0, 0x4d, 0xfd, 0xff,
    0xff, 0xff, 0xff, 0x67, 0x0, 0x0, 0x0, 0x0,
    0x3, 0xb9, 0xff, 0xff, 0xff, 0xff, 0xff, 0x4c,
    0x0, 0x0, 0x0, 0x0, 0x68, 0xff, 0xff, 0xff,
    0xfe, 0xa9, 0x63, 0x1, 0x0, 0x0, 0x0, 0x0,
    0xb8, 0xff, 0xff, 0xff, 0x96, 0x0, 0x0, 0x0,
    0x0, 0x0, 0x0, 0x0, 0xd8, 0xff, 0xff, 0xff,
    0x5a, 0x0, 0x0, 0x0, 0x0, 0x0, 0x0, 0x0,
    0xe3, 0xff, 0xff, 0xff, 0x50, 0x0, 0x0, 0x0,
    0x0, 0x0, 0x0, 0x0, 0xe4, 0xff, 0xff, 0xff,
    0x50, 0x0, 0x0, 0x0, 0x0, 0x0, 0x0, 0x0,
    0xe4, 0xff, 0xff, 0xff, 0x50, 0x0, 0x0, 0x0,
    0x0, 0x0, 0x0, 0x0, 0xe4, 0xff, 0xff, 0xff,
    0x50, 0x0, 0x0, 0x0, 0x0, 0x0, 0x0, 0x0,
    0xe4, 0xff, 0xff, 0xff, 0x50, 0x0, 0x0, 0x0,
    0x0, 0x0, 0x0, 0x0, 0xe4, 0xff, 0xff, 0xff,
    0x50, 0x0, 0x0, 0x0, 0x0, 0x0, 0x0, 0x1,
    0xee, 0xff, 0xff, 0xff, 0x49, 0x0, 0x0, 0x0,
    0x0, 0x38, 0x89, 0xb6, 0xff, 0xff, 0xff, 0xff,
    0x2b, 0x0, 0x0, 0x0, 0x23, 0xf8, 0xff, 0xff,
    0xff, 0xff, 0xff, 0xed, 0x8, 0x0, 0x0, 0x0,
    0x72, 0xff, 0xff, 0xff, 0xff, 0xff, 0xff, 0x74,
    0x0, 0x0, 0x0, 0x0, 0x8e, 0xff, 0xff, 0xff,
    0xfb, 0xda, 0x73, 0x1, 0x0, 0x0, 0x0, 0x0,

    /* U+007E "~" */
    0x0, 0x14, 0x83, 0xd4, 0xf3, 0xf5, 0xd4, 0x96,
    0x46, 0x3, 0x0, 0x0, 0x0, 0x0, 0x0, 0x0,
    0x0, 0x81, 0x48, 0x0, 0x16, 0xe2, 0xff, 0xff,
    0xff, 0xff, 0xff, 0xff, 0xff, 0xe8, 0x8d, 0x2d,
    0x0, 0x0, 0x0, 0x7, 0x84, 0xff, 0xf5, 0x13,
    0x78, 0xff, 0xff, 0xff, 0xff, 0xff, 0xff, 0xff,
    0xff, 0xff, 0xff, 0xff, 0xe1, 0xb6, 0xb9, 0xec,
    0xff, 0xff, 0xff, 0x37, 0x81, 0xff, 0xff, 0xe4,
    0xb2, 0xb5, 0xe3, 0xff, 0xff, 0xff, 0xff, 0xff,
    0xff, 0xff, 0xff, 0xff, 0xff, 0xff, 0xe8, 0xa,
    0x2c, 0xfc, 0x7e, 0x3, 0x0, 0x0, 0x0, 0x30,
    0x8c, 0xe6, 0xff, 0xff, 0xff, 0xff, 0xff, 0xff,
    0xff, 0xf2, 0x3f, 0x0, 0x0, 0x2c, 0x0, 0x0,
    0x0, 0x0, 0x0, 0x0, 0x0, 0x2, 0x43, 0x96,
    0xd5, 0xf7, 0xf5, 0xd6, 0x8b, 0x19, 0x0, 0x0
};


/*---------------------
 *  GLYPH DESCRIPTION
 *--------------------*/

static const lv_font_fmt_txt_glyph_dsc_t glyph_dsc[] = {
    {.bitmap_index = 0, .adv_w = 0, .box_w = 0, .box_h = 0, .ofs_x = 0, .ofs_y = 0} /* id = 0 reserved */,
    {.bitmap_index = 0, .adv_w = 144, .box_w = 0, .box_h = 0, .ofs_x = 0, .ofs_y = 0},
    {.bitmap_index = 0, .adv_w = 165, .box_w = 7, .box_h = 25, .ofs_x = 2, .ofs_y = 0},
    {.bitmap_index = 175, .adv_w = 227, .box_w = 12, .box_h = 9, .ofs_x = 1, .ofs_y = 17},
    {.bitmap_index = 283, .adv_w = 456, .box_w = 27, .box_h = 25, .ofs_x = 1, .ofs_y = 0},
    {.bitmap_index = 958, .adv_w = 364, .box_w = 21, .box_h = 33, .ofs_x = 1, .ofs_y = -4},
    {.bitmap_index = 1651, .adv_w = 516, .box_w = 30, .box_h = 28, .ofs_x = 1, .ofs_y = -1},
    {.bitmap_index = 2491, .adv_w = 410, .box_w = 24, .box_h = 25, .ofs_x = 1, .ofs_y = 0},
    {.bitmap_index = 3091, .adv_w = 141, .box_w = 7, .box_h = 9, .ofs_x = 1, .ofs_y = 17},
    {.bitmap_index = 3154, .adv_w = 189, .box_w = 10, .box_h = 30, .ofs_x = 1, .ofs_y = -4},
    {.bitmap_index = 3454, .adv_w = 189, .box_w = 10, .box_h = 30, .ofs_x = 1, .ofs_y = -4},
    {.bitmap_index = 3754, .adv_w = 281, .box_w = 16, .box_h = 16, .ofs_x = 1, .ofs_y = 11},
    {.bitmap_index = 4010, .adv_w = 356, .box_w = 20, .box_h = 18, .ofs_x = 1, .ofs_y = 1},
    {.bitmap_index = 4370, .adv_w = 140, .box_w = 7, .box_h = 11, .ofs_x = 1, .ofs_y = -5},
    {.bitmap_index = 4447, .adv_w = 264, .box_w = 15, .box_h = 4, .ofs_x = 1, .ofs_y = 9},
    {.bitmap_index = 4507, .adv_w = 128, .box_w = 6, .box_h = 6, .ofs_x = 1, .ofs_y = 0},
    {.bitmap_index = 4543, .adv_w = 319, .box_w = 18, .box_h = 28, .ofs_x = 1, .ofs_y = -1},
    {.bitmap_index = 5047, .adv_w = 372, .box_w = 21, .box_h = 25, .ofs_x = 1, .ofs_y = 0},
    {.bitmap_index = 5572, .adv_w = 199, .box_w = 10, .box_h = 25, .ofs_x = 1, .ofs_y = 0},
    {.bitmap_index = 5822, .adv_w = 351, .box_w = 20, .box_h = 25, .ofs_x = 1, .ofs_y = 0},
    {.bitmap_index = 6322, .adv_w = 357, .box_w = 20, .box_h = 25, .ofs_x = 1, .ofs_y = 0},
    {.bitmap_index = 6822, .adv_w = 365, .box_w = 21, .box_h = 25, .ofs_x = 1, .ofs_y = 0},
    {.bitmap_index = 7347, .adv_w = 351, .box_w = 20, .box_h = 25, .ofs_x = 1, .ofs_y = 0},
    {.bitmap_index = 7847, .adv_w = 365, .box_w = 21, .box_h = 25, .ofs_x = 1, .ofs_y = 0},
    {.bitmap_index = 8372, .adv_w = 339, .box_w = 20, .box_h = 25, .ofs_x = 1, .ofs_y = 0},
    {.bitmap_index = 8872, .adv_w = 361, .box_w = 21, .box_h = 25, .ofs_x = 1, .ofs_y = 0},
    {.bitmap_index = 9397, .adv_w = 365, .box_w = 21, .box_h = 25, .ofs_x = 1, .ofs_y = 0},
    {.bitmap_index = 9922, .adv_w = 139, .box_w = 7, .box_h = 18, .ofs_x = 1, .ofs_y = 0},
    {.bitmap_index = 10048, .adv_w = 140, .box_w = 7, .box_h = 23, .ofs_x = 1, .ofs_y = -5},
    {.bitmap_index = 10209, .adv_w = 373, .box_w = 21, .box_h = 21, .ofs_x = 1, .ofs_y = 0},
    {.bitmap_index = 10650, .adv_w = 355, .box_w = 20, .box_h = 11, .ofs_x = 1, .ofs_y = 5},
    {.bitmap_index = 10870, .adv_w = 373, .box_w = 21, .box_h = 21, .ofs_x = 1, .ofs_y = 0},
    {.bitmap_index = 11311, .adv_w = 311, .box_w = 18, .box_h = 25, .ofs_x = 1, .ofs_y = 0},
    {.bitmap_index = 11761, .adv_w = 464, .box_w = 27, .box_h = 25, .ofs_x = 1, .ofs_y = 0},
    {.bitmap_index = 12436, .adv_w = 385, .box_w = 22, .box_h = 26, .ofs_x = 1, .ofs_y = -1},
    {.bitmap_index = 13008, .adv_w = 375, .box_w = 21, .box_h = 25, .ofs_x = 2, .ofs_y = 0},
    {.bitmap_index = 13533, .adv_w = 384, .box_w = 22, .box_h = 25, .ofs_x = 1, .ofs_y = 0},
    {.bitmap_index = 14083, .adv_w = 389, .box_w = 21, .box_h = 25, .ofs_x = 2, .ofs_y = 0},
    {.bitmap_index = 14608, .adv_w = 352, .box_w = 19, .box_h = 25, .ofs_x = 2, .ofs_y = 0},
    {.bitmap_index = 15083, .adv_w = 341, .box_w = 19, .box_h = 25, .ofs_x = 2, .ofs_y = 0},
    {.bitmap_index = 15558, .adv_w = 386, .box_w = 22, .box_h = 25, .ofs_x = 1, .ofs_y = 0},
    {.bitmap_index = 16108, .adv_w = 383, .box_w = 20, .box_h = 25, .ofs_x = 2, .ofs_y = 0},
    {.bitmap_index = 16608, .adv_w = 160, .box_w = 6, .box_h = 25, .ofs_x = 2, .ofs_y = 0},
    {.bitmap_index = 16758, .adv_w = 345, .box_w = 19, .box_h = 25, .ofs_x = 1, .ofs_y = 0},
    {.bitmap_index = 17233, .adv_w = 366, .box_w = 20, .box_h = 25, .ofs_x = 2, .ofs_y = 0},
    {.bitmap_index = 17733, .adv_w = 327, .box_w = 18, .box_h = 25, .ofs_x = 2, .ofs_y = 0},
    {.bitmap_index = 18183, .adv_w = 454, .box_w = 25, .box_h = 25, .ofs_x = 2, .ofs_y = 0},
    {.bitmap_index = 18808, .adv_w = 382, .box_w = 20, .box_h = 25, .ofs_x = 2, .ofs_y = 0},
    {.bitmap_index = 19308, .adv_w = 375, .box_w = 22, .box_h = 25, .ofs_x = 1, .ofs_y = 0},
    {.bitmap_index = 19858, .adv_w = 383, .box_w = 21, .box_h = 25, .ofs_x = 2, .ofs_y = 0},
    {.bitmap_index = 20383, .adv_w = 386, .box_w = 22, .box_h = 26, .ofs_x = 1, .ofs_y = -1},
    {.bitmap_index = 20955, .adv_w = 374, .box_w = 20, .box_h = 25, .ofs_x = 2, .ofs_y = 0},
    {.bitmap_index = 21455, .adv_w = 364, .box_w = 21, .box_h = 25, .ofs_x = 1, .ofs_y = 0},
    {.bitmap_index = 21980, .adv_w = 372, .box_w = 22, .box_h = 25, .ofs_x = 1, .ofs_y = 0},
    {.bitmap_index = 22530, .adv_w = 389, .box_w = 21, .box_h = 25, .ofs_x = 2, .ofs_y = 0},
    {.bitmap_index = 23055, .adv_w = 397, .box_w = 23, .box_h = 25, .ofs_x = 1, .ofs_y = 0},
    {.bitmap_index = 23630, .adv_w = 516, .box_w = 30, .box_h = 25, .ofs_x = 1, .ofs_y = 0},
    {.bitmap_index = 24380, .adv_w = 391, .box_w = 23, .box_h = 25, .ofs_x = 1, .ofs_y = 0},
    {.bitmap_index = 24955, .adv_w = 390, .box_w = 22, .box_h = 25, .ofs_x = 1, .ofs_y = 0},
    {.bitmap_index = 25505, .adv_w = 387, .box_w = 22, .box_h = 25, .ofs_x = 1, .ofs_y = 0},
    {.bitmap_index = 26055, .adv_w = 210, .box_w = 10, .box_h = 33, .ofs_x = 2, .ofs_y = -5},
    {.bitmap_index = 26385, .adv_w = 319, .box_w = 18, .box_h = 28, .ofs_x = 1, .ofs_y = -1},
    {.bitmap_index = 26889, .adv_w = 210, .box_w = 10, .box_h = 33, .ofs_x = 1, .ofs_y = -5},
    {.bitmap_index = 27219, .adv_w = 357, .box_w = 20, .box_h = 18, .ofs_x = 1, .ofs_y = 8},
    {.bitmap_index = 27579, .adv_w = 338, .box_w = 19, .box_h = 4, .ofs_x = 1, .ofs_y = -5},
    {.bitmap_index = 27655, .adv_w = 193, .box_w = 10, .box_h = 8, .ofs_x = 1, .ofs_y = 19},
    {.bitmap_index = 27735, .adv_w = 302, .box_w = 16, .box_h = 18, .ofs_x = 1, .ofs_y = 0},
    {.bitmap_index = 28023, .adv_w = 315, .box_w = 16, .box_h = 25, .ofs_x = 2, .ofs_y = 0},
    {.bitmap_index = 28423, .adv_w = 289, .box_w = 16, .box_h = 18, .ofs_x = 1, .ofs_y = 0},
    {.bitmap_index = 28711, .adv_w = 315, .box_w = 17, .box_h = 25, .ofs_x = 1, .ofs_y = 0},
    {.bitmap_index = 29136, .adv_w = 296, .box_w = 17, .box_h = 18, .ofs_x = 1, .ofs_y = 0},
    {.bitmap_index = 29442, .adv_w = 228, .box_w = 13, .box_h = 25, .ofs_x = 1, .ofs_y = 0},
    {.bitmap_index = 29767, .adv_w = 311, .box_w = 17, .box_h = 25, .ofs_x = 1, .ofs_y = -7},
    {.bitmap_index = 30192, .adv_w = 314, .box_w = 16, .box_h = 25, .ofs_x = 2, .ofs_y = 0},
    {.bitmap_index = 30592, .adv_w = 157, .box_w = 6, .box_h = 25, .ofs_x = 2, .ofs_y = 0},
    {.bitmap_index = 30742, .adv_w = 226, .box_w = 11, .box_h = 32, .ofs_x = 1, .ofs_y = -7},
    {.bitmap_index = 31094, .adv_w = 304, .box_w = 16, .box_h = 25, .ofs_x = 2, .ofs_y = 0},
    {.bitmap_index = 31494, .adv_w = 200, .box_w = 10, .box_h = 25, .ofs_x = 2, .ofs_y = 0},
    {.bitmap_index = 31744, .adv_w = 436, .box_w = 24, .box_h = 18, .ofs_x = 2, .ofs_y = 0},
    {.bitmap_index = 32176, .adv_w = 315, .box_w = 16, .box_h = 18, .ofs_x = 2, .ofs_y = 0},
    {.bitmap_index = 32464, .adv_w = 298, .box_w = 17, .box_h = 18, .ofs_x = 1, .ofs_y = 0},
    {.bitmap_index = 32770, .adv_w = 310, .box_w = 16, .box_h = 25, .ofs_x = 2, .ofs_y = -7},
    {.bitmap_index = 33170, .adv_w = 311, .box_w = 17, .box_h = 25, .ofs_x = 1, .ofs_y = -7},
    {.bitmap_index = 33595, .adv_w = 237, .box_w = 12, .box_h = 18, .ofs_x = 2, .ofs_y = 0},
    {.bitmap_index = 33811, .adv_w = 287, .box_w = 16, .box_h = 18, .ofs_x = 1, .ofs_y = 0},
    {.bitmap_index = 34099, .adv_w = 242, .box_w = 13, .box_h = 24, .ofs_x = 1, .ofs_y = 0},
    {.bitmap_index = 34411, .adv_w = 313, .box_w = 17, .box_h = 18, .ofs_x = 1, .ofs_y = 0},
    {.bitmap_index = 34717, .adv_w = 317, .box_w = 18, .box_h = 18, .ofs_x = 1, .ofs_y = 0},
    {.bitmap_index = 35041, .adv_w = 415, .box_w = 24, .box_h = 18, .ofs_x = 1, .ofs_y = 0},
    {.bitmap_index = 35473, .adv_w = 318, .box_w = 18, .box_h = 18, .ofs_x = 1, .ofs_y = 0},
    {.bitmap_index = 35797, .adv_w = 323, .box_w = 18, .box_h = 25, .ofs_x = 1, .ofs_y = -7},
    {.bitmap_index = 36247, .adv_w = 293, .box_w = 16, .box_h = 18, .ofs_x = 1, .ofs_y = 0},
    {.bitmap_index = 36535, .adv_w = 222, .box_w = 12, .box_h = 30, .ofs_x = 1, .ofs_y = -4},
    {.bitmap_index = 36895, .adv_w = 136, .box_w = 5, .box_h = 33, .ofs_x = 2, .ofs_y = -5},
    {.bitmap_index = 37060, .adv_w = 222, .box_w = 12, .box_h = 30, .ofs_x = 1, .ofs_y = -4},
    {.bitmap_index = 37420, .adv_w = 347, .box_w = 20, .box_h = 6, .ofs_x = 1, .ofs_y = 8}
};

/*---------------------
 *  CHARACTER MAPPING
 *--------------------*/



/*Collect the unicode lists and glyph_id offsets*/
static const lv_font_fmt_txt_cmap_t cmaps[] =
{
    {
        .range_start = 32, .range_length = 95, .glyph_id_start = 1,
        .unicode_list = NULL, .glyph_id_ofs_list = NULL, .list_length = 0, .type = LV_FONT_FMT_TXT_CMAP_FORMAT0_TINY
    }
};

/*-----------------
 *    KERNING
 *----------------*/


/*Map glyph_ids to kern left classes*/
static const uint8_t kern_left_class_mapping[] =
{
    0, 0, 0, 0, 0, 0, 0, 0,
    0, 0, 0, 0, 0, 1, 0, 2,
    0, 0, 0, 0, 0, 0, 0, 0,
    3, 0, 0, 0, 0, 0, 0, 0,
    0, 0, 4, 5, 6, 7, 8, 9,
    6, 10, 11, 12, 13, 14, 15, 16,
    17, 18, 17, 19, 20, 21, 22, 23,
    24, 25, 26, 27, 0, 0, 0, 0,
    0, 0, 28, 29, 30, 31, 30, 32,
    31, 33, 34, 35, 36, 37, 33, 33,
    38, 29, 31, 39, 40, 41, 42, 43,
    44, 45, 46, 47, 0, 0, 0, 0
};

/*Map glyph_ids to kern right classes*/
static const uint8_t kern_right_class_mapping[] =
{
    0, 0, 0, 0, 0, 0, 0, 0,
    0, 0, 0, 0, 0, 1, 0, 2,
    0, 0, 3, 0, 0, 4, 0, 0,
    0, 0, 0, 0, 0, 0, 0, 0,
    0, 0, 5, 6, 7, 8, 9, 0,
    7, 10, 0, 11, 0, 0, 12, 13,
    14, 0, 14, 0, 15, 16, 17, 18,
    19, 20, 21, 22, 0, 0, 0, 0,
    0, 0, 23, 24, 25, 26, 25, 27,
    26, 28, 29, 30, 31, 32, 28, 28,
    33, 24, 26, 34, 35, 36, 37, 38,
    39, 40, 41, 42, 0, 0, 0, 0
};

/*Kern values between classes*/
static const int8_t kern_class_values[] =
{
    0, 0, -36, 0, 0, 0, 0, 0,
    0, 0, 0, 0, 0, 0, 0, -36,
    0, -31, -25, 0, -25, 0, 0, 0,
    0, 0, 0, 0, 0, 0, 0, 0,
    0, 0, 0, 0, 0, 0, 0, 0,
    0, 0, 0, 0, -42, -25, 0, 0,
    0, 0, 0, 0, 0, 0, 0, 0,
    0, -48, 0, -25, -25, 0, -36, 0,
    0, 0, 0, 0, 0, 0, 0, 0,
    0, 0, 0, 0, 0, 0, 0, -36,
    0, 0, 0, 0, -36, -36, 0, 0,
    0, 0, 0, 0, 0, 0, 0, 0,
    0, 0, 0, 0, 0, 0, 0, 0,
    0, 0, 0, 0, 0, 0, 0, 0,
    0, 0, 0, 0, 0, 0, 0, 0,
    0, 0, 0, 0, 0, 0, 0, 0,
    0, 0, 0, 0, -14, 0, 0, 0,
    -25, 0, 0, -20, -14, -62, -14, -70,
    -48, -14, -62, 0, 0, 0, -20, -17,
    -25, 0, 0, -48, 0, 0, -25, 0,
    0, -36, 0, -36, -39, -14, -36, 0,
    0, 0, 0, 0, -25, 0, 0, 0,
    0, 0, -14, 0, 0, -7, 0, -25,
    0, -34, -14, -14, -25, 0, -7, 0,
    0, 0, 0, 0, 0, -53, 0, 0,
    -14, 0, 0, -20, 0, -20, -17, -20,
    -13, -7, 0, 0, 0, 0, 0, 0,
    -14, 0, 0, 0, 0, 0, 0, 0,
    0, -25, 0, -14, -14, -14, -25, 0,
    -14, 0, -14, -14, 0, 0, 0, -53,
    0, 0, -14, 0, -8, -7, 0, -14,
    -14, -14, -14, 0, -25, 0, 0, 0,
    -20, 0, 0, 0, 0, 0, -25, 0,
    0, 0, 0, -36, 0, -14, -14, -25,
    -31, -14, -7, 0, 0, 0, 0, 0,
    0, -56, 0, 0, -14, 0, -14, 0,
    0, -14, -14, -14, -14, 0, 0, 0,
    0, 0, -14, 0, -25, 0, 0, 0,
    -25, 0, 0, -25, -14, 0, 0, -18,
    -14, -14, -14, 0, -25, 0, -25, -14,
    -31, 0, 0, -48, 0, 0, -36, 0,
    -20, -31, -13, -36, -31, -25, -22, 0,
    -48, -70, 0, 0, -70, 0, -25, 0,
    -25, 0, -104, 0, 0, -34, -25, -14,
    0, -14, -14, -14, -20, -14, -70, -48,
    -81, -70, -67, -42, -36, -84, 0, 0,
    -81, -70, -70, -70, -64, -70, -70, -70,
    -70, -70, 0, 0, 0, 0, 0, 0,
    0, 0, 0, 0, 0, 0, 0, 0,
    0, 0, 0, 0, 0, 0, -14, 0,
    0, 0, 0, 0, 0, 0, 0, -42,
    0, 0, -14, 0, 0, 0, 0, -25,
    -14, -25, -14, 0, 0, 0, 0, 0,
    0, 0, 0, 0, 0, 0, 0, 0,
    0, 0, 0, 0, 0, 0, 0, 0,
    0, 0, 0, 0, 0, 0, 0, 0,
    0, -48, 0, 0, 0, 0, 0, 0,
    0, 0, 0, 0, 0, 0, 0, 0,
    0, 0, 0, 0, 0, 0, 0, 0,
    0, 0, 0, 0, 0, 0, 0, 0,
    0, 0, 0, 0, 0, 0, 0, 0,
    0, 0, 0, -25, 0, 0, 0, 0,
    0, 0, 0, 0, 0, 0, -25, 0,
    0, 0, 0, 0, -22, 0, -20, 0,
    0, 0, -36, 0, 0, -31, -20, -25,
    0, -25, -25, -25, -25, -13, -13, 0,
    -13, -13, -20, 0, 0, -53, 0, 0,
    -20, 0, -22, -24, 0, -34, -28, -20,
    -25, -13, 0, 0, 0, 0, -14, 0,
    -36, 0, 0, 0, -25, 0, 0, -36,
    -25, -92, -25, -81, -53, -14, -92, 0,
    -25, 0, -25, -25, 0, 0, 0, -36,
    0, 0, -25, 0, -25, -36, -25, -48,
    -48, -25, -48, 0, 0, 0, 0, 0,
    0, 0, 0, 0, 0, 0, -14, 0,
    0, 0, 0, -14, 0, -14, -8, -8,
    -14, 0, 0, 0, 0, 0, 0, 0,
    0, -48, 0, 0, 0, 0, 0, 0,
    0, 0, 0, 0, 0, 0, 0, 0,
    0, 0, 0, 0, -3, 0, 0, 0,
    -14, 0, 0, 0, 0, -14, 0, -14,
    -8, -14, -14, 0, 0, 0, 0, 0,
    0, 0, 0, -48, 0, 0, -14, 0,
    0, 0, 0, -25, -20, -25, -25, 0,
    0, 0, 0, 0, -20, 0, 0, 0,
    0, 0, -20, 0, 0, 0, -4, -25,
    0, -34, -31, -31, -42, -25, -14, 0,
    -14, -14, -14, 0, 0, -48, 0, 0,
    -14, 0, -14, -7, 0, -17, -17, -22,
    -17, -17, -42, -70, 0, 0, -59, 0,
    -14, 0, 0, 0, -76, 0, 0, -14,
    -14, -25, 0, -36, -25, -42, -36, -36,
    -36, -20, -36, -25, -31, -20, -20, -78,
    -20, -20, -39, -20, -25, -13, -25, -25,
    -25, -36, -25, -13, 0, 0, 0, 0,
    0, 0, 0, 0, 0, 0, -25, 0,
    0, -4, 0, -20, 0, -20, -20, -25,
    -31, 0, -14, 0, -14, -14, -20, 0,
    0, -48, 0, 0, -14, 0, -14, -14,
    0, -25, -20, -20, -25, 0, 0, 0,
    0, 0, -14, 0, 0, 0, 0, 0,
    -14, 0, 0, -4, 0, -25, 0, -31,
    -25, -14, -34, -14, 0, 0, 0, 0,
    0, 0, 0, -42, 0, 0, 0, 0,
    0, -13, 0, -25, -25, -13, -13, 0,
    -36, -48, 0, 0, -62, -14, -36, -14,
    0, 0, -98, -14, -14, -31, -25, -14,
    0, -14, -14, -14, -22, 0, -86, -34,
    -86, -86, -42, -35, -34, -80, 0, 0,
    -78, -67, -78, -48, -67, -78, -67, -78,
    -66, -78, 0, 0, 0, 0, -14, 0,
    0, 0, 0, 0, -14, 0, 0, 0,
    0, 0, 0, 0, 0, 0, 0, 0,
    0, 0, 0, 0, 0, 0, 0, -48,
    0, 0, 0, 0, 0, 0, 0, -25,
    -20, -25, -25, 0, -31, -25, 0, 0,
    -70, -14, -14, 0, 0, 0, -48, -14,
    -14, -34, -31, -14, 0, -14, -14, -25,
    -25, -25, -53, -25, -53, -36, -18, -25,
    -13, -64, -25, 0, -53, -36, -36, -24,
    -25, -36, -31, -42, -42, -36, -25, -25,
    0, 0, -48, -8, -14, 0, 0, 0,
    -36, -8, -8, -31, -25, 0, 0, -14,
    0, -14, 0, -14, -42, -20, -36, -36,
    -25, -25, -25, -52, 0, 0, -48, -25,
    -25, -25, -25, -36, -31, -36, -36, -20,
    0, 0, 0, 0, -14, -8, -14, 0,
    0, 0, -25, -8, -14, -31, -14, -14,
    0, -25, -14, -14, -25, 0, -14, 0,
    -14, -25, 0, 0, 0, -46, 0, 0,
    -25, 0, -25, -25, 0, -36, -36, -25,
    -36, -13, -25, -36, 0, 0, -62, 0,
    -25, 0, 0, -14, -42, -14, -14, -42,
    -31, -25, 0, -25, 0, -25, -14, -25,
    -76, -42, -81, -73, -48, -36, -36, -88,
    0, 0, -76, -59, -64, -48, -59, -59,
    -53, -59, -59, -53, 0, 0, 0, 0,
    0, 0, -14, 0, 0, 0, -25, 0,
    0, -25, -14, 0, 0, -25, -14, 0,
    -25, 0, -25, 0, -25, -25, 0, 0,
    0, -36, 0, 0, -36, 0, -25, -18,
    0, -36, -36, -31, -36, 0, 0, 0,
    0, 0, 0, 0, 0, 0, 0, 0,
    0, 0, 0, 0, 0, -42, 0, 0,
    -20, 0, -48, 0, -8, 0, -8, 0,
    0, 0, 0, -50, 0, 0, -11, 0,
    -8, -25, 0, -31, -25, -31, -36, 0,
    0, 0, 0, 0, 0, 0, 0, 0,
    0, 0, 0, 0, 0, 0, 0, -48,
    0, -25, -25, -25, -48, 0, 0, 0,
    0, 0, -14, 0, 0, -62, 0, 0,
    -11, 0, -14, -20, 0, -36, -25, -25,
    -25, -14, 0, 0, 0, 0, 0, 0,
    0, 0, 0, 0, 0, 0, 0, 0,
    0, -48, 0, -25, -25, 0, -48, 0,
    -8, 0, 0, 0, 0, 0, 0, -59,
    0, 0, -14, 0, 0, -17, 0, -25,
    -25, -25, -25, -14, 0, 0, 0, 0,
    0, 0, 0, 0, 0, 0, 0, 0,
    0, 0, 0, -28, 0, 0, -25, 0,
    -42, 0, 0, 0, 0, 0, 0, 0,
    0, -48, 0, 0, -7, 0, 0, -14,
    0, -25, -20, -14, -8, 0, -42, -25,
    0, 0, -36, 0, 0, 0, 0, 0,
    -48, 0, 0, -14, 0, 0, 0, 0,
    0, 0, -25, 0, -39, -25, -42, -42,
    -36, -20, -25, -64, 0, 0, -42, -25,
    -36, -25, -25, -36, -25, -36, -25, -36,
    0, 0, 0, 0, 0, 0, 0, 0,
    0, 0, 0, 0, 0, 0, 0, -42,
    0, -31, -20, 0, -36, 0, 0, 0,
    0, 0, 0, 0, 0, -62, 0, 0,
    -7, 0, 0, -7, 0, -20, -14, -20,
    -20, -14, 0, 0, 0, 0, 0, 0,
    0, 0, 0, 0, 0, 0, 0, 0,
    0, -34, 0, 0, -25, 0, -36, 0,
    0, 0, 0, 0, 0, 0, 0, -50,
    0, 0, -14, 0, 0, -13, 0, -14,
    -14, -14, -14, 0, 0, 0, 0, 0,
    0, 0, 0, 0, 0, 0, 0, 0,
    0, 0, 0, -28, 0, 0, 0, 0,
    0, 0, 0, 0, -14, 0, 0, 0,
    0, -22, 0, 0, 0, 0, 0, 0,
    0, -25, -25, -25, -13, 0, 0, 0,
    0, 0, 0, 0, 0, 0, 0, 0,
    0, 0, 0, 0, 0, -42, 0, -31,
    0, 0, 0, 0, -22, 0, -25, 0,
    0, 0, 0, -56, 0, 0, -25, 0,
    -25, -13, 0, -25, -20, -20, -22, 0,
    0, 0, 0, 0, 0, 0, 0, 0,
    0, 0, 0, 0, 0, 0, 0, 0,
    0, 0, 0, 0, 0, 0, -14, 0,
    -14, -20, -14, 0, 0, -53, 0, -14,
    -14, 0, -8, -42, 0, -36, -31, -13,
    -31, 0, 0, 0, 0, 0, -25, 0,
    0, 0, 0, -14, 0, 0, -14, -14,
    0, -78, 0, -48, -48, -25, -76, 0,
    -16, -7, -11, -11, -25, -7, -14, -62,
    0, 0, -11, 0, -14, -20, -11, -36,
    -25, -31, -36, -20, -36, -36, 0, 0,
    -36, 0, 0, 0, 0, 0, -48, 0,
    0, 0, 0, -48, 0, 0, -25, -36,
    -53, 0, -25, 0, -25, -25, -14, 0,
    -14, -59, 0, 0, -36, -14, -14, -14,
    -14, -14, -14, -25, -25, -14, 0, 0,
    0, 0, 0, 0, 0, 0, 0, 0,
    0, 0, 0, -14, 0, -78, 0, -36,
    -25, -25, -64, 0, -14, 0, 0, 0,
    0, 0, 0, -53, 0, 0, -14, 0,
    0, -25, 0, -25, -25, -25, -25, -7,
    0, 0, 0, 0, 0, 0, 0, 0,
    0, 0, 0, 0, 0, -7, 0, -48,
    0, -24, -25, 0, -48, 0, -14, 0,
    -10, -14, 0, 0, 0, -59, 0, 0,
    -14, 0, 0, -25, 0, -20, -17, -14,
    -14, 0, 0, 0, 0, 0, 0, 0,
    0, 0, 0, 0, 0, 0, 0, 0,
    0, -48, 0, -25, -25, 0, -59, 0,
    0, 0, 0, 0, 0, 0, 0, -53,
    0, 0, -7, 0, 0, -7, 0, -14,
    -8, -14, -14, 0, -25, -36, 0, 0,
    -31, 0, 0, 0, 0, -25, 0, 0,
    -25, -17, -13, -78, -25, -36, -36, -36,
    -59, 0, -31, -14, -36, -31, -14, -14,
    -14, -76, 0, 0, -36, 0, -25, -14,
    -14, -25, -25, -25, -25, -20, -14, 0,
    0, 0, -25, -8, 0, 0, 0, -14,
    0, 0, -20, -17, -13, -67, -20, -31,
    -31, -36, -53, 0, -25, -14, -36, -28,
    -14, -8, -14, -70, 0, 0, -25, 0,
    -14, -17, -8, -25, -14, -25, -25, -14,
    0, 0, 0, 0, -14, 0, -14, 0,
    0, -25, 0, 0, -25, -22, -13, -78,
    -25, -42, -36, -25, -59, 0, -36, -14,
    -36, -25, -25, -14, -14, -53, 0, 0,
    -31, 0, -25, -20, -14, -25, -25, -14,
    -25, -14, 0, 0, 0, 0, -36, 0,
    -14, 0, 0, -25, 0, 0, -25, -17,
    -13, -62, -25, -42, -36, -36, -59, -18,
    -36, -14, -36, -34, -14, -20, -14, -64,
    -14, 0, -36, -20, -25, -25, -14, -25,
    -25, -25, -25, -25, 0, 0, 0, 0,
    0, 0, 0, 0, 0, 0, 0, 0,
    0, -17, 0, -48, 0, -36, -20, -13,
    -53, 0, -14, 0, -20, -25, -8, 0,
    0, -36, 0, 0, -20, 0, 0, -14,
    0, -20, -14, -14, -14, 0
};


/*Collect the kern class' data in one place*/
static const lv_font_fmt_txt_kern_classes_t kern_classes =
{
    .class_pair_values   = kern_class_values,
    .left_class_mapping  = kern_left_class_mapping,
    .right_class_mapping = kern_right_class_mapping,
    .left_class_cnt      = 47,
    .right_class_cnt     = 42,
};

/*--------------------
 *  ALL CUSTOM DATA
 *--------------------*/

#if LVGL_VERSION_MAJOR == 8
/*Store all the custom data of the font*/
static  lv_font_fmt_txt_glyph_cache_t cache;
#endif

#if LVGL_VERSION_MAJOR >= 8
static const lv_font_fmt_txt_dsc_t font_dsc = {
#else
static lv_font_fmt_txt_dsc_t font_dsc = {
#endif
    .glyph_bitmap = glyph_bitmap,
    .glyph_dsc = glyph_dsc,
    .cmaps = cmaps,
    .kern_dsc = &kern_classes,
    .kern_scale = 16,
    .cmap_num = 1,
    .bpp = 8,
    .kern_classes = 1,
    .bitmap_format = 0,
#if LVGL_VERSION_MAJOR == 8
    .cache = &cache
#endif
};



/*-----------------
 *  PUBLIC FONT
 *----------------*/

/*Initialize a public general font descriptor*/
#if LVGL_VERSION_MAJOR >= 8
const lv_font_t ui_font_k2d_35 = {
#else
lv_font_t ui_font_k2d_35 = {
#endif
    .get_glyph_dsc = lv_font_get_glyph_dsc_fmt_txt,    /*Function pointer to get glyph's data*/
    .get_glyph_bitmap = lv_font_get_bitmap_fmt_txt,    /*Function pointer to get glyph's bitmap*/
    .line_height = 36,          /*The maximum line height required by the font*/
    .base_line = 7,             /*Baseline measured from the bottom of the line*/
#if !(LVGL_VERSION_MAJOR == 6 && LVGL_VERSION_MINOR == 0)
    .subpx = LV_FONT_SUBPX_NONE,
#endif
#if LV_VERSION_CHECK(7, 4, 0) || LVGL_VERSION_MAJOR >= 8
    .underline_position = -3,
    .underline_thickness = 2,
#endif
    .dsc = &font_dsc,          /*The custom font data. Will be accessed by `get_glyph_bitmap/dsc` */
#if LV_VERSION_CHECK(8, 2, 0) || LVGL_VERSION_MAJOR >= 9
    .fallback = NULL,
#endif
    .user_data = NULL,
};



#endif /*#if UI_FONT_K2D_35*/

