/*******************************************************************************
 * Size: 25 px
 * Bpp: 8
 * Opts: --bpp 8 --size 25 --no-compress --font ../K2D-SemiBold.ttf --symbols ° --range 32-127 --format lvgl
 ******************************************************************************/

#ifdef __has_include
    #if __has_include("lvgl.h")
        #ifndef LV_LVGL_H_INCLUDE_SIMPLE
            #define LV_LVGL_H_INCLUDE_SIMPLE
        #endif
    #endif
#endif

#ifdef LV_LVGL_H_INCLUDE_SIMPLE
    #include "lvgl.h"
#else
    #include "lvgl.h"
#endif

#ifndef UI_FONT_K2D_25
#define UI_FONT_K2D_25 1
#endif

#if UI_FONT_K2D_25

/*-----------------
 *    BITMAPS
 *----------------*/

/*Store the image of the glyphs*/
static LV_ATTRIBUTE_LARGE_CONST const uint8_t glyph_bitmap[] = {
    /* U+0020 " " */

    /* U+0021 "!" */
    0x0, 0xe, 0xa3, 0xea, 0x46, 0x0, 0x86, 0xff,
    0xff, 0x48, 0x0, 0xab, 0xff, 0xff, 0x48, 0x0,
    0xac, 0xff, 0xff, 0x48, 0x0, 0xac, 0xff, 0xff,
    0x48, 0x0, 0xac, 0xff, 0xff, 0x48, 0x0, 0xac,
    0xff, 0xff, 0x48, 0x0, 0xac, 0xff, 0xff, 0x48,
    0x0, 0xac, 0xff, 0xff, 0x48, 0x0, 0xac, 0xff,
    0xff, 0x48, 0x0, 0xac, 0xff, 0xff, 0x32, 0x0,
    0xac, 0xff, 0xb0, 0x2, 0x0, 0x37, 0x30, 0x0,
    0x0, 0x0, 0x0, 0x5, 0x0, 0x0, 0x5, 0xb0,
    0xfd, 0xdc, 0x2f, 0x54, 0xff, 0xff, 0xff, 0xb9,
    0x52, 0xff, 0xff, 0xff, 0xb6, 0x3, 0xa2, 0xf4,
    0xce, 0x29,

    /* U+0022 "\"" */
    0x0, 0x6a, 0xe5, 0xee, 0x6, 0x6a, 0xe4, 0xf2,
    0x9, 0x14, 0xfb, 0xff, 0xa7, 0x14, 0xfb, 0xff,
    0xae, 0x0, 0x4d, 0xff, 0xff, 0x54, 0x4b, 0xff,
    0xff, 0x5a, 0x0, 0x81, 0xff, 0xf6, 0xb, 0x7d,
    0xff, 0xf8, 0xd, 0x0, 0xb4, 0xff, 0xa8, 0x0,
    0xaf, 0xff, 0xab, 0x0, 0x0, 0xe1, 0xc6, 0x1e,
    0x0, 0xda, 0xc6, 0x1f, 0x0, 0x0,

    /* U+0023 "#" */
    0x0, 0x0, 0x0, 0x0, 0x0, 0x21, 0xb7, 0xef,
    0x2d, 0x0, 0x0, 0x0, 0x48, 0xcd, 0xeb, 0x0,
    0x0, 0x0, 0x0, 0x0, 0x0, 0x0, 0x0, 0x0,
    0xa6, 0xff, 0xff, 0xd, 0x0, 0x0, 0x0, 0xdf,
    0xff, 0xd5, 0x0, 0x0, 0x0, 0x0, 0x0, 0x0,
    0x0, 0x0, 0x0, 0xd1, 0xff, 0xeb, 0x0, 0x0,
    0x0, 0x9, 0xff, 0xff, 0xb3, 0x0, 0x0, 0x0,
    0x0, 0x0, 0x0, 0x0, 0x0, 0x0, 0xf0, 0xff,
    0xca, 0x0, 0x0, 0x0, 0x29, 0xff, 0xff, 0x92,
    0x0, 0x0, 0x0, 0x0, 0x0, 0x0, 0x0, 0x0,
    0x10, 0xff, 0xff, 0xa8, 0x0, 0x0, 0x0, 0x48,
    0xff, 0xff, 0x70, 0x0, 0x0, 0x0, 0x0, 0x0,
    0x5b, 0xeb, 0xff, 0xff, 0xff, 0xff, 0xff, 0xff,
    0xff, 0xff, 0xff, 0xff, 0xff, 0xff, 0xff, 0xff,
    0xff, 0x56, 0x0, 0xdc, 0xff, 0xff, 0xff, 0xff,
    0xff, 0xff, 0xff, 0xff, 0xff, 0xff, 0xff, 0xff,
    0xff, 0xff, 0xff, 0xfd, 0x2b, 0x0, 0x73, 0x84,
    0x84, 0xbb, 0xff, 0xff, 0x99, 0x84, 0x84, 0x84,
    0xcb, 0xff, 0xff, 0x8a, 0x84, 0x7e, 0x3c, 0x0,
    0x0, 0x0, 0x0, 0x0, 0x88, 0xff, 0xff, 0x15,
    0x0, 0x0, 0x0, 0xaa, 0xff, 0xf5, 0x0, 0x0,
    0x0, 0x0, 0x0, 0x0, 0x0, 0x0, 0x0, 0xa4,
    0xff, 0xf6, 0x0, 0x0, 0x0, 0x0, 0xc9, 0xff,
    0xd6, 0x0, 0x0, 0x0, 0x0, 0x0, 0x14, 0x6c,
    0x7c, 0x7c, 0xdb, 0xff, 0xef, 0x7c, 0x7c, 0x7c,
    0x7c, 0xef, 0xff, 0xde, 0x7c, 0x7c, 0x7c, 0x1c,
    0x0, 0xcb, 0xff, 0xff, 0xff, 0xff, 0xff, 0xff,
    0xff, 0xff, 0xff, 0xff, 0xff, 0xff, 0xff, 0xff,
    0xff, 0xff, 0x3a, 0x0, 0xf7, 0xff, 0xff, 0xff,
    0xff, 0xff, 0xff, 0xff, 0xff, 0xff, 0xff, 0xff,
    0xff, 0xff, 0xff, 0xf9, 0xad, 0x3, 0x0, 0x0,
    0x0, 0x0, 0x24, 0xff, 0xff, 0x9c, 0x0, 0x0,
    0x0, 0x5c, 0xff, 0xff, 0x64, 0x0, 0x0, 0x0,
    0x0, 0x0, 0x0, 0x0, 0x0, 0x42, 0xff, 0xff,
    0x7f, 0x0, 0x0, 0x0, 0x7b, 0xff, 0xff, 0x45,
    0x0, 0x0, 0x0, 0x0, 0x0, 0x0, 0x0, 0x0,
    0x60, 0xff, 0xff, 0x61, 0x0, 0x0, 0x0, 0x9a,
    0xff, 0xff, 0x26, 0x0, 0x0, 0x0, 0x0, 0x0,
    0x0, 0x0, 0x0, 0x7f, 0xff, 0xff, 0x36, 0x0,
    0x0, 0x0, 0xb9, 0xff, 0xf4, 0x7, 0x0, 0x0,
    0x0, 0x0, 0x0, 0x0, 0x0, 0x0, 0x98, 0xe0,
    0x7c, 0x0, 0x0, 0x0, 0x0, 0xd0, 0xd2, 0x55,
    0x0, 0x0, 0x0, 0x0, 0x0, 0x0,

    /* U+0024 "$" */
    0x0, 0x0, 0x0, 0x0, 0x0, 0x0, 0x4c, 0x9d,
    0x0, 0x0, 0x0, 0x0, 0x0, 0x0, 0x0, 0x0,
    0x0, 0x0, 0x0, 0x0, 0x0, 0x94, 0xa8, 0x0,
    0x0, 0x0, 0x0, 0x0, 0x0, 0x0, 0x0, 0x0,
    0x0, 0x0, 0x0, 0x0, 0x98, 0xa8, 0x0, 0x0,
    0x0, 0x0, 0x0, 0x0, 0x0, 0x0, 0x0, 0x15,
    0x80, 0xca, 0xf1, 0xfe, 0xfe, 0xed, 0xca, 0x7f,
    0x14, 0x0, 0x0, 0x0, 0x0, 0x3e, 0xed, 0xff,
    0xff, 0xff, 0xff, 0xff, 0xff, 0xff, 0xff, 0xf2,
    0x4b, 0x0, 0x0, 0x16, 0xee, 0xff, 0xff, 0xde,
    0x8f, 0xc9, 0xcf, 0x95, 0xe7, 0xff, 0xff, 0xf8,
    0x23, 0x0, 0x72, 0xff, 0xff, 0xc2, 0x5, 0x0,
    0x98, 0xa8, 0x0, 0x10, 0xc7, 0xff, 0xff, 0x7a,
    0x0, 0x98, 0xff, 0xff, 0x66, 0x0, 0x0, 0x98,
    0xa8, 0x0, 0x0, 0x34, 0xff, 0xff, 0x7b, 0x0,
    0x88, 0xff, 0xff, 0x89, 0x0, 0x0, 0x98, 0xa8,
    0x0, 0x0, 0x1, 0xbe, 0x96, 0xd, 0x0, 0x46,
    0xff, 0xff, 0xf9, 0x6b, 0x9, 0x98, 0xa8, 0x0,
    0x0, 0x0, 0x0, 0x0, 0x0, 0x0, 0x1, 0xaf,
    0xff, 0xff, 0xff, 0xf2, 0xe7, 0xca, 0x32, 0x1,
    0x0, 0x0, 0x0, 0x0, 0x0, 0x0, 0x6, 0x85,
    0xf6, 0xff, 0xff, 0xff, 0xff, 0xff, 0xe8, 0x8d,
    0x25, 0x0, 0x0, 0x0, 0x0, 0x0, 0x0, 0x11,
    0x6b, 0xb7, 0xf6, 0xff, 0xff, 0xff, 0xff, 0xfb,
    0x84, 0x1, 0x0, 0x0, 0x0, 0x0, 0x0, 0x0,
    0x0, 0x98, 0xc4, 0x85, 0xdf, 0xff, 0xff, 0xff,
    0x81, 0x0, 0x4, 0x53, 0x4c, 0x0, 0x0, 0x0,
    0x98, 0xa8, 0x0, 0x2, 0x71, 0xff, 0xff, 0xf3,
    0xb, 0xa2, 0xff, 0xc6, 0x0, 0x0, 0x0, 0x98,
    0xa8, 0x0, 0x0, 0x0, 0xcb, 0xff, 0xff, 0x2f,
    0xe9, 0xff, 0xfa, 0x28, 0x0, 0x0, 0x98, 0xa8,
    0x0, 0x0, 0x0, 0xcf, 0xff, 0xff, 0x33, 0xd1,
    0xff, 0xff, 0xd0, 0x25, 0x0, 0x98, 0xa8, 0x0,
    0x0, 0x54, 0xfd, 0xff, 0xf5, 0xb, 0x67, 0xff,
    0xff, 0xff, 0xf8, 0xba, 0xd1, 0xd2, 0x8e, 0xc3,
    0xff, 0xff, 0xff, 0x85, 0x0, 0x0, 0x88, 0xfe,
    0xff, 0xff, 0xff, 0xff, 0xff, 0xff, 0xff, 0xff,
    0xff, 0x94, 0x3, 0x0, 0x0, 0x0, 0x32, 0x97,
    0xd5, 0xf3, 0xfe, 0xff, 0xf4, 0xd6, 0x9a, 0x36,
    0x0, 0x0, 0x0, 0x0, 0x0, 0x0, 0x0, 0x0,
    0x0, 0x98, 0xa8, 0x0, 0x0, 0x0, 0x0, 0x0,
    0x0, 0x0, 0x0, 0x0, 0x0, 0x0, 0x0, 0x0,
    0x98, 0x9a, 0x0, 0x0, 0x0, 0x0, 0x0, 0x0,
    0x0, 0x0, 0x0, 0x0, 0x0, 0x0, 0x0, 0x45,
    0x1a, 0x0, 0x0, 0x0, 0x0, 0x0, 0x0, 0x0,

    /* U+0025 "%" */
    0x0, 0x0, 0x0, 0x0, 0x0, 0x0, 0x0, 0x0,
    0x0, 0x0, 0x0, 0x0, 0x0, 0x3e, 0xe5, 0xea,
    0x5c, 0x0, 0x0, 0x0, 0x0, 0x0, 0x0, 0x24,
    0xa1, 0xe7, 0xf8, 0xd9, 0x82, 0xc, 0x0, 0x0,
    0x0, 0x0, 0x8, 0xe6, 0xff, 0xff, 0x37, 0x0,
    0x0, 0x0, 0x0, 0x0, 0x34, 0xf3, 0xff, 0xff,
    0xff, 0xff, 0xff, 0xcf, 0xb, 0x0, 0x0, 0x0,
    0x6e, 0xff, 0xff, 0xb8, 0x0, 0x0, 0x0, 0x0,
    0x0, 0x0, 0xc5, 0xff, 0xff, 0x9d, 0x6a, 0xcb,
    0xff, 0xff, 0x71, 0x0, 0x0, 0x7, 0xe5, 0xff,
    0xff, 0x3a, 0x0, 0x0, 0x0, 0x0, 0x0, 0x0,
    0xfa, 0xff, 0xd4, 0x0, 0x0, 0x2b, 0xff, 0xff,
    0xa2, 0x0, 0x0, 0x6c, 0xff, 0xff, 0xbb, 0x0,
    0x0, 0x0, 0x0, 0x0, 0x0, 0x0, 0xff, 0xff,
    0xc8, 0x0, 0x0, 0x20, 0xff, 0xff, 0xa8, 0x0,
    0x6, 0xe3, 0xff, 0xff, 0x3d, 0x0, 0x0, 0x0,
    0x0, 0x0, 0x0, 0x0, 0xff, 0xff, 0xc8, 0x0,
    0x0, 0x20, 0xff, 0xff, 0xa8, 0x0, 0x69, 0xff,
    0xff, 0xbe, 0x0, 0x0, 0x0, 0x0, 0x0, 0x0,
    0x0, 0x0, 0xff, 0xff, 0xc9, 0x0, 0x0, 0x21,
    0xff, 0xff, 0xa7, 0x5, 0xe1, 0xff, 0xff, 0x3f,
    0x0, 0x0, 0x0, 0x0, 0x0, 0x0, 0x0, 0x0,
    0xe3, 0xff, 0xf4, 0x38, 0x9, 0x7f, 0xff, 0xff,
    0x8b, 0x66, 0xff, 0xff, 0xc1, 0x0, 0x9, 0x50,
    0x73, 0x66, 0x24, 0x0, 0x0, 0x0, 0x72, 0xff,
    0xff, 0xff, 0xff, 0xff, 0xff, 0xf4, 0x2a, 0xdf,
    0xff, 0xff, 0x42, 0x48, 0xe9, 0xff, 0xff, 0xff,
    0xff, 0x9b, 0x4, 0x0, 0x0, 0x7a, 0xf6, 0xff,
    0xff, 0xff, 0xdd, 0x3d, 0x63, 0xff, 0xff, 0xc4,
    0x27, 0xf8, 0xff, 0xff, 0xff, 0xff, 0xff, 0xff,
    0x8a, 0x0, 0x0, 0x0, 0xd, 0x48, 0x58, 0x39,
    0x2, 0x4, 0xdd, 0xff, 0xff, 0x45, 0x86, 0xff,
    0xff, 0x93, 0xe, 0x25, 0xd9, 0xff, 0xef, 0x0,
    0x0, 0x0, 0x0, 0x0, 0x0, 0x0, 0x0, 0x61,
    0xff, 0xff, 0xc7, 0x0, 0x9f, 0xff, 0xff, 0x2d,
    0x0, 0x0, 0x8e, 0xff, 0xff, 0x7, 0x0, 0x0,
    0x0, 0x0, 0x0, 0x0, 0x3, 0xdb, 0xff, 0xff,
    0x48, 0x0, 0xa0, 0xff, 0xff, 0x2c, 0x0, 0x0,
    0x8c, 0xff, 0xff, 0x8, 0x0, 0x0, 0x0, 0x0,
    0x0, 0x0, 0x5e, 0xff, 0xff, 0xc9, 0x0, 0x0,
    0xa0, 0xff, 0xff, 0x2c, 0x0, 0x0, 0x8c, 0xff,
    0xff, 0x8, 0x0, 0x0, 0x0, 0x0, 0x0, 0x3,
    0xd9, 0xff, 0xff, 0x4b, 0x0, 0x0, 0x99, 0xff,
    0xff, 0x40, 0x0, 0x0, 0xa0, 0xff, 0xfc, 0x4,
    0x0, 0x0, 0x0, 0x0, 0x0, 0x5b, 0xff, 0xff,
    0xcc, 0x0, 0x0, 0x0, 0x62, 0xff, 0xff, 0xe5,
    0x89, 0x9e, 0xfc, 0xff, 0xca, 0x0, 0x0, 0x0,
    0x0, 0x0, 0x2, 0xd7, 0xff, 0xff, 0x4e, 0x0,
    0x0, 0x0, 0x6, 0xc1, 0xff, 0xff, 0xff, 0xff,
    0xff, 0xf6, 0x39, 0x0, 0x0, 0x0, 0x0, 0x0,
    0x56, 0xff, 0xff, 0xbe, 0x0, 0x0, 0x0, 0x0,
    0x0, 0x7, 0x7a, 0xd6, 0xf8, 0xea, 0xa9, 0x29,
    0x0, 0x0, 0x0, 0x0, 0x0, 0x0, 0xa, 0x62,
    0x6d, 0xd, 0x0, 0x0, 0x0, 0x0, 0x0, 0x0,
    0x0, 0x0, 0x0, 0x0, 0x0, 0x0, 0x0, 0x0,

    /* U+0026 "&" */
    0x0, 0x0, 0x2, 0x6f, 0xd3, 0xf8, 0xec, 0xb1,
    0x33, 0x0, 0x0, 0x0, 0x0, 0x0, 0x0, 0x0,
    0x0, 0x0, 0x0, 0x9c, 0xff, 0xff, 0xff, 0xff,
    0xff, 0xfa, 0x44, 0x0, 0x0, 0x0, 0x0, 0x0,
    0x0, 0x0, 0x0, 0x2f, 0xff, 0xff, 0xfe, 0xaf,
    0xcb, 0xff, 0xff, 0xda, 0x1, 0x0, 0x0, 0x0,
    0x0, 0x0, 0x0, 0x0, 0x6f, 0xff, 0xff, 0xa1,
    0x0, 0x4, 0xe5, 0xff, 0xff, 0x22, 0x0, 0x0,
    0x0, 0x0, 0x0, 0x0, 0x0, 0x76, 0xff, 0xff,
    0x82, 0x0, 0x0, 0xcc, 0xff, 0xff, 0x2a, 0x0,
    0x0, 0x0, 0x0, 0x0, 0x0, 0x0, 0x3d, 0xff,
    0xff, 0xda, 0xd, 0x3a, 0xfe, 0xff, 0xe9, 0x6,
    0x0, 0x0, 0x0, 0x0, 0x0, 0x0, 0x0, 0x0,
    0xb1, 0xff, 0xff, 0xd2, 0xf1, 0xff, 0xff, 0x5b,
    0x0, 0x0, 0x0, 0x0, 0x0, 0x0, 0x0, 0x0,
    0x0, 0xf, 0xeb, 0xff, 0xff, 0xff, 0xfd, 0x6c,
    0x0, 0x0, 0x0, 0x0, 0x0, 0x0, 0x0, 0x0,
    0x0, 0x13, 0xbf, 0xff, 0xff, 0xff, 0xff, 0xd8,
    0xf, 0x0, 0x0, 0x0, 0x2c, 0x81, 0x32, 0x0,
    0x0, 0x8, 0xc5, 0xff, 0xff, 0xeb, 0xd5, 0xff,
    0xff, 0xca, 0x10, 0x0, 0x0, 0x47, 0xff, 0xfc,
    0x34, 0x0, 0x72, 0xff, 0xff, 0xe1, 0x1c, 0x13,
    0xd0, 0xff, 0xff, 0xcc, 0x11, 0x0, 0x71, 0xff,
    0xff, 0x6d, 0x0, 0xd1, 0xff, 0xff, 0x52, 0x0,
    0x0, 0x13, 0xcf, 0xff, 0xff, 0xce, 0x15, 0xd3,
    0xff, 0xff, 0x43, 0x0, 0xf5, 0xff, 0xff, 0x13,
    0x0, 0x0, 0x0, 0x12, 0xcf, 0xff, 0xff, 0xec,
    0xff, 0xff, 0xce, 0x2, 0x0, 0xe6, 0xff, 0xff,
    0x2d, 0x0, 0x0, 0x0, 0x0, 0x12, 0xce, 0xff,
    0xff, 0xff, 0xf8, 0x31, 0x0, 0x0, 0xa7, 0xff,
    0xff, 0xbb, 0x11, 0x0, 0x0, 0x0, 0x1c, 0xab,
    0xff, 0xff, 0xff, 0xe4, 0x1f, 0x0, 0x0, 0x2d,
    0xf6, 0xff, 0xff, 0xf3, 0xbe, 0xad, 0xcb, 0xfc,
    0xff, 0xff, 0xff, 0xff, 0xff, 0xe0, 0x21, 0x0,
    0x0, 0x4c, 0xef, 0xff, 0xff, 0xff, 0xff, 0xff,
    0xff, 0xff, 0xe8, 0x6d, 0xe1, 0xff, 0xff, 0xe2,
    0x1b, 0x0, 0x0, 0x19, 0x85, 0xd1, 0xf1, 0xf9,
    0xe6, 0xb7, 0x67, 0xc, 0x0, 0x1e, 0xbf, 0xf6,
    0xad, 0x8,

    /* U+0027 "'" */
    0x0, 0x5b, 0xdc, 0xfb, 0x24, 0x11, 0xf9, 0xff,
    0xd6, 0x0, 0x49, 0xff, 0xff, 0x85, 0x0, 0x7c,
    0xff, 0xff, 0x34, 0x0, 0xae, 0xff, 0xdf, 0x0,
    0x0, 0xe1, 0xf1, 0x4e, 0x0, 0x0, 0x22, 0x8,
    0x0, 0x0, 0x0,

    /* U+0028 "(" */
    0x0, 0x0, 0x0, 0x43, 0xd5, 0xe9, 0x56, 0x0,
    0x0, 0x24, 0xf4, 0xff, 0xf6, 0x2d, 0x0, 0x3,
    0xc5, 0xff, 0xff, 0x6f, 0x0, 0x0, 0x59, 0xff,
    0xff, 0xd2, 0x2, 0x0, 0x0, 0xca, 0xff, 0xff,
    0x53, 0x0, 0x0, 0x30, 0xff, 0xff, 0xe9, 0x3,
    0x0, 0x0, 0x72, 0xff, 0xff, 0xa7, 0x0, 0x0,
    0x0, 0xaf, 0xff, 0xff, 0x66, 0x0, 0x0, 0x0,
    0xd5, 0xff, 0xff, 0x3f, 0x0, 0x0, 0x0, 0xe8,
    0xff, 0xff, 0x2c, 0x0, 0x0, 0x0, 0xfa, 0xff,
    0xff, 0x19, 0x0, 0x0, 0x0, 0xf3, 0xff, 0xff,
    0x21, 0x0, 0x0, 0x0, 0xe0, 0xff, 0xff, 0x34,
    0x0, 0x0, 0x0, 0xcb, 0xff, 0xff, 0x4b, 0x0,
    0x0, 0x0, 0x96, 0xff, 0xff, 0x84, 0x0, 0x0,
    0x0, 0x58, 0xff, 0xff, 0xc6, 0x0, 0x0, 0x0,
    0x13, 0xf7, 0xff, 0xfc, 0x1c, 0x0, 0x0, 0x0,
    0x99, 0xff, 0xff, 0x8c, 0x0, 0x0, 0x0, 0x26,
    0xfa, 0xff, 0xf7, 0x21, 0x0, 0x0, 0x0, 0x7a,
    0xff, 0xff, 0xbc, 0x1, 0x0, 0x0, 0x3, 0xbf,
    0xff, 0xff, 0x6f, 0x0, 0x0, 0x0, 0x7, 0x68,
    0x79, 0x13,

    /* U+0029 ")" */
    0xf, 0xbe, 0xee, 0x95, 0x7, 0x0, 0x0, 0x0,
    0x0, 0xae, 0xff, 0xff, 0x90, 0x0, 0x0, 0x0,
    0x0, 0x12, 0xe8, 0xff, 0xfe, 0x41, 0x0, 0x0,
    0x0, 0x0, 0x5e, 0xff, 0xff, 0xce, 0x0, 0x0,
    0x0, 0x0, 0x2, 0xda, 0xff, 0xff, 0x40, 0x0,
    0x0, 0x0, 0x0, 0x75, 0xff, 0xff, 0xa6, 0x0,
    0x0, 0x0, 0x0, 0x2f, 0xff, 0xff, 0xe5, 0x0,
    0x0, 0x0, 0x0, 0x1, 0xea, 0xff, 0xff, 0x22,
    0x0, 0x0, 0x0, 0x0, 0xc5, 0xff, 0xff, 0x48,
    0x0, 0x0, 0x0, 0x0, 0xb1, 0xff, 0xff, 0x5b,
    0x0, 0x0, 0x0, 0x0, 0x9e, 0xff, 0xff, 0x6d,
    0x0, 0x0, 0x0, 0x0, 0xa6, 0xff, 0xff, 0x65,
    0x0, 0x0, 0x0, 0x0, 0xba, 0xff, 0xff, 0x52,
    0x0, 0x0, 0x0, 0x0, 0xd0, 0xff, 0xff, 0x3c,
    0x0, 0x0, 0x0, 0xe, 0xfc, 0xff, 0xfb, 0xc,
    0x0, 0x0, 0x0, 0x4e, 0xff, 0xff, 0xca, 0x0,
    0x0, 0x0, 0x0, 0xa1, 0xff, 0xff, 0x7d, 0x0,
    0x0, 0x0, 0x1d, 0xf8, 0xff, 0xf7, 0x15, 0x0,
    0x0, 0x0, 0xa3, 0xff, 0xff, 0x96, 0x0, 0x0,
    0x0, 0x49, 0xff, 0xff, 0xe2, 0xf, 0x0, 0x0,
    0x10, 0xea, 0xff, 0xf8, 0x41, 0x0, 0x0, 0x0,
    0x0, 0x4f, 0x7f, 0x2e, 0x0, 0x0, 0x0, 0x0,

    /* U+002A "*" */
    0x0, 0x0, 0x2, 0x64, 0xc, 0x0, 0x48, 0x2a,
    0x0, 0x0, 0x0, 0x0, 0x3b, 0xcf, 0xff, 0x75,
    0x4, 0xde, 0xfb, 0x91, 0xf, 0x0, 0x0, 0x60,
    0xff, 0xff, 0xe8, 0x66, 0xff, 0xff, 0xdb, 0xd,
    0x0, 0x0, 0x0, 0xa0, 0xff, 0xff, 0xfa, 0xff,
    0xf8, 0x31, 0x0, 0x0, 0xb2, 0x9e, 0x96, 0xfd,
    0xff, 0xff, 0xff, 0xce, 0x92, 0xa6, 0x63, 0xff,
    0xff, 0xff, 0xff, 0xff, 0xff, 0xff, 0xff, 0xff,
    0xff, 0x8c, 0xff, 0xf8, 0xe2, 0xfe, 0xff, 0xff,
    0xff, 0xff, 0xff, 0xff, 0x8c, 0x10, 0x0, 0x67,
    0xff, 0xff, 0xff, 0xff, 0xc7, 0x7, 0x0, 0x0,
    0x0, 0x2c, 0xf6, 0xff, 0xe9, 0x9b, 0xff, 0xff,
    0x9c, 0x0, 0x0, 0x0, 0x70, 0xfd, 0xff, 0x74,
    0x1d, 0xfa, 0xff, 0xda, 0x1b, 0x0, 0x0, 0x0,
    0x36, 0xbd, 0xb, 0x0, 0x8d, 0x6e, 0x5, 0x0,
    0x0,

    /* U+002B "+" */
    0x0, 0x0, 0x0, 0x0, 0x0, 0x5, 0x8e, 0xdc,
    0x64, 0x0, 0x0, 0x0, 0x0, 0x0, 0x0, 0x0,
    0x0, 0x0, 0x0, 0x65, 0xff, 0xff, 0x6c, 0x0,
    0x0, 0x0, 0x0, 0x0, 0x0, 0x0, 0x0, 0x0,
    0x0, 0x87, 0xff, 0xff, 0x6c, 0x0, 0x0, 0x0,
    0x0, 0x0, 0x0, 0x0, 0x0, 0x0, 0x0, 0x88,
    0xff, 0xff, 0x6c, 0x0, 0x0, 0x0, 0x0, 0x0,
    0x0, 0x0, 0x0, 0x0, 0x0, 0x88, 0xff, 0xff,
    0x6c, 0x0, 0x0, 0x0, 0x0, 0x0, 0x42, 0xe0,
    0xff, 0xff, 0xff, 0xff, 0xff, 0xff, 0xff, 0xff,
    0xff, 0xff, 0xff, 0xd0, 0xd1, 0xff, 0xff, 0xff,
    0xff, 0xff, 0xff, 0xff, 0xff, 0xff, 0xff, 0xff,
    0xff, 0x8e, 0x9d, 0xa4, 0xa4, 0xa4, 0xa4, 0xd4,
    0xff, 0xff, 0xca, 0xa4, 0xa4, 0xa2, 0x7a, 0x8,
    0x0, 0x0, 0x0, 0x0, 0x0, 0x88, 0xff, 0xff,
    0x6c, 0x0, 0x0, 0x0, 0x0, 0x0, 0x0, 0x0,
    0x0, 0x0, 0x0, 0x88, 0xff, 0xff, 0x6c, 0x0,
    0x0, 0x0, 0x0, 0x0, 0x0, 0x0, 0x0, 0x0,
    0x0, 0x88, 0xff, 0xff, 0x6a, 0x0, 0x0, 0x0,
    0x0, 0x0, 0x0, 0x0, 0x0, 0x0, 0x0, 0x88,
    0xff, 0xff, 0x40, 0x0, 0x0, 0x0, 0x0, 0x0,
    0x0, 0x0, 0x0, 0x0, 0x0, 0x84, 0xe0, 0x79,
    0x0, 0x0, 0x0, 0x0, 0x0, 0x0,

    /* U+002C "," */
    0x0, 0x4, 0x8, 0x0, 0x0, 0x57, 0xf4, 0xfc,
    0x83, 0x0, 0xe6, 0xff, 0xff, 0xff, 0x21, 0xea,
    0xff, 0xff, 0xff, 0x36, 0x5d, 0xee, 0xf7, 0xff,
    0x1e, 0x0, 0x0, 0xb3, 0xdf, 0x0, 0x0, 0x1b,
    0xf8, 0x74, 0x0, 0x4, 0xb7, 0xc2, 0x7, 0x0,
    0x20, 0x70, 0xd, 0x0, 0x0,

    /* U+002D "-" */
    0x8, 0x67, 0x83, 0x84, 0x84, 0x84, 0x84, 0x84,
    0x84, 0x65, 0xa4, 0xff, 0xff, 0xff, 0xff, 0xff,
    0xff, 0xff, 0xff, 0xa4, 0xf0, 0xff, 0xff, 0xff,
    0xff, 0xff, 0xff, 0xfe, 0xd4, 0x29,

    /* U+002E "." */
    0x2c, 0xa8, 0x90, 0xd, 0xd8, 0xff, 0xff, 0x8e,
    0xec, 0xff, 0xff, 0xa4, 0x5d, 0xed, 0xd5, 0x29,

    /* U+002F "/" */
    0x0, 0x0, 0x0, 0x0, 0x0, 0x0, 0x0, 0x0,
    0x1, 0x97, 0xf6, 0xc7, 0x14, 0x0, 0x0, 0x0,
    0x0, 0x0, 0x0, 0x0, 0x0, 0x5d, 0xff, 0xff,
    0xcf, 0x0, 0x0, 0x0, 0x0, 0x0, 0x0, 0x0,
    0x0, 0x2, 0xd7, 0xff, 0xff, 0x54, 0x0, 0x0,
    0x0, 0x0, 0x0, 0x0, 0x0, 0x0, 0x55, 0xff,
    0xff, 0xd6, 0x2, 0x0, 0x0, 0x0, 0x0, 0x0,
    0x0, 0x0, 0x0, 0xcf, 0xff, 0xff, 0x5d, 0x0,
    0x0, 0x0, 0x0, 0x0, 0x0, 0x0, 0x0, 0x4d,
    0xff, 0xff, 0xde, 0x4, 0x0, 0x0, 0x0, 0x0,
    0x0, 0x0, 0x0, 0x0, 0xc8, 0xff, 0xff, 0x66,
    0x0, 0x0, 0x0, 0x0, 0x0, 0x0, 0x0, 0x0,
    0x44, 0xff, 0xff, 0xe4, 0x6, 0x0, 0x0, 0x0,
    0x0, 0x0, 0x0, 0x0, 0x0, 0xbf, 0xff, 0xff,
    0x6f, 0x0, 0x0, 0x0, 0x0, 0x0, 0x0, 0x0,
    0x0, 0x3a, 0xff, 0xff, 0xea, 0xa, 0x0, 0x0,
    0x0, 0x0, 0x0, 0x0, 0x0, 0x0, 0xb6, 0xff,
    0xff, 0x79, 0x0, 0x0, 0x0, 0x0, 0x0, 0x0,
    0x0, 0x0, 0x32, 0xff, 0xff, 0xef, 0xe, 0x0,
    0x0, 0x0, 0x0, 0x0, 0x0, 0x0, 0x0, 0xad,
    0xff, 0xff, 0x82, 0x0, 0x0, 0x0, 0x0, 0x0,
    0x0, 0x0, 0x0, 0x2a, 0xfe, 0xff, 0xf3, 0x12,
    0x0, 0x0, 0x0, 0x0, 0x0, 0x0, 0x0, 0x0,
    0xa4, 0xff, 0xff, 0x8b, 0x0, 0x0, 0x0, 0x0,
    0x0, 0x0, 0x0, 0x0, 0x23, 0xfc, 0xff, 0xf7,
    0x18, 0x0, 0x0, 0x0, 0x0, 0x0, 0x0, 0x0,
    0x0, 0x9b, 0xff, 0xff, 0x94, 0x0, 0x0, 0x0,
    0x0, 0x0, 0x0, 0x0, 0x0, 0x1c, 0xf9, 0xff,
    0xfa, 0x1e, 0x0, 0x0, 0x0, 0x0, 0x0, 0x0,
    0x0, 0x0, 0x92, 0xff, 0xff, 0x9d, 0x0, 0x0,
    0x0, 0x0, 0x0, 0x0, 0x0, 0x0, 0x0, 0xa0,
    0xf4, 0xc9, 0x19, 0x0, 0x0, 0x0, 0x0, 0x0,
    0x0, 0x0, 0x0, 0x0,

    /* U+0030 "0" */
    0x0, 0x0, 0x0, 0x1d, 0x7d, 0xca, 0xeb, 0xf8,
    0xe1, 0xb1, 0x5c, 0x4, 0x0, 0x0, 0x0, 0x0,
    0x0, 0x6e, 0xf4, 0xff, 0xff, 0xff, 0xff, 0xff,
    0xff, 0xff, 0xd2, 0x2e, 0x0, 0x0, 0x0, 0x73,
    0xff, 0xff, 0xff, 0xf6, 0xcf, 0xbd, 0xdc, 0xff,
    0xff, 0xff, 0xea, 0x25, 0x0, 0x1d, 0xf8, 0xff,
    0xff, 0x90, 0x12, 0x0, 0x0, 0x0, 0x37, 0xd0,
    0xff, 0xff, 0xb0, 0x0, 0x74, 0xff, 0xff, 0xb2,
    0x0, 0x0, 0x0, 0x0, 0x0, 0x0, 0x1a, 0xf9,
    0xff, 0xff, 0xd, 0x99, 0xff, 0xff, 0x6e, 0x0,
    0x0, 0x0, 0x0, 0x0, 0x0, 0x0, 0xce, 0xff,
    0xff, 0x31, 0xa0, 0xff, 0xff, 0x68, 0x0, 0x0,
    0x0, 0x0, 0x0, 0x0, 0x0, 0xc8, 0xff, 0xff,
    0x38, 0xa0, 0xff, 0xff, 0x68, 0x0, 0x0, 0x0,
    0x0, 0x0, 0x0, 0x0, 0xc8, 0xff, 0xff, 0x38,
    0xa0, 0xff, 0xff, 0x68, 0x0, 0x0, 0x0, 0x0,
    0x0, 0x0, 0x0, 0xc8, 0xff, 0xff, 0x38, 0xa0,
    0xff, 0xff, 0x68, 0x0, 0x0, 0x0, 0x0, 0x0,
    0x0, 0x0, 0xc8, 0xff, 0xff, 0x38, 0xa0, 0xff,
    0xff, 0x68, 0x0, 0x0, 0x0, 0x0, 0x0, 0x0,
    0x0, 0xc8, 0xff, 0xff, 0x38, 0xa0, 0xff, 0xff,
    0x68, 0x0, 0x0, 0x0, 0x0, 0x0, 0x0, 0x0,
    0xc8, 0xff, 0xff, 0x38, 0x99, 0xff, 0xff, 0x6f,
    0x0, 0x0, 0x0, 0x0, 0x0, 0x0, 0x0, 0xcf,
    0xff, 0xff, 0x30, 0x74, 0xff, 0xff, 0xb4, 0x0,
    0x0, 0x0, 0x0, 0x0, 0x0, 0x1c, 0xfa, 0xff,
    0xfe, 0xd, 0x1c, 0xf8, 0xff, 0xff, 0x91, 0x12,
    0x0, 0x0, 0x0, 0x37, 0xd0, 0xff, 0xff, 0xac,
    0x0, 0x0, 0x70, 0xff, 0xff, 0xff, 0xf7, 0xd1,
    0xc1, 0xdf, 0xff, 0xff, 0xff, 0xe7, 0x21, 0x0,
    0x0, 0x0, 0x6c, 0xf4, 0xff, 0xff, 0xff, 0xff,
    0xff, 0xff, 0xff, 0xce, 0x29, 0x0, 0x0, 0x0,
    0x0, 0x0, 0x1c, 0x7e, 0xcb, 0xec, 0xf8, 0xe1,
    0xb0, 0x5a, 0x3, 0x0, 0x0, 0x0,

    /* U+0031 "1" */
    0x2f, 0xff, 0xff, 0xff, 0xff, 0xff, 0xc7, 0xb,
    0x5, 0xdf, 0xff, 0xff, 0xff, 0xff, 0xff, 0x3d,
    0x0, 0x24, 0x93, 0xa8, 0xec, 0xff, 0xff, 0x40,
    0x0, 0x0, 0x0, 0x0, 0xc8, 0xff, 0xff, 0x40,
    0x0, 0x0, 0x0, 0x0, 0xc8, 0xff, 0xff, 0x40,
    0x0, 0x0, 0x0, 0x0, 0xc8, 0xff, 0xff, 0x40,
    0x0, 0x0, 0x0, 0x0, 0xc8, 0xff, 0xff, 0x40,
    0x0, 0x0, 0x0, 0x0, 0xc8, 0xff, 0xff, 0x40,
    0x0, 0x0, 0x0, 0x0, 0xc8, 0xff, 0xff, 0x40,
    0x0, 0x0, 0x0, 0x0, 0xc8, 0xff, 0xff, 0x40,
    0x0, 0x0, 0x0, 0x0, 0xc8, 0xff, 0xff, 0x40,
    0x0, 0x0, 0x0, 0x0, 0xc8, 0xff, 0xff, 0x40,
    0x0, 0x0, 0x0, 0x0, 0xc8, 0xff, 0xff, 0x40,
    0x0, 0x0, 0x0, 0x0, 0xc8, 0xff, 0xff, 0x40,
    0x0, 0x0, 0x0, 0x0, 0xc8, 0xff, 0xff, 0x40,
    0x0, 0x0, 0x0, 0x0, 0xc8, 0xff, 0xff, 0x3c,
    0x0, 0x0, 0x0, 0x0, 0xc8, 0xff, 0xf8, 0x14,
    0x0, 0x0, 0x0, 0x0, 0xbf, 0xcf, 0x4c, 0x0,

    /* U+0032 "2" */
    0x0, 0x0, 0x1, 0x53, 0xa6, 0xde, 0xf5, 0xf2,
    0xda, 0x9a, 0x39, 0x0, 0x0, 0x0, 0x0, 0x22,
    0xcf, 0xff, 0xff, 0xff, 0xff, 0xff, 0xff, 0xff,
    0xfe, 0x97, 0x1, 0x0, 0x14, 0xe6, 0xff, 0xff,
    0xff, 0xe6, 0xc2, 0xc6, 0xed, 0xff, 0xff, 0xff,
    0x84, 0x0, 0x8b, 0xff, 0xff, 0xf7, 0x54, 0x1,
    0x0, 0x0, 0x8, 0x89, 0xff, 0xff, 0xf5, 0x12,
    0xc6, 0xff, 0xff, 0x79, 0x0, 0x0, 0x0, 0x0,
    0x0, 0x1, 0xd5, 0xff, 0xff, 0x4b, 0xaf, 0xff,
    0xff, 0x3a, 0x0, 0x0, 0x0, 0x0, 0x0, 0x0,
    0xa9, 0xff, 0xff, 0x64, 0x1d, 0xc0, 0xfd, 0x34,
    0x0, 0x0, 0x0, 0x0, 0x0, 0x0, 0xc8, 0xff,
    0xff, 0x49, 0x0, 0x0, 0x6, 0x1, 0x0, 0x0,
    0x0, 0x0, 0x0, 0x4c, 0xff, 0xff, 0xe8, 0x9,
    0x0, 0x0, 0x0, 0x0, 0x0, 0x0, 0x0, 0x2,
    0x6e, 0xf9, 0xff, 0xfe, 0x54, 0x0, 0x0, 0x0,
    0x0, 0x0, 0x0, 0x0, 0x4b, 0xd1, 0xff, 0xff,
    0xf9, 0x62, 0x0, 0x0, 0x0, 0x0, 0x0, 0x0,
    0x3b, 0xc6, 0xff, 0xff, 0xff, 0xd2, 0x34, 0x0,
    0x0, 0x0, 0x0, 0x0, 0xa, 0x99, 0xfe, 0xff,
    0xff, 0xe4, 0x67, 0x4, 0x0, 0x0, 0x0, 0x0,
    0x0, 0x17, 0xd0, 0xff, 0xff, 0xf0, 0x72, 0x7,
    0x0, 0x0, 0x0, 0x0, 0x0, 0x0, 0x8, 0xcd,
    0xff, 0xff, 0xc0, 0x19, 0x0, 0x0, 0x0, 0x0,
    0x0, 0x0, 0x0, 0x0, 0x76, 0xff, 0xff, 0xcf,
    0xa, 0x0, 0x0, 0x0, 0x0, 0x0, 0x0, 0x0,
    0x0, 0x0, 0xd4, 0xff, 0xff, 0xd2, 0xa8, 0xa8,
    0xa8, 0xa8, 0xa8, 0xa8, 0xa8, 0x9e, 0x58, 0x0,
    0xf7, 0xff, 0xff, 0xff, 0xff, 0xff, 0xff, 0xff,
    0xff, 0xff, 0xff, 0xff, 0xff, 0x53, 0xa0, 0xfc,
    0xff, 0xff, 0xff, 0xff, 0xff, 0xff, 0xff, 0xff,
    0xff, 0xff, 0xff, 0x9b,

    /* U+0033 "3" */
    0x0, 0x0, 0x8, 0x64, 0xaf, 0xe1, 0xf5, 0xf5,
    0xdf, 0xa7, 0x50, 0x0, 0x0, 0x0, 0x0, 0x39,
    0xe5, 0xff, 0xff, 0xff, 0xff, 0xff, 0xff, 0xff,
    0xff, 0xbe, 0xe, 0x0, 0x18, 0xf0, 0xff, 0xff,
    0xff, 0xd9, 0xb9, 0xb9, 0xde, 0xff, 0xff, 0xff,
    0xb4, 0x0, 0x6f, 0xff, 0xff, 0xe9, 0x39, 0x0,
    0x0, 0x0, 0x0, 0x57, 0xfb, 0xff, 0xff, 0x30,
    0x70, 0xff, 0xff, 0x73, 0x0, 0x0, 0x0, 0x0,
    0x0, 0x0, 0xb3, 0xff, 0xff, 0x63, 0x7, 0x92,
    0xe5, 0x5d, 0x0, 0x0, 0x0, 0x0, 0x0, 0x0,
    0xb2, 0xff, 0xff, 0x60, 0x0, 0x0, 0x0, 0x0,
    0x0, 0x0, 0x0, 0x0, 0x0, 0x45, 0xf9, 0xff,
    0xfa, 0x1e, 0x0, 0x0, 0x0, 0x0, 0x0, 0x35,
    0x9e, 0xa9, 0xcc, 0xff, 0xff, 0xff, 0x70, 0x0,
    0x0, 0x0, 0x0, 0x0, 0x0, 0xbb, 0xff, 0xff,
    0xff, 0xff, 0xff, 0x5e, 0x0, 0x0, 0x0, 0x0,
    0x0, 0x0, 0x0, 0x70, 0xfa, 0xff, 0xff, 0xff,
    0xff, 0xef, 0x60, 0x0, 0x0, 0x0, 0x1, 0x0,
    0x0, 0x0, 0x0, 0x6, 0x21, 0x75, 0xf5, 0xff,
    0xff, 0x51, 0x47, 0xd4, 0xe4, 0x0, 0x0, 0x0,
    0x0, 0x0, 0x0, 0x0, 0x68, 0xff, 0xff, 0xc4,
    0xe3, 0xff, 0xea, 0x0, 0x0, 0x0, 0x0, 0x0,
    0x0, 0x0, 0x26, 0xff, 0xff, 0xe9, 0xee, 0xff,
    0xff, 0x2e, 0x0, 0x0, 0x0, 0x0, 0x0, 0x0,
    0x49, 0xff, 0xff, 0xd5, 0xb6, 0xff, 0xff, 0xd6,
    0x3c, 0x0, 0x0, 0x0, 0x0, 0x36, 0xdf, 0xff,
    0xff, 0x91, 0x33, 0xf8, 0xff, 0xff, 0xff, 0xe2,
    0xc3, 0xc5, 0xe1, 0xff, 0xff, 0xff, 0xe7, 0x19,
    0x0, 0x42, 0xe5, 0xff, 0xff, 0xff, 0xff, 0xff,
    0xff, 0xff, 0xff, 0xd4, 0x29, 0x0, 0x0, 0x0,
    0x9, 0x68, 0xb4, 0xe2, 0xf7, 0xf4, 0xde, 0xaa,
    0x5a, 0x3, 0x0, 0x0,

    /* U+0034 "4" */
    0x0, 0x0, 0x0, 0x0, 0x0, 0x0, 0x0, 0x0,
    0x0, 0x1b, 0xcc, 0xf1, 0x4b, 0x0, 0x0, 0x0,
    0x0, 0x0, 0x0, 0x0, 0x0, 0x0, 0x0, 0x0,
    0x8, 0xca, 0xff, 0xff, 0x9d, 0x0, 0x0, 0x0,
    0x0, 0x0, 0x0, 0x0, 0x0, 0x0, 0x0, 0x0,
    0xa0, 0xff, 0xff, 0xff, 0xa0, 0x0, 0x0, 0x0,
    0x0, 0x0, 0x0, 0x0, 0x0, 0x0, 0x0, 0x70,
    0xff, 0xff, 0xf8, 0xff, 0xa0, 0x0, 0x0, 0x0,
    0x0, 0x0, 0x0, 0x0, 0x0, 0x0, 0x43, 0xfc,
    0xff, 0xdd, 0xd1, 0xff, 0xa0, 0x0, 0x0, 0x0,
    0x0, 0x0, 0x0, 0x0, 0x0, 0x21, 0xec, 0xff,
    0xf3, 0x62, 0xff, 0xff, 0xa0, 0x0, 0x0, 0x0,
    0x0, 0x0, 0x0, 0x0, 0xb, 0xd2, 0xff, 0xff,
    0x54, 0x38, 0xff, 0xff, 0xa0, 0x0, 0x0, 0x0,
    0x0, 0x0, 0x0, 0x0, 0xab, 0xff, 0xff, 0x88,
    0x0, 0x38, 0xff, 0xff, 0xa0, 0x0, 0x0, 0x0,
    0x0, 0x0, 0x0, 0x7c, 0xff, 0xff, 0xba, 0x2,
    0x0, 0x38, 0xff, 0xff, 0xa0, 0x0, 0x0, 0x0,
    0x0, 0x0, 0x4c, 0xfe, 0xff, 0xde, 0x12, 0x0,
    0x0, 0x38, 0xff, 0xff, 0xa0, 0x0, 0x0, 0x0,
    0x0, 0x28, 0xf1, 0xff, 0xf6, 0x2f, 0x0, 0x0,
    0x0, 0x38, 0xff, 0xff, 0xa0, 0x0, 0x0, 0x0,
    0x8, 0xd8, 0xff, 0xff, 0xff, 0xff, 0xff, 0xff,
    0xff, 0xff, 0xff, 0xff, 0xff, 0xff, 0xff, 0x7a,
    0x34, 0xff, 0xff, 0xff, 0xff, 0xff, 0xff, 0xff,
    0xff, 0xff, 0xff, 0xff, 0xff, 0xff, 0xff, 0x44,
    0x3, 0x83, 0xa7, 0xa8, 0xa8, 0xa8, 0xa8, 0xa8,
    0xa8, 0xcb, 0xff, 0xff, 0xdf, 0xa3, 0x63, 0x0,
    0x0, 0x0, 0x0, 0x0, 0x0, 0x0, 0x0, 0x0,
    0x0, 0x68, 0xff, 0xff, 0xa0, 0x0, 0x0, 0x0,
    0x0, 0x0, 0x0, 0x0, 0x0, 0x0, 0x0, 0x0,
    0x0, 0x68, 0xff, 0xff, 0xa0, 0x0, 0x0, 0x0,
    0x0, 0x0, 0x0, 0x0, 0x0, 0x0, 0x0, 0x0,
    0x0, 0x68, 0xff, 0xff, 0x87, 0x0, 0x0, 0x0,
    0x0, 0x0, 0x0, 0x0, 0x0, 0x0, 0x0, 0x0,
    0x0, 0x66, 0xec, 0xac, 0x13, 0x0, 0x0, 0x0,

    /* U+0035 "5" */
    0x0, 0x2a, 0xe4, 0xff, 0xff, 0xff, 0xff, 0xff,
    0xff, 0xff, 0xff, 0xff, 0xd0, 0x0, 0x0, 0x7c,
    0xff, 0xff, 0xff, 0xff, 0xff, 0xff, 0xff, 0xff,
    0xff, 0xff, 0x90, 0x0, 0x0, 0xa5, 0xff, 0xf4,
    0xa4, 0xa4, 0xa4, 0xa4, 0xa4, 0xa4, 0xa2, 0x79,
    0x9, 0x0, 0x0, 0xcd, 0xff, 0xc5, 0x0, 0x0,
    0x0, 0x0, 0x0, 0x0, 0x0, 0x0, 0x0, 0x0,
    0x1, 0xf4, 0xff, 0x9e, 0x0, 0x0, 0x0, 0x0,
    0x0, 0x0, 0x0, 0x0, 0x0, 0x0, 0x1f, 0xff,
    0xff, 0x74, 0x5d, 0xb3, 0xe9, 0xfa, 0xe7, 0xb3,
    0x52, 0x1, 0x0, 0x0, 0x48, 0xff, 0xd9, 0xdc,
    0xff, 0xff, 0xff, 0xff, 0xff, 0xff, 0xff, 0xae,
    0x7, 0x0, 0x6d, 0xff, 0xff, 0xff, 0xf4, 0xb9,
    0x9e, 0xb5, 0xe4, 0xff, 0xff, 0xff, 0x98, 0x0,
    0x3b, 0xf9, 0xfd, 0x91, 0xf, 0x0, 0x0, 0x0,
    0x5, 0x79, 0xff, 0xff, 0xfd, 0x24, 0x0, 0x15,
    0x18, 0x0, 0x0, 0x0, 0x0, 0x0, 0x0, 0x0,
    0xa5, 0xff, 0xff, 0x71, 0x0, 0x0, 0x0, 0x0,
    0x0, 0x0, 0x0, 0x0, 0x0, 0x0, 0x57, 0xff,
    0xff, 0x9a, 0x25, 0x94, 0x91, 0x0, 0x0, 0x0,
    0x0, 0x0, 0x0, 0x0, 0x45, 0xff, 0xff, 0xa4,
    0xd2, 0xff, 0xcf, 0x0, 0x0, 0x0, 0x0, 0x0,
    0x0, 0x0, 0x62, 0xff, 0xff, 0x8b, 0xf3, 0xff,
    0xf8, 0x17, 0x0, 0x0, 0x0, 0x0, 0x0, 0x1,
    0xc0, 0xff, 0xff, 0x5a, 0xbf, 0xff, 0xff, 0xc9,
    0x32, 0x0, 0x0, 0x0, 0xe, 0x98, 0xff, 0xff,
    0xef, 0x9, 0x38, 0xf9, 0xff, 0xff, 0xff, 0xde,
    0xc0, 0xc7, 0xf6, 0xff, 0xff, 0xff, 0x5a, 0x0,
    0x0, 0x45, 0xe7, 0xff, 0xff, 0xff, 0xff, 0xff,
    0xff, 0xff, 0xf7, 0x6b, 0x0, 0x0, 0x0, 0x0,
    0xb, 0x6d, 0xb8, 0xe5, 0xf9, 0xed, 0xd0, 0x86,
    0x24, 0x0, 0x0, 0x0,

    /* U+0036 "6" */
    0x0, 0x0, 0x0, 0x0, 0x0, 0x0, 0x5, 0x9e,
    0xf1, 0xc3, 0x26, 0x0, 0x0, 0x0, 0x0, 0x0,
    0x0, 0x0, 0x0, 0x0, 0x1, 0xa7, 0xff, 0xff,
    0xe6, 0x21, 0x0, 0x0, 0x0, 0x0, 0x0, 0x0,
    0x0, 0x0, 0x0, 0x91, 0xff, 0xff, 0xf0, 0x2e,
    0x0, 0x0, 0x0, 0x0, 0x0, 0x0, 0x0, 0x0,
    0x0, 0x7b, 0xff, 0xff, 0xf7, 0x3d, 0x0, 0x0,
    0x0, 0x0, 0x0, 0x0, 0x0, 0x0, 0x0, 0x63,
    0xff, 0xff, 0xe8, 0x4d, 0x0, 0x0, 0x0, 0x0,
    0x0, 0x0, 0x0, 0x0, 0x0, 0x4f, 0xfc, 0xff,
    0xec, 0xbc, 0xed, 0xf2, 0xd1, 0x7c, 0x13, 0x0,
    0x0, 0x0, 0x0, 0x30, 0xf7, 0xff, 0xff, 0xff,
    0xff, 0xff, 0xff, 0xff, 0xff, 0xe5, 0x3a, 0x0,
    0x0, 0x4, 0xd9, 0xff, 0xff, 0xe0, 0x61, 0x20,
    0x1b, 0x4a, 0xbd, 0xff, 0xff, 0xed, 0x1f, 0x0,
    0x61, 0xff, 0xff, 0xdb, 0x14, 0x0, 0x0, 0x0,
    0x0, 0x1, 0x9f, 0xff, 0xff, 0xa6, 0x0, 0xba,
    0xff, 0xff, 0x50, 0x0, 0x0, 0x0, 0x0, 0x0,
    0x0, 0xe, 0xf5, 0xff, 0xf9, 0xe, 0xec, 0xff,
    0xff, 0xa, 0x0, 0x0, 0x0, 0x0, 0x0, 0x0,
    0x0, 0xbd, 0xff, 0xff, 0x31, 0xf7, 0xff, 0xfd,
    0x3, 0x0, 0x0, 0x0, 0x0, 0x0, 0x0, 0x0,
    0xb2, 0xff, 0xff, 0x3d, 0xda, 0xff, 0xff, 0x2e,
    0x0, 0x0, 0x0, 0x0, 0x0, 0x0, 0x0, 0xdd,
    0xff, 0xff, 0x1f, 0x9f, 0xff, 0xff, 0xa3, 0x0,
    0x0, 0x0, 0x0, 0x0, 0x0, 0x53, 0xff, 0xff,
    0xdc, 0x1, 0x36, 0xff, 0xff, 0xff, 0x8c, 0x9,
    0x0, 0x0, 0x0, 0x53, 0xf1, 0xff, 0xff, 0x6f,
    0x0, 0x0, 0x87, 0xff, 0xff, 0xff, 0xf1, 0xba,
    0xb2, 0xdf, 0xff, 0xff, 0xff, 0xbb, 0x3, 0x0,
    0x0, 0x2, 0x81, 0xfc, 0xff, 0xff, 0xff, 0xff,
    0xff, 0xff, 0xff, 0xa7, 0xe, 0x0, 0x0, 0x0,
    0x0, 0x0, 0x2b, 0x8c, 0xd2, 0xee, 0xf5, 0xda,
    0xa2, 0x42, 0x0, 0x0, 0x0, 0x0,

    /* U+0037 "7" */
    0x31, 0xff, 0xff, 0xff, 0xff, 0xff, 0xff, 0xff,
    0xff, 0xff, 0xff, 0xff, 0xff, 0xde, 0x23, 0x7,
    0xe6, 0xff, 0xff, 0xff, 0xff, 0xff, 0xff, 0xff,
    0xff, 0xff, 0xff, 0xff, 0xff, 0x56, 0x0, 0x2b,
    0x95, 0xa8, 0xa8, 0xa8, 0xa8, 0xa8, 0xa8, 0xa8,
    0xc9, 0xff, 0xff, 0xed, 0xd, 0x0, 0x0, 0x0,
    0x0, 0x0, 0x0, 0x0, 0x0, 0x0, 0x0, 0xb7,
    0xff, 0xff, 0x7c, 0x0, 0x0, 0x0, 0x0, 0x0,
    0x0, 0x0, 0x0, 0x0, 0x0, 0x35, 0xff, 0xff,
    0xef, 0xe, 0x0, 0x0, 0x0, 0x0, 0x0, 0x0,
    0x0, 0x0, 0x0, 0x0, 0xb4, 0xff, 0xff, 0x80,
    0x0, 0x0, 0x0, 0x0, 0x0, 0x0, 0x0, 0x0,
    0x0, 0x0, 0x32, 0xff, 0xff, 0xf0, 0x10, 0x0,
    0x0, 0x0, 0x0, 0x0, 0x0, 0x0, 0x0, 0x0,
    0x0, 0xb1, 0xff, 0xff, 0x83, 0x0, 0x0, 0x0,
    0x0, 0x0, 0x0, 0x0, 0x0, 0x0, 0x0, 0x30,
    0xff, 0xff, 0xf2, 0x12, 0x0, 0x0, 0x0, 0x0,
    0x0, 0x0, 0x0, 0x0, 0x0, 0x0, 0xae, 0xff,
    0xff, 0x86, 0x0, 0x0, 0x0, 0x0, 0x0, 0x0,
    0x0, 0x0, 0x0, 0x0, 0x2d, 0xfe, 0xff, 0xf4,
    0x14, 0x0, 0x0, 0x0, 0x0, 0x0, 0x0, 0x0,
    0x0, 0x0, 0x0, 0xab, 0xff, 0xff, 0x8a, 0x0,
    0x0, 0x0, 0x0, 0x0, 0x0, 0x0, 0x0, 0x0,
    0x0, 0x2b, 0xfe, 0xff, 0xf5, 0x16, 0x0, 0x0,
    0x0, 0x0, 0x0, 0x0, 0x0, 0x0, 0x0, 0x0,
    0xa8, 0xff, 0xff, 0x8d, 0x0, 0x0, 0x0, 0x0,
    0x0, 0x0, 0x0, 0x0, 0x0, 0x0, 0x28, 0xfd,
    0xff, 0xf7, 0x18, 0x0, 0x0, 0x0, 0x0, 0x0,
    0x0, 0x0, 0x0, 0x0, 0x0, 0xa5, 0xff, 0xff,
    0x91, 0x0, 0x0, 0x0, 0x0, 0x0, 0x0, 0x0,
    0x0, 0x0, 0x0, 0x26, 0xfc, 0xff, 0xf8, 0x1a,
    0x0, 0x0, 0x0, 0x0, 0x0, 0x0, 0x0, 0x0,
    0x0, 0x0, 0x4e, 0xe7, 0xf2, 0x69, 0x0, 0x0,
    0x0, 0x0, 0x0, 0x0, 0x0, 0x0,

    /* U+0038 "8" */
    0x0, 0x0, 0x0, 0x4c, 0xa3, 0xdd, 0xf4, 0xf6,
    0xe1, 0xab, 0x59, 0x2, 0x0, 0x0, 0x0, 0x0,
    0xe, 0xbc, 0xff, 0xff, 0xff, 0xff, 0xff, 0xff,
    0xff, 0xff, 0xcf, 0x1b, 0x0, 0x0, 0x0, 0xb8,
    0xff, 0xff, 0xfe, 0xc8, 0xa6, 0xa2, 0xc0, 0xfc,
    0xff, 0xff, 0xd2, 0x3, 0x0, 0x33, 0xff, 0xff,
    0xef, 0x33, 0x0, 0x0, 0x0, 0x0, 0x22, 0xe3,
    0xff, 0xff, 0x4d, 0x0, 0x5d, 0xff, 0xff, 0xa0,
    0x0, 0x0, 0x0, 0x0, 0x0, 0x0, 0x88, 0xff,
    0xff, 0x75, 0x0, 0x40, 0xff, 0xff, 0xc2, 0x0,
    0x0, 0x0, 0x0, 0x0, 0x0, 0xaa, 0xff, 0xff,
    0x59, 0x0, 0x1, 0xc7, 0xff, 0xff, 0xa9, 0x37,
    0xe, 0xb, 0x2f, 0x98, 0xff, 0xff, 0xdc, 0x8,
    0x0, 0x0, 0x13, 0xb6, 0xff, 0xff, 0xff, 0xff,
    0xff, 0xff, 0xff, 0xff, 0xc7, 0x20, 0x0, 0x0,
    0x0, 0x11, 0x95, 0xfe, 0xff, 0xff, 0xff, 0xff,
    0xff, 0xff, 0xff, 0xa8, 0x1a, 0x0, 0x0, 0x10,
    0xd0, 0xff, 0xff, 0xd8, 0x75, 0x51, 0x4d, 0x6d,
    0xc8, 0xff, 0xff, 0xdf, 0x1a, 0x0, 0x8a, 0xff,
    0xff, 0xa0, 0x2, 0x0, 0x0, 0x0, 0x0, 0x0,
    0x81, 0xff, 0xff, 0xa1, 0x0, 0xde, 0xff, 0xff,
    0x16, 0x0, 0x0, 0x0, 0x0, 0x0, 0x0, 0x6,
    0xf3, 0xff, 0xf5, 0x0, 0xf7, 0xff, 0xfa, 0x0,
    0x0, 0x0, 0x0, 0x0, 0x0, 0x0, 0x0, 0xde,
    0xff, 0xff, 0xe, 0xdb, 0xff, 0xff, 0x2f, 0x0,
    0x0, 0x0, 0x0, 0x0, 0x0, 0x15, 0xfb, 0xff,
    0xf2, 0x0, 0x8e, 0xff, 0xff, 0xd0, 0x2d, 0x0,
    0x0, 0x0, 0x0, 0x1e, 0xba, 0xff, 0xff, 0xa8,
    0x0, 0x19, 0xe6, 0xff, 0xff, 0xff, 0xcf, 0xaf,
    0xab, 0xc8, 0xfc, 0xff, 0xff, 0xf2, 0x2a, 0x0,
    0x0, 0x2b, 0xd5, 0xff, 0xff, 0xff, 0xff, 0xff,
    0xff, 0xff, 0xff, 0xe1, 0x3d, 0x0, 0x0, 0x0,
    0x0, 0x4, 0x5e, 0xad, 0xde, 0xf4, 0xf6, 0xe1,
    0xb5, 0x6a, 0xa, 0x0, 0x0, 0x0,

    /* U+0039 "9" */
    0x0, 0x0, 0x0, 0x2c, 0x8c, 0xd2, 0xed, 0xf5,
    0xdb, 0xa8, 0x4b, 0x1, 0x0, 0x0, 0x0, 0x0,
    0x3, 0x83, 0xfc, 0xff, 0xff, 0xff, 0xff, 0xff,
    0xff, 0xff, 0xb8, 0x17, 0x0, 0x0, 0x0, 0x89,
    0xff, 0xff, 0xff, 0xed, 0xb7, 0xb0, 0xdb, 0xff,
    0xff, 0xff, 0xcc, 0x8, 0x0, 0x35, 0xff, 0xff,
    0xff, 0x80, 0x7, 0x0, 0x0, 0x0, 0x52, 0xf2,
    0xff, 0xff, 0x80, 0x0, 0x9f, 0xff, 0xff, 0x94,
    0x0, 0x0, 0x0, 0x0, 0x0, 0x0, 0x52, 0xff,
    0xff, 0xe5, 0x3, 0xda, 0xff, 0xff, 0x22, 0x0,
    0x0, 0x0, 0x0, 0x0, 0x0, 0x0, 0xdc, 0xff,
    0xff, 0x22, 0xf6, 0xff, 0xfa, 0x0, 0x0, 0x0,
    0x0, 0x0, 0x0, 0x0, 0x0, 0xb3, 0xff, 0xff,
    0x3e, 0xeb, 0xff, 0xfe, 0x6, 0x0, 0x0, 0x0,
    0x0, 0x0, 0x0, 0x0, 0xbe, 0xff, 0xff, 0x32,
    0xc6, 0xff, 0xff, 0x48, 0x0, 0x0, 0x0, 0x0,
    0x0, 0x0, 0xf, 0xf4, 0xff, 0xf4, 0x9, 0x6c,
    0xff, 0xff, 0xd3, 0xe, 0x0, 0x0, 0x0, 0x0,
    0x1, 0x9e, 0xff, 0xff, 0xa1, 0x0, 0xa, 0xd3,
    0xff, 0xff, 0xd8, 0x5b, 0x1e, 0x17, 0x43, 0xb8,
    0xff, 0xff, 0xf7, 0x24, 0x0, 0x0, 0x21, 0xcf,
    0xff, 0xff, 0xff, 0xff, 0xff, 0xff, 0xff, 0xff,
    0xff, 0x62, 0x0, 0x0, 0x0, 0x0, 0x6, 0x64,
    0xbd, 0xe6, 0xf9, 0xdc, 0xcc, 0xff, 0xff, 0x85,
    0x0, 0x0, 0x0, 0x0, 0x0, 0x0, 0x0, 0x0,
    0x0, 0x12, 0xc2, 0xff, 0xff, 0x9c, 0x0, 0x0,
    0x0, 0x0, 0x0, 0x0, 0x0, 0x0, 0x0, 0xd,
    0xca, 0xff, 0xff, 0xb1, 0x3, 0x0, 0x0, 0x0,
    0x0, 0x0, 0x0, 0x0, 0x0, 0x9, 0xc1, 0xff,
    0xff, 0xc4, 0x9, 0x0, 0x0, 0x0, 0x0, 0x0,
    0x0, 0x0, 0x0, 0x6, 0xb8, 0xff, 0xff, 0xd4,
    0x11, 0x0, 0x0, 0x0, 0x0, 0x0, 0x0, 0x0,
    0x0, 0x0, 0xb, 0xa0, 0xef, 0xc1, 0x1a, 0x0,
    0x0, 0x0, 0x0, 0x0, 0x0, 0x0,

    /* U+003A ":" */
    0x43, 0xde, 0xea, 0x63, 0x0, 0xde, 0xff, 0xff,
    0xfb, 0x17, 0xed, 0xff, 0xff, 0xff, 0x24, 0x72,
    0xfe, 0xff, 0xa2, 0x0, 0x0, 0x1d, 0x28, 0x0,
    0x0, 0x0, 0x0, 0x0, 0x0, 0x0, 0x0, 0x0,
    0x0, 0x0, 0x0, 0x0, 0x0, 0x0, 0x0, 0x0,
    0x0, 0x1f, 0x2a, 0x0, 0x0, 0x70, 0xfe, 0xff,
    0x9f, 0x0, 0xed, 0xff, 0xff, 0xff, 0x24, 0xdf,
    0xff, 0xff, 0xfc, 0x17, 0x46, 0xe0, 0xeb, 0x66,
    0x0,

    /* U+003B ";" */
    0x43, 0xde, 0xea, 0x63, 0x0, 0xde, 0xff, 0xff,
    0xfb, 0x17, 0xed, 0xff, 0xff, 0xff, 0x24, 0x72,
    0xfe, 0xff, 0xa2, 0x0, 0x0, 0x1d, 0x28, 0x0,
    0x0, 0x0, 0x0, 0x0, 0x0, 0x0, 0x0, 0x0,
    0x0, 0x0, 0x0, 0x0, 0x0, 0x0, 0x0, 0x0,
    0x0, 0x4, 0x8, 0x0, 0x0, 0x57, 0xf4, 0xfc,
    0x83, 0x0, 0xe6, 0xff, 0xff, 0xff, 0x21, 0xea,
    0xff, 0xff, 0xff, 0x36, 0x5d, 0xee, 0xf7, 0xff,
    0x1e, 0x0, 0x0, 0xb3, 0xe0, 0x0, 0x0, 0x1b,
    0xf8, 0x77, 0x0, 0x4, 0xb7, 0xc6, 0x8, 0x0,
    0x20, 0x71, 0x10, 0x0, 0x0,

    /* U+003C "<" */
    0x0, 0x0, 0x0, 0x0, 0x0, 0x0, 0x0, 0x0,
    0x0, 0x0, 0x0, 0x0, 0x3, 0x57, 0x27, 0x0,
    0x0, 0x0, 0x0, 0x0, 0x0, 0x0, 0x0, 0x0,
    0x0, 0xc, 0x6f, 0xdf, 0xff, 0x91, 0x0, 0x0,
    0x0, 0x0, 0x0, 0x0, 0x0, 0x0, 0x19, 0x87,
    0xef, 0xff, 0xff, 0xff, 0x88, 0x0, 0x0, 0x0,
    0x0, 0x0, 0x0, 0x2c, 0x9f, 0xf9, 0xff, 0xff,
    0xff, 0xf8, 0x95, 0x9, 0x0, 0x0, 0x0, 0x0,
    0x43, 0xb7, 0xff, 0xff, 0xff, 0xff, 0xe3, 0x7a,
    0x14, 0x0, 0x0, 0x0, 0x4, 0x5b, 0xce, 0xff,
    0xff, 0xff, 0xff, 0xc1, 0x54, 0x4, 0x0, 0x0,
    0x0, 0x0, 0x59, 0xe2, 0xff, 0xff, 0xff, 0xf6,
    0x9b, 0x2e, 0x0, 0x0, 0x0, 0x0, 0x0, 0x0,
    0x0, 0xec, 0xff, 0xff, 0xff, 0xce, 0x1b, 0x0,
    0x0, 0x0, 0x0, 0x0, 0x0, 0x0, 0x0, 0x0,
    0x65, 0xed, 0xff, 0xff, 0xff, 0xed, 0x89, 0x1e,
    0x0, 0x0, 0x0, 0x0, 0x0, 0x0, 0x0, 0x0,
    0xa, 0x6c, 0xdd, 0xff, 0xff, 0xff, 0xfc, 0xad,
    0x3f, 0x0, 0x0, 0x0, 0x0, 0x0, 0x0, 0x0,
    0x0, 0x3, 0x55, 0xc9, 0xff, 0xff, 0xff, 0xff,
    0xd1, 0x64, 0x9, 0x0, 0x0, 0x0, 0x0, 0x0,
    0x0, 0x0, 0x0, 0x3d, 0xb2, 0xfe, 0xff, 0xff,
    0xff, 0xec, 0x82, 0x4, 0x0, 0x0, 0x0, 0x0,
    0x0, 0x0, 0x0, 0x0, 0x27, 0x9a, 0xf7, 0xff,
    0xff, 0xff, 0x6c, 0x0, 0x0, 0x0, 0x0, 0x0,
    0x0, 0x0, 0x0, 0x0, 0x0, 0x16, 0x83, 0xec,
    0xff, 0x85, 0x0, 0x0, 0x0, 0x0, 0x0, 0x0,
    0x0, 0x0, 0x0, 0x0, 0x0, 0x0, 0xa, 0x6b,
    0x2d,

    /* U+003D "=" */
    0x11, 0x84, 0xa3, 0xa4, 0xa4, 0xa4, 0xa4, 0xa4,
    0xa4, 0xa4, 0xa4, 0xa4, 0xa4, 0x84, 0xb1, 0xff,
    0xff, 0xff, 0xff, 0xff, 0xff, 0xff, 0xff, 0xff,
    0xff, 0xff, 0xff, 0xa9, 0xf1, 0xff, 0xff, 0xff,
    0xff, 0xff, 0xff, 0xff, 0xff, 0xff, 0xff, 0xfe,
    0xd6, 0x2b, 0x0, 0x0, 0x0, 0x0, 0x0, 0x0,
    0x0, 0x0, 0x0, 0x0, 0x0, 0x0, 0x0, 0x0,
    0x0, 0x0, 0x0, 0x0, 0x0, 0x0, 0x0, 0x0,
    0x0, 0x0, 0x0, 0x0, 0x0, 0x0, 0x11, 0x84,
    0xa3, 0xa4, 0xa4, 0xa4, 0xa4, 0xa4, 0xa4, 0xa4,
    0xa4, 0xa4, 0xa4, 0x84, 0xb1, 0xff, 0xff, 0xff,
    0xff, 0xff, 0xff, 0xff, 0xff, 0xff, 0xff, 0xff,
    0xff, 0xa9, 0xf1, 0xff, 0xff, 0xff, 0xff, 0xff,
    0xff, 0xff, 0xff, 0xff, 0xff, 0xfe, 0xd6, 0x2b,

    /* U+003E ">" */
    0x53, 0x2d, 0x0, 0x0, 0x0, 0x0, 0x0, 0x0,
    0x0, 0x0, 0x0, 0x0, 0x0, 0x0, 0x0, 0xe9,
    0xff, 0xb9, 0x45, 0x0, 0x0, 0x0, 0x0, 0x0,
    0x0, 0x0, 0x0, 0x0, 0x0, 0x0, 0xe2, 0xff,
    0xff, 0xff, 0xd1, 0x5e, 0x5, 0x0, 0x0, 0x0,
    0x0, 0x0, 0x0, 0x0, 0x0, 0x35, 0xc5, 0xff,
    0xff, 0xff, 0xff, 0xe4, 0x76, 0xf, 0x0, 0x0,
    0x0, 0x0, 0x0, 0x0, 0x0, 0x0, 0x33, 0xa0,
    0xf8, 0xff, 0xff, 0xff, 0xf2, 0x8e, 0x1e, 0x0,
    0x0, 0x0, 0x0, 0x0, 0x0, 0x0, 0x0, 0x14,
    0x7a, 0xe3, 0xff, 0xff, 0xff, 0xfb, 0xa7, 0x33,
    0x0, 0x0, 0x0, 0x0, 0x0, 0x0, 0x0, 0x0,
    0x4, 0x54, 0xc1, 0xff, 0xff, 0xff, 0xff, 0xbe,
    0x23, 0x0, 0x0, 0x0, 0x0, 0x0, 0x0, 0x0,
    0x0, 0x0, 0x4e, 0xf4, 0xff, 0xff, 0xff, 0x93,
    0x0, 0x0, 0x0, 0x0, 0x0, 0x0, 0x0, 0x41,
    0xaf, 0xfd, 0xff, 0xff, 0xff, 0xce, 0x2c, 0x0,
    0x0, 0x0, 0x0, 0xa, 0x66, 0xd3, 0xff, 0xff,
    0xff, 0xff, 0xb8, 0x44, 0x0, 0x0, 0x0, 0x0,
    0x20, 0x8b, 0xee, 0xff, 0xff, 0xff, 0xf9, 0xa1,
    0x2d, 0x0, 0x0, 0x0, 0x0, 0x23, 0xaf, 0xfd,
    0xff, 0xff, 0xff, 0xef, 0x89, 0x1a, 0x0, 0x0,
    0x0, 0x0, 0x0, 0x0, 0xc6, 0xff, 0xff, 0xff,
    0xe0, 0x71, 0xc, 0x0, 0x0, 0x0, 0x0, 0x0,
    0x0, 0x0, 0x0, 0xde, 0xff, 0xcd, 0x59, 0x4,
    0x0, 0x0, 0x0, 0x0, 0x0, 0x0, 0x0, 0x0,
    0x0, 0x0, 0x60, 0x42, 0x0, 0x0, 0x0, 0x0,
    0x0, 0x0, 0x0, 0x0, 0x0, 0x0, 0x0, 0x0,
    0x0,

    /* U+003F "?" */
    0x0, 0x0, 0x20, 0x8a, 0xd3, 0xf2, 0xf4, 0xd9,
    0x95, 0x2b, 0x0, 0x0, 0x0, 0x6b, 0xf8, 0xff,
    0xff, 0xff, 0xff, 0xff, 0xff, 0xfc, 0x73, 0x0,
    0x54, 0xff, 0xff, 0xff, 0xf0, 0xbd, 0xb5, 0xe2,
    0xff, 0xff, 0xff, 0x4a, 0xd0, 0xff, 0xff, 0xc1,
    0x13, 0x0, 0x0, 0x3, 0x9b, 0xff, 0xff, 0xb8,
    0xf3, 0xff, 0xff, 0x2e, 0x0, 0x0, 0x0, 0x0,
    0x31, 0xff, 0xff, 0xde, 0x91, 0xff, 0xff, 0x7,
    0x0, 0x0, 0x0, 0x0, 0x46, 0xff, 0xff, 0xc2,
    0x0, 0x2d, 0x51, 0x4, 0x0, 0x0, 0x0, 0x1f,
    0xda, 0xff, 0xfd, 0x48, 0x0, 0x0, 0x0, 0x0,
    0x0, 0x0, 0x4f, 0xee, 0xff, 0xfc, 0x69, 0x0,
    0x0, 0x0, 0x0, 0x0, 0x0, 0x80, 0xff, 0xff,
    0xdf, 0x3a, 0x0, 0x0, 0x0, 0x0, 0x0, 0x0,
    0x4d, 0xff, 0xff, 0xc7, 0x10, 0x0, 0x0, 0x0,
    0x0, 0x0, 0x0, 0x0, 0x94, 0xff, 0xff, 0x52,
    0x0, 0x0, 0x0, 0x0, 0x0, 0x0, 0x0, 0x0,
    0xa0, 0xff, 0xfb, 0x26, 0x0, 0x0, 0x0, 0x0,
    0x0, 0x0, 0x0, 0x0, 0x65, 0x8d, 0x38, 0x0,
    0x0, 0x0, 0x0, 0x0, 0x0, 0x0, 0x0, 0x0,
    0x0, 0x5, 0x0, 0x0, 0x0, 0x0, 0x0, 0x0,
    0x0, 0x0, 0x0, 0x1, 0x9d, 0xfc, 0xe7, 0x41,
    0x0, 0x0, 0x0, 0x0, 0x0, 0x0, 0x0, 0x3f,
    0xff, 0xff, 0xff, 0xcf, 0x0, 0x0, 0x0, 0x0,
    0x0, 0x0, 0x0, 0x3c, 0xff, 0xff, 0xff, 0xcb,
    0x0, 0x0, 0x0, 0x0, 0x0, 0x0, 0x0, 0x0,
    0x8e, 0xf2, 0xd7, 0x37, 0x0, 0x0, 0x0, 0x0,

    /* U+0040 "@" */
    0x0, 0x0, 0x0, 0x0, 0x2, 0x4b, 0x9d, 0xd2,
    0xf1, 0xfb, 0xe9, 0xd2, 0xa4, 0x56, 0xc, 0x0,
    0x0, 0x0, 0x0, 0x0, 0x0, 0x0, 0x2f, 0xd3,
    0xff, 0xff, 0xff, 0xff, 0xff, 0xff, 0xff, 0xff,
    0xff, 0xe8, 0x5d, 0x0, 0x0, 0x0, 0x0, 0x0,
    0x5e, 0xf8, 0xff, 0xff, 0xc7, 0x7e, 0x58, 0x48,
    0x52, 0x73, 0xb0, 0xf9, 0xff, 0xff, 0x94, 0x0,
    0x0, 0x0, 0x37, 0xf9, 0xff, 0xe5, 0x41, 0x0,
    0x0, 0x0, 0x0, 0x0, 0x0, 0x0, 0x1e, 0xb9,
    0xff, 0xff, 0x74, 0x0, 0x6, 0xe0, 0xff, 0xed,
    0x21, 0x0, 0xf, 0x83, 0xda, 0xf6, 0xc7, 0x2c,
    0x7a, 0x98, 0x29, 0xc6, 0xff, 0xf5, 0x15, 0x5d,
    0xff, 0xff, 0x69, 0x0, 0x19, 0xd5, 0xff, 0xff,
    0xfa, 0xff, 0xe1, 0xfc, 0xf5, 0x8, 0x42, 0xff,
    0xff, 0x69, 0xad, 0xff, 0xf8, 0x9, 0x0, 0xb8,
    0xff, 0xdf, 0x36, 0x1, 0x8e, 0xff, 0xff, 0xb0,
    0x0, 0x4, 0xfa, 0xff, 0x9d, 0xe0, 0xff, 0xc4,
    0x0, 0x3f, 0xff, 0xfd, 0x2f, 0x0, 0x0, 0x4e,
    0xff, 0xff, 0x62, 0x0, 0x0, 0xe6, 0xff, 0xb2,
    0xf8, 0xff, 0xaa, 0x0, 0x93, 0xff, 0xb9, 0x0,
    0x0, 0x0, 0x66, 0xff, 0xfd, 0x16, 0x0, 0x0,
    0xf1, 0xff, 0xa2, 0xfa, 0xff, 0xa7, 0x0, 0xbd,
    0xff, 0x80, 0x0, 0x0, 0x0, 0xa8, 0xff, 0xc6,
    0x0, 0x0, 0x24, 0xff, 0xff, 0x7c, 0xe6, 0xff,
    0xbd, 0x0, 0xcb, 0xff, 0x73, 0x0, 0x0, 0x23,
    0xfa, 0xff, 0x78, 0x0, 0x0, 0x93, 0xff, 0xff,
    0x25, 0xb7, 0xff, 0xf3, 0x5, 0xac, 0xff, 0xc1,
    0x16, 0x30, 0xd4, 0xff, 0xff, 0x65, 0x16, 0x81,
    0xff, 0xff, 0x9b, 0x0, 0x6a, 0xff, 0xff, 0x5e,
    0x4a, 0xff, 0xff, 0xff, 0xff, 0xff, 0xae, 0xff,
    0xff, 0xff, 0xff, 0xff, 0xb7, 0xb, 0x0, 0xd,
    0xed, 0xff, 0xe8, 0x1e, 0x62, 0xd7, 0xf7, 0xd3,
    0x63, 0x0, 0x7d, 0xec, 0xf0, 0xc7, 0x62, 0x3,
    0x0, 0x0, 0x0, 0x5c, 0xff, 0xff, 0xe4, 0x47,
    0x0, 0x0, 0x0, 0x0, 0x0, 0x0, 0x0, 0x6,
    0x60, 0x92, 0x1c, 0x0, 0x0, 0x0, 0x0, 0x7a,
    0xff, 0xff, 0xff, 0xd3, 0x8f, 0x67, 0x58, 0x5d,
    0x74, 0xa3, 0xeb, 0xff, 0xff, 0x88, 0x0, 0x0,
    0x0, 0x0, 0x0, 0x4c, 0xde, 0xff, 0xff, 0xff,
    0xff, 0xff, 0xff, 0xff, 0xff, 0xff, 0xed, 0x70,
    0x0, 0x0, 0x0, 0x0, 0x0, 0x0, 0x0, 0x4,
    0x51, 0x9f, 0xd2, 0xf1, 0xfc, 0xf1, 0xdb, 0xa9,
    0x66, 0xc, 0x0, 0x0, 0x0, 0x0,

    /* U+0041 "A" */
    0x0, 0x0, 0x0, 0x0, 0x0, 0x0, 0x73, 0xed,
    0x9c, 0x0, 0x0, 0x0, 0x0, 0x0, 0x0, 0x0,
    0x0, 0x0, 0x0, 0x0, 0x0, 0x19, 0xfb, 0xff,
    0xff, 0x48, 0x0, 0x0, 0x0, 0x0, 0x0, 0x0,
    0x0, 0x0, 0x0, 0x0, 0x0, 0x7f, 0xff, 0xff,
    0xff, 0xb2, 0x0, 0x0, 0x0, 0x0, 0x0, 0x0,
    0x0, 0x0, 0x0, 0x0, 0x4, 0xe4, 0xfa, 0xd4,
    0xff, 0xfd, 0x1f, 0x0, 0x0, 0x0, 0x0, 0x0,
    0x0, 0x0, 0x0, 0x0, 0x53, 0xff, 0xff, 0xaf,
    0xff, 0xff, 0x86, 0x0, 0x0, 0x0, 0x0, 0x0,
    0x0, 0x0, 0x0, 0x0, 0xbc, 0xff, 0xff, 0x4d,
    0xf7, 0xff, 0xe9, 0x6, 0x0, 0x0, 0x0, 0x0,
    0x0, 0x0, 0x0, 0x26, 0xfe, 0xff, 0xda, 0x0,
    0xa7, 0xff, 0xff, 0x59, 0x0, 0x0, 0x0, 0x0,
    0x0, 0x0, 0x0, 0x90, 0xff, 0xff, 0x78, 0x0,
    0x46, 0xff, 0xff, 0xc3, 0x0, 0x0, 0x0, 0x0,
    0x0, 0x0, 0xa, 0xef, 0xff, 0xfc, 0x19, 0x0,
    0x2, 0xe3, 0xff, 0xff, 0x2d, 0x0, 0x0, 0x0,
    0x0, 0x0, 0x63, 0xff, 0xff, 0xb3, 0x0, 0x0,
    0x0, 0x85, 0xff, 0xff, 0x96, 0x0, 0x0, 0x0,
    0x0, 0x0, 0xcc, 0xff, 0xff, 0x51, 0x0, 0x0,
    0x0, 0x25, 0xff, 0xff, 0xf2, 0xd, 0x0, 0x0,
    0x0, 0x37, 0xff, 0xff, 0xff, 0xff, 0xff, 0xff,
    0xff, 0xff, 0xff, 0xff, 0xff, 0x6a, 0x0, 0x0,
    0x0, 0xa1, 0xff, 0xff, 0xff, 0xff, 0xff, 0xff,
    0xff, 0xff, 0xff, 0xff, 0xff, 0xd3, 0x0, 0x0,
    0x12, 0xf7, 0xff, 0xff, 0xb3, 0xa8, 0xa8, 0xa8,
    0xa8, 0xa8, 0xa8, 0xfc, 0xff, 0xff, 0x3d, 0x0,
    0x74, 0xff, 0xff, 0xd7, 0x0, 0x0, 0x0, 0x0,
    0x0, 0x0, 0x0, 0xad, 0xff, 0xff, 0xa7, 0x0,
    0xd4, 0xff, 0xff, 0x6b, 0x0, 0x0, 0x0, 0x0,
    0x0, 0x0, 0x0, 0x40, 0xff, 0xff, 0xf8, 0xb,
    0xf6, 0xff, 0xf2, 0xd, 0x0, 0x0, 0x0, 0x0,
    0x0, 0x0, 0x0, 0x0, 0xd3, 0xff, 0xff, 0x21,
    0xb2, 0xff, 0x92, 0x0, 0x0, 0x0, 0x0, 0x0,
    0x0, 0x0, 0x0, 0x0, 0x67, 0xff, 0xda, 0x3,
    0xd, 0x80, 0x25, 0x0, 0x0, 0x0, 0x0, 0x0,
    0x0, 0x0, 0x0, 0x0, 0xb, 0x8b, 0x1c, 0x0,

    /* U+0042 "B" */
    0x1b, 0xd5, 0xff, 0xff, 0xff, 0xff, 0xff, 0xff,
    0xff, 0xf2, 0xc5, 0x5f, 0x0, 0x0, 0x0, 0x67,
    0xff, 0xff, 0xff, 0xff, 0xff, 0xff, 0xff, 0xff,
    0xff, 0xff, 0xff, 0xa1, 0x0, 0x0, 0x6c, 0xff,
    0xff, 0xd1, 0x9c, 0x9c, 0x9c, 0x9c, 0x9c, 0xc3,
    0xff, 0xff, 0xff, 0x5d, 0x0, 0x6c, 0xff, 0xff,
    0x88, 0x0, 0x0, 0x0, 0x0, 0x0, 0x0, 0x87,
    0xff, 0xff, 0xc3, 0x0, 0x6c, 0xff, 0xff, 0x88,
    0x0, 0x0, 0x0, 0x0, 0x0, 0x0, 0x1b, 0xff,
    0xff, 0xf1, 0x0, 0x6c, 0xff, 0xff, 0x88, 0x0,
    0x0, 0x0, 0x0, 0x0, 0x0, 0xb, 0xff, 0xff,
    0xf4, 0x0, 0x6c, 0xff, 0xff, 0x88, 0x0, 0x0,
    0x0, 0x0, 0x0, 0x0, 0x47, 0xff, 0xff, 0xc3,
    0x0, 0x6c, 0xff, 0xff, 0x88, 0x0, 0x0, 0x0,
    0x0, 0x0, 0x32, 0xdc, 0xff, 0xff, 0x4f, 0x0,
    0x6c, 0xff, 0xff, 0xff, 0xff, 0xff, 0xff, 0xff,
    0xff, 0xff, 0xff, 0xfe, 0x7c, 0x0, 0x0, 0x6c,
    0xff, 0xff, 0xff, 0xff, 0xff, 0xff, 0xff, 0xff,
    0xff, 0xff, 0xfa, 0x99, 0x13, 0x0, 0x6c, 0xff,
    0xff, 0xcd, 0x94, 0x94, 0x94, 0x94, 0x94, 0x9d,
    0xd8, 0xff, 0xff, 0xd1, 0x8, 0x6c, 0xff, 0xff,
    0x88, 0x0, 0x0, 0x0, 0x0, 0x0, 0x0, 0x4,
    0xb9, 0xff, 0xff, 0x6c, 0x6c, 0xff, 0xff, 0x88,
    0x0, 0x0, 0x0, 0x0, 0x0, 0x0, 0x0, 0x5a,
    0xff, 0xff, 0xa7, 0x6c, 0xff, 0xff, 0x88, 0x0,
    0x0, 0x0, 0x0, 0x0, 0x0, 0x0, 0x5e, 0xff,
    0xff, 0xa6, 0x6c, 0xff, 0xff, 0x88, 0x0, 0x0,
    0x0, 0x0, 0x0, 0x0, 0x9, 0xc5, 0xff, 0xff,
    0x77, 0x6c, 0xff, 0xff, 0xd3, 0xa0, 0xa0, 0xa0,
    0xa0, 0xa0, 0xa9, 0xe2, 0xff, 0xff, 0xf2, 0x18,
    0x67, 0xff, 0xff, 0xff, 0xff, 0xff, 0xff, 0xff,
    0xff, 0xff, 0xff, 0xff, 0xf7, 0x4f, 0x0, 0x1b,
    0xd5, 0xff, 0xff, 0xff, 0xff, 0xff, 0xff, 0xff,
    0xfb, 0xe2, 0x9f, 0x2a, 0x0, 0x0,

    /* U+0043 "C" */
    0x0, 0x0, 0x0, 0x12, 0x6c, 0xbe, 0xe3, 0xf9,
    0xec, 0xd4, 0x98, 0x46, 0x0, 0x0, 0x0, 0x0,
    0x0, 0x0, 0x55, 0xeb, 0xff, 0xff, 0xff, 0xff,
    0xff, 0xff, 0xff, 0xff, 0xc4, 0x1e, 0x0, 0x0,
    0x0, 0x56, 0xfe, 0xff, 0xff, 0xfb, 0xca, 0xb2,
    0xca, 0xf0, 0xff, 0xff, 0xff, 0xe1, 0x17, 0x0,
    0x12, 0xf5, 0xff, 0xff, 0xb5, 0x1c, 0x0, 0x0,
    0x0, 0x9, 0x6f, 0xf6, 0xff, 0xff, 0x97, 0x0,
    0x76, 0xff, 0xff, 0xc8, 0x4, 0x0, 0x0, 0x0,
    0x0, 0x0, 0x0, 0x5c, 0xff, 0xff, 0xe1, 0x0,
    0xab, 0xff, 0xff, 0x59, 0x0, 0x0, 0x0, 0x0,
    0x0, 0x0, 0x0, 0x4, 0xfc, 0xff, 0xf1, 0x0,
    0xc8, 0xff, 0xff, 0x36, 0x0, 0x0, 0x0, 0x0,
    0x0, 0x0, 0x0, 0x0, 0xfa, 0xf9, 0x71, 0x0,
    0xcc, 0xff, 0xff, 0x34, 0x0, 0x0, 0x0, 0x0,
    0x0, 0x0, 0x0, 0x0, 0xd, 0x5, 0x0, 0x0,
    0xcc, 0xff, 0xff, 0x34, 0x0, 0x0, 0x0, 0x0,
    0x0, 0x0, 0x0, 0x0, 0x0, 0x0, 0x0, 0x0,
    0xcc, 0xff, 0xff, 0x34, 0x0, 0x0, 0x0, 0x0,
    0x0, 0x0, 0x0, 0x0, 0x0, 0x0, 0x0, 0x0,
    0xcc, 0xff, 0xff, 0x34, 0x0, 0x0, 0x0, 0x0,
    0x0, 0x0, 0x0, 0x0, 0x5, 0x2, 0x0, 0x0,
    0xc6, 0xff, 0xff, 0x38, 0x0, 0x0, 0x0, 0x0,
    0x0, 0x0, 0x0, 0x0, 0xda, 0xf7, 0x76, 0x0,
    0xa8, 0xff, 0xff, 0x5f, 0x0, 0x0, 0x0, 0x0,
    0x0, 0x0, 0x0, 0x0, 0xe1, 0xff, 0xfe, 0xd,
    0x70, 0xff, 0xff, 0xd2, 0x9, 0x0, 0x0, 0x0,
    0x0, 0x0, 0x0, 0x3f, 0xff, 0xff, 0xfd, 0x8,
    0xe, 0xf0, 0xff, 0xff, 0xc3, 0x2a, 0x0, 0x0,
    0x0, 0x8, 0x66, 0xef, 0xff, 0xff, 0xc1, 0x0,
    0x0, 0x4b, 0xfc, 0xff, 0xff, 0xff, 0xd9, 0xbd,
    0xd0, 0xf3, 0xff, 0xff, 0xff, 0xf3, 0x32, 0x0,
    0x0, 0x0, 0x49, 0xe4, 0xff, 0xff, 0xff, 0xff,
    0xff, 0xff, 0xff, 0xff, 0xd6, 0x34, 0x0, 0x0,
    0x0, 0x0, 0x0, 0xd, 0x65, 0xb9, 0xe1, 0xf8,
    0xf0, 0xd9, 0xa1, 0x55, 0x3, 0x0, 0x0, 0x0,

    /* U+0044 "D" */
    0x1b, 0xd5, 0xff, 0xff, 0xff, 0xff, 0xff, 0xff,
    0xeb, 0xcf, 0x88, 0x2a, 0x0, 0x0, 0x0, 0x0,
    0x67, 0xff, 0xff, 0xff, 0xff, 0xff, 0xff, 0xff,
    0xff, 0xff, 0xff, 0xfc, 0x88, 0x5, 0x0, 0x0,
    0x6c, 0xff, 0xff, 0xda, 0xa8, 0xa8, 0xa8, 0xaa,
    0xbc, 0xee, 0xff, 0xff, 0xff, 0x9b, 0x0, 0x0,
    0x6c, 0xff, 0xff, 0x94, 0x0, 0x0, 0x0, 0x0,
    0x0, 0x5, 0x6a, 0xfa, 0xff, 0xff, 0x4f, 0x0,
    0x6c, 0xff, 0xff, 0x94, 0x0, 0x0, 0x0, 0x0,
    0x0, 0x0, 0x0, 0x6e, 0xff, 0xff, 0xbf, 0x0,
    0x6c, 0xff, 0xff, 0x94, 0x0, 0x0, 0x0, 0x0,
    0x0, 0x0, 0x0, 0xa, 0xf9, 0xff, 0xfb, 0x3,
    0x6c, 0xff, 0xff, 0x94, 0x0, 0x0, 0x0, 0x0,
    0x0, 0x0, 0x0, 0x0, 0xde, 0xff, 0xff, 0x1d,
    0x6c, 0xff, 0xff, 0x94, 0x0, 0x0, 0x0, 0x0,
    0x0, 0x0, 0x0, 0x0, 0xd8, 0xff, 0xff, 0x28,
    0x6c, 0xff, 0xff, 0x94, 0x0, 0x0, 0x0, 0x0,
    0x0, 0x0, 0x0, 0x0, 0xd8, 0xff, 0xff, 0x28,
    0x6c, 0xff, 0xff, 0x94, 0x0, 0x0, 0x0, 0x0,
    0x0, 0x0, 0x0, 0x0, 0xd8, 0xff, 0xff, 0x28,
    0x6c, 0xff, 0xff, 0x94, 0x0, 0x0, 0x0, 0x0,
    0x0, 0x0, 0x0, 0x0, 0xd8, 0xff, 0xff, 0x28,
    0x6c, 0xff, 0xff, 0x94, 0x0, 0x0, 0x0, 0x0,
    0x0, 0x0, 0x0, 0x0, 0xdf, 0xff, 0xff, 0x1b,
    0x6c, 0xff, 0xff, 0x94, 0x0, 0x0, 0x0, 0x0,
    0x0, 0x0, 0x0, 0xb, 0xfa, 0xff, 0xf9, 0x2,
    0x6c, 0xff, 0xff, 0x94, 0x0, 0x0, 0x0, 0x0,
    0x0, 0x0, 0x0, 0x75, 0xff, 0xff, 0xb8, 0x0,
    0x6c, 0xff, 0xff, 0x94, 0x0, 0x0, 0x0, 0x0,
    0x0, 0x6, 0x6f, 0xfb, 0xff, 0xff, 0x49, 0x0,
    0x6c, 0xff, 0xff, 0xda, 0xa8, 0xa8, 0xa8, 0xaa,
    0xbc, 0xef, 0xff, 0xff, 0xff, 0x91, 0x0, 0x0,
    0x67, 0xff, 0xff, 0xff, 0xff, 0xff, 0xff, 0xff,
    0xff, 0xff, 0xff, 0xfb, 0x7f, 0x3, 0x0, 0x0,
    0x1c, 0xd7, 0xff, 0xff, 0xff, 0xff, 0xff, 0xff,
    0xec, 0xce, 0x86, 0x26, 0x0, 0x0, 0x0, 0x0,

    /* U+0045 "E" */
    0x1b, 0xd5, 0xff, 0xff, 0xff, 0xff, 0xff, 0xff,
    0xff, 0xff, 0xff, 0xff, 0xff, 0x2a, 0x67, 0xff,
    0xff, 0xff, 0xff, 0xff, 0xff, 0xff, 0xff, 0xff,
    0xff, 0xff, 0xed, 0x8, 0x6c, 0xff, 0xff, 0xda,
    0xa8, 0xa8, 0xa8, 0xa8, 0xa8, 0xa8, 0xa8, 0x99,
    0x38, 0x0, 0x6c, 0xff, 0xff, 0x94, 0x0, 0x0,
    0x0, 0x0, 0x0, 0x0, 0x0, 0x0, 0x0, 0x0,
    0x6c, 0xff, 0xff, 0x94, 0x0, 0x0, 0x0, 0x0,
    0x0, 0x0, 0x0, 0x0, 0x0, 0x0, 0x6c, 0xff,
    0xff, 0x94, 0x0, 0x0, 0x0, 0x0, 0x0, 0x0,
    0x0, 0x0, 0x0, 0x0, 0x6c, 0xff, 0xff, 0x94,
    0x0, 0x0, 0x0, 0x0, 0x0, 0x0, 0x0, 0x0,
    0x0, 0x0, 0x6c, 0xff, 0xff, 0xda, 0xa8, 0xa8,
    0xa8, 0xa8, 0xa8, 0xa8, 0x33, 0x0, 0x0, 0x0,
    0x6c, 0xff, 0xff, 0xff, 0xff, 0xff, 0xff, 0xff,
    0xff, 0xff, 0x30, 0x0, 0x0, 0x0, 0x6c, 0xff,
    0xff, 0xff, 0xff, 0xff, 0xff, 0xff, 0xf5, 0x9a,
    0x0, 0x0, 0x0, 0x0, 0x6c, 0xff, 0xff, 0x94,
    0x0, 0x0, 0x0, 0x0, 0x0, 0x0, 0x0, 0x0,
    0x0, 0x0, 0x6c, 0xff, 0xff, 0x94, 0x0, 0x0,
    0x0, 0x0, 0x0, 0x0, 0x0, 0x0, 0x0, 0x0,
    0x6c, 0xff, 0xff, 0x94, 0x0, 0x0, 0x0, 0x0,
    0x0, 0x0, 0x0, 0x0, 0x0, 0x0, 0x6c, 0xff,
    0xff, 0x94, 0x0, 0x0, 0x0, 0x0, 0x0, 0x0,
    0x0, 0x0, 0x0, 0x0, 0x6c, 0xff, 0xff, 0x94,
    0x0, 0x0, 0x0, 0x0, 0x0, 0x0, 0x0, 0x0,
    0x0, 0x0, 0x6c, 0xff, 0xff, 0xda, 0xa8, 0xa8,
    0xa8, 0xa8, 0xa8, 0xa8, 0xa8, 0xa5, 0x78, 0x6,
    0x67, 0xff, 0xff, 0xff, 0xff, 0xff, 0xff, 0xff,
    0xff, 0xff, 0xff, 0xff, 0xff, 0x74, 0x1c, 0xd7,
    0xff, 0xff, 0xff, 0xff, 0xff, 0xff, 0xff, 0xff,
    0xff, 0xff, 0xff, 0xaa,

    /* U+0046 "F" */
    0x1c, 0xd5, 0xff, 0xff, 0xff, 0xff, 0xff, 0xff,
    0xff, 0xff, 0xff, 0xff, 0xff, 0x4a, 0x68, 0xff,
    0xff, 0xff, 0xff, 0xff, 0xff, 0xff, 0xff, 0xff,
    0xff, 0xff, 0xfb, 0x1a, 0x6c, 0xff, 0xff, 0xda,
    0xa8, 0xa8, 0xa8, 0xa8, 0xa8, 0xa8, 0xa8, 0x9e,
    0x49, 0x0, 0x6c, 0xff, 0xff, 0x94, 0x0, 0x0,
    0x0, 0x0, 0x0, 0x0, 0x0, 0x0, 0x0, 0x0,
    0x6c, 0xff, 0xff, 0x94, 0x0, 0x0, 0x0, 0x0,
    0x0, 0x0, 0x0, 0x0, 0x0, 0x0, 0x6c, 0xff,
    0xff, 0x94, 0x0, 0x0, 0x0, 0x0, 0x0, 0x0,
    0x0, 0x0, 0x0, 0x0, 0x6c, 0xff, 0xff, 0x94,
    0x0, 0x0, 0x0, 0x0, 0x0, 0x0, 0x0, 0x0,
    0x0, 0x0, 0x6c, 0xff, 0xff, 0xdc, 0xac, 0xac,
    0xac, 0xac, 0xac, 0xac, 0x35, 0x0, 0x0, 0x0,
    0x6c, 0xff, 0xff, 0xff, 0xff, 0xff, 0xff, 0xff,
    0xff, 0xff, 0x30, 0x0, 0x0, 0x0, 0x6c, 0xff,
    0xff, 0xff, 0xff, 0xff, 0xff, 0xff, 0xf5, 0x9a,
    0x0, 0x0, 0x0, 0x0, 0x6c, 0xff, 0xff, 0x94,
    0x0, 0x0, 0x0, 0x0, 0x0, 0x0, 0x0, 0x0,
    0x0, 0x0, 0x6c, 0xff, 0xff, 0x94, 0x0, 0x0,
    0x0, 0x0, 0x0, 0x0, 0x0, 0x0, 0x0, 0x0,
    0x6c, 0xff, 0xff, 0x94, 0x0, 0x0, 0x0, 0x0,
    0x0, 0x0, 0x0, 0x0, 0x0, 0x0, 0x6c, 0xff,
    0xff, 0x94, 0x0, 0x0, 0x0, 0x0, 0x0, 0x0,
    0x0, 0x0, 0x0, 0x0, 0x6c, 0xff, 0xff, 0x94,
    0x0, 0x0, 0x0, 0x0, 0x0, 0x0, 0x0, 0x0,
    0x0, 0x0, 0x6c, 0xff, 0xff, 0x92, 0x0, 0x0,
    0x0, 0x0, 0x0, 0x0, 0x0, 0x0, 0x0, 0x0,
    0x6c, 0xff, 0xff, 0x6d, 0x0, 0x0, 0x0, 0x0,
    0x0, 0x0, 0x0, 0x0, 0x0, 0x0, 0x69, 0xe9,
    0x9d, 0x7, 0x0, 0x0, 0x0, 0x0, 0x0, 0x0,
    0x0, 0x0, 0x0, 0x0,

    /* U+0047 "G" */
    0x0, 0x0, 0x0, 0x12, 0x6c, 0xbe, 0xe3, 0xf9,
    0xed, 0xd5, 0x99, 0x49, 0x0, 0x0, 0x0, 0x0,
    0x0, 0x0, 0x55, 0xeb, 0xff, 0xff, 0xff, 0xff,
    0xff, 0xff, 0xff, 0xff, 0xc8, 0x22, 0x0, 0x0,
    0x0, 0x56, 0xfe, 0xff, 0xff, 0xfa, 0xc5, 0xad,
    0xc4, 0xec, 0xff, 0xff, 0xff, 0xe6, 0x1b, 0x0,
    0x12, 0xf5, 0xff, 0xff, 0xae, 0x18, 0x0, 0x0,
    0x0, 0x6, 0x65, 0xf2, 0xff, 0xff, 0x9e, 0x0,
    0x76, 0xff, 0xff, 0xc4, 0x3, 0x0, 0x0, 0x0,
    0x0, 0x0, 0x0, 0x53, 0xff, 0xff, 0xe4, 0x0,
    0xab, 0xff, 0xff, 0x58, 0x0, 0x0, 0x0, 0x0,
    0x0, 0x0, 0x0, 0x3, 0xfb, 0xff, 0xed, 0x0,
    0xc8, 0xff, 0xff, 0x36, 0x0, 0x0, 0x0, 0x0,
    0x0, 0x0, 0x0, 0x0, 0xed, 0xe2, 0x5a, 0x0,
    0xcc, 0xff, 0xff, 0x34, 0x0, 0x0, 0x0, 0x0,
    0x0, 0x0, 0x0, 0x0, 0x0, 0x0, 0x0, 0x0,
    0xcc, 0xff, 0xff, 0x34, 0x0, 0x0, 0x0, 0x27,
    0x74, 0x74, 0x74, 0x74, 0x74, 0x72, 0x33, 0x0,
    0xcc, 0xff, 0xff, 0x34, 0x0, 0x0, 0x0, 0x32,
    0xff, 0xff, 0xff, 0xff, 0xff, 0xff, 0xf6, 0xd,
    0xcc, 0xff, 0xff, 0x34, 0x0, 0x0, 0x0, 0x0,
    0x8b, 0xf5, 0xff, 0xff, 0xff, 0xff, 0xff, 0x20,
    0xc6, 0xff, 0xff, 0x39, 0x0, 0x0, 0x0, 0x0,
    0x0, 0x0, 0x0, 0x0, 0xe0, 0xff, 0xff, 0x20,
    0xa8, 0xff, 0xff, 0x62, 0x0, 0x0, 0x0, 0x0,
    0x0, 0x0, 0x0, 0x1, 0xf0, 0xff, 0xff, 0xf,
    0x70, 0xff, 0xff, 0xd1, 0x8, 0x0, 0x0, 0x0,
    0x0, 0x0, 0x0, 0x51, 0xff, 0xff, 0xe5, 0x0,
    0xe, 0xf0, 0xff, 0xff, 0xbe, 0x23, 0x0, 0x0,
    0x0, 0x5, 0x66, 0xf3, 0xff, 0xff, 0x7d, 0x0,
    0x0, 0x4b, 0xfc, 0xff, 0xff, 0xfe, 0xce, 0xaf,
    0xc2, 0xeb, 0xff, 0xff, 0xff, 0xc9, 0xb, 0x0,
    0x0, 0x0, 0x49, 0xe4, 0xff, 0xff, 0xff, 0xff,
    0xff, 0xff, 0xff, 0xff, 0xae, 0x12, 0x0, 0x0,
    0x0, 0x0, 0x0, 0xd, 0x65, 0xb9, 0xe1, 0xf8,
    0xee, 0xd4, 0x95, 0x3d, 0x0, 0x0, 0x0, 0x0,

    /* U+0048 "H" */
    0x0, 0x71, 0xdd, 0x8f, 0x0, 0x0, 0x0, 0x0,
    0x0, 0x0, 0x0, 0x0, 0x7d, 0xdf, 0x87, 0x3e,
    0xff, 0xff, 0x94, 0x0, 0x0, 0x0, 0x0, 0x0,
    0x0, 0x0, 0x4e, 0xff, 0xff, 0x8c, 0x69, 0xff,
    0xff, 0x94, 0x0, 0x0, 0x0, 0x0, 0x0, 0x0,
    0x0, 0x76, 0xff, 0xff, 0x8c, 0x6c, 0xff, 0xff,
    0x94, 0x0, 0x0, 0x0, 0x0, 0x0, 0x0, 0x0,
    0x78, 0xff, 0xff, 0x8c, 0x6c, 0xff, 0xff, 0x94,
    0x0, 0x0, 0x0, 0x0, 0x0, 0x0, 0x0, 0x78,
    0xff, 0xff, 0x8c, 0x6c, 0xff, 0xff, 0x94, 0x0,
    0x0, 0x0, 0x0, 0x0, 0x0, 0x0, 0x78, 0xff,
    0xff, 0x8c, 0x6c, 0xff, 0xff, 0x94, 0x0, 0x0,
    0x0, 0x0, 0x0, 0x0, 0x0, 0x78, 0xff, 0xff,
    0x8c, 0x6c, 0xff, 0xff, 0xdc, 0xac, 0xac, 0xac,
    0xac, 0xac, 0xac, 0xac, 0xd3, 0xff, 0xff, 0x8c,
    0x6c, 0xff, 0xff, 0xff, 0xff, 0xff, 0xff, 0xff,
    0xff, 0xff, 0xff, 0xff, 0xff, 0xff, 0x8c, 0x6c,
    0xff, 0xff, 0xff, 0xff, 0xff, 0xff, 0xff, 0xff,
    0xff, 0xff, 0xff, 0xff, 0xff, 0x8c, 0x6c, 0xff,
    0xff, 0x94, 0x0, 0x0, 0x0, 0x0, 0x0, 0x0,
    0x0, 0x78, 0xff, 0xff, 0x8c, 0x6c, 0xff, 0xff,
    0x94, 0x0, 0x0, 0x0, 0x0, 0x0, 0x0, 0x0,
    0x78, 0xff, 0xff, 0x8c, 0x6c, 0xff, 0xff, 0x94,
    0x0, 0x0, 0x0, 0x0, 0x0, 0x0, 0x0, 0x78,
    0xff, 0xff, 0x8c, 0x6c, 0xff, 0xff, 0x94, 0x0,
    0x0, 0x0, 0x0, 0x0, 0x0, 0x0, 0x78, 0xff,
    0xff, 0x8c, 0x6c, 0xff, 0xff, 0x94, 0x0, 0x0,
    0x0, 0x0, 0x0, 0x0, 0x0, 0x78, 0xff, 0xff,
    0x8c, 0x6c, 0xff, 0xff, 0x90, 0x0, 0x0, 0x0,
    0x0, 0x0, 0x0, 0x0, 0x78, 0xff, 0xff, 0x89,
    0x6c, 0xff, 0xff, 0x5f, 0x0, 0x0, 0x0, 0x0,
    0x0, 0x0, 0x0, 0x78, 0xff, 0xff, 0x58, 0x69,
    0xe3, 0x87, 0x2, 0x0, 0x0, 0x0, 0x0, 0x0,
    0x0, 0x0, 0x74, 0xe1, 0x80, 0x1,

    /* U+0049 "I" */
    0x1f, 0xb0, 0xed, 0x13, 0xba, 0xff, 0xff, 0x14,
    0xe9, 0xff, 0xff, 0x14, 0xec, 0xff, 0xff, 0x14,
    0xec, 0xff, 0xff, 0x14, 0xec, 0xff, 0xff, 0x14,
    0xec, 0xff, 0xff, 0x14, 0xec, 0xff, 0xff, 0x14,
    0xec, 0xff, 0xff, 0x14, 0xec, 0xff, 0xff, 0x14,
    0xec, 0xff, 0xff, 0x14, 0xec, 0xff, 0xff, 0x14,
    0xec, 0xff, 0xff, 0x14, 0xec, 0xff, 0xff, 0x14,
    0xec, 0xff, 0xff, 0x14, 0xec, 0xff, 0xff, 0x11,
    0xec, 0xff, 0xe0, 0x0, 0xdf, 0xc1, 0x32, 0x0,

    /* U+004A "J" */
    0x0, 0x0, 0x0, 0x0, 0x0, 0x0, 0xc6, 0xff,
    0xff, 0xff, 0xff, 0xff, 0xfa, 0x93, 0x0, 0x0,
    0x0, 0x0, 0x0, 0x0, 0x0, 0x89, 0xff, 0xff,
    0xff, 0xff, 0xff, 0xff, 0xfe, 0x5, 0x0, 0x0,
    0x0, 0x0, 0x0, 0x0, 0x9, 0x81, 0xae, 0xb0,
    0xb0, 0xff, 0xff, 0xff, 0x8, 0x0, 0x0, 0x0,
    0x0, 0x0, 0x0, 0x0, 0x0, 0x0, 0x0, 0x0,
    0xff, 0xff, 0xff, 0x8, 0x0, 0x0, 0x0, 0x0,
    0x0, 0x0, 0x0, 0x0, 0x0, 0x0, 0x0, 0xff,
    0xff, 0xff, 0x8, 0x0, 0x0, 0x0, 0x0, 0x0,
    0x0, 0x0, 0x0, 0x0, 0x0, 0x0, 0xff, 0xff,
    0xff, 0x8, 0x0, 0x0, 0x0, 0x0, 0x0, 0x0,
    0x0, 0x0, 0x0, 0x0, 0x0, 0xff, 0xff, 0xff,
    0x8, 0x0, 0x0, 0x0, 0x0, 0x0, 0x0, 0x0,
    0x0, 0x0, 0x0, 0x0, 0xff, 0xff, 0xff, 0x8,
    0x0, 0x0, 0x0, 0x0, 0x0, 0x0, 0x0, 0x0,
    0x0, 0x0, 0x0, 0xff, 0xff, 0xff, 0x8, 0x0,
    0x0, 0x0, 0x0, 0x0, 0x0, 0x0, 0x0, 0x0,
    0x0, 0x0, 0xff, 0xff, 0xff, 0x8, 0x0, 0x2,
    0x39, 0x50, 0x0, 0x0, 0x0, 0x0, 0x0, 0x0,
    0x0, 0xff, 0xff, 0xff, 0x8, 0x0, 0xc3, 0xff,
    0xdb, 0x0, 0x0, 0x0, 0x0, 0x0, 0x0, 0x5,
    0xff, 0xff, 0xfe, 0x4, 0x14, 0xff, 0xff, 0xf5,
    0x1, 0x0, 0x0, 0x0, 0x0, 0x0, 0x27, 0xff,
    0xff, 0xe7, 0x0, 0x1, 0xf6, 0xff, 0xff, 0x42,
    0x0, 0x0, 0x0, 0x0, 0x0, 0x79, 0xff, 0xff,
    0xb4, 0x0, 0x0, 0xa5, 0xff, 0xff, 0xdd, 0x35,
    0x0, 0x0, 0x0, 0x55, 0xf4, 0xff, 0xff, 0x4e,
    0x0, 0x0, 0x24, 0xed, 0xff, 0xff, 0xfe, 0xdb,
    0xc2, 0xe5, 0xff, 0xff, 0xff, 0xab, 0x0, 0x0,
    0x0, 0x0, 0x36, 0xde, 0xff, 0xff, 0xff, 0xff,
    0xff, 0xff, 0xff, 0xaa, 0xc, 0x0, 0x0, 0x0,
    0x0, 0x0, 0xa, 0x6c, 0xc0, 0xe8, 0xf9, 0xe1,
    0xae, 0x4b, 0x0, 0x0, 0x0, 0x0,

    /* U+004B "K" */
    0x0, 0x68, 0xda, 0x8e, 0x0, 0x0, 0x0, 0x0,
    0x0, 0x0, 0x0, 0x57, 0xa8, 0x4, 0x0, 0x39,
    0xff, 0xff, 0x94, 0x0, 0x0, 0x0, 0x0, 0x0,
    0x0, 0x61, 0xfd, 0xff, 0x5e, 0x0, 0x69, 0xff,
    0xff, 0x94, 0x0, 0x0, 0x0, 0x0, 0x0, 0x6c,
    0xfe, 0xff, 0xfa, 0x31, 0x0, 0x6c, 0xff, 0xff,
    0x94, 0x0, 0x0, 0x0, 0x0, 0x78, 0xff, 0xff,
    0xfc, 0x5a, 0x0, 0x0, 0x6c, 0xff, 0xff, 0x94,
    0x0, 0x0, 0x0, 0x84, 0xff, 0xff, 0xf8, 0x50,
    0x0, 0x0, 0x0, 0x6c, 0xff, 0xff, 0x94, 0x0,
    0x1, 0x90, 0xff, 0xff, 0xf4, 0x44, 0x0, 0x0,
    0x0, 0x0, 0x6c, 0xff, 0xff, 0x94, 0x2, 0x9b,
    0xff, 0xff, 0xef, 0x39, 0x0, 0x0, 0x0, 0x0,
    0x0, 0x6c, 0xff, 0xff, 0x98, 0xa6, 0xff, 0xff,
    0xe9, 0x2f, 0x0, 0x0, 0x0, 0x0, 0x0, 0x0,
    0x6c, 0xff, 0xff, 0xf9, 0xff, 0xff, 0xff, 0x75,
    0x0, 0x0, 0x0, 0x0, 0x0, 0x0, 0x0, 0x6c,
    0xff, 0xff, 0xff, 0xff, 0xff, 0xff, 0xf7, 0x34,
    0x0, 0x0, 0x0, 0x0, 0x0, 0x0, 0x6c, 0xff,
    0xff, 0xff, 0xcb, 0xa8, 0xff, 0xff, 0xe3, 0x18,
    0x0, 0x0, 0x0, 0x0, 0x0, 0x6c, 0xff, 0xff,
    0xca, 0xd, 0x8, 0xcb, 0xff, 0xff, 0xc5, 0x6,
    0x0, 0x0, 0x0, 0x0, 0x6c, 0xff, 0xff, 0x94,
    0x0, 0x0, 0x1c, 0xe8, 0xff, 0xff, 0x9c, 0x0,
    0x0, 0x0, 0x0, 0x6c, 0xff, 0xff, 0x94, 0x0,
    0x0, 0x0, 0x3c, 0xfa, 0xff, 0xff, 0x6d, 0x0,
    0x0, 0x0, 0x6c, 0xff, 0xff, 0x94, 0x0, 0x0,
    0x0, 0x0, 0x69, 0xff, 0xff, 0xfb, 0x42, 0x0,
    0x0, 0x6c, 0xff, 0xff, 0x92, 0x0, 0x0, 0x0,
    0x0, 0x0, 0x9a, 0xff, 0xff, 0xec, 0x21, 0x0,
    0x6c, 0xff, 0xff, 0x6d, 0x0, 0x0, 0x0, 0x0,
    0x0, 0x6, 0xc5, 0xff, 0xff, 0xd2, 0xb, 0x69,
    0xe7, 0x98, 0x6, 0x0, 0x0, 0x0, 0x0, 0x0,
    0x0, 0x14, 0xb2, 0xf1, 0xb2, 0x10,

    /* U+004C "L" */
    0x0, 0x77, 0xde, 0x8f, 0x0, 0x0, 0x0, 0x0,
    0x0, 0x0, 0x0, 0x0, 0x0, 0x3f, 0xff, 0xff,
    0x94, 0x0, 0x0, 0x0, 0x0, 0x0, 0x0, 0x0,
    0x0, 0x0, 0x69, 0xff, 0xff, 0x94, 0x0, 0x0,
    0x0, 0x0, 0x0, 0x0, 0x0, 0x0, 0x0, 0x6c,
    0xff, 0xff, 0x94, 0x0, 0x0, 0x0, 0x0, 0x0,
    0x0, 0x0, 0x0, 0x0, 0x6c, 0xff, 0xff, 0x94,
    0x0, 0x0, 0x0, 0x0, 0x0, 0x0, 0x0, 0x0,
    0x0, 0x6c, 0xff, 0xff, 0x94, 0x0, 0x0, 0x0,
    0x0, 0x0, 0x0, 0x0, 0x0, 0x0, 0x6c, 0xff,
    0xff, 0x94, 0x0, 0x0, 0x0, 0x0, 0x0, 0x0,
    0x0, 0x0, 0x0, 0x6c, 0xff, 0xff, 0x94, 0x0,
    0x0, 0x0, 0x0, 0x0, 0x0, 0x0, 0x0, 0x0,
    0x6c, 0xff, 0xff, 0x94, 0x0, 0x0, 0x0, 0x0,
    0x0, 0x0, 0x0, 0x0, 0x0, 0x6c, 0xff, 0xff,
    0x94, 0x0, 0x0, 0x0, 0x0, 0x0, 0x0, 0x0,
    0x0, 0x0, 0x6c, 0xff, 0xff, 0x94, 0x0, 0x0,
    0x0, 0x0, 0x0, 0x0, 0x0, 0x0, 0x0, 0x6c,
    0xff, 0xff, 0x94, 0x0, 0x0, 0x0, 0x0, 0x0,
    0x0, 0x0, 0x0, 0x0, 0x6c, 0xff, 0xff, 0x94,
    0x0, 0x0, 0x0, 0x0, 0x0, 0x0, 0x0, 0x0,
    0x0, 0x6c, 0xff, 0xff, 0x94, 0x0, 0x0, 0x0,
    0x0, 0x0, 0x0, 0x0, 0x0, 0x0, 0x6c, 0xff,
    0xff, 0x94, 0x0, 0x0, 0x0, 0x0, 0x0, 0x0,
    0x0, 0x0, 0x0, 0x6c, 0xff, 0xff, 0xde, 0xb0,
    0xb0, 0xb0, 0xb0, 0xb0, 0xb0, 0xad, 0x7b, 0x7,
    0x62, 0xff, 0xff, 0xff, 0xff, 0xff, 0xff, 0xff,
    0xff, 0xff, 0xff, 0xff, 0x86, 0x12, 0xcb, 0xff,
    0xff, 0xff, 0xff, 0xff, 0xff, 0xff, 0xff, 0xff,
    0xff, 0xc8,

    /* U+004D "M" */
    0x0, 0x60, 0xd7, 0xc1, 0x0, 0x0, 0x0, 0x0,
    0x0, 0x0, 0x0, 0x0, 0x0, 0x0, 0x84, 0xe5,
    0x8f, 0x6, 0x36, 0xfe, 0xff, 0xff, 0x2e, 0x0,
    0x0, 0x0, 0x0, 0x0, 0x0, 0x0, 0x0, 0x3,
    0xe5, 0xff, 0xff, 0x7d, 0x69, 0xff, 0xff, 0xff,
    0x95, 0x0, 0x0, 0x0, 0x0, 0x0, 0x0, 0x0,
    0x0, 0x4c, 0xff, 0xff, 0xff, 0xb1, 0x6c, 0xff,
    0xff, 0xff, 0xf1, 0xb, 0x0, 0x0, 0x0, 0x0,
    0x0, 0x0, 0x0, 0xaf, 0xff, 0xff, 0xff, 0xb4,
    0x6c, 0xff, 0xee, 0xf9, 0xff, 0x64, 0x0, 0x0,
    0x0, 0x0, 0x0, 0x0, 0x17, 0xfb, 0xff, 0xea,
    0xff, 0xb4, 0x6c, 0xff, 0xf8, 0xb9, 0xff, 0xcb,
    0x0, 0x0, 0x0, 0x0, 0x0, 0x0, 0x76, 0xff,
    0xec, 0xc6, 0xff, 0xb4, 0x6c, 0xff, 0xff, 0xab,
    0xff, 0xff, 0x32, 0x0, 0x0, 0x0, 0x0, 0x0,
    0xd8, 0xff, 0xad, 0xfe, 0xff, 0xb4, 0x6c, 0xff,
    0xff, 0x89, 0xde, 0xff, 0x9a, 0x0, 0x0, 0x0,
    0x0, 0x3c, 0xff, 0xff, 0x6a, 0xff, 0xff, 0xb4,
    0x6c, 0xff, 0xff, 0x88, 0x7b, 0xff, 0xf3, 0xd,
    0x0, 0x0, 0x0, 0x9f, 0xff, 0xc4, 0x40, 0xff,
    0xff, 0xb4, 0x6c, 0xff, 0xff, 0x88, 0x1a, 0xfc,
    0xff, 0x68, 0x0, 0x0, 0xd, 0xf4, 0xff, 0x5f,
    0x40, 0xff, 0xff, 0xb4, 0x6c, 0xff, 0xff, 0x88,
    0x0, 0xb3, 0xff, 0xcf, 0x0, 0x0, 0x66, 0xff,
    0xf0, 0xa, 0x40, 0xff, 0xff, 0xb4, 0x6c, 0xff,
    0xff, 0x88, 0x0, 0x4e, 0xff, 0xff, 0x37, 0x0,
    0xc9, 0xff, 0x95, 0x0, 0x40, 0xff, 0xff, 0xb4,
    0x6c, 0xff, 0xff, 0x88, 0x0, 0x3, 0xe6, 0xff,
    0x9e, 0x2c, 0xff, 0xff, 0x30, 0x0, 0x40, 0xff,
    0xff, 0xb4, 0x6c, 0xff, 0xff, 0x88, 0x0, 0x0,
    0x86, 0xff, 0xf5, 0x95, 0xff, 0xca, 0x0, 0x0,
    0x40, 0xff, 0xff, 0xb4, 0x6c, 0xff, 0xff, 0x88,
    0x0, 0x0, 0x22, 0xfe, 0xcc, 0xeb, 0xff, 0x65,
    0x0, 0x0, 0x40, 0xff, 0xff, 0xb4, 0x6c, 0xff,
    0xff, 0x86, 0x0, 0x0, 0x0, 0xbd, 0xf5, 0xff,
    0xf3, 0xd, 0x0, 0x0, 0x3e, 0xff, 0xff, 0xb4,
    0x6c, 0xff, 0xff, 0x5c, 0x0, 0x0, 0x0, 0x59,
    0xff, 0xff, 0x9b, 0x0, 0x0, 0x0, 0x19, 0xfc,
    0xff, 0xb4, 0x69, 0xe5, 0x8c, 0x2, 0x0, 0x0,
    0x0, 0x5, 0xbd, 0xdf, 0x23, 0x0, 0x0, 0x0,
    0x0, 0x5a, 0xd7, 0xad,

    /* U+004E "N" */
    0x0, 0x69, 0xdf, 0xa7, 0x0, 0x0, 0x0, 0x0,
    0x0, 0x0, 0x0, 0x7c, 0xe0, 0x7d, 0x0, 0x34,
    0xff, 0xff, 0xff, 0x4e, 0x0, 0x0, 0x0, 0x0,
    0x0, 0x0, 0x80, 0xff, 0xff, 0x4a, 0x67, 0xff,
    0xff, 0xff, 0xe4, 0xe, 0x0, 0x0, 0x0, 0x0,
    0x0, 0x80, 0xff, 0xff, 0x75, 0x6c, 0xff, 0xe9,
    0xfe, 0xff, 0x98, 0x0, 0x0, 0x0, 0x0, 0x0,
    0x80, 0xff, 0xff, 0x78, 0x6c, 0xff, 0xef, 0xb0,
    0xff, 0xfe, 0x3e, 0x0, 0x0, 0x0, 0x0, 0x80,
    0xff, 0xff, 0x78, 0x6c, 0xff, 0xff, 0x90, 0xe6,
    0xff, 0xd9, 0x8, 0x0, 0x0, 0x0, 0x80, 0xff,
    0xff, 0x78, 0x6c, 0xff, 0xff, 0x8c, 0x51, 0xff,
    0xff, 0x86, 0x0, 0x0, 0x0, 0x80, 0xff, 0xff,
    0x78, 0x6c, 0xff, 0xff, 0x8c, 0x0, 0xad, 0xff,
    0xfb, 0x2f, 0x0, 0x0, 0x80, 0xff, 0xff, 0x78,
    0x6c, 0xff, 0xff, 0x8c, 0x0, 0x19, 0xef, 0xff,
    0xcc, 0x3, 0x0, 0x80, 0xff, 0xff, 0x78, 0x6c,
    0xff, 0xff, 0x8c, 0x0, 0x0, 0x64, 0xff, 0xff,
    0x74, 0x0, 0x80, 0xff, 0xff, 0x78, 0x6c, 0xff,
    0xff, 0x8c, 0x0, 0x0, 0x0, 0xbe, 0xff, 0xf6,
    0x23, 0x80, 0xff, 0xff, 0x78, 0x6c, 0xff, 0xff,
    0x8c, 0x0, 0x0, 0x0, 0x23, 0xf6, 0xff, 0xbd,
    0x80, 0xff, 0xff, 0x78, 0x6c, 0xff, 0xff, 0x8c,
    0x0, 0x0, 0x0, 0x0, 0x76, 0xff, 0xff, 0x9c,
    0xfe, 0xff, 0x78, 0x6c, 0xff, 0xff, 0x8c, 0x0,
    0x0, 0x0, 0x0, 0x3, 0xcd, 0xff, 0xef, 0xd3,
    0xff, 0x78, 0x6c, 0xff, 0xff, 0x8c, 0x0, 0x0,
    0x0, 0x0, 0x0, 0x30, 0xfb, 0xff, 0xff, 0xff,
    0x78, 0x6c, 0xff, 0xff, 0x89, 0x0, 0x0, 0x0,
    0x0, 0x0, 0x0, 0x88, 0xff, 0xff, 0xff, 0x77,
    0x6c, 0xff, 0xff, 0x5b, 0x0, 0x0, 0x0, 0x0,
    0x0, 0x0, 0x8, 0xda, 0xff, 0xff, 0x4b, 0x69,
    0xe3, 0x86, 0x1, 0x0, 0x0, 0x0, 0x0, 0x0,
    0x0, 0x0, 0x3f, 0xec, 0x81, 0x0,

    /* U+004F "O" */
    0x0, 0x0, 0x0, 0x20, 0x7d, 0xc9, 0xe8, 0xf8,
    0xe2, 0xbb, 0x67, 0xe, 0x0, 0x0, 0x0, 0x0,
    0x1, 0x7a, 0xf7, 0xff, 0xff, 0xff, 0xff, 0xff,
    0xff, 0xff, 0xe5, 0x4d, 0x0, 0x0, 0x0, 0x8f,
    0xff, 0xff, 0xff, 0xf1, 0xca, 0xb5, 0xd3, 0xf9,
    0xff, 0xff, 0xfc, 0x4f, 0x0, 0x46, 0xff, 0xff,
    0xfc, 0x7c, 0xb, 0x0, 0x0, 0x0, 0x1d, 0xa6,
    0xff, 0xff, 0xf1, 0x11, 0xb7, 0xff, 0xff, 0x78,
    0x0, 0x0, 0x0, 0x0, 0x0, 0x0, 0x0, 0xb7,
    0xff, 0xff, 0x76, 0xe9, 0xff, 0xff, 0x16, 0x0,
    0x0, 0x0, 0x0, 0x0, 0x0, 0x0, 0x57, 0xff,
    0xff, 0xa7, 0xff, 0xff, 0xff, 0x0, 0x0, 0x0,
    0x0, 0x0, 0x0, 0x0, 0x0, 0x40, 0xff, 0xff,
    0xbf, 0xff, 0xff, 0xff, 0x0, 0x0, 0x0, 0x0,
    0x0, 0x0, 0x0, 0x0, 0x40, 0xff, 0xff, 0xc0,
    0xff, 0xff, 0xff, 0x0, 0x0, 0x0, 0x0, 0x0,
    0x0, 0x0, 0x0, 0x40, 0xff, 0xff, 0xc0, 0xff,
    0xff, 0xff, 0x0, 0x0, 0x0, 0x0, 0x0, 0x0,
    0x0, 0x0, 0x40, 0xff, 0xff, 0xc0, 0xff, 0xff,
    0xff, 0x0, 0x0, 0x0, 0x0, 0x0, 0x0, 0x0,
    0x0, 0x40, 0xff, 0xff, 0xc0, 0xff, 0xff, 0xff,
    0x0, 0x0, 0x0, 0x0, 0x0, 0x0, 0x0, 0x0,
    0x40, 0xff, 0xff, 0xbf, 0xe7, 0xff, 0xff, 0x18,
    0x0, 0x0, 0x0, 0x0, 0x0, 0x0, 0x0, 0x58,
    0xff, 0xff, 0xa6, 0xb4, 0xff, 0xff, 0x7c, 0x0,
    0x0, 0x0, 0x0, 0x0, 0x0, 0x1, 0xbb, 0xff,
    0xff, 0x72, 0x3f, 0xff, 0xff, 0xfc, 0x80, 0xd,
    0x0, 0x0, 0x0, 0x1f, 0xaa, 0xff, 0xff, 0xed,
    0xe, 0x0, 0x84, 0xff, 0xff, 0xff, 0xf4, 0xcd,
    0xb8, 0xd6, 0xfb, 0xff, 0xff, 0xfa, 0x46, 0x0,
    0x0, 0x0, 0x6f, 0xf4, 0xff, 0xff, 0xff, 0xff,
    0xff, 0xff, 0xff, 0xdf, 0x43, 0x0, 0x0, 0x0,
    0x0, 0x0, 0x1b, 0x79, 0xc7, 0xe8, 0xf9, 0xe2,
    0xb8, 0x63, 0xb, 0x0, 0x0, 0x0,

    /* U+0050 "P" */
    0x1c, 0xd5, 0xff, 0xff, 0xff, 0xff, 0xff, 0xff,
    0xff, 0xf5, 0xd7, 0x8c, 0x20, 0x0, 0x0, 0x0,
    0x68, 0xff, 0xff, 0xff, 0xff, 0xff, 0xff, 0xff,
    0xff, 0xff, 0xff, 0xff, 0xf1, 0x4d, 0x0, 0x0,
    0x6c, 0xff, 0xff, 0xde, 0xb0, 0xb0, 0xb0, 0xb0,
    0xb0, 0xc0, 0xf1, 0xff, 0xff, 0xf4, 0x29, 0x0,
    0x6c, 0xff, 0xff, 0x94, 0x0, 0x0, 0x0, 0x0,
    0x0, 0x0, 0x14, 0xc4, 0xff, 0xff, 0xa1, 0x0,
    0x6c, 0xff, 0xff, 0x94, 0x0, 0x0, 0x0, 0x0,
    0x0, 0x0, 0x0, 0x2e, 0xff, 0xff, 0xef, 0x0,
    0x6c, 0xff, 0xff, 0x94, 0x0, 0x0, 0x0, 0x0,
    0x0, 0x0, 0x0, 0x1, 0xf7, 0xff, 0xff, 0xd,
    0x6c, 0xff, 0xff, 0x94, 0x0, 0x0, 0x0, 0x0,
    0x0, 0x0, 0x0, 0x7, 0xfd, 0xff, 0xfe, 0x6,
    0x6c, 0xff, 0xff, 0x94, 0x0, 0x0, 0x0, 0x0,
    0x0, 0x0, 0x0, 0x50, 0xff, 0xff, 0xe0, 0x0,
    0x6c, 0xff, 0xff, 0x94, 0x0, 0x0, 0x0, 0x0,
    0x0, 0xf, 0x51, 0xe7, 0xff, 0xff, 0x87, 0x0,
    0x6c, 0xff, 0xff, 0xff, 0xff, 0xff, 0xff, 0xff,
    0xff, 0xff, 0xff, 0xff, 0xff, 0xdf, 0x10, 0x0,
    0x6c, 0xff, 0xff, 0xff, 0xff, 0xff, 0xff, 0xff,
    0xff, 0xff, 0xff, 0xff, 0xcb, 0x23, 0x0, 0x0,
    0x6c, 0xff, 0xff, 0xde, 0xb0, 0xb0, 0xb0, 0xb0,
    0xb0, 0xa6, 0x8a, 0x44, 0x2, 0x0, 0x0, 0x0,
    0x6c, 0xff, 0xff, 0x94, 0x0, 0x0, 0x0, 0x0,
    0x0, 0x0, 0x0, 0x0, 0x0, 0x0, 0x0, 0x0,
    0x6c, 0xff, 0xff, 0x94, 0x0, 0x0, 0x0, 0x0,
    0x0, 0x0, 0x0, 0x0, 0x0, 0x0, 0x0, 0x0,
    0x6c, 0xff, 0xff, 0x94, 0x0, 0x0, 0x0, 0x0,
    0x0, 0x0, 0x0, 0x0, 0x0, 0x0, 0x0, 0x0,
    0x6c, 0xff, 0xff, 0x91, 0x0, 0x0, 0x0, 0x0,
    0x0, 0x0, 0x0, 0x0, 0x0, 0x0, 0x0, 0x0,
    0x6c, 0xff, 0xff, 0x65, 0x0, 0x0, 0x0, 0x0,
    0x0, 0x0, 0x0, 0x0, 0x0, 0x0, 0x0, 0x0,
    0x69, 0xe4, 0x8d, 0x3, 0x0, 0x0, 0x0, 0x0,
    0x0, 0x0, 0x0, 0x0, 0x0, 0x0, 0x0, 0x0,

    /* U+0051 "Q" */
    0x0, 0x0, 0x0, 0x20, 0x7d, 0xc9, 0xe8, 0xf8,
    0xe2, 0xbb, 0x67, 0xe, 0x0, 0x0, 0x0, 0x0,
    0x0, 0x1, 0x7a, 0xf7, 0xff, 0xff, 0xff, 0xff,
    0xff, 0xff, 0xff, 0xe5, 0x4d, 0x0, 0x0, 0x0,
    0x0, 0x8f, 0xff, 0xff, 0xff, 0xf0, 0xc9, 0xb5,
    0xd3, 0xf9, 0xff, 0xff, 0xfc, 0x4f, 0x0, 0x0,
    0x46, 0xff, 0xff, 0xf9, 0x72, 0x9, 0x0, 0x0,
    0x0, 0x1c, 0xa2, 0xff, 0xff, 0xf1, 0x11, 0x0,
    0xb7, 0xff, 0xff, 0x6c, 0x0, 0x0, 0x0, 0x0,
    0x0, 0x0, 0x0, 0xb3, 0xff, 0xff, 0x77, 0x0,
    0xe9, 0xff, 0xff, 0x11, 0x0, 0x0, 0x0, 0x0,
    0x0, 0x0, 0x0, 0x54, 0xff, 0xff, 0xa8, 0x0,
    0xff, 0xff, 0xff, 0x0, 0x0, 0x0, 0x0, 0x0,
    0x0, 0x0, 0x0, 0x40, 0xff, 0xff, 0xbf, 0x0,
    0xff, 0xff, 0xff, 0x0, 0x0, 0x0, 0x0, 0x0,
    0x0, 0x0, 0x0, 0x40, 0xff, 0xff, 0xc0, 0x0,
    0xff, 0xff, 0xff, 0x0, 0x0, 0x0, 0x0, 0x0,
    0x0, 0x0, 0x0, 0x40, 0xff, 0xff, 0xc0, 0x0,
    0xff, 0xff, 0xff, 0x0, 0x0, 0x0, 0x0, 0x0,
    0x0, 0x0, 0x0, 0x40, 0xff, 0xff, 0xc0, 0x0,
    0xff, 0xff, 0xff, 0xcd, 0xf7, 0xef, 0xd5, 0x90,
    0x30, 0x0, 0x0, 0x40, 0xff, 0xff, 0xc0, 0x0,
    0xff, 0xff, 0xff, 0xff, 0xff, 0xff, 0xff, 0xff,
    0xfe, 0x87, 0x1, 0x42, 0xff, 0xff, 0xbf, 0x0,
    0xe7, 0xff, 0xff, 0x94, 0x4b, 0x57, 0x82, 0xdd,
    0xff, 0xff, 0x93, 0x6d, 0xff, 0xff, 0xae, 0x0,
    0xb4, 0xff, 0xff, 0xa3, 0x0, 0x0, 0x0, 0x6,
    0xa5, 0xff, 0xff, 0xf6, 0xff, 0xff, 0x76, 0x0,
    0x3f, 0xff, 0xff, 0xff, 0x92, 0x10, 0x0, 0x0,
    0x4, 0xc7, 0xff, 0xff, 0xff, 0xef, 0x14, 0x0,
    0x0, 0x84, 0xff, 0xff, 0xff, 0xf3, 0xc4, 0xae,
    0xc9, 0xfc, 0xff, 0xff, 0xff, 0x55, 0x0, 0x0,
    0x0, 0x0, 0x6f, 0xf4, 0xff, 0xff, 0xff, 0xff,
    0xff, 0xff, 0xff, 0xff, 0xff, 0xdb, 0x6c, 0x12,
    0x0, 0x0, 0x0, 0x1b, 0x79, 0xc7, 0xe8, 0xf8,
    0xdf, 0xb0, 0x54, 0x8f, 0xff, 0xff, 0xf9, 0x14,
    0x0, 0x0, 0x0, 0x0, 0x0, 0x0, 0x0, 0x0,
    0x0, 0x0, 0x0, 0x0, 0x48, 0x77, 0x3b, 0x0,

    /* U+0052 "R" */
    0x1c, 0xd5, 0xff, 0xff, 0xff, 0xff, 0xff, 0xff,
    0xff, 0xf3, 0xcd, 0x79, 0xb, 0x0, 0x0, 0x68,
    0xff, 0xff, 0xff, 0xff, 0xff, 0xff, 0xff, 0xff,
    0xff, 0xff, 0xff, 0xd6, 0x17, 0x0, 0x6c, 0xff,
    0xff, 0xd6, 0xa4, 0xa4, 0xa4, 0xa4, 0xa5, 0xc2,
    0xfd, 0xff, 0xff, 0xb7, 0x0, 0x6c, 0xff, 0xff,
    0x8c, 0x0, 0x0, 0x0, 0x0, 0x0, 0x0, 0x3d,
    0xfc, 0xff, 0xff, 0x24, 0x6c, 0xff, 0xff, 0x8c,
    0x0, 0x0, 0x0, 0x0, 0x0, 0x0, 0x0, 0xbf,
    0xff, 0xff, 0x56, 0x6c, 0xff, 0xff, 0x8c, 0x0,
    0x0, 0x0, 0x0, 0x0, 0x0, 0x0, 0xab, 0xff,
    0xff, 0x5f, 0x6c, 0xff, 0xff, 0x8c, 0x0, 0x0,
    0x0, 0x0, 0x0, 0x0, 0x5, 0xdf, 0xff, 0xff,
    0x3f, 0x6c, 0xff, 0xff, 0x8c, 0x0, 0x0, 0x0,
    0x0, 0x1, 0x22, 0xa6, 0xff, 0xff, 0xde, 0x3,
    0x6c, 0xff, 0xff, 0xff, 0xff, 0xff, 0xff, 0xff,
    0xff, 0xff, 0xff, 0xff, 0xe7, 0x2f, 0x0, 0x6c,
    0xff, 0xff, 0xff, 0xff, 0xff, 0xff, 0xff, 0xff,
    0xff, 0xff, 0xfb, 0x3f, 0x0, 0x0, 0x6c, 0xff,
    0xff, 0xd4, 0xa0, 0xa0, 0xa0, 0xa0, 0xa0, 0xbf,
    0xfe, 0xff, 0xf9, 0x3d, 0x0, 0x6c, 0xff, 0xff,
    0x8c, 0x0, 0x0, 0x0, 0x0, 0x0, 0x0, 0x64,
    0xff, 0xff, 0xcc, 0x0, 0x6c, 0xff, 0xff, 0x8c,
    0x0, 0x0, 0x0, 0x0, 0x0, 0x0, 0x2, 0xf4,
    0xff, 0xff, 0xf, 0x6c, 0xff, 0xff, 0x8c, 0x0,
    0x0, 0x0, 0x0, 0x0, 0x0, 0x0, 0xdb, 0xff,
    0xff, 0x26, 0x6c, 0xff, 0xff, 0x8c, 0x0, 0x0,
    0x0, 0x0, 0x0, 0x0, 0x0, 0xd8, 0xff, 0xff,
    0x28, 0x6c, 0xff, 0xff, 0x87, 0x0, 0x0, 0x0,
    0x0, 0x0, 0x0, 0x0, 0xd8, 0xff, 0xff, 0x23,
    0x6c, 0xff, 0xff, 0x56, 0x0, 0x0, 0x0, 0x0,
    0x0, 0x0, 0x0, 0xd8, 0xff, 0xee, 0x4, 0x69,
    0xe3, 0x82, 0x0, 0x0, 0x0, 0x0, 0x0, 0x0,
    0x0, 0x0, 0xcd, 0xc9, 0x3f, 0x0,

    /* U+0053 "S" */
    0x0, 0x0, 0x4, 0x60, 0xae, 0xe1, 0xf5, 0xf6,
    0xe2, 0xb2, 0x68, 0xa, 0x0, 0x0, 0x0, 0x0,
    0x25, 0xd9, 0xff, 0xff, 0xff, 0xff, 0xff, 0xff,
    0xff, 0xff, 0xe7, 0x3a, 0x0, 0x0, 0xa, 0xe2,
    0xff, 0xff, 0xf3, 0xa5, 0x85, 0x87, 0xa9, 0xf6,
    0xff, 0xff, 0xf1, 0x1b, 0x0, 0x67, 0xff, 0xff,
    0xd2, 0x13, 0x0, 0x0, 0x0, 0x0, 0x18, 0xd6,
    0xff, 0xff, 0x75, 0x0, 0x94, 0xff, 0xff, 0x6b,
    0x0, 0x0, 0x0, 0x0, 0x0, 0x0, 0x3b, 0xff,
    0xff, 0x7f, 0x0, 0x89, 0xff, 0xff, 0x7d, 0x0,
    0x0, 0x0, 0x0, 0x0, 0x0, 0x2, 0xca, 0xa2,
    0x11, 0x0, 0x46, 0xff, 0xff, 0xf4, 0x61, 0x4,
    0x0, 0x0, 0x0, 0x0, 0x0, 0x0, 0x0, 0x0,
    0x0, 0x1, 0xaa, 0xff, 0xff, 0xff, 0xec, 0xa4,
    0x64, 0x24, 0x0, 0x0, 0x0, 0x0, 0x0, 0x0,
    0x0, 0x5, 0x7c, 0xf4, 0xff, 0xff, 0xff, 0xff,
    0xff, 0xdc, 0x84, 0x1c, 0x0, 0x0, 0x0, 0x0,
    0x0, 0x0, 0xe, 0x67, 0xb3, 0xf2, 0xff, 0xff,
    0xff, 0xff, 0xf6, 0x76, 0x0, 0x0, 0x0, 0x0,
    0x0, 0x0, 0x0, 0x0, 0x4, 0x38, 0x7c, 0xd4,
    0xff, 0xff, 0xff, 0x78, 0x0, 0x6, 0x58, 0x4c,
    0x0, 0x0, 0x0, 0x0, 0x0, 0x0, 0x0, 0x66,
    0xff, 0xff, 0xf2, 0xa, 0xa8, 0xff, 0xbd, 0x0,
    0x0, 0x0, 0x0, 0x0, 0x0, 0x0, 0x0, 0xc9,
    0xff, 0xff, 0x2f, 0xe8, 0xff, 0xfa, 0x21, 0x0,
    0x0, 0x0, 0x0, 0x0, 0x0, 0x0, 0xcb, 0xff,
    0xff, 0x2d, 0xc5, 0xff, 0xff, 0xd2, 0x25, 0x0,
    0x0, 0x0, 0x0, 0x1, 0x63, 0xff, 0xff, 0xf0,
    0x8, 0x49, 0xfe, 0xff, 0xff, 0xfc, 0xbd, 0x90,
    0x8a, 0xa1, 0xdd, 0xff, 0xff, 0xff, 0x73, 0x0,
    0x0, 0x55, 0xee, 0xff, 0xff, 0xff, 0xff, 0xff,
    0xff, 0xff, 0xff, 0xfa, 0x7f, 0x0, 0x0, 0x0,
    0x0, 0xd, 0x6d, 0xb1, 0xe0, 0xf3, 0xfa, 0xe8,
    0xc6, 0x84, 0x22, 0x0, 0x0, 0x0,

    /* U+0054 "T" */
    0x0, 0x61, 0xe3, 0xff, 0xff, 0xff, 0xff, 0xff,
    0xff, 0xff, 0xff, 0xff, 0xff, 0xff, 0xff, 0xce,
    0x12, 0xf8, 0xff, 0xff, 0xff, 0xff, 0xff, 0xff,
    0xff, 0xff, 0xff, 0xff, 0xff, 0xff, 0xff, 0x89,
    0x24, 0xb0, 0xb0, 0xb0, 0xb0, 0xb0, 0xbd, 0xff,
    0xff, 0xf2, 0xb0, 0xb0, 0xb0, 0xa9, 0x75, 0x7,
    0x0, 0x0, 0x0, 0x0, 0x0, 0x0, 0x2c, 0xff,
    0xff, 0xd4, 0x0, 0x0, 0x0, 0x0, 0x0, 0x0,
    0x0, 0x0, 0x0, 0x0, 0x0, 0x0, 0x2c, 0xff,
    0xff, 0xd4, 0x0, 0x0, 0x0, 0x0, 0x0, 0x0,
    0x0, 0x0, 0x0, 0x0, 0x0, 0x0, 0x2c, 0xff,
    0xff, 0xd4, 0x0, 0x0, 0x0, 0x0, 0x0, 0x0,
    0x0, 0x0, 0x0, 0x0, 0x0, 0x0, 0x2c, 0xff,
    0xff, 0xd4, 0x0, 0x0, 0x0, 0x0, 0x0, 0x0,
    0x0, 0x0, 0x0, 0x0, 0x0, 0x0, 0x2c, 0xff,
    0xff, 0xd4, 0x0, 0x0, 0x0, 0x0, 0x0, 0x0,
    0x0, 0x0, 0x0, 0x0, 0x0, 0x0, 0x2c, 0xff,
    0xff, 0xd4, 0x0, 0x0, 0x0, 0x0, 0x0, 0x0,
    0x0, 0x0, 0x0, 0x0, 0x0, 0x0, 0x2c, 0xff,
    0xff, 0xd4, 0x0, 0x0, 0x0, 0x0, 0x0, 0x0,
    0x0, 0x0, 0x0, 0x0, 0x0, 0x0, 0x2c, 0xff,
    0xff, 0xd4, 0x0, 0x0, 0x0, 0x0, 0x0, 0x0,
    0x0, 0x0, 0x0, 0x0, 0x0, 0x0, 0x2c, 0xff,
    0xff, 0xd4, 0x0, 0x0, 0x0, 0x0, 0x0, 0x0,
    0x0, 0x0, 0x0, 0x0, 0x0, 0x0, 0x2c, 0xff,
    0xff, 0xd4, 0x0, 0x0, 0x0, 0x0, 0x0, 0x0,
    0x0, 0x0, 0x0, 0x0, 0x0, 0x0, 0x2c, 0xff,
    0xff, 0xd4, 0x0, 0x0, 0x0, 0x0, 0x0, 0x0,
    0x0, 0x0, 0x0, 0x0, 0x0, 0x0, 0x2c, 0xff,
    0xff, 0xd4, 0x0, 0x0, 0x0, 0x0, 0x0, 0x0,
    0x0, 0x0, 0x0, 0x0, 0x0, 0x0, 0x2c, 0xff,
    0xff, 0xd0, 0x0, 0x0, 0x0, 0x0, 0x0, 0x0,
    0x0, 0x0, 0x0, 0x0, 0x0, 0x0, 0x2c, 0xff,
    0xff, 0xa0, 0x0, 0x0, 0x0, 0x0, 0x0, 0x0,
    0x0, 0x0, 0x0, 0x0, 0x0, 0x0, 0x2b, 0xec,
    0xa7, 0x14, 0x0, 0x0, 0x0, 0x0, 0x0, 0x0,

    /* U+0055 "U" */
    0x2, 0x87, 0xe2, 0x70, 0x0, 0x0, 0x0, 0x0,
    0x0, 0x0, 0x0, 0x0, 0x39, 0xc5, 0xdf, 0x5e,
    0xff, 0xff, 0x74, 0x0, 0x0, 0x0, 0x0, 0x0,
    0x0, 0x0, 0x0, 0xe5, 0xff, 0xec, 0x89, 0xff,
    0xff, 0x74, 0x0, 0x0, 0x0, 0x0, 0x0, 0x0,
    0x0, 0x11, 0xff, 0xff, 0xec, 0x8c, 0xff, 0xff,
    0x74, 0x0, 0x0, 0x0, 0x0, 0x0, 0x0, 0x0,
    0x14, 0xff, 0xff, 0xec, 0x8c, 0xff, 0xff, 0x74,
    0x0, 0x0, 0x0, 0x0, 0x0, 0x0, 0x0, 0x14,
    0xff, 0xff, 0xec, 0x8c, 0xff, 0xff, 0x74, 0x0,
    0x0, 0x0, 0x0, 0x0, 0x0, 0x0, 0x14, 0xff,
    0xff, 0xec, 0x8c, 0xff, 0xff, 0x74, 0x0, 0x0,
    0x0, 0x0, 0x0, 0x0, 0x0, 0x14, 0xff, 0xff,
    0xec, 0x8c, 0xff, 0xff, 0x74, 0x0, 0x0, 0x0,
    0x0, 0x0, 0x0, 0x0, 0x14, 0xff, 0xff, 0xec,
    0x8c, 0xff, 0xff, 0x74, 0x0, 0x0, 0x0, 0x0,
    0x0, 0x0, 0x0, 0x14, 0xff, 0xff, 0xec, 0x8c,
    0xff, 0xff, 0x74, 0x0, 0x0, 0x0, 0x0, 0x0,
    0x0, 0x0, 0x14, 0xff, 0xff, 0xec, 0x8c, 0xff,
    0xff, 0x74, 0x0, 0x0, 0x0, 0x0, 0x0, 0x0,
    0x0, 0x14, 0xff, 0xff, 0xec, 0x88, 0xff, 0xff,
    0x76, 0x0, 0x0, 0x0, 0x0, 0x0, 0x0, 0x0,
    0x17, 0xff, 0xff, 0xe7, 0x6b, 0xff, 0xff, 0x97,
    0x0, 0x0, 0x0, 0x0, 0x0, 0x0, 0x0, 0x39,
    0xff, 0xff, 0xca, 0x32, 0xff, 0xff, 0xed, 0x15,
    0x0, 0x0, 0x0, 0x0, 0x0, 0x0, 0xa8, 0xff,
    0xff, 0x92, 0x0, 0xc2, 0xff, 0xff, 0xd1, 0x31,
    0x0, 0x0, 0x0, 0x11, 0x98, 0xff, 0xff, 0xfc,
    0x25, 0x0, 0x22, 0xeb, 0xff, 0xff, 0xff, 0xda,
    0xbc, 0xc9, 0xf8, 0xff, 0xff, 0xff, 0x6c, 0x0,
    0x0, 0x0, 0x2c, 0xd0, 0xff, 0xff, 0xff, 0xff,
    0xff, 0xff, 0xff, 0xf3, 0x66, 0x0, 0x0, 0x0,
    0x0, 0x0, 0x5, 0x59, 0xb2, 0xdf, 0xf8, 0xea,
    0xca, 0x7b, 0x1b, 0x0, 0x0, 0x0,

    /* U+0056 "V" */
    0xc2, 0xf6, 0xb4, 0x13, 0x0, 0x0, 0x0, 0x0,
    0x0, 0x0, 0x0, 0x0, 0x39, 0xd3, 0xf7, 0x7e,
    0x8a, 0xff, 0xff, 0x99, 0x0, 0x0, 0x0, 0x0,
    0x0, 0x0, 0x0, 0x2, 0xdf, 0xff, 0xff, 0x42,
    0x28, 0xff, 0xff, 0xf1, 0x8, 0x0, 0x0, 0x0,
    0x0, 0x0, 0x0, 0x44, 0xff, 0xff, 0xde, 0x1,
    0x0, 0xc6, 0xff, 0xff, 0x55, 0x0, 0x0, 0x0,
    0x0, 0x0, 0x0, 0x9f, 0xff, 0xff, 0x7e, 0x0,
    0x0, 0x63, 0xff, 0xff, 0xb1, 0x0, 0x0, 0x0,
    0x0, 0x0, 0x9, 0xf1, 0xff, 0xfd, 0x1e, 0x0,
    0x0, 0xc, 0xf4, 0xff, 0xfa, 0x12, 0x0, 0x0,
    0x0, 0x0, 0x57, 0xff, 0xff, 0xbb, 0x0, 0x0,
    0x0, 0x0, 0x9f, 0xff, 0xff, 0x67, 0x0, 0x0,
    0x0, 0x0, 0xb2, 0xff, 0xff, 0x59, 0x0, 0x0,
    0x0, 0x0, 0x3c, 0xff, 0xff, 0xc2, 0x0, 0x0,
    0x0, 0x13, 0xfa, 0xff, 0xef, 0x8, 0x0, 0x0,
    0x0, 0x0, 0x0, 0xd9, 0xff, 0xfe, 0x1f, 0x0,
    0x0, 0x69, 0xff, 0xff, 0x95, 0x0, 0x0, 0x0,
    0x0, 0x0, 0x0, 0x78, 0xff, 0xff, 0x78, 0x0,
    0x0, 0xc5, 0xff, 0xff, 0x33, 0x0, 0x0, 0x0,
    0x0, 0x0, 0x0, 0x19, 0xfc, 0xff, 0xd3, 0x0,
    0x21, 0xff, 0xff, 0xd2, 0x0, 0x0, 0x0, 0x0,
    0x0, 0x0, 0x0, 0x0, 0xb3, 0xff, 0xff, 0x2f,
    0x7c, 0xff, 0xff, 0x70, 0x0, 0x0, 0x0, 0x0,
    0x0, 0x0, 0x0, 0x0, 0x51, 0xff, 0xff, 0x8a,
    0xd7, 0xff, 0xf9, 0x14, 0x0, 0x0, 0x0, 0x0,
    0x0, 0x0, 0x0, 0x0, 0x5, 0xe9, 0xff, 0xb5,
    0xff, 0xff, 0xac, 0x0, 0x0, 0x0, 0x0, 0x0,
    0x0, 0x0, 0x0, 0x0, 0x0, 0x8d, 0xff, 0xda,
    0xff, 0xff, 0x4a, 0x0, 0x0, 0x0, 0x0, 0x0,
    0x0, 0x0, 0x0, 0x0, 0x0, 0x2a, 0xff, 0xff,
    0xff, 0xe5, 0x3, 0x0, 0x0, 0x0, 0x0, 0x0,
    0x0, 0x0, 0x0, 0x0, 0x0, 0x0, 0xc7, 0xff,
    0xff, 0x87, 0x0, 0x0, 0x0, 0x0, 0x0, 0x0,
    0x0, 0x0, 0x0, 0x0, 0x0, 0x0, 0x44, 0xed,
    0xd3, 0x12, 0x0, 0x0, 0x0, 0x0, 0x0, 0x0,

    /* U+0057 "W" */
    0xcb, 0xf7, 0xb5, 0x10, 0x0, 0x0, 0x0, 0x0,
    0x0, 0x71, 0xf6, 0x80, 0x0, 0x0, 0x0, 0x0,
    0x0, 0xb, 0xaf, 0xf6, 0xd4, 0x1, 0xb3, 0xff,
    0xff, 0x7d, 0x0, 0x0, 0x0, 0x0, 0x5, 0xf2,
    0xff, 0xf8, 0x9, 0x0, 0x0, 0x0, 0x0, 0x6e,
    0xff, 0xff, 0xbe, 0x0, 0x72, 0xff, 0xff, 0xbe,
    0x0, 0x0, 0x0, 0x0, 0x41, 0xff, 0xff, 0xff,
    0x48, 0x0, 0x0, 0x0, 0x0, 0xb0, 0xff, 0xff,
    0x7d, 0x0, 0x30, 0xff, 0xff, 0xf4, 0x3, 0x0,
    0x0, 0x0, 0x89, 0xff, 0xf0, 0xff, 0x8e, 0x0,
    0x0, 0x0, 0x0, 0xea, 0xff, 0xff, 0x3b, 0x0,
    0x1, 0xec, 0xff, 0xff, 0x31, 0x0, 0x0, 0x0,
    0xd2, 0xff, 0xcf, 0xff, 0xd3, 0x0, 0x0, 0x0,
    0x26, 0xff, 0xff, 0xf4, 0x5, 0x0, 0x0, 0xad,
    0xff, 0xff, 0x6a, 0x0, 0x0, 0x1a, 0xff, 0xff,
    0x90, 0xff, 0xff, 0x1a, 0x0, 0x0, 0x61, 0xff,
    0xff, 0xb8, 0x0, 0x0, 0x0, 0x6c, 0xff, 0xff,
    0xa4, 0x0, 0x0, 0x62, 0xff, 0xf9, 0x13, 0xf5,
    0xff, 0x5f, 0x0, 0x0, 0x9c, 0xff, 0xff, 0x77,
    0x0, 0x0, 0x0, 0x2a, 0xff, 0xff, 0xdd, 0x0,
    0x0, 0xab, 0xff, 0xbf, 0x0, 0xb6, 0xff, 0xa5,
    0x0, 0x0, 0xd6, 0xff, 0xff, 0x35, 0x0, 0x0,
    0x0, 0x0, 0xe8, 0xff, 0xff, 0x17, 0x3, 0xef,
    0xff, 0x78, 0x0, 0x6f, 0xff, 0xe9, 0x1, 0x12,
    0xfe, 0xff, 0xf0, 0x3, 0x0, 0x0, 0x0, 0x0,
    0xa7, 0xff, 0xff, 0x50, 0x3b, 0xff, 0xff, 0x31,
    0x0, 0x28, 0xff, 0xff, 0x30, 0x4c, 0xff, 0xff,
    0xb2, 0x0, 0x0, 0x0, 0x0, 0x0, 0x66, 0xff,
    0xff, 0x89, 0x84, 0xff, 0xe9, 0x1, 0x0, 0x0,
    0xe1, 0xff, 0x76, 0x87, 0xff, 0xff, 0x71, 0x0,
    0x0, 0x0, 0x0, 0x0, 0x24, 0xff, 0xff, 0xc1,
    0xcc, 0xff, 0xa3, 0x0, 0x0, 0x0, 0x9a, 0xff,
    0xbb, 0xc2, 0xff, 0xff, 0x2f, 0x0, 0x0, 0x0,
    0x0, 0x0, 0x0, 0xe2, 0xff, 0xc2, 0xfe, 0xff,
    0x5d, 0x0, 0x0, 0x0, 0x53, 0xff, 0xc7, 0xf7,
    0xff, 0xec, 0x1, 0x0, 0x0, 0x0, 0x0, 0x0,
    0x0, 0xa1, 0xff, 0xd8, 0xff, 0xfe, 0x17, 0x0,
    0x0, 0x0, 0xf, 0xfc, 0xc0, 0xff, 0xff, 0xac,
    0x0, 0x0, 0x0, 0x0, 0x0, 0x0, 0x0, 0x60,
    0xff, 0xff, 0xff, 0xcf, 0x0, 0x0, 0x0, 0x0,
    0x0, 0xc5, 0xff, 0xff, 0xff, 0x6a, 0x0, 0x0,
    0x0, 0x0, 0x0, 0x0, 0x0, 0x1e, 0xff, 0xff,
    0xff, 0x88, 0x0, 0x0, 0x0, 0x0, 0x0, 0x7e,
    0xff, 0xff, 0xff, 0x29, 0x0, 0x0, 0x0, 0x0,
    0x0, 0x0, 0x0, 0x0, 0xbf, 0xff, 0xff, 0x41,
    0x0, 0x0, 0x0, 0x0, 0x0, 0x37, 0xff, 0xff,
    0xce, 0x0, 0x0, 0x0, 0x0, 0x0, 0x0, 0x0,
    0x0, 0x0, 0x1a, 0xb4, 0xe8, 0x6, 0x0, 0x0,
    0x0, 0x0, 0x0, 0x2, 0xe2, 0xbb, 0x22, 0x0,
    0x0, 0x0, 0x0, 0x0,

    /* U+0058 "X" */
    0x61, 0xed, 0xe4, 0x87, 0x0, 0x0, 0x0, 0x0,
    0x0, 0x0, 0x0, 0x31, 0xc7, 0xf3, 0xc4, 0x7,
    0x1a, 0xed, 0xff, 0xff, 0x62, 0x0, 0x0, 0x0,
    0x0, 0x0, 0xc, 0xde, 0xff, 0xff, 0x80, 0x0,
    0x0, 0x52, 0xff, 0xff, 0xf0, 0x1d, 0x0, 0x0,
    0x0, 0x0, 0x98, 0xff, 0xff, 0xc8, 0x4, 0x0,
    0x0, 0x0, 0x9d, 0xff, 0xff, 0xb9, 0x0, 0x0,
    0x0, 0x45, 0xff, 0xff, 0xf3, 0x24, 0x0, 0x0,
    0x0, 0x0, 0xc, 0xdc, 0xff, 0xff, 0x66, 0x0,
    0xf, 0xe2, 0xff, 0xff, 0x63, 0x0, 0x0, 0x0,
    0x0, 0x0, 0x0, 0x37, 0xfb, 0xff, 0xf2, 0x1f,
    0x9f, 0xff, 0xff, 0xaf, 0x0, 0x0, 0x0, 0x0,
    0x0, 0x0, 0x0, 0x0, 0x7e, 0xff, 0xff, 0xa5,
    0xff, 0xff, 0xe7, 0x14, 0x0, 0x0, 0x0, 0x0,
    0x0, 0x0, 0x0, 0x0, 0x3, 0xc5, 0xfe, 0xed,
    0xff, 0xff, 0x48, 0x0, 0x0, 0x0, 0x0, 0x0,
    0x0, 0x0, 0x0, 0x0, 0x0, 0x24, 0xfd, 0xff,
    0xff, 0xa1, 0x0, 0x0, 0x0, 0x0, 0x0, 0x0,
    0x0, 0x0, 0x0, 0x0, 0x0, 0x7b, 0xff, 0xff,
    0xff, 0xe6, 0x13, 0x0, 0x0, 0x0, 0x0, 0x0,
    0x0, 0x0, 0x0, 0x0, 0x35, 0xfb, 0xff, 0xff,
    0xff, 0xff, 0xae, 0x0, 0x0, 0x0, 0x0, 0x0,
    0x0, 0x0, 0x0, 0xc, 0xdb, 0xff, 0xff, 0x67,
    0xd7, 0xff, 0xff, 0x64, 0x0, 0x0, 0x0, 0x0,
    0x0, 0x0, 0x0, 0x9e, 0xff, 0xff, 0xad, 0x0,
    0x34, 0xfb, 0xff, 0xf4, 0x25, 0x0, 0x0, 0x0,
    0x0, 0x0, 0x54, 0xff, 0xff, 0xe8, 0x14, 0x0,
    0x0, 0x81, 0xff, 0xff, 0xca, 0x4, 0x0, 0x0,
    0x0, 0x1c, 0xee, 0xff, 0xff, 0x4c, 0x0, 0x0,
    0x0, 0x4, 0xcc, 0xff, 0xff, 0x84, 0x0, 0x0,
    0x2, 0xbe, 0xff, 0xff, 0x99, 0x0, 0x0, 0x0,
    0x0, 0x0, 0x29, 0xf7, 0xff, 0xfd, 0x3d, 0x0,
    0x78, 0xff, 0xff, 0xdd, 0xc, 0x0, 0x0, 0x0,
    0x0, 0x0, 0x0, 0x71, 0xff, 0xff, 0xe0, 0xf,
    0x92, 0xf0, 0xc9, 0x28, 0x0, 0x0, 0x0, 0x0,
    0x0, 0x0, 0x0, 0x1, 0x89, 0xee, 0xd4, 0x2d,

    /* U+0059 "Y" */
    0xb3, 0xf8, 0xcd, 0x2e, 0x0, 0x0, 0x0, 0x0,
    0x0, 0x0, 0x0, 0x4, 0x96, 0xf2, 0xea, 0x2f,
    0x59, 0xff, 0xff, 0xdc, 0x6, 0x0, 0x0, 0x0,
    0x0, 0x0, 0x0, 0x76, 0xff, 0xff, 0xc4, 0x0,
    0x1, 0xc9, 0xff, 0xff, 0x6f, 0x0, 0x0, 0x0,
    0x0, 0x0, 0xe, 0xed, 0xff, 0xfe, 0x36, 0x0,
    0x0, 0x3c, 0xff, 0xff, 0xea, 0xd, 0x0, 0x0,
    0x0, 0x0, 0x7d, 0xff, 0xff, 0xa6, 0x0, 0x0,
    0x0, 0x0, 0xad, 0xff, 0xff, 0x80, 0x0, 0x0,
    0x0, 0xf, 0xee, 0xff, 0xf8, 0x1f, 0x0, 0x0,
    0x0, 0x0, 0x24, 0xfa, 0xff, 0xf3, 0x16, 0x0,
    0x0, 0x80, 0xff, 0xff, 0x89, 0x0, 0x0, 0x0,
    0x0, 0x0, 0x0, 0x8f, 0xff, 0xff, 0x92, 0x0,
    0x10, 0xf0, 0xff, 0xeb, 0xf, 0x0, 0x0, 0x0,
    0x0, 0x0, 0x0, 0x12, 0xee, 0xff, 0xf9, 0x21,
    0x83, 0xff, 0xff, 0x6b, 0x0, 0x0, 0x0, 0x0,
    0x0, 0x0, 0x0, 0x0, 0x72, 0xff, 0xff, 0x98,
    0xf1, 0xff, 0xd8, 0x4, 0x0, 0x0, 0x0, 0x0,
    0x0, 0x0, 0x0, 0x0, 0x6, 0xdc, 0xff, 0xb8,
    0xff, 0xff, 0x4e, 0x0, 0x0, 0x0, 0x0, 0x0,
    0x0, 0x0, 0x0, 0x0, 0x0, 0x54, 0xff, 0xff,
    0xff, 0xbf, 0x0, 0x0, 0x0, 0x0, 0x0, 0x0,
    0x0, 0x0, 0x0, 0x0, 0x0, 0x0, 0xda, 0xff,
    0xff, 0x46, 0x0, 0x0, 0x0, 0x0, 0x0, 0x0,
    0x0, 0x0, 0x0, 0x0, 0x0, 0x0, 0xcc, 0xff,
    0xff, 0x38, 0x0, 0x0, 0x0, 0x0, 0x0, 0x0,
    0x0, 0x0, 0x0, 0x0, 0x0, 0x0, 0xcc, 0xff,
    0xff, 0x38, 0x0, 0x0, 0x0, 0x0, 0x0, 0x0,
    0x0, 0x0, 0x0, 0x0, 0x0, 0x0, 0xcc, 0xff,
    0xff, 0x38, 0x0, 0x0, 0x0, 0x0, 0x0, 0x0,
    0x0, 0x0, 0x0, 0x0, 0x0, 0x0, 0xcc, 0xff,
    0xff, 0x35, 0x0, 0x0, 0x0, 0x0, 0x0, 0x0,
    0x0, 0x0, 0x0, 0x0, 0x0, 0x0, 0xcc, 0xff,
    0xf6, 0xe, 0x0, 0x0, 0x0, 0x0, 0x0, 0x0,
    0x0, 0x0, 0x0, 0x0, 0x0, 0x0, 0xc2, 0xcd,
    0x47, 0x0, 0x0, 0x0, 0x0, 0x0, 0x0, 0x0,

    /* U+005A "Z" */
    0x5d, 0xff, 0xff, 0xff, 0xff, 0xff, 0xff, 0xff,
    0xff, 0xff, 0xff, 0xff, 0xff, 0xff, 0xcd, 0x9,
    0x1e, 0xf9, 0xff, 0xff, 0xff, 0xff, 0xff, 0xff,
    0xff, 0xff, 0xff, 0xe4, 0xff, 0xff, 0xff, 0x27,
    0x0, 0x3b, 0x96, 0xa4, 0xa4, 0xa4, 0xa4, 0xa4,
    0xa4, 0xa4, 0x98, 0xdf, 0xff, 0xff, 0xac, 0x0,
    0x0, 0x0, 0x0, 0x0, 0x0, 0x0, 0x0, 0x0,
    0x0, 0x4, 0xbd, 0xff, 0xff, 0xd4, 0xc, 0x0,
    0x0, 0x0, 0x0, 0x0, 0x0, 0x0, 0x0, 0x0,
    0x0, 0x91, 0xff, 0xff, 0xee, 0x23, 0x0, 0x0,
    0x0, 0x0, 0x0, 0x0, 0x0, 0x0, 0x0, 0x0,
    0x60, 0xff, 0xff, 0xfd, 0x48, 0x0, 0x0, 0x0,
    0x0, 0x0, 0x0, 0x0, 0x0, 0x0, 0x0, 0x37,
    0xf8, 0xff, 0xff, 0x78, 0x0, 0x0, 0x0, 0x0,
    0x0, 0x0, 0x0, 0x0, 0x0, 0x0, 0x1a, 0xe6,
    0xff, 0xff, 0xaa, 0x0, 0x0, 0x0, 0x0, 0x0,
    0x0, 0x0, 0x0, 0x0, 0x0, 0x7, 0xc8, 0xff,
    0xff, 0xd1, 0xb, 0x0, 0x0, 0x0, 0x0, 0x0,
    0x0, 0x0, 0x0, 0x0, 0x0, 0x9f, 0xff, 0xff,
    0xed, 0x22, 0x0, 0x0, 0x0, 0x0, 0x0, 0x0,
    0x0, 0x0, 0x0, 0x0, 0x6f, 0xff, 0xff, 0xfc,
    0x45, 0x0, 0x0, 0x0, 0x0, 0x0, 0x0, 0x0,
    0x0, 0x0, 0x0, 0x42, 0xfb, 0xff, 0xff, 0x74,
    0x0, 0x0, 0x0, 0x0, 0x0, 0x0, 0x0, 0x0,
    0x0, 0x0, 0x21, 0xec, 0xff, 0xff, 0xa6, 0x0,
    0x0, 0x0, 0x0, 0x0, 0x0, 0x0, 0x0, 0x0,
    0x0, 0xb, 0xd1, 0xff, 0xff, 0xcf, 0xa, 0x0,
    0x0, 0x0, 0x0, 0x0, 0x0, 0x0, 0x0, 0x0,
    0x1, 0xac, 0xff, 0xff, 0xec, 0x20, 0x0, 0x0,
    0x0, 0x0, 0x0, 0x0, 0x0, 0x0, 0x0, 0x0,
    0x7b, 0xff, 0xff, 0xfc, 0x9d, 0xa0, 0xa0, 0xa0,
    0xa0, 0xa0, 0xa0, 0xa0, 0xa0, 0x8c, 0x27, 0x0,
    0xf4, 0xff, 0xff, 0xeb, 0xfb, 0xff, 0xff, 0xff,
    0xff, 0xff, 0xff, 0xff, 0xff, 0xff, 0xe8, 0x9,
    0xa3, 0xfd, 0xff, 0xff, 0xff, 0xff, 0xff, 0xff,
    0xff, 0xff, 0xff, 0xff, 0xff, 0xff, 0xff, 0x38,

    /* U+005B "[" */
    0x6c, 0xff, 0xff, 0xff, 0xff, 0xff, 0xff, 0x52,
    0x6c, 0xff, 0xff, 0xff, 0xff, 0xff, 0xfd, 0x1f,
    0x6c, 0xff, 0xff, 0xda, 0xa8, 0x9e, 0x4c, 0x0,
    0x6c, 0xff, 0xff, 0x94, 0x0, 0x0, 0x0, 0x0,
    0x6c, 0xff, 0xff, 0x94, 0x0, 0x0, 0x0, 0x0,
    0x6c, 0xff, 0xff, 0x94, 0x0, 0x0, 0x0, 0x0,
    0x6c, 0xff, 0xff, 0x94, 0x0, 0x0, 0x0, 0x0,
    0x6c, 0xff, 0xff, 0x94, 0x0, 0x0, 0x0, 0x0,
    0x6c, 0xff, 0xff, 0x94, 0x0, 0x0, 0x0, 0x0,
    0x6c, 0xff, 0xff, 0x94, 0x0, 0x0, 0x0, 0x0,
    0x6c, 0xff, 0xff, 0x94, 0x0, 0x0, 0x0, 0x0,
    0x6c, 0xff, 0xff, 0x94, 0x0, 0x0, 0x0, 0x0,
    0x6c, 0xff, 0xff, 0x94, 0x0, 0x0, 0x0, 0x0,
    0x6c, 0xff, 0xff, 0x94, 0x0, 0x0, 0x0, 0x0,
    0x6c, 0xff, 0xff, 0x94, 0x0, 0x0, 0x0, 0x0,
    0x6c, 0xff, 0xff, 0x94, 0x0, 0x0, 0x0, 0x0,
    0x6c, 0xff, 0xff, 0x94, 0x0, 0x0, 0x0, 0x0,
    0x6c, 0xff, 0xff, 0x94, 0x0, 0x0, 0x0, 0x0,
    0x6c, 0xff, 0xff, 0x94, 0x0, 0x0, 0x0, 0x0,
    0x6c, 0xff, 0xff, 0x94, 0x0, 0x0, 0x0, 0x0,
    0x6c, 0xff, 0xff, 0x94, 0x0, 0x0, 0x0, 0x0,
    0x6c, 0xff, 0xff, 0xde, 0xb0, 0xa5, 0x50, 0x0,
    0x6c, 0xff, 0xff, 0xff, 0xff, 0xff, 0xfd, 0x1f,
    0x6c, 0xff, 0xff, 0xff, 0xff, 0xff, 0xff, 0x53,

    /* U+005C "\\" */
    0xa2, 0xf4, 0xc2, 0xe, 0x0, 0x0, 0x0, 0x0,
    0x0, 0x0, 0x0, 0x0, 0x0, 0x90, 0xff, 0xff,
    0x99, 0x0, 0x0, 0x0, 0x0, 0x0, 0x0, 0x0,
    0x0, 0x0, 0x1b, 0xf9, 0xff, 0xf9, 0x1c, 0x0,
    0x0, 0x0, 0x0, 0x0, 0x0, 0x0, 0x0, 0x0,
    0x9a, 0xff, 0xff, 0x91, 0x0, 0x0, 0x0, 0x0,
    0x0, 0x0, 0x0, 0x0, 0x0, 0x22, 0xfc, 0xff,
    0xf6, 0x16, 0x0, 0x0, 0x0, 0x0, 0x0, 0x0,
    0x0, 0x0, 0x0, 0xa3, 0xff, 0xff, 0x89, 0x0,
    0x0, 0x0, 0x0, 0x0, 0x0, 0x0, 0x0, 0x0,
    0x29, 0xfd, 0xff, 0xf2, 0x11, 0x0, 0x0, 0x0,
    0x0, 0x0, 0x0, 0x0, 0x0, 0x0, 0xac, 0xff,
    0xff, 0x80, 0x0, 0x0, 0x0, 0x0, 0x0, 0x0,
    0x0, 0x0, 0x0, 0x30, 0xff, 0xff, 0xee, 0xd,
    0x0, 0x0, 0x0, 0x0, 0x0, 0x0, 0x0, 0x0,
    0x0, 0xb5, 0xff, 0xff, 0x78, 0x0, 0x0, 0x0,
    0x0, 0x0, 0x0, 0x0, 0x0, 0x0, 0x39, 0xff,
    0xff, 0xe9, 0x9, 0x0, 0x0, 0x0, 0x0, 0x0,
    0x0, 0x0, 0x0, 0x0, 0xbe, 0xff, 0xff, 0x6f,
    0x0, 0x0, 0x0, 0x0, 0x0, 0x0, 0x0, 0x0,
    0x0, 0x43, 0xff, 0xff, 0xe4, 0x6, 0x0, 0x0,
    0x0, 0x0, 0x0, 0x0, 0x0, 0x0, 0x0, 0xc7,
    0xff, 0xff, 0x66, 0x0, 0x0, 0x0, 0x0, 0x0,
    0x0, 0x0, 0x0, 0x0, 0x4c, 0xff, 0xff, 0xde,
    0x4, 0x0, 0x0, 0x0, 0x0, 0x0, 0x0, 0x0,
    0x0, 0x0, 0xcf, 0xff, 0xff, 0x5e, 0x0, 0x0,
    0x0, 0x0, 0x0, 0x0, 0x0, 0x0, 0x0, 0x55,
    0xff, 0xff, 0xd7, 0x2, 0x0, 0x0, 0x0, 0x0,
    0x0, 0x0, 0x0, 0x0, 0x2, 0xd7, 0xff, 0xff,
    0x55, 0x0, 0x0, 0x0, 0x0, 0x0, 0x0, 0x0,
    0x0, 0x0, 0x5e, 0xff, 0xff, 0xd0, 0x0, 0x0,
    0x0, 0x0, 0x0, 0x0, 0x0, 0x0, 0x0, 0x2,
    0xa3, 0xf6, 0xc7, 0x14,

    /* U+005D "]" */
    0xf4, 0xff, 0xff, 0xff, 0xff, 0xff, 0xcc, 0xbf,
    0xff, 0xff, 0xff, 0xff, 0xff, 0xcc, 0x1e, 0x90,
    0xa7, 0xb9, 0xff, 0xff, 0xcc, 0x0, 0x0, 0x0,
    0x34, 0xff, 0xff, 0xcc, 0x0, 0x0, 0x0, 0x34,
    0xff, 0xff, 0xcc, 0x0, 0x0, 0x0, 0x34, 0xff,
    0xff, 0xcc, 0x0, 0x0, 0x0, 0x34, 0xff, 0xff,
    0xcc, 0x0, 0x0, 0x0, 0x34, 0xff, 0xff, 0xcc,
    0x0, 0x0, 0x0, 0x34, 0xff, 0xff, 0xcc, 0x0,
    0x0, 0x0, 0x34, 0xff, 0xff, 0xcc, 0x0, 0x0,
    0x0, 0x34, 0xff, 0xff, 0xcc, 0x0, 0x0, 0x0,
    0x34, 0xff, 0xff, 0xcc, 0x0, 0x0, 0x0, 0x34,
    0xff, 0xff, 0xcc, 0x0, 0x0, 0x0, 0x34, 0xff,
    0xff, 0xcc, 0x0, 0x0, 0x0, 0x34, 0xff, 0xff,
    0xcc, 0x0, 0x0, 0x0, 0x34, 0xff, 0xff, 0xcc,
    0x0, 0x0, 0x0, 0x34, 0xff, 0xff, 0xcc, 0x0,
    0x0, 0x0, 0x34, 0xff, 0xff, 0xcc, 0x0, 0x0,
    0x0, 0x34, 0xff, 0xff, 0xcc, 0x0, 0x0, 0x0,
    0x34, 0xff, 0xff, 0xcc, 0x0, 0x0, 0x0, 0x34,
    0xff, 0xff, 0xcc, 0x1f, 0x96, 0xaf, 0xc0, 0xff,
    0xff, 0xcc, 0xbf, 0xff, 0xff, 0xff, 0xff, 0xff,
    0xcc, 0xf4, 0xff, 0xff, 0xff, 0xff, 0xff, 0xcc,

    /* U+005E "^" */
    0x0, 0x0, 0x0, 0x0, 0x0, 0x3, 0x63, 0x5b,
    0x0, 0x0, 0x0, 0x0, 0x0, 0x0, 0x0, 0x0,
    0x0, 0x0, 0x0, 0x81, 0xff, 0xff, 0x69, 0x0,
    0x0, 0x0, 0x0, 0x0, 0x0, 0x0, 0x0, 0x0,
    0x11, 0xf1, 0xff, 0xff, 0xe4, 0x7, 0x0, 0x0,
    0x0, 0x0, 0x0, 0x0, 0x0, 0x0, 0x83, 0xff,
    0xff, 0xff, 0xff, 0x6c, 0x0, 0x0, 0x0, 0x0,
    0x0, 0x0, 0x0, 0x10, 0xf1, 0xff, 0xed, 0xf5,
    0xff, 0xe4, 0x7, 0x0, 0x0, 0x0, 0x0, 0x0,
    0x0, 0x81, 0xff, 0xff, 0x7c, 0x8d, 0xff, 0xff,
    0x6d, 0x0, 0x0, 0x0, 0x0, 0x0, 0x10, 0xf0,
    0xff, 0xef, 0xf, 0x17, 0xf6, 0xff, 0xe5, 0x8,
    0x0, 0x0, 0x0, 0x0, 0x80, 0xff, 0xff, 0x81,
    0x0, 0x0, 0x91, 0xff, 0xff, 0x6e, 0x0, 0x0,
    0x0, 0xf, 0xef, 0xff, 0xf2, 0x12, 0x0, 0x0,
    0x1a, 0xf8, 0xff, 0xe5, 0x8, 0x0, 0x0, 0x7e,
    0xff, 0xff, 0x86, 0x0, 0x0, 0x0, 0x0, 0x95,
    0xff, 0xff, 0x6e, 0x0, 0xe, 0xee, 0xff, 0xf4,
    0x14, 0x0, 0x0, 0x0, 0x0, 0x1d, 0xf9, 0xff,
    0xe6, 0x8, 0x7d, 0xff, 0xff, 0x8c, 0x0, 0x0,
    0x0, 0x0, 0x0, 0x0, 0x99, 0xff, 0xff, 0x6f,
    0xb8, 0xf3, 0xb8, 0x11, 0x0, 0x0, 0x0, 0x0,
    0x0, 0x0, 0x17, 0xbf, 0xf4, 0xac,

    /* U+005F "_" */
    0x5, 0x5c, 0x77, 0x78, 0x78, 0x78, 0x78, 0x78,
    0x78, 0x78, 0x78, 0x78, 0x78, 0x7, 0xa0, 0xff,
    0xff, 0xff, 0xff, 0xff, 0xff, 0xff, 0xff, 0xff,
    0xff, 0xff, 0xf0, 0x1, 0xf0, 0xff, 0xff, 0xff,
    0xff, 0xff, 0xff, 0xff, 0xff, 0xff, 0xff, 0xec,
    0x61, 0x0,

    /* U+0060 "`" */
    0x67, 0x7f, 0x6f, 0x21, 0x0, 0x0, 0x0, 0x3e,
    0xfb, 0xff, 0xf3, 0x27, 0x0, 0x0, 0x0, 0x75,
    0xff, 0xff, 0xb0, 0x0, 0x0, 0x0, 0x0, 0xae,
    0xff, 0xff, 0x3b, 0x0, 0x0, 0x0, 0xf, 0xdb,
    0xff, 0xc6, 0x0, 0x0, 0x0, 0x0, 0x29, 0xd5,
    0xfe, 0x52,

    /* U+0061 "a" */
    0x0, 0x7, 0x6a, 0xbb, 0xea, 0xfb, 0xf1, 0xc8,
    0x72, 0x7, 0x0, 0x0, 0xa, 0xcf, 0xff, 0xff,
    0xff, 0xff, 0xff, 0xff, 0xff, 0xcc, 0xf, 0x0,
    0x39, 0xff, 0xf5, 0x96, 0x59, 0x4a, 0x68, 0xcf,
    0xff, 0xff, 0x91, 0x0, 0x0, 0x68, 0x26, 0x0,
    0x0, 0x0, 0x0, 0xb, 0xe6, 0xff, 0xe7, 0x0,
    0x0, 0x4, 0x6d, 0xc9, 0xf1, 0xf4, 0xca, 0x68,
    0xb7, 0xff, 0xff, 0x5, 0x8, 0xc1, 0xff, 0xff,
    0xff, 0xff, 0xff, 0xff, 0xd9, 0xff, 0xff, 0x8,
    0x81, 0xff, 0xff, 0xc7, 0x4a, 0x2d, 0x51, 0xca,
    0xff, 0xff, 0xff, 0x8, 0xdc, 0xff, 0xf0, 0x10,
    0x0, 0x0, 0x0, 0xd, 0xe8, 0xff, 0xff, 0x8,
    0xf8, 0xff, 0xcb, 0x0, 0x0, 0x0, 0x0, 0x0,
    0xb9, 0xff, 0xff, 0x8, 0xe0, 0xff, 0xee, 0xc,
    0x0, 0x0, 0x0, 0xc, 0xe6, 0xff, 0xff, 0x8,
    0x8c, 0xff, 0xff, 0xc2, 0x4a, 0x30, 0x52, 0xc8,
    0xff, 0xff, 0xff, 0x8, 0xd, 0xd2, 0xff, 0xff,
    0xff, 0xff, 0xff, 0xff, 0xc0, 0xff, 0xf1, 0x0,
    0x0, 0xb, 0x83, 0xd8, 0xf8, 0xed, 0xb8, 0x44,
    0x93, 0xdd, 0x5c, 0x0,

    /* U+0062 "b" */
    0x2, 0x8e, 0xe6, 0x65, 0x0, 0x0, 0x0, 0x0,
    0x0, 0x0, 0x0, 0x0, 0x51, 0xff, 0xff, 0x68,
    0x0, 0x0, 0x0, 0x0, 0x0, 0x0, 0x0, 0x0,
    0x6c, 0xff, 0xff, 0x68, 0x0, 0x0, 0x0, 0x0,
    0x0, 0x0, 0x0, 0x0, 0x6c, 0xff, 0xff, 0x68,
    0x0, 0x0, 0x0, 0x0, 0x0, 0x0, 0x0, 0x0,
    0x6c, 0xff, 0xff, 0x68, 0x0, 0x0, 0x0, 0x0,
    0x0, 0x0, 0x0, 0x0, 0x6c, 0xff, 0xff, 0x6f,
    0x6e, 0xca, 0xf6, 0xf2, 0xc3, 0x5a, 0x0, 0x0,
    0x6c, 0xff, 0xfa, 0xdc, 0xff, 0xff, 0xff, 0xff,
    0xff, 0xff, 0x94, 0x0, 0x6c, 0xff, 0xff, 0xff,
    0xe0, 0x8e, 0x85, 0xbd, 0xff, 0xff, 0xff, 0x40,
    0x6c, 0xff, 0xff, 0xc5, 0x8, 0x0, 0x0, 0x0,
    0x83, 0xff, 0xff, 0x90, 0x6c, 0xff, 0xff, 0x68,
    0x0, 0x0, 0x0, 0x0, 0x2a, 0xff, 0xff, 0xa9,
    0x6c, 0xff, 0xff, 0x60, 0x0, 0x0, 0x0, 0x0,
    0x20, 0xff, 0xff, 0xac, 0x6c, 0xff, 0xff, 0x60,
    0x0, 0x0, 0x0, 0x0, 0x20, 0xff, 0xff, 0xac,
    0x6c, 0xff, 0xff, 0x60, 0x0, 0x0, 0x0, 0x0,
    0x20, 0xff, 0xff, 0xac, 0x6c, 0xff, 0xff, 0x69,
    0x0, 0x0, 0x0, 0x0, 0x2b, 0xff, 0xff, 0xa8,
    0x6c, 0xff, 0xff, 0xc6, 0x8, 0x0, 0x0, 0x0,
    0x85, 0xff, 0xff, 0x88, 0x6c, 0xff, 0xf8, 0xff,
    0xe3, 0x98, 0x8f, 0xc3, 0xff, 0xff, 0xfe, 0x2d,
    0x6c, 0xff, 0xf5, 0xa3, 0xff, 0xff, 0xff, 0xff,
    0xff, 0xff, 0x74, 0x0, 0x6a, 0xec, 0x99, 0x2,
    0x5b, 0xc8, 0xf4, 0xef, 0xb8, 0x44, 0x0, 0x0,

    /* U+0063 "c" */
    0x0, 0x0, 0x20, 0x92, 0xdb, 0xf7, 0xf1, 0xcd,
    0x81, 0x12, 0x0, 0x0, 0x47, 0xf4, 0xff, 0xff,
    0xff, 0xff, 0xff, 0xff, 0xe2, 0x20, 0x13, 0xf1,
    0xff, 0xff, 0xcd, 0x87, 0x93, 0xec, 0xff, 0xff,
    0xa2, 0x6e, 0xff, 0xff, 0xa9, 0x2, 0x0, 0x0,
    0x18, 0xe7, 0xff, 0xc4, 0x96, 0xff, 0xff, 0x3e,
    0x0, 0x0, 0x0, 0x0, 0x87, 0xd8, 0x46, 0xa0,
    0xff, 0xff, 0x2c, 0x0, 0x0, 0x0, 0x0, 0x0,
    0x0, 0x0, 0xa0, 0xff, 0xff, 0x2c, 0x0, 0x0,
    0x0, 0x0, 0x0, 0x0, 0x0, 0xa0, 0xff, 0xff,
    0x2c, 0x0, 0x0, 0x0, 0x0, 0x0, 0x0, 0x0,
    0x9a, 0xff, 0xff, 0x3b, 0x0, 0x0, 0x0, 0x0,
    0x7a, 0xdb, 0x51, 0x77, 0xff, 0xff, 0xa5, 0x2,
    0x0, 0x0, 0x15, 0xe0, 0xff, 0xd9, 0x1a, 0xf7,
    0xff, 0xff, 0xd4, 0x92, 0x9b, 0xec, 0xff, 0xff,
    0xb6, 0x0, 0x51, 0xf7, 0xff, 0xff, 0xff, 0xff,
    0xff, 0xff, 0xe9, 0x2b, 0x0, 0x0, 0x25, 0x97,
    0xdc, 0xf7, 0xf3, 0xd1, 0x87, 0x17, 0x0,

    /* U+0064 "d" */
    0x0, 0x0, 0x0, 0x0, 0x0, 0x0, 0x0, 0x0,
    0x0, 0x81, 0xe3, 0x74, 0x0, 0x0, 0x0, 0x0,
    0x0, 0x0, 0x0, 0x0, 0x3d, 0xff, 0xff, 0x78,
    0x0, 0x0, 0x0, 0x0, 0x0, 0x0, 0x0, 0x0,
    0x58, 0xff, 0xff, 0x78, 0x0, 0x0, 0x0, 0x0,
    0x0, 0x0, 0x0, 0x0, 0x58, 0xff, 0xff, 0x78,
    0x0, 0x0, 0x0, 0x0, 0x0, 0x0, 0x0, 0x0,
    0x58, 0xff, 0xff, 0x78, 0x0, 0x0, 0x3b, 0xac,
    0xe8, 0xf8, 0xd8, 0x81, 0x66, 0xff, 0xff, 0x78,
    0x0, 0x6d, 0xfe, 0xff, 0xff, 0xff, 0xff, 0xff,
    0xe4, 0xf8, 0xff, 0x78, 0x28, 0xfd, 0xff, 0xff,
    0xbf, 0x85, 0x8c, 0xd6, 0xff, 0xff, 0xff, 0x78,
    0x7f, 0xff, 0xff, 0x8b, 0x0, 0x0, 0x0, 0x3,
    0xb7, 0xff, 0xff, 0x78, 0x9c, 0xff, 0xff, 0x35,
    0x0, 0x0, 0x0, 0x0, 0x5b, 0xff, 0xff, 0x78,
    0xa0, 0xff, 0xff, 0x2c, 0x0, 0x0, 0x0, 0x0,
    0x54, 0xff, 0xff, 0x78, 0xa0, 0xff, 0xff, 0x2c,
    0x0, 0x0, 0x0, 0x0, 0x54, 0xff, 0xff, 0x78,
    0xa0, 0xff, 0xff, 0x2c, 0x0, 0x0, 0x0, 0x0,
    0x54, 0xff, 0xff, 0x78, 0x9c, 0xff, 0xff, 0x36,
    0x0, 0x0, 0x0, 0x0, 0x5d, 0xff, 0xff, 0x78,
    0x7f, 0xff, 0xff, 0x8e, 0x0, 0x0, 0x0, 0x6,
    0xbe, 0xff, 0xff, 0x78, 0x2b, 0xfe, 0xff, 0xff,
    0xc7, 0x90, 0x97, 0xe0, 0xff, 0xf7, 0xff, 0x77,
    0x0, 0x7a, 0xff, 0xff, 0xff, 0xff, 0xff, 0xff,
    0xab, 0xf2, 0xff, 0x59, 0x0, 0x0, 0x4a, 0xba,
    0xee, 0xf5, 0xd0, 0x66, 0x20, 0xed, 0x9b, 0x4,

    /* U+0065 "e" */
    0x0, 0x0, 0xd, 0x7c, 0xd0, 0xf4, 0xf0, 0xc7,
    0x6c, 0x5, 0x0, 0x0, 0x0, 0x28, 0xe1, 0xff,
    0xff, 0xff, 0xff, 0xff, 0xff, 0xcb, 0xf, 0x0,
    0x7, 0xde, 0xff, 0xf8, 0x8e, 0x51, 0x5a, 0xad,
    0xff, 0xff, 0xa4, 0x0, 0x60, 0xff, 0xff, 0x66,
    0x0, 0x0, 0x0, 0x0, 0xa7, 0xff, 0xfc, 0x10,
    0x92, 0xff, 0xff, 0x1d, 0x0, 0x0, 0x0, 0x0,
    0x5e, 0xff, 0xff, 0x32, 0xa0, 0xff, 0xff, 0xff,
    0xff, 0xff, 0xff, 0xff, 0xff, 0xff, 0xff, 0x37,
    0xa0, 0xff, 0xff, 0xff, 0xff, 0xff, 0xff, 0xff,
    0xff, 0xff, 0xea, 0x14, 0xa0, 0xff, 0xff, 0x35,
    0x20, 0x20, 0x20, 0x20, 0x20, 0x1f, 0x8, 0x0,
    0x97, 0xff, 0xff, 0x30, 0x0, 0x0, 0x0, 0x0,
    0x50, 0x9a, 0x2d, 0x0, 0x6e, 0xff, 0xff, 0x91,
    0x0, 0x0, 0x0, 0x0, 0xbc, 0xff, 0xd4, 0x0,
    0x10, 0xed, 0xff, 0xff, 0xab, 0x64, 0x68, 0xba,
    0xff, 0xff, 0xc0, 0x0, 0x0, 0x3b, 0xed, 0xff,
    0xff, 0xff, 0xff, 0xff, 0xff, 0xe4, 0x2a, 0x0,
    0x0, 0x0, 0x17, 0x88, 0xd6, 0xf5, 0xf3, 0xcc,
    0x7b, 0x10, 0x0, 0x0,

    /* U+0066 "f" */
    0x0, 0x0, 0x0, 0x0, 0x6c, 0xd4, 0xf8, 0xea,
    0x91, 0x4, 0x0, 0x0, 0x0, 0x7f, 0xff, 0xff,
    0xff, 0xff, 0xff, 0x5c, 0x0, 0x0, 0x9, 0xf5,
    0xff, 0xfc, 0x9a, 0x82, 0xb7, 0x3c, 0x0, 0x0,
    0x30, 0xff, 0xff, 0xac, 0x0, 0x0, 0x0, 0x0,
    0x0, 0x0, 0x38, 0xff, 0xff, 0x94, 0x0, 0x0,
    0x0, 0x0, 0x2, 0xc0, 0xff, 0xff, 0xff, 0xff,
    0xff, 0xff, 0xb9, 0x0, 0x2f, 0xff, 0xff, 0xff,
    0xff, 0xff, 0xff, 0xfd, 0x60, 0x0, 0xa, 0x2c,
    0x5a, 0xff, 0xff, 0xa6, 0x2b, 0x15, 0x0, 0x0,
    0x0, 0x0, 0x38, 0xff, 0xff, 0x94, 0x0, 0x0,
    0x0, 0x0, 0x0, 0x0, 0x38, 0xff, 0xff, 0x94,
    0x0, 0x0, 0x0, 0x0, 0x0, 0x0, 0x38, 0xff,
    0xff, 0x94, 0x0, 0x0, 0x0, 0x0, 0x0, 0x0,
    0x38, 0xff, 0xff, 0x94, 0x0, 0x0, 0x0, 0x0,
    0x0, 0x0, 0x38, 0xff, 0xff, 0x94, 0x0, 0x0,
    0x0, 0x0, 0x0, 0x0, 0x38, 0xff, 0xff, 0x94,
    0x0, 0x0, 0x0, 0x0, 0x0, 0x0, 0x38, 0xff,
    0xff, 0x94, 0x0, 0x0, 0x0, 0x0, 0x0, 0x0,
    0x38, 0xff, 0xff, 0x94, 0x0, 0x0, 0x0, 0x0,
    0x0, 0x0, 0x38, 0xff, 0xff, 0x81, 0x0, 0x0,
    0x0, 0x0, 0x0, 0x0, 0x37, 0xf0, 0xb4, 0x16,
    0x0, 0x0, 0x0, 0x0,

    /* U+0067 "g" */
    0x0, 0x0, 0x45, 0xb8, 0xee, 0xf2, 0xc1, 0x4f,
    0x6, 0x9f, 0xec, 0x5e, 0x0, 0x77, 0xff, 0xff,
    0xff, 0xff, 0xff, 0xff, 0xa2, 0xf9, 0xff, 0x60,
    0x35, 0xfe, 0xff, 0xfe, 0xb3, 0x7f, 0x8d, 0xe4,
    0xff, 0xf9, 0xff, 0x60, 0x97, 0xff, 0xff, 0x70,
    0x0, 0x0, 0x0, 0xd, 0xd3, 0xff, 0xff, 0x60,
    0xba, 0xff, 0xff, 0x18, 0x0, 0x0, 0x0, 0x0,
    0x77, 0xff, 0xff, 0x60, 0xc0, 0xff, 0xff, 0xc,
    0x0, 0x0, 0x0, 0x0, 0x6c, 0xff, 0xff, 0x60,
    0xc0, 0xff, 0xff, 0xc, 0x0, 0x0, 0x0, 0x0,
    0x6c, 0xff, 0xff, 0x60, 0xc0, 0xff, 0xff, 0xc,
    0x0, 0x0, 0x0, 0x0, 0x6c, 0xff, 0xff, 0x60,
    0xbb, 0xff, 0xff, 0x17, 0x0, 0x0, 0x0, 0x0,
    0x77, 0xff, 0xff, 0x60, 0x9b, 0xff, 0xff, 0x6e,
    0x0, 0x0, 0x0, 0xf, 0xd5, 0xff, 0xff, 0x60,
    0x41, 0xff, 0xff, 0xfe, 0xb3, 0x82, 0x92, 0xe8,
    0xff, 0xff, 0xff, 0x60, 0x0, 0x8b, 0xff, 0xff,
    0xff, 0xff, 0xff, 0xff, 0xd9, 0xfe, 0xff, 0x60,
    0x0, 0x0, 0x53, 0xbf, 0xef, 0xf5, 0xc6, 0x66,
    0x7c, 0xff, 0xff, 0x5c, 0x0, 0x20, 0x3b, 0x0,
    0x0, 0x0, 0x0, 0x0, 0x89, 0xff, 0xff, 0x40,
    0x2b, 0xfb, 0xee, 0x14, 0x0, 0x0, 0x0, 0x4,
    0xd4, 0xff, 0xf2, 0xc, 0x39, 0xff, 0xff, 0xdb,
    0x74, 0x53, 0x68, 0xc7, 0xff, 0xff, 0x84, 0x0,
    0x0, 0xa3, 0xff, 0xff, 0xff, 0xff, 0xff, 0xff,
    0xff, 0xab, 0x3, 0x0, 0x0, 0x0, 0x53, 0xb4,
    0xe8, 0xfa, 0xe9, 0xb9, 0x56, 0x0, 0x0, 0x0,

    /* U+0068 "h" */
    0x0, 0x7e, 0xe3, 0x5d, 0x0, 0x0, 0x0, 0x0,
    0x0, 0x0, 0x0, 0x0, 0x44, 0xff, 0xff, 0x60,
    0x0, 0x0, 0x0, 0x0, 0x0, 0x0, 0x0, 0x0,
    0x6a, 0xff, 0xff, 0x60, 0x0, 0x0, 0x0, 0x0,
    0x0, 0x0, 0x0, 0x0, 0x6c, 0xff, 0xff, 0x60,
    0x0, 0x0, 0x0, 0x0, 0x0, 0x0, 0x0, 0x0,
    0x6c, 0xff, 0xff, 0x60, 0x0, 0x0, 0x0, 0x0,
    0x0, 0x0, 0x0, 0x0, 0x6c, 0xff, 0xff, 0x60,
    0x24, 0x9e, 0xe5, 0xf7, 0xd6, 0x75, 0x3, 0x0,
    0x6c, 0xff, 0xff, 0x92, 0xf2, 0xff, 0xff, 0xff,
    0xff, 0xff, 0xa8, 0x0, 0x6c, 0xff, 0xf4, 0xf2,
    0xfa, 0xa7, 0x82, 0xaf, 0xff, 0xff, 0xff, 0x44,
    0x6c, 0xff, 0xff, 0xf4, 0x32, 0x0, 0x0, 0x0,
    0x80, 0xff, 0xff, 0x91, 0x6c, 0xff, 0xff, 0x8b,
    0x0, 0x0, 0x0, 0x0, 0x2c, 0xff, 0xff, 0xaa,
    0x6c, 0xff, 0xff, 0x61, 0x0, 0x0, 0x0, 0x0,
    0x20, 0xff, 0xff, 0xac, 0x6c, 0xff, 0xff, 0x60,
    0x0, 0x0, 0x0, 0x0, 0x20, 0xff, 0xff, 0xac,
    0x6c, 0xff, 0xff, 0x60, 0x0, 0x0, 0x0, 0x0,
    0x20, 0xff, 0xff, 0xac, 0x6c, 0xff, 0xff, 0x60,
    0x0, 0x0, 0x0, 0x0, 0x20, 0xff, 0xff, 0xac,
    0x6c, 0xff, 0xff, 0x60, 0x0, 0x0, 0x0, 0x0,
    0x20, 0xff, 0xff, 0xac, 0x6c, 0xff, 0xff, 0x60,
    0x0, 0x0, 0x0, 0x0, 0x20, 0xff, 0xff, 0xac,
    0x6c, 0xff, 0xff, 0x4e, 0x0, 0x0, 0x0, 0x0,
    0x20, 0xff, 0xff, 0x99, 0x6a, 0xea, 0x9a, 0x6,
    0x0, 0x0, 0x0, 0x0, 0x1f, 0xf3, 0xbf, 0x23,

    /* U+0069 "i" */
    0x8, 0xb2, 0xf5, 0xb2, 0x8, 0x5a, 0xff, 0xff,
    0xff, 0x5a, 0x3c, 0xff, 0xff, 0xff, 0x3c, 0x0,
    0x57, 0x99, 0x56, 0x0, 0x0, 0x0, 0x0, 0x0,
    0x0, 0x0, 0x48, 0xd0, 0xde, 0x0, 0x0, 0xd6,
    0xff, 0xe8, 0x0, 0x0, 0xe8, 0xff, 0xe8, 0x0,
    0x0, 0xe8, 0xff, 0xe8, 0x0, 0x0, 0xe8, 0xff,
    0xe8, 0x0, 0x0, 0xe8, 0xff, 0xe8, 0x0, 0x0,
    0xe8, 0xff, 0xe8, 0x0, 0x0, 0xe8, 0xff, 0xe8,
    0x0, 0x0, 0xe8, 0xff, 0xe8, 0x0, 0x0, 0xe8,
    0xff, 0xe8, 0x0, 0x0, 0xe8, 0xff, 0xe8, 0x0,
    0x0, 0xe8, 0xff, 0xd5, 0x0, 0x0, 0xdf, 0xd1,
    0x47, 0x0,

    /* U+006A "j" */
    0x0, 0x0, 0x0, 0x0, 0x3, 0xa5, 0xf4, 0xbd,
    0xf, 0x0, 0x0, 0x0, 0x0, 0x46, 0xff, 0xff,
    0xff, 0x6e, 0x0, 0x0, 0x0, 0x0, 0x2b, 0xfd,
    0xff, 0xff, 0x50, 0x0, 0x0, 0x0, 0x0, 0x0,
    0x4b, 0x98, 0x61, 0x0, 0x0, 0x0, 0x0, 0x0,
    0x0, 0x0, 0x0, 0x0, 0x0, 0x0, 0x0, 0x0,
    0x0, 0x0, 0x3c, 0xcb, 0xed, 0x0, 0x0, 0x0,
    0x0, 0x0, 0x0, 0xc3, 0xff, 0xf8, 0x0, 0x0,
    0x0, 0x0, 0x0, 0x0, 0xd4, 0xff, 0xf8, 0x0,
    0x0, 0x0, 0x0, 0x0, 0x0, 0xd4, 0xff, 0xf8,
    0x0, 0x0, 0x0, 0x0, 0x0, 0x0, 0xd4, 0xff,
    0xf8, 0x0, 0x0, 0x0, 0x0, 0x0, 0x0, 0xd4,
    0xff, 0xf8, 0x0, 0x0, 0x0, 0x0, 0x0, 0x0,
    0xd4, 0xff, 0xf8, 0x0, 0x0, 0x0, 0x0, 0x0,
    0x0, 0xd4, 0xff, 0xf8, 0x0, 0x0, 0x0, 0x0,
    0x0, 0x0, 0xd4, 0xff, 0xf8, 0x0, 0x0, 0x0,
    0x0, 0x0, 0x0, 0xd4, 0xff, 0xf8, 0x0, 0x0,
    0x0, 0x0, 0x0, 0x0, 0xd4, 0xff, 0xf8, 0x0,
    0x0, 0x0, 0x0, 0x0, 0x0, 0xd4, 0xff, 0xf8,
    0x0, 0x0, 0x0, 0x0, 0x0, 0x0, 0xd4, 0xff,
    0xf8, 0x0, 0x0, 0x0, 0x0, 0x0, 0x0, 0xd7,
    0xff, 0xf6, 0x0, 0x0, 0x15, 0x0, 0x0, 0x12,
    0xf6, 0xff, 0xde, 0x0, 0x28, 0xf8, 0xa2, 0x87,
    0xd4, 0xff, 0xff, 0x93, 0x0, 0x17, 0xf8, 0xff,
    0xff, 0xff, 0xff, 0xe3, 0x15, 0x0, 0x0, 0x46,
    0xcc, 0xf7, 0xe7, 0x9d, 0x18, 0x0, 0x0,

    /* U+006B "k" */
    0x0, 0x86, 0xe5, 0x5d, 0x0, 0x0, 0x0, 0x0,
    0x0, 0x0, 0x0, 0x0, 0x48, 0xff, 0xff, 0x60,
    0x0, 0x0, 0x0, 0x0, 0x0, 0x0, 0x0, 0x0,
    0x6b, 0xff, 0xff, 0x60, 0x0, 0x0, 0x0, 0x0,
    0x0, 0x0, 0x0, 0x0, 0x6c, 0xff, 0xff, 0x60,
    0x0, 0x0, 0x0, 0x0, 0x0, 0x0, 0x0, 0x0,
    0x6c, 0xff, 0xff, 0x60, 0x0, 0x0, 0x0, 0x0,
    0x0, 0x0, 0x0, 0x0, 0x6c, 0xff, 0xff, 0x60,
    0x0, 0x0, 0x0, 0x0, 0x58, 0xaa, 0x2, 0x0,
    0x6c, 0xff, 0xff, 0x60, 0x0, 0x0, 0x0, 0x6b,
    0xfd, 0xff, 0x35, 0x0, 0x6c, 0xff, 0xff, 0x60,
    0x0, 0x0, 0x7f, 0xff, 0xff, 0xb6, 0x4, 0x0,
    0x6c, 0xff, 0xff, 0x60, 0x1, 0x93, 0xff, 0xff,
    0xa9, 0x6, 0x0, 0x0, 0x6c, 0xff, 0xff, 0x65,
    0xa7, 0xff, 0xff, 0x97, 0x2, 0x0, 0x0, 0x0,
    0x6c, 0xff, 0xff, 0xec, 0xff, 0xff, 0xed, 0xb,
    0x0, 0x0, 0x0, 0x0, 0x6c, 0xff, 0xff, 0xff,
    0xff, 0xfa, 0xff, 0x98, 0x0, 0x0, 0x0, 0x0,
    0x6c, 0xff, 0xff, 0xfc, 0x60, 0x76, 0xff, 0xff,
    0x4a, 0x0, 0x0, 0x0, 0x6c, 0xff, 0xff, 0x72,
    0x0, 0x3, 0xc8, 0xff, 0xe7, 0x14, 0x0, 0x0,
    0x6c, 0xff, 0xff, 0x58, 0x0, 0x0, 0x29, 0xf8,
    0xff, 0xad, 0x0, 0x0, 0x6c, 0xff, 0xff, 0x58,
    0x0, 0x0, 0x0, 0x78, 0xff, 0xff, 0x5f, 0x0,
    0x6c, 0xff, 0xff, 0x46, 0x0, 0x0, 0x0, 0x3,
    0xc9, 0xff, 0xf1, 0x1f, 0x6a, 0xea, 0x97, 0x4,
    0x0, 0x0, 0x0, 0x0, 0x26, 0xd9, 0xe6, 0x3d,

    /* U+006C "l" */
    0x10, 0xad, 0xee, 0x4a, 0x0, 0x0, 0x0, 0x0,
    0x6f, 0xff, 0xff, 0x4c, 0x0, 0x0, 0x0, 0x0,
    0x80, 0xff, 0xff, 0x4c, 0x0, 0x0, 0x0, 0x0,
    0x80, 0xff, 0xff, 0x4c, 0x0, 0x0, 0x0, 0x0,
    0x80, 0xff, 0xff, 0x4c, 0x0, 0x0, 0x0, 0x0,
    0x80, 0xff, 0xff, 0x4c, 0x0, 0x0, 0x0, 0x0,
    0x80, 0xff, 0xff, 0x4c, 0x0, 0x0, 0x0, 0x0,
    0x80, 0xff, 0xff, 0x4c, 0x0, 0x0, 0x0, 0x0,
    0x80, 0xff, 0xff, 0x4c, 0x0, 0x0, 0x0, 0x0,
    0x80, 0xff, 0xff, 0x4c, 0x0, 0x0, 0x0, 0x0,
    0x80, 0xff, 0xff, 0x4c, 0x0, 0x0, 0x0, 0x0,
    0x80, 0xff, 0xff, 0x4c, 0x0, 0x0, 0x0, 0x0,
    0x80, 0xff, 0xff, 0x4c, 0x0, 0x0, 0x0, 0x0,
    0x7f, 0xff, 0xff, 0x4c, 0x0, 0x0, 0x0, 0x0,
    0x6b, 0xff, 0xff, 0x6b, 0x0, 0x0, 0x0, 0x0,
    0x39, 0xff, 0xff, 0xef, 0x94, 0x95, 0xd0, 0xf,
    0x0, 0xb6, 0xff, 0xff, 0xff, 0xff, 0xfd, 0x1b,
    0x0, 0xe, 0x95, 0xe5, 0xfa, 0xda, 0x5b, 0x0,

    /* U+006D "m" */
    0x1, 0x8c, 0xe9, 0x37, 0x5b, 0xd3, 0xf6, 0xd4,
    0x4e, 0x0, 0xd, 0x8d, 0xe2, 0xf8, 0xd1, 0x4c,
    0x0, 0x0, 0x48, 0xff, 0xfe, 0x9d, 0xff, 0xff,
    0xff, 0xff, 0xfc, 0x41, 0xd2, 0xff, 0xff, 0xff,
    0xff, 0xfc, 0x38, 0x0, 0x6b, 0xff, 0xec, 0xfd,
    0xc6, 0x7a, 0xa7, 0xff, 0xff, 0xfa, 0xff, 0xb3,
    0x78, 0xbe, 0xff, 0xff, 0xbb, 0x0, 0x6c, 0xff,
    0xff, 0xc5, 0x3, 0x0, 0x0, 0xbe, 0xff, 0xff,
    0x9e, 0x0, 0x0, 0x4, 0xe2, 0xff, 0xf3, 0x0,
    0x6c, 0xff, 0xff, 0x6a, 0x0, 0x0, 0x0, 0x8d,
    0xff, 0xff, 0x47, 0x0, 0x0, 0x0, 0xb2, 0xff,
    0xff, 0x11, 0x6c, 0xff, 0xff, 0x54, 0x0, 0x0,
    0x0, 0x88, 0xff, 0xff, 0x34, 0x0, 0x0, 0x0,
    0xac, 0xff, 0xff, 0x14, 0x6c, 0xff, 0xff, 0x54,
    0x0, 0x0, 0x0, 0x88, 0xff, 0xff, 0x34, 0x0,
    0x0, 0x0, 0xac, 0xff, 0xff, 0x14, 0x6c, 0xff,
    0xff, 0x54, 0x0, 0x0, 0x0, 0x88, 0xff, 0xff,
    0x34, 0x0, 0x0, 0x0, 0xac, 0xff, 0xff, 0x14,
    0x6c, 0xff, 0xff, 0x54, 0x0, 0x0, 0x0, 0x88,
    0xff, 0xff, 0x34, 0x0, 0x0, 0x0, 0xac, 0xff,
    0xff, 0x14, 0x6c, 0xff, 0xff, 0x54, 0x0, 0x0,
    0x0, 0x88, 0xff, 0xff, 0x34, 0x0, 0x0, 0x0,
    0xac, 0xff, 0xff, 0x14, 0x6c, 0xff, 0xff, 0x54,
    0x0, 0x0, 0x0, 0x88, 0xff, 0xff, 0x34, 0x0,
    0x0, 0x0, 0xac, 0xff, 0xff, 0x14, 0x6c, 0xff,
    0xff, 0x42, 0x0, 0x0, 0x0, 0x88, 0xff, 0xff,
    0x22, 0x0, 0x0, 0x0, 0xac, 0xff, 0xfa, 0x7,
    0x6a, 0xe9, 0x95, 0x4, 0x0, 0x0, 0x0, 0x85,
    0xe5, 0x80, 0x0, 0x0, 0x0, 0x0, 0xa7, 0xde,
    0x68, 0x0,

    /* U+006E "n" */
    0x1, 0x8b, 0xe8, 0x3f, 0x2d, 0xa2, 0xe5, 0xf7,
    0xd6, 0x75, 0x3, 0x0, 0x48, 0xff, 0xfe, 0x88,
    0xf8, 0xff, 0xff, 0xff, 0xff, 0xff, 0xa8, 0x0,
    0x6b, 0xff, 0xeb, 0xf9, 0xfa, 0xa7, 0x82, 0xaf,
    0xff, 0xff, 0xff, 0x44, 0x6c, 0xff, 0xff, 0xf4,
    0x32, 0x0, 0x0, 0x0, 0x80, 0xff, 0xff, 0x91,
    0x6c, 0xff, 0xff, 0x8b, 0x0, 0x0, 0x0, 0x0,
    0x2c, 0xff, 0xff, 0xaa, 0x6c, 0xff, 0xff, 0x61,
    0x0, 0x0, 0x0, 0x0, 0x20, 0xff, 0xff, 0xac,
    0x6c, 0xff, 0xff, 0x60, 0x0, 0x0, 0x0, 0x0,
    0x20, 0xff, 0xff, 0xac, 0x6c, 0xff, 0xff, 0x60,
    0x0, 0x0, 0x0, 0x0, 0x20, 0xff, 0xff, 0xac,
    0x6c, 0xff, 0xff, 0x60, 0x0, 0x0, 0x0, 0x0,
    0x20, 0xff, 0xff, 0xac, 0x6c, 0xff, 0xff, 0x60,
    0x0, 0x0, 0x0, 0x0, 0x20, 0xff, 0xff, 0xac,
    0x6c, 0xff, 0xff, 0x60, 0x0, 0x0, 0x0, 0x0,
    0x20, 0xff, 0xff, 0xac, 0x6c, 0xff, 0xff, 0x4e,
    0x0, 0x0, 0x0, 0x0, 0x20, 0xff, 0xff, 0x99,
    0x6a, 0xea, 0x9c, 0x6, 0x0, 0x0, 0x0, 0x0,
    0x1f, 0xf3, 0xbf, 0x23,

    /* U+006F "o" */
    0x0, 0x0, 0x38, 0xa2, 0xe1, 0xf8, 0xea, 0xbb,
    0x5d, 0x1, 0x0, 0x0, 0x0, 0x7f, 0xfe, 0xff,
    0xff, 0xff, 0xff, 0xff, 0xff, 0xbd, 0xa, 0x0,
    0x57, 0xff, 0xff, 0xfc, 0xa9, 0x7e, 0x94, 0xed,
    0xff, 0xff, 0x9f, 0x0, 0xc9, 0xff, 0xfe, 0x48,
    0x0, 0x0, 0x0, 0x16, 0xe4, 0xff, 0xfc, 0x17,
    0xf5, 0xff, 0xda, 0x0, 0x0, 0x0, 0x0, 0x0,
    0x8b, 0xff, 0xff, 0x41, 0xff, 0xff, 0xc8, 0x0,
    0x0, 0x0, 0x0, 0x0, 0x78, 0xff, 0xff, 0x4c,
    0xff, 0xff, 0xc8, 0x0, 0x0, 0x0, 0x0, 0x0,
    0x78, 0xff, 0xff, 0x4c, 0xff, 0xff, 0xc8, 0x0,
    0x0, 0x0, 0x0, 0x0, 0x78, 0xff, 0xff, 0x4c,
    0xfa, 0xff, 0xd6, 0x0, 0x0, 0x0, 0x0, 0x0,
    0x87, 0xff, 0xff, 0x46, 0xd4, 0xff, 0xfd, 0x3f,
    0x0, 0x0, 0x0, 0x12, 0xdd, 0xff, 0xff, 0x20,
    0x68, 0xff, 0xff, 0xfb, 0xab, 0x84, 0x98, 0xeb,
    0xff, 0xff, 0xb3, 0x0, 0x0, 0x90, 0xff, 0xff,
    0xff, 0xff, 0xff, 0xff, 0xff, 0xc9, 0x11, 0x0,
    0x0, 0x0, 0x3f, 0xa6, 0xe3, 0xf9, 0xeb, 0xbd,
    0x63, 0x3, 0x0, 0x0,

    /* U+0070 "p" */
    0x1, 0x8c, 0xe9, 0x2b, 0x5d, 0xc9, 0xf3, 0xf4,
    0xc7, 0x5c, 0x0, 0x0, 0x4d, 0xff, 0xf4, 0xad,
    0xff, 0xff, 0xff, 0xff, 0xff, 0xff, 0x93, 0x0,
    0x6b, 0xff, 0xfa, 0xff, 0xde, 0x8e, 0x84, 0xb9,
    0xff, 0xff, 0xff, 0x3e, 0x6c, 0xff, 0xff, 0xc5,
    0x7, 0x0, 0x0, 0x0, 0x80, 0xff, 0xff, 0x8f,
    0x6c, 0xff, 0xff, 0x68, 0x0, 0x0, 0x0, 0x0,
    0x2a, 0xff, 0xff, 0xa9, 0x6c, 0xff, 0xff, 0x60,
    0x0, 0x0, 0x0, 0x0, 0x20, 0xff, 0xff, 0xac,
    0x6c, 0xff, 0xff, 0x60, 0x0, 0x0, 0x0, 0x0,
    0x20, 0xff, 0xff, 0xac, 0x6c, 0xff, 0xff, 0x60,
    0x0, 0x0, 0x0, 0x0, 0x20, 0xff, 0xff, 0xac,
    0x6c, 0xff, 0xff, 0x68, 0x0, 0x0, 0x0, 0x0,
    0x2a, 0xff, 0xff, 0xa8, 0x6c, 0xff, 0xff, 0xc5,
    0x7, 0x0, 0x0, 0x0, 0x84, 0xff, 0xff, 0x89,
    0x6c, 0xff, 0xff, 0xff, 0xe1, 0x98, 0x8f, 0xc3,
    0xff, 0xff, 0xfe, 0x2f, 0x6c, 0xff, 0xfb, 0xde,
    0xff, 0xff, 0xff, 0xff, 0xff, 0xff, 0x78, 0x0,
    0x6c, 0xff, 0xff, 0x70, 0x76, 0xd3, 0xf8, 0xeb,
    0xb3, 0x45, 0x0, 0x0, 0x6c, 0xff, 0xff, 0x68,
    0x0, 0x0, 0x0, 0x0, 0x0, 0x0, 0x0, 0x0,
    0x6c, 0xff, 0xff, 0x68, 0x0, 0x0, 0x0, 0x0,
    0x0, 0x0, 0x0, 0x0, 0x6c, 0xff, 0xff, 0x68,
    0x0, 0x0, 0x0, 0x0, 0x0, 0x0, 0x0, 0x0,
    0x6c, 0xff, 0xff, 0x4d, 0x0, 0x0, 0x0, 0x0,
    0x0, 0x0, 0x0, 0x0, 0x69, 0xe7, 0x8e, 0x2,
    0x0, 0x0, 0x0, 0x0, 0x0, 0x0, 0x0, 0x0,

    /* U+0071 "q" */
    0x0, 0x0, 0x4f, 0xbe, 0xef, 0xf2, 0xc5, 0x55,
    0x4, 0x9c, 0xec, 0x5e, 0x0, 0x85, 0xff, 0xff,
    0xff, 0xff, 0xff, 0xff, 0xa6, 0xf8, 0xff, 0x60,
    0x3b, 0xff, 0xff, 0xfe, 0xb4, 0x83, 0x90, 0xe4,
    0xff, 0xfa, 0xff, 0x60, 0x96, 0xff, 0xff, 0x71,
    0x0, 0x0, 0x0, 0xb, 0xcf, 0xff, 0xff, 0x60,
    0xb4, 0xff, 0xff, 0x1e, 0x0, 0x0, 0x0, 0x0,
    0x75, 0xff, 0xff, 0x60, 0xb8, 0xff, 0xff, 0x14,
    0x0, 0x0, 0x0, 0x0, 0x6c, 0xff, 0xff, 0x60,
    0xb8, 0xff, 0xff, 0x14, 0x0, 0x0, 0x0, 0x0,
    0x6c, 0xff, 0xff, 0x60, 0xb8, 0xff, 0xff, 0x14,
    0x0, 0x0, 0x0, 0x0, 0x6c, 0xff, 0xff, 0x60,
    0xb5, 0xff, 0xff, 0x1d, 0x0, 0x0, 0x0, 0x0,
    0x76, 0xff, 0xff, 0x60, 0x9c, 0xff, 0xff, 0x76,
    0x0, 0x0, 0x0, 0x11, 0xd4, 0xff, 0xff, 0x60,
    0x4a, 0xff, 0xff, 0xff, 0xbe, 0x8e, 0x9d, 0xec,
    0xff, 0xff, 0xff, 0x60, 0x0, 0x9e, 0xff, 0xff,
    0xff, 0xff, 0xff, 0xff, 0xd8, 0xfd, 0xff, 0x60,
    0x0, 0x0, 0x61, 0xc7, 0xf4, 0xf5, 0xc6, 0x65,
    0x77, 0xff, 0xff, 0x60, 0x0, 0x0, 0x0, 0x0,
    0x0, 0x0, 0x0, 0x0, 0x74, 0xff, 0xff, 0x60,
    0x0, 0x0, 0x0, 0x0, 0x0, 0x0, 0x0, 0x0,
    0x74, 0xff, 0xff, 0x60, 0x0, 0x0, 0x0, 0x0,
    0x0, 0x0, 0x0, 0x0, 0x74, 0xff, 0xff, 0x60,
    0x0, 0x0, 0x0, 0x0, 0x0, 0x0, 0x0, 0x0,
    0x74, 0xff, 0xff, 0x45, 0x0, 0x0, 0x0, 0x0,
    0x0, 0x0, 0x0, 0x0, 0x71, 0xe6, 0x88, 0x1,

    /* U+0072 "r" */
    0x1, 0x8b, 0xe8, 0x3f, 0x48, 0xc3, 0xf4, 0xdc,
    0x3d, 0x48, 0xff, 0xfe, 0x9a, 0xfe, 0xff, 0xff,
    0xff, 0xc2, 0x6b, 0xff, 0xed, 0xfc, 0xfd, 0xae,
    0x82, 0x90, 0x90, 0x6c, 0xff, 0xff, 0xf6, 0x38,
    0x0, 0x0, 0x0, 0x0, 0x6c, 0xff, 0xff, 0x8c,
    0x0, 0x0, 0x0, 0x0, 0x0, 0x6c, 0xff, 0xff,
    0x61, 0x0, 0x0, 0x0, 0x0, 0x0, 0x6c, 0xff,
    0xff, 0x60, 0x0, 0x0, 0x0, 0x0, 0x0, 0x6c,
    0xff, 0xff, 0x60, 0x0, 0x0, 0x0, 0x0, 0x0,
    0x6c, 0xff, 0xff, 0x60, 0x0, 0x0, 0x0, 0x0,
    0x0, 0x6c, 0xff, 0xff, 0x60, 0x0, 0x0, 0x0,
    0x0, 0x0, 0x6c, 0xff, 0xff, 0x60, 0x0, 0x0,
    0x0, 0x0, 0x0, 0x6c, 0xff, 0xff, 0x4e, 0x0,
    0x0, 0x0, 0x0, 0x0, 0x6a, 0xea, 0x9c, 0x6,
    0x0, 0x0, 0x0, 0x0, 0x0,

    /* U+0073 "s" */
    0x0, 0x9, 0x6b, 0xc7, 0xe8, 0xf7, 0xdf, 0xb1,
    0x54, 0x2, 0x0, 0xe, 0xd3, 0xff, 0xff, 0xff,
    0xff, 0xff, 0xff, 0xff, 0xb9, 0x4, 0x7c, 0xff,
    0xff, 0xb3, 0x48, 0x33, 0x55, 0xc7, 0xff, 0xff,
    0x49, 0xa4, 0xff, 0xff, 0xb, 0x0, 0x0, 0x0,
    0xa, 0xe1, 0xfc, 0x34, 0x84, 0xff, 0xff, 0xa1,
    0x2d, 0x0, 0x0, 0x0, 0x2a, 0x1b, 0x0, 0x1b,
    0xe2, 0xff, 0xff, 0xff, 0xe9, 0xab, 0x61, 0xd,
    0x0, 0x0, 0x0, 0x12, 0x87, 0xe3, 0xff, 0xff,
    0xff, 0xff, 0xf0, 0x68, 0x0, 0x0, 0x0, 0x0,
    0x0, 0x2b, 0x6d, 0xb7, 0xfc, 0xff, 0xff, 0x60,
    0x1d, 0x89, 0x2d, 0x0, 0x0, 0x0, 0x0, 0x2e,
    0xf3, 0xff, 0xca, 0xa7, 0xff, 0xb0, 0x2, 0x0,
    0x0, 0x0, 0x0, 0xd6, 0xff, 0xdf, 0x92, 0xff,
    0xff, 0xc1, 0x60, 0x45, 0x59, 0xac, 0xff, 0xff,
    0xab, 0x1a, 0xde, 0xff, 0xff, 0xff, 0xff, 0xff,
    0xff, 0xff, 0xe1, 0x20, 0x0, 0xd, 0x6b, 0xc3,
    0xe6, 0xfb, 0xf1, 0xca, 0x7d, 0x10, 0x0,

    /* U+0074 "t" */
    0x0, 0x0, 0x0, 0x19, 0xb6, 0xf0, 0x27, 0x0,
    0x0, 0x0, 0x0, 0x0, 0x0, 0x86, 0xff, 0xff,
    0x28, 0x0, 0x0, 0x0, 0x0, 0x0, 0x0, 0x98,
    0xff, 0xff, 0x28, 0x0, 0x0, 0x0, 0x0, 0x0,
    0x0, 0x98, 0xff, 0xff, 0x28, 0x0, 0x0, 0x0,
    0x0, 0x8e, 0xfa, 0xff, 0xff, 0xff, 0xff, 0xff,
    0xff, 0x68, 0xc, 0xfe, 0xff, 0xff, 0xff, 0xff,
    0xff, 0xff, 0xec, 0x1f, 0x5, 0x2c, 0x2c, 0xb0,
    0xff, 0xff, 0x50, 0x28, 0x9, 0x0, 0x0, 0x0,
    0x0, 0xa0, 0xff, 0xff, 0x2c, 0x0, 0x0, 0x0,
    0x0, 0x0, 0x0, 0xa0, 0xff, 0xff, 0x2c, 0x0,
    0x0, 0x0, 0x0, 0x0, 0x0, 0xa0, 0xff, 0xff,
    0x2c, 0x0, 0x0, 0x0, 0x0, 0x0, 0x0, 0xa0,
    0xff, 0xff, 0x2c, 0x0, 0x0, 0x0, 0x0, 0x0,
    0x0, 0xa0, 0xff, 0xff, 0x2c, 0x0, 0x0, 0x0,
    0x0, 0x0, 0x0, 0x9f, 0xff, 0xff, 0x2c, 0x0,
    0x0, 0x0, 0x0, 0x0, 0x0, 0x8a, 0xff, 0xff,
    0x49, 0x0, 0x0, 0x0, 0x0, 0x0, 0x0, 0x5a,
    0xff, 0xff, 0xe1, 0x8e, 0xa3, 0xb2, 0x0, 0x0,
    0x0, 0x5, 0xda, 0xff, 0xff, 0xff, 0xff, 0xd0,
    0x0, 0x0, 0x0, 0x0, 0x21, 0xae, 0xf0, 0xf5,
    0xc1, 0x2d,

    /* U+0075 "u" */
    0x25, 0xc0, 0xf1, 0x27, 0x0, 0x0, 0x0, 0x0,
    0x9, 0xa0, 0xeb, 0x66, 0x9b, 0xff, 0xff, 0x28,
    0x0, 0x0, 0x0, 0x0, 0x57, 0xff, 0xff, 0x68,
    0xac, 0xff, 0xff, 0x28, 0x0, 0x0, 0x0, 0x0,
    0x68, 0xff, 0xff, 0x68, 0xac, 0xff, 0xff, 0x28,
    0x0, 0x0, 0x0, 0x0, 0x68, 0xff, 0xff, 0x68,
    0xac, 0xff, 0xff, 0x28, 0x0, 0x0, 0x0, 0x0,
    0x68, 0xff, 0xff, 0x68, 0xac, 0xff, 0xff, 0x28,
    0x0, 0x0, 0x0, 0x0, 0x68, 0xff, 0xff, 0x68,
    0xac, 0xff, 0xff, 0x28, 0x0, 0x0, 0x0, 0x0,
    0x68, 0xff, 0xff, 0x68, 0xac, 0xff, 0xff, 0x28,
    0x0, 0x0, 0x0, 0x0, 0x6a, 0xff, 0xff, 0x68,
    0xa6, 0xff, 0xff, 0x35, 0x0, 0x0, 0x0, 0x0,
    0x92, 0xff, 0xff, 0x68, 0x88, 0xff, 0xff, 0x8d,
    0x0, 0x0, 0x0, 0x30, 0xf5, 0xff, 0xff, 0x68,
    0x35, 0xff, 0xff, 0xff, 0xbe, 0x8d, 0xaa, 0xf9,
    0xf8, 0xef, 0xff, 0x66, 0x0, 0x8c, 0xff, 0xff,
    0xff, 0xff, 0xff, 0xfa, 0x92, 0xff, 0xff, 0x40,
    0x0, 0x0, 0x5c, 0xc9, 0xf5, 0xeb, 0xaf, 0x34,
    0x46, 0xe7, 0x83, 0x0,

    /* U+0076 "v" */
    0xc9, 0xf5, 0x9b, 0x0, 0x0, 0x0, 0x0, 0x0,
    0x0, 0x7b, 0xf0, 0xe7, 0x8, 0x81, 0xff, 0xff,
    0x41, 0x0, 0x0, 0x0, 0x0, 0x1d, 0xfd, 0xff,
    0xa8, 0x0, 0x20, 0xfe, 0xff, 0x98, 0x0, 0x0,
    0x0, 0x0, 0x76, 0xff, 0xff, 0x44, 0x0, 0x0,
    0xba, 0xff, 0xeb, 0x4, 0x0, 0x0, 0x0, 0xd0,
    0xff, 0xdf, 0x1, 0x0, 0x0, 0x57, 0xff, 0xff,
    0x46, 0x0, 0x0, 0x29, 0xff, 0xff, 0x7d, 0x0,
    0x0, 0x0, 0x7, 0xec, 0xff, 0x9e, 0x0, 0x0,
    0x84, 0xff, 0xfd, 0x1c, 0x0, 0x0, 0x0, 0x0,
    0x90, 0xff, 0xef, 0x6, 0x0, 0xdd, 0xff, 0xb6,
    0x0, 0x0, 0x0, 0x0, 0x0, 0x2d, 0xff, 0xff,
    0x4c, 0x39, 0xff, 0xff, 0x52, 0x0, 0x0, 0x0,
    0x0, 0x0, 0x0, 0xca, 0xff, 0xa3, 0x93, 0xff,
    0xe9, 0x5, 0x0, 0x0, 0x0, 0x0, 0x0, 0x0,
    0x67, 0xff, 0xd7, 0xe9, 0xff, 0x8b, 0x0, 0x0,
    0x0, 0x0, 0x0, 0x0, 0x0, 0xe, 0xf5, 0xe7,
    0xff, 0xff, 0x27, 0x0, 0x0, 0x0, 0x0, 0x0,
    0x0, 0x0, 0x0, 0xa0, 0xff, 0xff, 0xc3, 0x0,
    0x0, 0x0, 0x0, 0x0, 0x0, 0x0, 0x0, 0x0,
    0x20, 0xd5, 0xe1, 0x37, 0x0, 0x0, 0x0, 0x0,
    0x0,

    /* U+0077 "w" */
    0xcf, 0xf5, 0x82, 0x0, 0x0, 0x0, 0x2, 0xb2,
    0xf1, 0x53, 0x0, 0x0, 0x0, 0x22, 0xd4, 0xf7,
    0x5d, 0xaa, 0xff, 0xfd, 0xf, 0x0, 0x0, 0x3d,
    0xff, 0xff, 0xce, 0x0, 0x0, 0x0, 0x8a, 0xff,
    0xff, 0x31, 0x64, 0xff, 0xff, 0x49, 0x0, 0x0,
    0x83, 0xfc, 0xf8, 0xfd, 0x12, 0x0, 0x0, 0xc8,
    0xff, 0xeb, 0x1, 0x1f, 0xff, 0xff, 0x84, 0x0,
    0x0, 0xc9, 0xff, 0xdb, 0xff, 0x52, 0x0, 0x9,
    0xfa, 0xff, 0xa7, 0x0, 0x0, 0xda, 0xff, 0xbf,
    0x0, 0x11, 0xfd, 0xf6, 0x81, 0xff, 0x94, 0x0,
    0x41, 0xff, 0xff, 0x62, 0x0, 0x0, 0x95, 0xff,
    0xf5, 0x5, 0x55, 0xff, 0xb7, 0x36, 0xff, 0xd5,
    0x0, 0x7e, 0xff, 0xff, 0x1e, 0x0, 0x0, 0x4f,
    0xff, 0xff, 0x36, 0x9b, 0xff, 0x71, 0x3, 0xf0,
    0xff, 0x18, 0xbb, 0xff, 0xd9, 0x0, 0x0, 0x0,
    0xe, 0xfb, 0xff, 0x71, 0xe0, 0xff, 0x2a, 0x0,
    0xb0, 0xff, 0x5d, 0xf3, 0xff, 0x94, 0x0, 0x0,
    0x0, 0x0, 0xc5, 0xff, 0xbe, 0xff, 0xe4, 0x0,
    0x0, 0x6d, 0xff, 0xc3, 0xff, 0xff, 0x4f, 0x0,
    0x0, 0x0, 0x0, 0x80, 0xff, 0xdc, 0xff, 0x9e,
    0x0, 0x0, 0x2a, 0xff, 0xd7, 0xff, 0xfb, 0xe,
    0x0, 0x0, 0x0, 0x0, 0x3b, 0xff, 0xff, 0xff,
    0x57, 0x0, 0x0, 0x0, 0xe6, 0xff, 0xff, 0xc5,
    0x0, 0x0, 0x0, 0x0, 0x0, 0x4, 0xe6, 0xff,
    0xfd, 0x13, 0x0, 0x0, 0x0, 0xa4, 0xff, 0xff,
    0x73, 0x0, 0x0, 0x0, 0x0, 0x0, 0x0, 0x3b,
    0xcc, 0xc5, 0x0, 0x0, 0x0, 0x0, 0x60, 0xe7,
    0x8b, 0x5, 0x0, 0x0, 0x0,

    /* U+0078 "x" */
    0x49, 0xf0, 0xe7, 0x62, 0x0, 0x0, 0x0, 0x0,
    0x36, 0xd6, 0xf5, 0x7a, 0x0, 0x4, 0xca, 0xff,
    0xfa, 0x2c, 0x0, 0x0, 0xe, 0xe2, 0xff, 0xed,
    0x1a, 0x0, 0x0, 0x27, 0xf6, 0xff, 0xc8, 0x2,
    0x0, 0x9b, 0xff, 0xff, 0x55, 0x0, 0x0, 0x0,
    0x0, 0x6d, 0xff, 0xff, 0x6d, 0x45, 0xff, 0xff,
    0xa2, 0x0, 0x0, 0x0, 0x0, 0x0, 0x1, 0xbb,
    0xff, 0xd3, 0xe0, 0xff, 0xe1, 0xf, 0x0, 0x0,
    0x0, 0x0, 0x0, 0x0, 0x1c, 0xef, 0xf9, 0xff,
    0xfd, 0x3f, 0x0, 0x0, 0x0, 0x0, 0x0, 0x0,
    0x0, 0x1, 0xc0, 0xff, 0xff, 0xe5, 0xc, 0x0,
    0x0, 0x0, 0x0, 0x0, 0x0, 0x0, 0x70, 0xff,
    0xff, 0xff, 0xff, 0xa0, 0x0, 0x0, 0x0, 0x0,
    0x0, 0x0, 0x30, 0xf8, 0xff, 0xb9, 0x89, 0xff,
    0xff, 0x5a, 0x0, 0x0, 0x0, 0x0, 0xa, 0xd7,
    0xff, 0xf1, 0x1d, 0x7, 0xd3, 0xff, 0xf1, 0x22,
    0x0, 0x0, 0x0, 0x9c, 0xff, 0xff, 0x63, 0x0,
    0x0, 0x32, 0xfa, 0xff, 0xc8, 0x4, 0x0, 0x55,
    0xff, 0xff, 0xb7, 0x0, 0x0, 0x0, 0x0, 0x7f,
    0xff, 0xff, 0x88, 0x0, 0xa2, 0xf4, 0xc4, 0x1a,
    0x0, 0x0, 0x0, 0x0, 0x4, 0xa2, 0xf3, 0xcb,
    0xa,

    /* U+0079 "y" */
    0xc6, 0xf5, 0x9b, 0x1, 0x0, 0x0, 0x0, 0x0,
    0x0, 0x45, 0xe0, 0xf7, 0x3a, 0x79, 0xff, 0xff,
    0x4d, 0x0, 0x0, 0x0, 0x0, 0x1, 0xdd, 0xff,
    0xe2, 0x3, 0x16, 0xf9, 0xff, 0xb0, 0x0, 0x0,
    0x0, 0x0, 0x44, 0xff, 0xff, 0x7d, 0x0, 0x0,
    0xa6, 0xff, 0xfb, 0x17, 0x0, 0x0, 0x0, 0xa9,
    0xff, 0xfb, 0x19, 0x0, 0x0, 0x3d, 0xff, 0xff,
    0x74, 0x0, 0x0, 0x14, 0xf9, 0xff, 0xac, 0x0,
    0x0, 0x0, 0x0, 0xd3, 0xff, 0xd5, 0x0, 0x0,
    0x73, 0xff, 0xff, 0x44, 0x0, 0x0, 0x0, 0x0,
    0x6a, 0xff, 0xff, 0x38, 0x0, 0xd7, 0xff, 0xdb,
    0x1, 0x0, 0x0, 0x0, 0x0, 0xd, 0xf3, 0xff,
    0x9a, 0x3d, 0xff, 0xff, 0x73, 0x0, 0x0, 0x0,
    0x0, 0x0, 0x0, 0x98, 0xff, 0xef, 0xa4, 0xff,
    0xf8, 0x13, 0x0, 0x0, 0x0, 0x0, 0x0, 0x0,
    0x2e, 0xff, 0xdc, 0xf6, 0xff, 0xa3, 0x0, 0x0,
    0x0, 0x0, 0x0, 0x0, 0x0, 0x0, 0xc5, 0xff,
    0xff, 0xff, 0x3a, 0x0, 0x0, 0x0, 0x0, 0x0,
    0x0, 0x0, 0x0, 0x5b, 0xff, 0xff, 0xd2, 0x0,
    0x0, 0x0, 0x0, 0x0, 0x0, 0x0, 0x0, 0x0,
    0x52, 0xff, 0xff, 0x69, 0x0, 0x0, 0x0, 0x0,
    0x0, 0x0, 0x0, 0x0, 0x0, 0xca, 0xff, 0xf3,
    0xd, 0x0, 0x0, 0x0, 0x0, 0x0, 0x0, 0x0,
    0x0, 0x59, 0xff, 0xff, 0x91, 0x0, 0x0, 0x0,
    0x0, 0x0, 0x0, 0x38, 0x4f, 0x7b, 0xf4, 0xff,
    0xf2, 0x18, 0x0, 0x0, 0x0, 0x0, 0x0, 0x0,
    0x78, 0xff, 0xff, 0xff, 0xff, 0x5a, 0x0, 0x0,
    0x0, 0x0, 0x0, 0x0, 0x0, 0x14, 0xc6, 0xf3,
    0xc6, 0x45, 0x0, 0x0, 0x0, 0x0, 0x0, 0x0,
    0x0, 0x0,

    /* U+007A "z" */
    0x87, 0xff, 0xff, 0xff, 0xff, 0xff, 0xff, 0xff,
    0xff, 0xff, 0xcc, 0x2, 0x2e, 0xf3, 0xff, 0xff,
    0xff, 0xff, 0xff, 0xde, 0xff, 0xff, 0xf0, 0x6,
    0x0, 0xe, 0x2b, 0x2c, 0x2c, 0x2c, 0x30, 0xcc,
    0xff, 0xfe, 0x51, 0x0, 0x0, 0x0, 0x0, 0x0,
    0x0, 0x0, 0x94, 0xff, 0xff, 0x80, 0x0, 0x0,
    0x0, 0x0, 0x0, 0x0, 0x0, 0x63, 0xff, 0xff,
    0xaf, 0x1, 0x0, 0x0, 0x0, 0x0, 0x0, 0x0,
    0x3a, 0xf9, 0xff, 0xd3, 0xc, 0x0, 0x0, 0x0,
    0x0, 0x0, 0x0, 0x1b, 0xe7, 0xff, 0xed, 0x22,
    0x0, 0x0, 0x0, 0x0, 0x0, 0x0, 0x8, 0xca,
    0xff, 0xfc, 0x44, 0x0, 0x0, 0x0, 0x0, 0x0,
    0x0, 0x0, 0xa2, 0xff, 0xff, 0x71, 0x0, 0x0,
    0x0, 0x0, 0x0, 0x0, 0x0, 0x72, 0xff, 0xff,
    0xa1, 0x0, 0x0, 0x0, 0x0, 0x0, 0x0, 0x0,
    0x45, 0xfc, 0xff, 0xd3, 0x33, 0x2c, 0x2c, 0x2c,
    0x2c, 0x22, 0x1, 0x0, 0xe1, 0xff, 0xff, 0xdc,
    0xff, 0xff, 0xff, 0xff, 0xff, 0xff, 0xa2, 0x0,
    0xb3, 0xff, 0xff, 0xff, 0xff, 0xff, 0xff, 0xff,
    0xff, 0xff, 0xfe, 0x9,

    /* U+007B "{" */
    0x0, 0x0, 0x4, 0x8b, 0xe6, 0xff, 0xff, 0xdc,
    0x0, 0x0, 0x68, 0xff, 0xff, 0xff, 0xff, 0xac,
    0x0, 0x0, 0xb0, 0xff, 0xff, 0xcf, 0x86, 0x1a,
    0x0, 0x0, 0xc7, 0xff, 0xff, 0x45, 0x0, 0x0,
    0x0, 0x0, 0xc8, 0xff, 0xff, 0x40, 0x0, 0x0,
    0x0, 0x0, 0xc8, 0xff, 0xff, 0x40, 0x0, 0x0,
    0x0, 0x0, 0xc8, 0xff, 0xff, 0x40, 0x0, 0x0,
    0x0, 0x0, 0xc8, 0xff, 0xff, 0x3e, 0x0, 0x0,
    0x0, 0x1, 0xe4, 0xff, 0xff, 0x2b, 0x0, 0x0,
    0x51, 0xb7, 0xff, 0xff, 0xdf, 0x2, 0x0, 0x0,
    0xf3, 0xff, 0xff, 0xf9, 0x35, 0x0, 0x0, 0x0,
    0xb7, 0xff, 0xff, 0xff, 0x9f, 0x0, 0x0, 0x0,
    0x0, 0x29, 0xf7, 0xff, 0xfe, 0x16, 0x0, 0x0,
    0x0, 0x0, 0xcd, 0xff, 0xff, 0x39, 0x0, 0x0,
    0x0, 0x0, 0xc8, 0xff, 0xff, 0x40, 0x0, 0x0,
    0x0, 0x0, 0xc8, 0xff, 0xff, 0x40, 0x0, 0x0,
    0x0, 0x0, 0xc8, 0xff, 0xff, 0x40, 0x0, 0x0,
    0x0, 0x0, 0xc8, 0xff, 0xff, 0x40, 0x0, 0x0,
    0x0, 0x0, 0xbf, 0xff, 0xff, 0x67, 0x0, 0x0,
    0x0, 0x0, 0x9a, 0xff, 0xff, 0xff, 0xf2, 0x57,
    0x0, 0x0, 0x2e, 0xf6, 0xff, 0xff, 0xff, 0xc8,
    0x0, 0x0, 0x0, 0x27, 0x7b, 0x93, 0x94, 0x82,

    /* U+007C "|" */
    0x0, 0x66, 0xd9, 0x83, 0x39, 0xff, 0xff, 0x88,
    0x69, 0xff, 0xff, 0x88, 0x6c, 0xff, 0xff, 0x88,
    0x6c, 0xff, 0xff, 0x88, 0x6c, 0xff, 0xff, 0x88,
    0x6c, 0xff, 0xff, 0x88, 0x6c, 0xff, 0xff, 0x88,
    0x6c, 0xff, 0xff, 0x88, 0x6c, 0xff, 0xff, 0x88,
    0x6c, 0xff, 0xff, 0x88, 0x6c, 0xff, 0xff, 0x88,
    0x6c, 0xff, 0xff, 0x88, 0x6c, 0xff, 0xff, 0x88,
    0x6c, 0xff, 0xff, 0x88, 0x6c, 0xff, 0xff, 0x88,
    0x6c, 0xff, 0xff, 0x88, 0x6c, 0xff, 0xff, 0x88,
    0x6c, 0xff, 0xff, 0x88, 0x6c, 0xff, 0xff, 0x88,
    0x6c, 0xff, 0xff, 0x88, 0x6c, 0xff, 0xff, 0x85,
    0x6c, 0xff, 0xff, 0x57, 0x69, 0xe2, 0x81, 0x1,

    /* U+007D "}" */
    0xf6, 0xff, 0xff, 0xe1, 0x74, 0x0, 0x0, 0x0,
    0xc6, 0xff, 0xff, 0xff, 0xff, 0x46, 0x0, 0x0,
    0x27, 0x8a, 0xda, 0xff, 0xff, 0x8f, 0x0, 0x0,
    0x0, 0x0, 0x5d, 0xff, 0xff, 0xa7, 0x0, 0x0,
    0x0, 0x0, 0x58, 0xff, 0xff, 0xa8, 0x0, 0x0,
    0x0, 0x0, 0x58, 0xff, 0xff, 0xa8, 0x0, 0x0,
    0x0, 0x0, 0x58, 0xff, 0xff, 0xa8, 0x0, 0x0,
    0x0, 0x0, 0x57, 0xff, 0xff, 0xa8, 0x0, 0x0,
    0x0, 0x0, 0x45, 0xff, 0xff, 0xc5, 0x0, 0x0,
    0x0, 0x0, 0xe, 0xf0, 0xff, 0xff, 0xa9, 0x42,
    0x0, 0x0, 0x0, 0x4a, 0xfe, 0xff, 0xff, 0xda,
    0x0, 0x0, 0x0, 0xba, 0xff, 0xff, 0xff, 0x9d,
    0x0, 0x0, 0x2f, 0xff, 0xff, 0xe6, 0x1a, 0x0,
    0x0, 0x0, 0x51, 0xff, 0xff, 0xad, 0x0, 0x0,
    0x0, 0x0, 0x58, 0xff, 0xff, 0xa8, 0x0, 0x0,
    0x0, 0x0, 0x58, 0xff, 0xff, 0xa8, 0x0, 0x0,
    0x0, 0x0, 0x58, 0xff, 0xff, 0xa8, 0x0, 0x0,
    0x0, 0x0, 0x58, 0xff, 0xff, 0xa8, 0x0, 0x0,
    0x0, 0x0, 0x7f, 0xff, 0xff, 0x9f, 0x0, 0x0,
    0x6e, 0xf6, 0xff, 0xff, 0xff, 0x7b, 0x0, 0x0,
    0xe2, 0xff, 0xff, 0xff, 0xee, 0x18, 0x0, 0x0,
    0x90, 0x94, 0x93, 0x77, 0x1c, 0x0, 0x0, 0x0,

    /* U+007E "~" */
    0x0, 0x41, 0x88, 0x98, 0x71, 0x1f, 0x0, 0x0,
    0x0, 0x0, 0x0, 0x0, 0x3e, 0x0, 0x7d, 0xff,
    0xff, 0xff, 0xff, 0xfe, 0xb4, 0x43, 0x0, 0x0,
    0x0, 0x5f, 0xff, 0x43, 0xe7, 0xff, 0xff, 0xff,
    0xff, 0xff, 0xff, 0xff, 0xe2, 0xb4, 0xcb, 0xff,
    0xff, 0x69, 0xc6, 0xb2, 0x1f, 0xf, 0x43, 0xa1,
    0xf9, 0xff, 0xff, 0xff, 0xff, 0xff, 0xe8, 0x15,
    0x2b, 0x6, 0x0, 0x0, 0x0, 0x0, 0x17, 0x7c,
    0xd1, 0xf9, 0xeb, 0xa4, 0x20, 0x0,

    /* U+00B0 "°" */
    0x0, 0x1d, 0xa2, 0xea, 0xf4, 0xc2, 0x47, 0x0,
    0x0, 0x20, 0xea, 0xff, 0xff, 0xff, 0xff, 0xfe,
    0x60, 0x0, 0xaa, 0xff, 0xd9, 0x2d, 0x12, 0x9e,
    0xff, 0xf0, 0xc, 0xef, 0xff, 0x5a, 0x0, 0x0,
    0x8, 0xfa, 0xff, 0x42, 0xef, 0xff, 0x59, 0x0,
    0x0, 0x7, 0xf9, 0xff, 0x42, 0xab, 0xff, 0xd7,
    0x29, 0xe, 0x9b, 0xff, 0xf1, 0xd, 0x21, 0xeb,
    0xff, 0xff, 0xff, 0xff, 0xfe, 0x62, 0x0, 0x0,
    0x1e, 0xa2, 0xea, 0xf4, 0xc2, 0x47, 0x0, 0x0
};


/*---------------------
 *  GLYPH DESCRIPTION
 *--------------------*/

static const lv_font_fmt_txt_glyph_dsc_t glyph_dsc[] = {
    {.bitmap_index = 0, .adv_w = 0, .box_w = 0, .box_h = 0, .ofs_x = 0, .ofs_y = 0} /* id = 0 reserved */,
    {.bitmap_index = 0, .adv_w = 103, .box_w = 0, .box_h = 0, .ofs_x = 0, .ofs_y = 0},
    {.bitmap_index = 0, .adv_w = 118, .box_w = 5, .box_h = 18, .ofs_x = 1, .ofs_y = 0},
    {.bitmap_index = 90, .adv_w = 162, .box_w = 9, .box_h = 6, .ofs_x = 1, .ofs_y = 12},
    {.bitmap_index = 144, .adv_w = 326, .box_w = 19, .box_h = 18, .ofs_x = 1, .ofs_y = 0},
    {.bitmap_index = 486, .adv_w = 260, .box_w = 15, .box_h = 24, .ofs_x = 1, .ofs_y = -3},
    {.bitmap_index = 846, .adv_w = 368, .box_w = 22, .box_h = 20, .ofs_x = 1, .ofs_y = -1},
    {.bitmap_index = 1286, .adv_w = 293, .box_w = 17, .box_h = 18, .ofs_x = 1, .ofs_y = 0},
    {.bitmap_index = 1592, .adv_w = 101, .box_w = 5, .box_h = 7, .ofs_x = 1, .ofs_y = 11},
    {.bitmap_index = 1627, .adv_w = 135, .box_w = 7, .box_h = 22, .ofs_x = 1, .ofs_y = -4},
    {.bitmap_index = 1781, .adv_w = 135, .box_w = 8, .box_h = 22, .ofs_x = 0, .ofs_y = -4},
    {.bitmap_index = 1957, .adv_w = 201, .box_w = 11, .box_h = 11, .ofs_x = 1, .ofs_y = 9},
    {.bitmap_index = 2078, .adv_w = 254, .box_w = 14, .box_h = 13, .ofs_x = 1, .ofs_y = 1},
    {.bitmap_index = 2260, .adv_w = 100, .box_w = 5, .box_h = 9, .ofs_x = 1, .ofs_y = -4},
    {.bitmap_index = 2305, .adv_w = 189, .box_w = 10, .box_h = 3, .ofs_x = 1, .ofs_y = 6},
    {.bitmap_index = 2335, .adv_w = 92, .box_w = 4, .box_h = 4, .ofs_x = 1, .ofs_y = 0},
    {.bitmap_index = 2351, .adv_w = 228, .box_w = 13, .box_h = 20, .ofs_x = 1, .ofs_y = -1},
    {.bitmap_index = 2611, .adv_w = 266, .box_w = 15, .box_h = 18, .ofs_x = 1, .ofs_y = 0},
    {.bitmap_index = 2881, .adv_w = 142, .box_w = 8, .box_h = 18, .ofs_x = 0, .ofs_y = 0},
    {.bitmap_index = 3025, .adv_w = 251, .box_w = 14, .box_h = 18, .ofs_x = 1, .ofs_y = 0},
    {.bitmap_index = 3277, .adv_w = 255, .box_w = 14, .box_h = 18, .ofs_x = 1, .ofs_y = 0},
    {.bitmap_index = 3529, .adv_w = 260, .box_w = 16, .box_h = 18, .ofs_x = 0, .ofs_y = 0},
    {.bitmap_index = 3817, .adv_w = 251, .box_w = 14, .box_h = 18, .ofs_x = 1, .ofs_y = 0},
    {.bitmap_index = 4069, .adv_w = 260, .box_w = 15, .box_h = 18, .ofs_x = 1, .ofs_y = 0},
    {.bitmap_index = 4339, .adv_w = 242, .box_w = 15, .box_h = 18, .ofs_x = 0, .ofs_y = 0},
    {.bitmap_index = 4609, .adv_w = 258, .box_w = 15, .box_h = 18, .ofs_x = 1, .ofs_y = 0},
    {.bitmap_index = 4879, .adv_w = 260, .box_w = 15, .box_h = 18, .ofs_x = 1, .ofs_y = 0},
    {.bitmap_index = 5149, .adv_w = 100, .box_w = 5, .box_h = 13, .ofs_x = 1, .ofs_y = 0},
    {.bitmap_index = 5214, .adv_w = 100, .box_w = 5, .box_h = 17, .ofs_x = 1, .ofs_y = -4},
    {.bitmap_index = 5299, .adv_w = 266, .box_w = 15, .box_h = 15, .ofs_x = 1, .ofs_y = 0},
    {.bitmap_index = 5524, .adv_w = 254, .box_w = 14, .box_h = 8, .ofs_x = 1, .ofs_y = 4},
    {.bitmap_index = 5636, .adv_w = 266, .box_w = 15, .box_h = 15, .ofs_x = 1, .ofs_y = 0},
    {.bitmap_index = 5861, .adv_w = 222, .box_w = 12, .box_h = 18, .ofs_x = 1, .ofs_y = 0},
    {.bitmap_index = 6077, .adv_w = 332, .box_w = 19, .box_h = 18, .ofs_x = 1, .ofs_y = 0},
    {.bitmap_index = 6419, .adv_w = 275, .box_w = 16, .box_h = 19, .ofs_x = 1, .ofs_y = -1},
    {.bitmap_index = 6723, .adv_w = 268, .box_w = 15, .box_h = 18, .ofs_x = 1, .ofs_y = 0},
    {.bitmap_index = 6993, .adv_w = 274, .box_w = 16, .box_h = 18, .ofs_x = 1, .ofs_y = 0},
    {.bitmap_index = 7281, .adv_w = 278, .box_w = 16, .box_h = 18, .ofs_x = 1, .ofs_y = 0},
    {.bitmap_index = 7569, .adv_w = 252, .box_w = 14, .box_h = 18, .ofs_x = 1, .ofs_y = 0},
    {.bitmap_index = 7821, .adv_w = 244, .box_w = 14, .box_h = 18, .ofs_x = 1, .ofs_y = 0},
    {.bitmap_index = 8073, .adv_w = 276, .box_w = 16, .box_h = 18, .ofs_x = 1, .ofs_y = 0},
    {.bitmap_index = 8361, .adv_w = 274, .box_w = 15, .box_h = 18, .ofs_x = 1, .ofs_y = 0},
    {.bitmap_index = 8631, .adv_w = 114, .box_w = 4, .box_h = 18, .ofs_x = 2, .ofs_y = 0},
    {.bitmap_index = 8703, .adv_w = 246, .box_w = 15, .box_h = 18, .ofs_x = 0, .ofs_y = 0},
    {.bitmap_index = 8973, .adv_w = 261, .box_w = 15, .box_h = 18, .ofs_x = 1, .ofs_y = 0},
    {.bitmap_index = 9243, .adv_w = 234, .box_w = 13, .box_h = 18, .ofs_x = 1, .ofs_y = 0},
    {.bitmap_index = 9477, .adv_w = 324, .box_w = 18, .box_h = 18, .ofs_x = 1, .ofs_y = 0},
    {.bitmap_index = 9801, .adv_w = 273, .box_w = 15, .box_h = 18, .ofs_x = 1, .ofs_y = 0},
    {.bitmap_index = 10071, .adv_w = 268, .box_w = 15, .box_h = 18, .ofs_x = 1, .ofs_y = 0},
    {.bitmap_index = 10341, .adv_w = 274, .box_w = 16, .box_h = 18, .ofs_x = 1, .ofs_y = 0},
    {.bitmap_index = 10629, .adv_w = 276, .box_w = 16, .box_h = 19, .ofs_x = 1, .ofs_y = -1},
    {.bitmap_index = 10933, .adv_w = 267, .box_w = 15, .box_h = 18, .ofs_x = 1, .ofs_y = 0},
    {.bitmap_index = 11203, .adv_w = 260, .box_w = 15, .box_h = 18, .ofs_x = 1, .ofs_y = 0},
    {.bitmap_index = 11473, .adv_w = 266, .box_w = 16, .box_h = 18, .ofs_x = 0, .ofs_y = 0},
    {.bitmap_index = 11761, .adv_w = 278, .box_w = 15, .box_h = 18, .ofs_x = 1, .ofs_y = 0},
    {.bitmap_index = 12031, .adv_w = 284, .box_w = 16, .box_h = 18, .ofs_x = 1, .ofs_y = 0},
    {.bitmap_index = 12319, .adv_w = 369, .box_w = 22, .box_h = 18, .ofs_x = 1, .ofs_y = 0},
    {.bitmap_index = 12715, .adv_w = 280, .box_w = 16, .box_h = 18, .ofs_x = 1, .ofs_y = 0},
    {.bitmap_index = 13003, .adv_w = 279, .box_w = 16, .box_h = 18, .ofs_x = 1, .ofs_y = 0},
    {.bitmap_index = 13291, .adv_w = 276, .box_w = 16, .box_h = 18, .ofs_x = 1, .ofs_y = 0},
    {.bitmap_index = 13579, .adv_w = 150, .box_w = 8, .box_h = 24, .ofs_x = 1, .ofs_y = -4},
    {.bitmap_index = 13771, .adv_w = 228, .box_w = 13, .box_h = 20, .ofs_x = 1, .ofs_y = -1},
    {.bitmap_index = 14031, .adv_w = 150, .box_w = 7, .box_h = 24, .ofs_x = 1, .ofs_y = -4},
    {.bitmap_index = 14199, .adv_w = 255, .box_w = 14, .box_h = 13, .ofs_x = 1, .ofs_y = 6},
    {.bitmap_index = 14381, .adv_w = 242, .box_w = 14, .box_h = 3, .ofs_x = 1, .ofs_y = -4},
    {.bitmap_index = 14423, .adv_w = 138, .box_w = 7, .box_h = 6, .ofs_x = 1, .ofs_y = 14},
    {.bitmap_index = 14465, .adv_w = 216, .box_w = 12, .box_h = 13, .ofs_x = 1, .ofs_y = 0},
    {.bitmap_index = 14621, .adv_w = 225, .box_w = 12, .box_h = 18, .ofs_x = 1, .ofs_y = 0},
    {.bitmap_index = 14837, .adv_w = 206, .box_w = 11, .box_h = 13, .ofs_x = 1, .ofs_y = 0},
    {.bitmap_index = 14980, .adv_w = 225, .box_w = 12, .box_h = 18, .ofs_x = 1, .ofs_y = 0},
    {.bitmap_index = 15196, .adv_w = 212, .box_w = 12, .box_h = 13, .ofs_x = 1, .ofs_y = 0},
    {.bitmap_index = 15352, .adv_w = 163, .box_w = 10, .box_h = 18, .ofs_x = 0, .ofs_y = 0},
    {.bitmap_index = 15532, .adv_w = 222, .box_w = 12, .box_h = 18, .ofs_x = 1, .ofs_y = -5},
    {.bitmap_index = 15748, .adv_w = 224, .box_w = 12, .box_h = 18, .ofs_x = 1, .ofs_y = 0},
    {.bitmap_index = 15964, .adv_w = 112, .box_w = 5, .box_h = 18, .ofs_x = 1, .ofs_y = 0},
    {.bitmap_index = 16054, .adv_w = 161, .box_w = 9, .box_h = 23, .ofs_x = 0, .ofs_y = -5},
    {.bitmap_index = 16261, .adv_w = 217, .box_w = 12, .box_h = 18, .ofs_x = 1, .ofs_y = 0},
    {.bitmap_index = 16477, .adv_w = 143, .box_w = 8, .box_h = 18, .ofs_x = 1, .ofs_y = 0},
    {.bitmap_index = 16621, .adv_w = 311, .box_w = 18, .box_h = 13, .ofs_x = 1, .ofs_y = 0},
    {.bitmap_index = 16855, .adv_w = 225, .box_w = 12, .box_h = 13, .ofs_x = 1, .ofs_y = 0},
    {.bitmap_index = 17011, .adv_w = 213, .box_w = 12, .box_h = 13, .ofs_x = 1, .ofs_y = 0},
    {.bitmap_index = 17167, .adv_w = 222, .box_w = 12, .box_h = 18, .ofs_x = 1, .ofs_y = -5},
    {.bitmap_index = 17383, .adv_w = 222, .box_w = 12, .box_h = 18, .ofs_x = 1, .ofs_y = -5},
    {.bitmap_index = 17599, .adv_w = 169, .box_w = 9, .box_h = 13, .ofs_x = 1, .ofs_y = 0},
    {.bitmap_index = 17716, .adv_w = 205, .box_w = 11, .box_h = 13, .ofs_x = 1, .ofs_y = 0},
    {.bitmap_index = 17859, .adv_w = 173, .box_w = 10, .box_h = 17, .ofs_x = 0, .ofs_y = 0},
    {.bitmap_index = 18029, .adv_w = 224, .box_w = 12, .box_h = 13, .ofs_x = 1, .ofs_y = 0},
    {.bitmap_index = 18185, .adv_w = 226, .box_w = 13, .box_h = 13, .ofs_x = 1, .ofs_y = 0},
    {.bitmap_index = 18354, .adv_w = 296, .box_w = 17, .box_h = 13, .ofs_x = 1, .ofs_y = 0},
    {.bitmap_index = 18575, .adv_w = 227, .box_w = 13, .box_h = 13, .ofs_x = 1, .ofs_y = 0},
    {.bitmap_index = 18744, .adv_w = 231, .box_w = 13, .box_h = 18, .ofs_x = 1, .ofs_y = -5},
    {.bitmap_index = 18978, .adv_w = 210, .box_w = 12, .box_h = 13, .ofs_x = 1, .ofs_y = 0},
    {.bitmap_index = 19134, .adv_w = 158, .box_w = 8, .box_h = 22, .ofs_x = 1, .ofs_y = -4},
    {.bitmap_index = 19310, .adv_w = 97, .box_w = 4, .box_h = 24, .ofs_x = 1, .ofs_y = -4},
    {.bitmap_index = 19406, .adv_w = 158, .box_w = 8, .box_h = 22, .ofs_x = 1, .ofs_y = -4},
    {.bitmap_index = 19582, .adv_w = 248, .box_w = 14, .box_h = 5, .ofs_x = 1, .ofs_y = 6},
    {.bitmap_index = 19652, .adv_w = 165, .box_w = 9, .box_h = 8, .ofs_x = 1, .ofs_y = 11}
};

/*---------------------
 *  CHARACTER MAPPING
 *--------------------*/



/*Collect the unicode lists and glyph_id offsets*/
static const lv_font_fmt_txt_cmap_t cmaps[] =
{
    {
        .range_start = 32, .range_length = 95, .glyph_id_start = 1,
        .unicode_list = NULL, .glyph_id_ofs_list = NULL, .list_length = 0, .type = LV_FONT_FMT_TXT_CMAP_FORMAT0_TINY
    },
    {
        .range_start = 176, .range_length = 1, .glyph_id_start = 96,
        .unicode_list = NULL, .glyph_id_ofs_list = NULL, .list_length = 0, .type = LV_FONT_FMT_TXT_CMAP_FORMAT0_TINY
    }
};

/*-----------------
 *    KERNING
 *----------------*/


/*Map glyph_ids to kern left classes*/
static const uint8_t kern_left_class_mapping[] =
{
    0, 0, 0, 0, 0, 0, 0, 0,
    0, 0, 0, 0, 0, 1, 0, 2,
    0, 0, 0, 0, 0, 0, 0, 0,
    3, 0, 0, 0, 0, 0, 0, 0,
    0, 0, 4, 5, 6, 7, 8, 9,
    6, 10, 11, 12, 13, 14, 15, 16,
    17, 18, 17, 19, 20, 21, 22, 23,
    24, 25, 26, 27, 0, 0, 0, 0,
    0, 0, 28, 29, 30, 31, 30, 32,
    31, 33, 34, 35, 36, 37, 33, 33,
    38, 29, 31, 39, 40, 41, 42, 43,
    44, 45, 46, 47, 0, 0, 0, 0,
    0
};

/*Map glyph_ids to kern right classes*/
static const uint8_t kern_right_class_mapping[] =
{
    0, 0, 0, 0, 0, 0, 0, 0,
    0, 0, 0, 0, 0, 1, 0, 2,
    0, 0, 3, 0, 0, 4, 0, 0,
    0, 0, 0, 0, 0, 0, 0, 0,
    0, 0, 5, 6, 7, 8, 9, 0,
    7, 10, 0, 11, 0, 0, 12, 13,
    14, 0, 14, 0, 15, 16, 17, 18,
    19, 20, 21, 22, 0, 0, 0, 0,
    0, 0, 23, 24, 25, 26, 25, 27,
    26, 28, 29, 30, 31, 32, 28, 28,
    33, 24, 26, 34, 35, 36, 37, 38,
    39, 40, 41, 42, 0, 0, 0, 0,
    0
};

/*Kern values between classes*/
static const int8_t kern_class_values[] =
{
    0, 0, -26, 0, 0, 0, 0, 0,
    0, 0, 0, 0, 0, 0, 0, -26,
    0, -22, -18, 0, -18, 0, 0, 0,
    0, 0, 0, 0, 0, 0, 0, 0,
    0, 0, 0, 0, 0, 0, 0, 0,
    0, 0, 0, 0, -30, -18, 0, 0,
    0, 0, 0, 0, 0, 0, 0, 0,
    0, -34, 0, -18, -18, 0, -26, 0,
    0, 0, 0, 0, 0, 0, 0, 0,
    0, 0, 0, 0, 0, 0, 0, -26,
    0, 0, 0, 0, -26, -26, 0, 0,
    0, 0, 0, 0, 0, 0, 0, 0,
    0, 0, 0, 0, 0, 0, 0, 0,
    0, 0, 0, 0, 0, 0, 0, 0,
    0, 0, 0, 0, 0, 0, 0, 0,
    0, 0, 0, 0, 0, 0, 0, 0,
    0, 0, 0, 0, -10, 0, 0, 0,
    -18, 0, 0, -14, -10, -44, -10, -50,
    -34, -10, -44, 0, 0, 0, -14, -12,
    -18, 0, 0, -34, 0, 0, -18, 0,
    0, -26, 0, -26, -28, -10, -26, 0,
    0, 0, 0, 0, -18, 0, 0, 0,
    0, 0, -10, 0, 0, -5, 0, -18,
    0, -24, -10, -10, -18, 0, -5, 0,
    0, 0, 0, 0, 0, -38, 0, 0,
    -10, 0, 0, -14, 0, -14, -12, -14,
    -9, -5, 0, 0, 0, 0, 0, 0,
    -10, 0, 0, 0, 0, 0, 0, 0,
    0, -18, 0, -10, -10, -10, -18, 0,
    -10, 0, -10, -10, 0, 0, 0, -38,
    0, 0, -10, 0, -6, -5, 0, -10,
    -10, -10, -10, 0, -18, 0, 0, 0,
    -14, 0, 0, 0, 0, 0, -18, 0,
    0, 0, 0, -26, 0, -10, -10, -18,
    -22, -10, -5, 0, 0, 0, 0, 0,
    0, -40, 0, 0, -10, 0, -10, 0,
    0, -10, -10, -10, -10, 0, 0, 0,
    0, 0, -10, 0, -18, 0, 0, 0,
    -18, 0, 0, -18, -10, 0, 0, -13,
    -10, -10, -10, 0, -18, 0, -18, -10,
    -22, 0, 0, -34, 0, 0, -26, 0,
    -14, -22, -9, -26, -22, -18, -16, 0,
    -34, -50, 0, 0, -50, 0, -18, 0,
    -18, 0, -74, 0, 0, -24, -18, -10,
    0, -10, -10, -10, -14, -10, -50, -34,
    -58, -50, -48, -30, -26, -60, 0, 0,
    -58, -50, -50, -50, -46, -50, -50, -50,
    -50, -50, 0, 0, 0, 0, 0, 0,
    0, 0, 0, 0, 0, 0, 0, 0,
    0, 0, 0, 0, 0, 0, -10, 0,
    0, 0, 0, 0, 0, 0, 0, -30,
    0, 0, -10, 0, 0, 0, 0, -18,
    -10, -18, -10, 0, 0, 0, 0, 0,
    0, 0, 0, 0, 0, 0, 0, 0,
    0, 0, 0, 0, 0, 0, 0, 0,
    0, 0, 0, 0, 0, 0, 0, 0,
    0, -34, 0, 0, 0, 0, 0, 0,
    0, 0, 0, 0, 0, 0, 0, 0,
    0, 0, 0, 0, 0, 0, 0, 0,
    0, 0, 0, 0, 0, 0, 0, 0,
    0, 0, 0, 0, 0, 0, 0, 0,
    0, 0, 0, -18, 0, 0, 0, 0,
    0, 0, 0, 0, 0, 0, -18, 0,
    0, 0, 0, 0, -16, 0, -14, 0,
    0, 0, -26, 0, 0, -22, -14, -18,
    0, -18, -18, -18, -18, -9, -9, 0,
    -9, -9, -14, 0, 0, -38, 0, 0,
    -14, 0, -16, -17, 0, -24, -20, -14,
    -18, -9, 0, 0, 0, 0, -10, 0,
    -26, 0, 0, 0, -18, 0, 0, -26,
    -18, -66, -18, -58, -38, -10, -66, 0,
    -18, 0, -18, -18, 0, 0, 0, -26,
    0, 0, -18, 0, -18, -26, -18, -34,
    -34, -18, -34, 0, 0, 0, 0, 0,
    0, 0, 0, 0, 0, 0, -10, 0,
    0, 0, 0, -10, 0, -10, -6, -6,
    -10, 0, 0, 0, 0, 0, 0, 0,
    0, -34, 0, 0, 0, 0, 0, 0,
    0, 0, 0, 0, 0, 0, 0, 0,
    0, 0, 0, 0, -2, 0, 0, 0,
    -10, 0, 0, 0, 0, -10, 0, -10,
    -6, -10, -10, 0, 0, 0, 0, 0,
    0, 0, 0, -34, 0, 0, -10, 0,
    0, 0, 0, -18, -14, -18, -18, 0,
    0, 0, 0, 0, -14, 0, 0, 0,
    0, 0, -14, 0, 0, 0, -3, -18,
    0, -24, -22, -22, -30, -18, -10, 0,
    -10, -10, -10, 0, 0, -34, 0, 0,
    -10, 0, -10, -5, 0, -12, -12, -16,
    -12, -12, -30, -50, 0, 0, -42, 0,
    -10, 0, 0, 0, -54, 0, 0, -10,
    -10, -18, 0, -26, -18, -30, -26, -26,
    -26, -14, -26, -18, -22, -14, -14, -56,
    -14, -14, -28, -14, -18, -9, -18, -18,
    -18, -26, -18, -9, 0, 0, 0, 0,
    0, 0, 0, 0, 0, 0, -18, 0,
    0, -3, 0, -14, 0, -14, -14, -18,
    -22, 0, -10, 0, -10, -10, -14, 0,
    0, -34, 0, 0, -10, 0, -10, -10,
    0, -18, -14, -14, -18, 0, 0, 0,
    0, 0, -10, 0, 0, 0, 0, 0,
    -10, 0, 0, -3, 0, -18, 0, -22,
    -18, -10, -24, -10, 0, 0, 0, 0,
    0, 0, 0, -30, 0, 0, 0, 0,
    0, -9, 0, -18, -18, -9, -9, 0,
    -26, -34, 0, 0, -44, -10, -26, -10,
    0, 0, -70, -10, -10, -22, -18, -10,
    0, -10, -10, -10, -16, 0, -61, -24,
    -61, -61, -30, -25, -24, -57, 0, 0,
    -56, -48, -56, -34, -48, -56, -48, -56,
    -47, -56, 0, 0, 0, 0, -10, 0,
    0, 0, 0, 0, -10, 0, 0, 0,
    0, 0, 0, 0, 0, 0, 0, 0,
    0, 0, 0, 0, 0, 0, 0, -34,
    0, 0, 0, 0, 0, 0, 0, -18,
    -14, -18, -18, 0, -22, -18, 0, 0,
    -50, -10, -10, 0, 0, 0, -34, -10,
    -10, -24, -22, -10, 0, -10, -10, -18,
    -18, -18, -38, -18, -38, -26, -13, -18,
    -9, -46, -18, 0, -38, -26, -26, -17,
    -18, -26, -22, -30, -30, -26, -18, -18,
    0, 0, -34, -6, -10, 0, 0, 0,
    -26, -6, -6, -22, -18, 0, 0, -10,
    0, -10, 0, -10, -30, -14, -26, -26,
    -18, -18, -18, -37, 0, 0, -34, -18,
    -18, -18, -18, -26, -22, -26, -26, -14,
    0, 0, 0, 0, -10, -6, -10, 0,
    0, 0, -18, -6, -10, -22, -10, -10,
    0, -18, -10, -10, -18, 0, -10, 0,
    -10, -18, 0, 0, 0, -33, 0, 0,
    -18, 0, -18, -18, 0, -26, -26, -18,
    -26, -9, -18, -26, 0, 0, -44, 0,
    -18, 0, 0, -10, -30, -10, -10, -30,
    -22, -18, 0, -18, 0, -18, -10, -18,
    -54, -30, -58, -52, -34, -26, -26, -63,
    0, 0, -54, -42, -46, -34, -42, -42,
    -38, -42, -42, -38, 0, 0, 0, 0,
    0, 0, -10, 0, 0, 0, -18, 0,
    0, -18, -10, 0, 0, -18, -10, 0,
    -18, 0, -18, 0, -18, -18, 0, 0,
    0, -26, 0, 0, -26, 0, -18, -13,
    0, -26, -26, -22, -26, 0, 0, 0,
    0, 0, 0, 0, 0, 0, 0, 0,
    0, 0, 0, 0, 0, -30, 0, 0,
    -14, 0, -34, 0, -6, 0, -6, 0,
    0, 0, 0, -36, 0, 0, -8, 0,
    -6, -18, 0, -22, -18, -22, -26, 0,
    0, 0, 0, 0, 0, 0, 0, 0,
    0, 0, 0, 0, 0, 0, 0, -34,
    0, -18, -18, -18, -34, 0, 0, 0,
    0, 0, -10, 0, 0, -44, 0, 0,
    -8, 0, -10, -14, 0, -26, -18, -18,
    -18, -10, 0, 0, 0, 0, 0, 0,
    0, 0, 0, 0, 0, 0, 0, 0,
    0, -34, 0, -18, -18, 0, -34, 0,
    -6, 0, 0, 0, 0, 0, 0, -42,
    0, 0, -10, 0, 0, -12, 0, -18,
    -18, -18, -18, -10, 0, 0, 0, 0,
    0, 0, 0, 0, 0, 0, 0, 0,
    0, 0, 0, -20, 0, 0, -18, 0,
    -30, 0, 0, 0, 0, 0, 0, 0,
    0, -34, 0, 0, -5, 0, 0, -10,
    0, -18, -14, -10, -6, 0, -30, -18,
    0, 0, -26, 0, 0, 0, 0, 0,
    -34, 0, 0, -10, 0, 0, 0, 0,
    0, 0, -18, 0, -28, -18, -30, -30,
    -26, -14, -18, -46, 0, 0, -30, -18,
    -26, -18, -18, -26, -18, -26, -18, -26,
    0, 0, 0, 0, 0, 0, 0, 0,
    0, 0, 0, 0, 0, 0, 0, -30,
    0, -22, -14, 0, -26, 0, 0, 0,
    0, 0, 0, 0, 0, -44, 0, 0,
    -5, 0, 0, -5, 0, -14, -10, -14,
    -14, -10, 0, 0, 0, 0, 0, 0,
    0, 0, 0, 0, 0, 0, 0, 0,
    0, -24, 0, 0, -18, 0, -26, 0,
    0, 0, 0, 0, 0, 0, 0, -36,
    0, 0, -10, 0, 0, -9, 0, -10,
    -10, -10, -10, 0, 0, 0, 0, 0,
    0, 0, 0, 0, 0, 0, 0, 0,
    0, 0, 0, -20, 0, 0, 0, 0,
    0, 0, 0, 0, -10, 0, 0, 0,
    0, -16, 0, 0, 0, 0, 0, 0,
    0, -18, -18, -18, -9, 0, 0, 0,
    0, 0, 0, 0, 0, 0, 0, 0,
    0, 0, 0, 0, 0, -30, 0, -22,
    0, 0, 0, 0, -16, 0, -18, 0,
    0, 0, 0, -40, 0, 0, -18, 0,
    -18, -9, 0, -18, -14, -14, -16, 0,
    0, 0, 0, 0, 0, 0, 0, 0,
    0, 0, 0, 0, 0, 0, 0, 0,
    0, 0, 0, 0, 0, 0, -10, 0,
    -10, -14, -10, 0, 0, -38, 0, -10,
    -10, 0, -6, -30, 0, -26, -22, -9,
    -22, 0, 0, 0, 0, 0, -18, 0,
    0, 0, 0, -10, 0, 0, -10, -10,
    0, -56, 0, -34, -34, -18, -54, 0,
    -11, -5, -8, -8, -18, -5, -10, -44,
    0, 0, -8, 0, -10, -14, -8, -26,
    -18, -22, -26, -14, -26, -26, 0, 0,
    -26, 0, 0, 0, 0, 0, -34, 0,
    0, 0, 0, -34, 0, 0, -18, -26,
    -38, 0, -18, 0, -18, -18, -10, 0,
    -10, -42, 0, 0, -26, -10, -10, -10,
    -10, -10, -10, -18, -18, -10, 0, 0,
    0, 0, 0, 0, 0, 0, 0, 0,
    0, 0, 0, -10, 0, -56, 0, -26,
    -18, -18, -46, 0, -10, 0, 0, 0,
    0, 0, 0, -38, 0, 0, -10, 0,
    0, -18, 0, -18, -18, -18, -18, -5,
    0, 0, 0, 0, 0, 0, 0, 0,
    0, 0, 0, 0, 0, -5, 0, -34,
    0, -17, -18, 0, -34, 0, -10, 0,
    -7, -10, 0, 0, 0, -42, 0, 0,
    -10, 0, 0, -18, 0, -14, -12, -10,
    -10, 0, 0, 0, 0, 0, 0, 0,
    0, 0, 0, 0, 0, 0, 0, 0,
    0, -34, 0, -18, -18, 0, -42, 0,
    0, 0, 0, 0, 0, 0, 0, -38,
    0, 0, -5, 0, 0, -5, 0, -10,
    -6, -10, -10, 0, -18, -26, 0, 0,
    -22, 0, 0, 0, 0, -18, 0, 0,
    -18, -12, -9, -56, -18, -26, -26, -26,
    -42, 0, -22, -10, -26, -22, -10, -10,
    -10, -54, 0, 0, -26, 0, -18, -10,
    -10, -18, -18, -18, -18, -14, -10, 0,
    0, 0, -18, -6, 0, 0, 0, -10,
    0, 0, -14, -12, -9, -48, -14, -22,
    -22, -26, -38, 0, -18, -10, -26, -20,
    -10, -6, -10, -50, 0, 0, -18, 0,
    -10, -12, -6, -18, -10, -18, -18, -10,
    0, 0, 0, 0, -10, 0, -10, 0,
    0, -18, 0, 0, -18, -16, -9, -56,
    -18, -30, -26, -18, -42, 0, -26, -10,
    -26, -18, -18, -10, -10, -38, 0, 0,
    -22, 0, -18, -14, -10, -18, -18, -10,
    -18, -10, 0, 0, 0, 0, -26, 0,
    -10, 0, 0, -18, 0, 0, -18, -12,
    -9, -44, -18, -30, -26, -26, -42, -13,
    -26, -10, -26, -24, -10, -14, -10, -46,
    -10, 0, -26, -14, -18, -18, -10, -18,
    -18, -18, -18, -18, 0, 0, 0, 0,
    0, 0, 0, 0, 0, 0, 0, 0,
    0, -12, 0, -34, 0, -26, -14, -9,
    -38, 0, -10, 0, -14, -18, -6, 0,
    0, -26, 0, 0, -14, 0, 0, -10,
    0, -14, -10, -10, -10, 0
};


/*Collect the kern class' data in one place*/
static const lv_font_fmt_txt_kern_classes_t kern_classes =
{
    .class_pair_values   = kern_class_values,
    .left_class_mapping  = kern_left_class_mapping,
    .right_class_mapping = kern_right_class_mapping,
    .left_class_cnt      = 47,
    .right_class_cnt     = 42,
};

/*--------------------
 *  ALL CUSTOM DATA
 *--------------------*/

#if LVGL_VERSION_MAJOR == 8
/*Store all the custom data of the font*/
static  lv_font_fmt_txt_glyph_cache_t cache;
#endif

#if LVGL_VERSION_MAJOR >= 8
static const lv_font_fmt_txt_dsc_t font_dsc = {
#else
static lv_font_fmt_txt_dsc_t font_dsc = {
#endif
    .glyph_bitmap = glyph_bitmap,
    .glyph_dsc = glyph_dsc,
    .cmaps = cmaps,
    .kern_dsc = &kern_classes,
    .kern_scale = 16,
    .cmap_num = 2,
    .bpp = 8,
    .kern_classes = 1,
    .bitmap_format = 0,
#if LVGL_VERSION_MAJOR == 8
    .cache = &cache
#endif
};



/*-----------------
 *  PUBLIC FONT
 *----------------*/

/*Initialize a public general font descriptor*/
#if LVGL_VERSION_MAJOR >= 8
const lv_font_t ui_font_k2d_25 = {
#else
lv_font_t ui_font_k2d_25 = {
#endif
    .get_glyph_dsc = lv_font_get_glyph_dsc_fmt_txt,    /*Function pointer to get glyph's data*/
    .get_glyph_bitmap = lv_font_get_bitmap_fmt_txt,    /*Function pointer to get glyph's bitmap*/
    .line_height = 26,          /*The maximum line height required by the font*/
    .base_line = 5,             /*Baseline measured from the bottom of the line*/
#if !(LVGL_VERSION_MAJOR == 6 && LVGL_VERSION_MINOR == 0)
    .subpx = LV_FONT_SUBPX_NONE,
#endif
#if LV_VERSION_CHECK(7, 4, 0) || LVGL_VERSION_MAJOR >= 8
    .underline_position = -2,
    .underline_thickness = 1,
#endif
    .dsc = &font_dsc,          /*The custom font data. Will be accessed by `get_glyph_bitmap/dsc` */
#if LV_VERSION_CHECK(8, 2, 0) || LVGL_VERSION_MAJOR >= 9
    .fallback = NULL,
#endif
    .user_data = NULL,
};



#endif /*#if UI_FONT_K2D_25*/

