/*******************************************************************************
 * Size: 45 px
 * Bpp: 8
 * Opts: --bpp 8 --size 45 --no-compress --font ../K2D-SemiBold.ttf --range 32-127 --format lvgl
 ******************************************************************************/

#ifdef __has_include
    #if __has_include("lvgl.h")
        #ifndef LV_LVGL_H_INCLUDE_SIMPLE
            #define LV_LVGL_H_INCLUDE_SIMPLE
        #endif
    #endif
#endif

#ifdef LV_LVGL_H_INCLUDE_SIMPLE
    #include "lvgl.h"
#else
    #include "lvgl.h"
#endif

#ifndef UI_FONT_K2D_45
#define UI_FONT_K2D_45 1
#endif

#if UI_FONT_K2D_45

/*-----------------
 *    BITMAPS
 *----------------*/

/*Store the image of the glyphs*/
static LV_ATTRIBUTE_LARGE_CONST const uint8_t glyph_bitmap[] = {
    /* U+0020 " " */

    /* U+0021 "!" */
    0x0, 0x0, 0x0, 0x11, 0x7f, 0xcb, 0xf0, 0x7e,
    0x0, 0x0, 0x0, 0x19, 0xe0, 0xff, 0xff, 0xff,
    0x80, 0x0, 0x0, 0x0, 0x93, 0xff, 0xff, 0xff,
    0xff, 0x80, 0x0, 0x0, 0x0, 0xc7, 0xff, 0xff,
    0xff, 0xff, 0x80, 0x0, 0x0, 0x0, 0xd0, 0xff,
    0xff, 0xff, 0xff, 0x80, 0x0, 0x0, 0x0, 0xd0,
    0xff, 0xff, 0xff, 0xff, 0x80, 0x0, 0x0, 0x0,
    0xd0, 0xff, 0xff, 0xff, 0xff, 0x80, 0x0, 0x0,
    0x0, 0xd0, 0xff, 0xff, 0xff, 0xff, 0x80, 0x0,
    0x0, 0x0, 0xd0, 0xff, 0xff, 0xff, 0xff, 0x80,
    0x0, 0x0, 0x0, 0xd0, 0xff, 0xff, 0xff, 0xff,
    0x80, 0x0, 0x0, 0x0, 0xd0, 0xff, 0xff, 0xff,
    0xff, 0x80, 0x0, 0x0, 0x0, 0xd0, 0xff, 0xff,
    0xff, 0xff, 0x80, 0x0, 0x0, 0x0, 0xd0, 0xff,
    0xff, 0xff, 0xff, 0x80, 0x0, 0x0, 0x0, 0xd0,
    0xff, 0xff, 0xff, 0xff, 0x80, 0x0, 0x0, 0x0,
    0xd0, 0xff, 0xff, 0xff, 0xff, 0x80, 0x0, 0x0,
    0x0, 0xd0, 0xff, 0xff, 0xff, 0xff, 0x80, 0x0,
    0x0, 0x0, 0xd0, 0xff, 0xff, 0xff, 0xff, 0x80,
    0x0, 0x0, 0x0, 0xd0, 0xff, 0xff, 0xff, 0xff,
    0x7f, 0x0, 0x0, 0x0, 0xd0, 0xff, 0xff, 0xff,
    0xff, 0x72, 0x0, 0x0, 0x0, 0xd0, 0xff, 0xff,
    0xff, 0xff, 0x36, 0x0, 0x0, 0x0, 0xd0, 0xff,
    0xff, 0xff, 0x96, 0x0, 0x0, 0x0, 0x0, 0xce,
    0xec, 0xb8, 0x55, 0x0, 0x0, 0x0, 0x0, 0x0,
    0x0, 0x0, 0x0, 0x0, 0x0, 0x0, 0x0, 0x0,
    0x0, 0x0, 0x0, 0x0, 0x0, 0x0, 0x0, 0x0,
    0x0, 0x0, 0x0, 0xd, 0x29, 0x15, 0x0, 0x0,
    0x0, 0x0, 0x9, 0x9a, 0xfb, 0xff, 0xff, 0xbb,
    0x1d, 0x0, 0x0, 0x9e, 0xff, 0xff, 0xff, 0xff,
    0xff, 0xd9, 0x8, 0xe, 0xfc, 0xff, 0xff, 0xff,
    0xff, 0xff, 0xff, 0x57, 0x26, 0xff, 0xff, 0xff,
    0xff, 0xff, 0xff, 0xff, 0x75, 0xa, 0xf8, 0xff,
    0xff, 0xff, 0xff, 0xff, 0xff, 0x4e, 0x0, 0x85,
    0xff, 0xff, 0xff, 0xff, 0xff, 0xc4, 0x2, 0x0,
    0x1, 0x64, 0xd1, 0xf7, 0xe6, 0x8f, 0xc, 0x0,

    /* U+0022 "\"" */
    0x0, 0x0, 0x0, 0x1f, 0x99, 0xdd, 0xf7, 0xf4,
    0x13, 0x0, 0xc, 0x80, 0xd4, 0xf1, 0xfa, 0x4c,
    0x0, 0x0, 0x12, 0xdf, 0xff, 0xff, 0xff, 0xc4,
    0x0, 0x0, 0xbc, 0xff, 0xff, 0xff, 0xf8, 0xc,
    0x0, 0x0, 0x70, 0xff, 0xff, 0xff, 0xff, 0x73,
    0x0, 0x3c, 0xff, 0xff, 0xff, 0xff, 0xb3, 0x0,
    0x0, 0x0, 0xb9, 0xff, 0xff, 0xff, 0xff, 0x21,
    0x0, 0x84, 0xff, 0xff, 0xff, 0xff, 0x61, 0x0,
    0x0, 0x0, 0xeb, 0xff, 0xff, 0xff, 0xcf, 0x0,
    0x0, 0xb6, 0xff, 0xff, 0xff, 0xfc, 0x13, 0x0,
    0x0, 0x1f, 0xff, 0xff, 0xff, 0xff, 0x7e, 0x0,
    0x0, 0xe7, 0xff, 0xff, 0xff, 0xbe, 0x0, 0x0,
    0x0, 0x51, 0xff, 0xff, 0xff, 0xff, 0x2c, 0x0,
    0x18, 0xff, 0xff, 0xff, 0xff, 0x6c, 0x0, 0x0,
    0x0, 0x84, 0xff, 0xff, 0xff, 0xda, 0x0, 0x0,
    0x4a, 0xff, 0xff, 0xff, 0xfe, 0x1b, 0x0, 0x0,
    0x0, 0xb7, 0xff, 0xff, 0xff, 0x7c, 0x0, 0x0,
    0x7b, 0xff, 0xff, 0xff, 0xb9, 0x0, 0x0, 0x0,
    0x0, 0xea, 0xff, 0xff, 0xdd, 0x12, 0x0, 0x0,
    0xac, 0xff, 0xff, 0xf3, 0x32, 0x0, 0x0, 0x0,
    0x1b, 0xfc, 0xe4, 0x9c, 0x1c, 0x0, 0x0, 0x0,
    0xd8, 0xeb, 0xb2, 0x32, 0x0, 0x0, 0x0, 0x0,

    /* U+0023 "#" */
    0x0, 0x0, 0x0, 0x0, 0x0, 0x0, 0x0, 0x0,
    0x0, 0x0, 0x0, 0x1b, 0x8a, 0xcf, 0xf1, 0x94,
    0x0, 0x0, 0x0, 0x0, 0x0, 0x0, 0x0, 0x11,
    0x80, 0xc8, 0xed, 0xc2, 0x0, 0x0, 0x0, 0x0,
    0x0, 0x0, 0x0, 0x0, 0x0, 0x0, 0x0, 0x0,
    0x0, 0x0, 0x0, 0x0, 0x22, 0xec, 0xff, 0xff,
    0xff, 0x75, 0x0, 0x0, 0x0, 0x0, 0x0, 0x0,
    0xe, 0xdd, 0xff, 0xff, 0xff, 0xa5, 0x0, 0x0,
    0x0, 0x0, 0x0, 0x0, 0x0, 0x0, 0x0, 0x0,
    0x0, 0x0, 0x0, 0x0, 0x0, 0x0, 0x90, 0xff,
    0xff, 0xff, 0xff, 0x54, 0x0, 0x0, 0x0, 0x0,
    0x0, 0x0, 0x63, 0xff, 0xff, 0xff, 0xff, 0x84,
    0x0, 0x0, 0x0, 0x0, 0x0, 0x0, 0x0, 0x0,
    0x0, 0x0, 0x0, 0x0, 0x0, 0x0, 0x0, 0x0,
    0xbd, 0xff, 0xff, 0xff, 0xff, 0x32, 0x0, 0x0,
    0x0, 0x0, 0x0, 0x0, 0x8e, 0xff, 0xff, 0xff,
    0xff, 0x62, 0x0, 0x0, 0x0, 0x0, 0x0, 0x0,
    0x0, 0x0, 0x0, 0x0, 0x0, 0x0, 0x0, 0x0,
    0x0, 0x0, 0xdd, 0xff, 0xff, 0xff, 0xff, 0x11,
    0x0, 0x0, 0x0, 0x0, 0x0, 0x0, 0xad, 0xff,
    0xff, 0xff, 0xff, 0x41, 0x0, 0x0, 0x0, 0x0,
    0x0, 0x0, 0x0, 0x0, 0x0, 0x0, 0x0, 0x0,
    0x0, 0x0, 0x0, 0x2, 0xfa, 0xff, 0xff, 0xff,
    0xf0, 0x0, 0x0, 0x0, 0x0, 0x0, 0x0, 0x0,
    0xcd, 0xff, 0xff, 0xff, 0xff, 0x20, 0x0, 0x0,
    0x0, 0x0, 0x0, 0x0, 0x0, 0x0, 0x0, 0x0,
    0x0, 0x0, 0x0, 0x0, 0x0, 0x1d, 0xff, 0xff,
    0xff, 0xff, 0xce, 0x0, 0x0, 0x0, 0x0, 0x0,
    0x0, 0x0, 0xed, 0xff, 0xff, 0xff, 0xfb, 0x3,
    0x0, 0x0, 0x0, 0x0, 0x0, 0x0, 0x0, 0x0,
    0x0, 0x0, 0x0, 0x0, 0x0, 0x0, 0x0, 0x3d,
    0xff, 0xff, 0xff, 0xff, 0xad, 0x0, 0x0, 0x0,
    0x0, 0x0, 0x0, 0xc, 0xff, 0xff, 0xff, 0xff,
    0xdd, 0x0, 0x0, 0x0, 0x0, 0x0, 0x0, 0x0,
    0x0, 0x0, 0x0, 0x0, 0x0, 0x0, 0x0, 0x0,
    0x0, 0x5c, 0xff, 0xff, 0xff, 0xff, 0x8c, 0x0,
    0x0, 0x0, 0x0, 0x0, 0x0, 0x2c, 0xff, 0xff,
    0xff, 0xff, 0xbc, 0x0, 0x0, 0x0, 0x0, 0x0,
    0x0, 0x0, 0x0, 0x0, 0x0, 0x19, 0xa3, 0xe6,
    0xff, 0xff, 0xff, 0xff, 0xff, 0xff, 0xff, 0xff,
    0xff, 0xff, 0xff, 0xff, 0xff, 0xff, 0xff, 0xff,
    0xff, 0xff, 0xff, 0xff, 0xff, 0xff, 0xff, 0xff,
    0xff, 0xff, 0xff, 0xca, 0x0, 0x0, 0x1, 0xc7,
    0xff, 0xff, 0xff, 0xff, 0xff, 0xff, 0xff, 0xff,
    0xff, 0xff, 0xff, 0xff, 0xff, 0xff, 0xff, 0xff,
    0xff, 0xff, 0xff, 0xff, 0xff, 0xff, 0xff, 0xff,
    0xff, 0xff, 0xff, 0xff, 0xff, 0xd0, 0x0, 0x0,
    0x25, 0xff, 0xff, 0xff, 0xff, 0xff, 0xff, 0xff,
    0xff, 0xff, 0xff, 0xff, 0xff, 0xff, 0xff, 0xff,
    0xff, 0xff, 0xff, 0xff, 0xff, 0xff, 0xff, 0xff,
    0xff, 0xff, 0xff, 0xff, 0xff, 0xff, 0xff, 0x99,
    0x0, 0x0, 0x3a, 0xff, 0xff, 0xff, 0xff, 0xff,
    0xff, 0xff, 0xff, 0xff, 0xff, 0xff, 0xff, 0xff,
    0xff, 0xff, 0xff, 0xff, 0xff, 0xff, 0xff, 0xff,
    0xff, 0xff, 0xff, 0xff, 0xff, 0xff, 0xff, 0xff,
    0xd4, 0x16, 0x0, 0x0, 0x11, 0x70, 0x70, 0x70,
    0x70, 0x70, 0x71, 0xfe, 0xff, 0xff, 0xff, 0xd9,
    0x70, 0x70, 0x70, 0x70, 0x70, 0x70, 0x70, 0xca,
    0xff, 0xff, 0xff, 0xff, 0x7f, 0x70, 0x70, 0x70,
    0x6a, 0x46, 0x4, 0x0, 0x0, 0x0, 0x0, 0x0,
    0x0, 0x0, 0x0, 0x0, 0x17, 0xff, 0xff, 0xff,
    0xff, 0xa2, 0x0, 0x0, 0x0, 0x0, 0x0, 0x0,
    0x0, 0xb9, 0xff, 0xff, 0xff, 0xfd, 0x5, 0x0,
    0x0, 0x0, 0x0, 0x0, 0x0, 0x0, 0x0, 0x0,
    0x0, 0x0, 0x0, 0x0, 0x0, 0x0, 0x33, 0xff,
    0xff, 0xff, 0xff, 0x82, 0x0, 0x0, 0x0, 0x0,
    0x0, 0x0, 0x0, 0xd8, 0xff, 0xff, 0xff, 0xe2,
    0x0, 0x0, 0x0, 0x0, 0x0, 0x0, 0x0, 0x0,
    0x0, 0x0, 0x0, 0x0, 0x0, 0x0, 0x0, 0x0,
    0x50, 0xff, 0xff, 0xff, 0xff, 0x62, 0x0, 0x0,
    0x0, 0x0, 0x0, 0x0, 0x0, 0xf6, 0xff, 0xff,
    0xff, 0xc2, 0x0, 0x0, 0x0, 0x0, 0x0, 0x0,
    0x0, 0x0, 0x0, 0x0, 0x0, 0x0, 0x0, 0x0,
    0x0, 0x0, 0x6c, 0xff, 0xff, 0xff, 0xff, 0x43,
    0x0, 0x0, 0x0, 0x0, 0x0, 0x0, 0x16, 0xff,
    0xff, 0xff, 0xff, 0xa3, 0x0, 0x0, 0x0, 0x0,
    0x0, 0x0, 0x0, 0x0, 0x0, 0x0, 0x13, 0x4a,
    0x63, 0x64, 0x64, 0x64, 0xb4, 0xff, 0xff, 0xff,
    0xff, 0x7d, 0x64, 0x64, 0x64, 0x64, 0x64, 0x64,
    0x80, 0xff, 0xff, 0xff, 0xff, 0xb7, 0x64, 0x64,
    0x64, 0x64, 0x64, 0x4e, 0x0, 0x0, 0x0, 0x52,
    0xf2, 0xff, 0xff, 0xff, 0xff, 0xff, 0xff, 0xff,
    0xff, 0xff, 0xff, 0xff, 0xff, 0xff, 0xff, 0xff,
    0xff, 0xff, 0xff, 0xff, 0xff, 0xff, 0xff, 0xff,
    0xff, 0xff, 0xff, 0xff, 0xff, 0xda, 0x0, 0x0,
    0x4, 0xee, 0xff, 0xff, 0xff, 0xff, 0xff, 0xff,
    0xff, 0xff, 0xff, 0xff, 0xff, 0xff, 0xff, 0xff,
    0xff, 0xff, 0xff, 0xff, 0xff, 0xff, 0xff, 0xff,
    0xff, 0xff, 0xff, 0xff, 0xff, 0xff, 0xff, 0xc7,
    0x0, 0x0, 0x26, 0xff, 0xff, 0xff, 0xff, 0xff,
    0xff, 0xff, 0xff, 0xff, 0xff, 0xff, 0xff, 0xff,
    0xff, 0xff, 0xff, 0xff, 0xff, 0xff, 0xff, 0xff,
    0xff, 0xff, 0xff, 0xff, 0xff, 0xff, 0xff, 0xff,
    0xff, 0x71, 0x0, 0x0, 0x1f, 0xff, 0xff, 0xff,
    0xff, 0xff, 0xff, 0xff, 0xff, 0xff, 0xff, 0xff,
    0xff, 0xff, 0xff, 0xff, 0xff, 0xff, 0xff, 0xff,
    0xff, 0xff, 0xff, 0xff, 0xff, 0xff, 0xff, 0xff,
    0xfa, 0xda, 0x76, 0x2, 0x0, 0x0, 0x0, 0x0,
    0x0, 0x0, 0x0, 0x0, 0x0, 0x34, 0xff, 0xff,
    0xff, 0xff, 0xc0, 0x0, 0x0, 0x0, 0x0, 0x0,
    0x0, 0x3, 0xfc, 0xff, 0xff, 0xff, 0xf4, 0x0,
    0x0, 0x0, 0x0, 0x0, 0x0, 0x0, 0x0, 0x0,
    0x0, 0x0, 0x0, 0x0, 0x0, 0x0, 0x0, 0x52,
    0xff, 0xff, 0xff, 0xff, 0xa1, 0x0, 0x0, 0x0,
    0x0, 0x0, 0x0, 0x1e, 0xff, 0xff, 0xff, 0xff,
    0xd6, 0x0, 0x0, 0x0, 0x0, 0x0, 0x0, 0x0,
    0x0, 0x0, 0x0, 0x0, 0x0, 0x0, 0x0, 0x0,
    0x0, 0x71, 0xff, 0xff, 0xff, 0xff, 0x83, 0x0,
    0x0, 0x0, 0x0, 0x0, 0x0, 0x3d, 0xff, 0xff,
    0xff, 0xff, 0xb7, 0x0, 0x0, 0x0, 0x0, 0x0,
    0x0, 0x0, 0x0, 0x0, 0x0, 0x0, 0x0, 0x0,
    0x0, 0x0, 0x0, 0x90, 0xff, 0xff, 0xff, 0xff,
    0x64, 0x0, 0x0, 0x0, 0x0, 0x0, 0x0, 0x5c,
    0xff, 0xff, 0xff, 0xff, 0x99, 0x0, 0x0, 0x0,
    0x0, 0x0, 0x0, 0x0, 0x0, 0x0, 0x0, 0x0,
    0x0, 0x0, 0x0, 0x0, 0x0, 0xae, 0xff, 0xff,
    0xff, 0xff, 0x46, 0x0, 0x0, 0x0, 0x0, 0x0,
    0x0, 0x7a, 0xff, 0xff, 0xff, 0xff, 0x7b, 0x0,
    0x0, 0x0, 0x0, 0x0, 0x0, 0x0, 0x0, 0x0,
    0x0, 0x0, 0x0, 0x0, 0x0, 0x0, 0x0, 0xcd,
    0xff, 0xff, 0xff, 0xff, 0x27, 0x0, 0x0, 0x0,
    0x0, 0x0, 0x0, 0x99, 0xff, 0xff, 0xff, 0xff,
    0x5c, 0x0, 0x0, 0x0, 0x0, 0x0, 0x0, 0x0,
    0x0, 0x0, 0x0, 0x0, 0x0, 0x0, 0x0, 0x0,
    0x0, 0xec, 0xff, 0xff, 0xff, 0xf5, 0x5, 0x0,
    0x0, 0x0, 0x0, 0x0, 0x0, 0xb8, 0xff, 0xff,
    0xff, 0xff, 0x2f, 0x0, 0x0, 0x0, 0x0, 0x0,
    0x0, 0x0, 0x0, 0x0, 0x0, 0x0, 0x0, 0x0,
    0x0, 0x0, 0xa, 0xff, 0xff, 0xff, 0xff, 0x78,
    0x0, 0x0, 0x0, 0x0, 0x0, 0x0, 0x0, 0xd6,
    0xff, 0xff, 0xff, 0xab, 0x0, 0x0, 0x0, 0x0,
    0x0, 0x0, 0x0, 0x0, 0x0, 0x0, 0x0, 0x0,
    0x0, 0x0, 0x0, 0x0, 0x28, 0xf9, 0xe2, 0xae,
    0x49, 0x0, 0x0, 0x0, 0x0, 0x0, 0x0, 0x0,
    0x0, 0xea, 0xe0, 0xb0, 0x5b, 0x2, 0x0, 0x0,
    0x0, 0x0, 0x0, 0x0, 0x0, 0x0, 0x0, 0x0,

    /* U+0024 "$" */
    0x0, 0x0, 0x0, 0x0, 0x0, 0x0, 0x0, 0x0,
    0x0, 0x0, 0x0, 0x0, 0x15, 0xbc, 0x89, 0x0,
    0x0, 0x0, 0x0, 0x0, 0x0, 0x0, 0x0, 0x0,
    0x0, 0x0, 0x0, 0x0, 0x0, 0x0, 0x0, 0x0,
    0x0, 0x0, 0x0, 0x0, 0x0, 0x0, 0x0, 0x88,
    0xff, 0x90, 0x0, 0x0, 0x0, 0x0, 0x0, 0x0,
    0x0, 0x0, 0x0, 0x0, 0x0, 0x0, 0x0, 0x0,
    0x0, 0x0, 0x0, 0x0, 0x0, 0x0, 0x0, 0x0,
    0x0, 0x0, 0xad, 0xff, 0x90, 0x0, 0x0, 0x0,
    0x0, 0x0, 0x0, 0x0, 0x0, 0x0, 0x0, 0x0,
    0x0, 0x0, 0x0, 0x0, 0x0, 0x0, 0x0, 0x0,
    0x0, 0x0, 0x0, 0x0, 0x0, 0xb0, 0xff, 0x90,
    0x0, 0x0, 0x0, 0x0, 0x0, 0x0, 0x0, 0x0,
    0x0, 0x0, 0x0, 0x0, 0x0, 0x0, 0x0, 0x0,
    0x0, 0x0, 0x0, 0x0, 0x0, 0x0, 0x0, 0x0,
    0xb0, 0xff, 0x90, 0x0, 0x0, 0x0, 0x0, 0x0,
    0x0, 0x0, 0x0, 0x0, 0x0, 0x0, 0x0, 0x0,
    0x0, 0x0, 0x0, 0x0, 0x0, 0x2, 0x46, 0x8c,
    0xc1, 0xe3, 0xf3, 0xff, 0xff, 0xfd, 0xeb, 0xd6,
    0xba, 0x77, 0x2d, 0x0, 0x0, 0x0, 0x0, 0x0,
    0x0, 0x0, 0x0, 0x0, 0x0, 0x0, 0x0, 0x5e,
    0xe0, 0xff, 0xff, 0xff, 0xff, 0xff, 0xff, 0xff,
    0xff, 0xff, 0xff, 0xff, 0xff, 0xff, 0xd0, 0x50,
    0x0, 0x0, 0x0, 0x0, 0x0, 0x0, 0x0, 0x0,
    0xa, 0xb4, 0xff, 0xff, 0xff, 0xff, 0xff, 0xff,
    0xff, 0xff, 0xff, 0xff, 0xff, 0xff, 0xff, 0xff,
    0xff, 0xff, 0xff, 0xaa, 0xb, 0x0, 0x0, 0x0,
    0x0, 0x0, 0x5, 0xc2, 0xff, 0xff, 0xff, 0xff,
    0xff, 0xff, 0xff, 0xff, 0xff, 0xff, 0xff, 0xff,
    0xff, 0xff, 0xff, 0xff, 0xff, 0xff, 0xff, 0xc0,
    0x5, 0x0, 0x0, 0x0, 0x0, 0x7f, 0xff, 0xff,
    0xff, 0xff, 0xff, 0xff, 0xc7, 0x84, 0x63, 0xcc,
    0xff, 0xaf, 0x61, 0x9a, 0xea, 0xff, 0xff, 0xff,
    0xff, 0xff, 0xff, 0x7e, 0x0, 0x0, 0x0, 0x9,
    0xf3, 0xff, 0xff, 0xff, 0xff, 0xed, 0x45, 0x0,
    0x0, 0x0, 0xb0, 0xff, 0x90, 0x0, 0x0, 0xa,
    0x8a, 0xff, 0xff, 0xff, 0xff, 0xff, 0xed, 0x3,
    0x0, 0x0, 0x4f, 0xff, 0xff, 0xff, 0xff, 0xff,
    0x4d, 0x0, 0x0, 0x0, 0x0, 0xb0, 0xff, 0x90,
    0x0, 0x0, 0x0, 0x0, 0x87, 0xff, 0xff, 0xff,
    0xff, 0xff, 0x2a, 0x0, 0x0, 0x73, 0xff, 0xff,
    0xff, 0xff, 0xec, 0x1, 0x0, 0x0, 0x0, 0x0,
    0xb0, 0xff, 0x90, 0x0, 0x0, 0x0, 0x0, 0x7,
    0xe3, 0xff, 0xff, 0xff, 0xff, 0x33, 0x0, 0x0,
    0x83, 0xff, 0xff, 0xff, 0xff, 0xda, 0x0, 0x0,
    0x0, 0x0, 0x0, 0xb0, 0xff, 0x90, 0x0, 0x0,
    0x0, 0x0, 0x0, 0x87, 0xff, 0xff, 0xff, 0xec,
    0x8, 0x0, 0x0, 0x72, 0xff, 0xff, 0xff, 0xff,
    0xf8, 0xa, 0x0, 0x0, 0x0, 0x0, 0xb0, 0xff,
    0x90, 0x0, 0x0, 0x0, 0x0, 0x0, 0x48, 0xff,
    0xff, 0xe1, 0x40, 0x0, 0x0, 0x0, 0x45, 0xff,
    0xff, 0xff, 0xff, 0xff, 0x7e, 0x0, 0x0, 0x0,
    0x0, 0xb0, 0xff, 0x90, 0x0, 0x0, 0x0, 0x0,
    0x0, 0xd, 0x50, 0x31, 0x2, 0x0, 0x0, 0x0,
    0x0, 0x7, 0xee, 0xff, 0xff, 0xff, 0xff, 0xfe,
    0x8c, 0xf, 0x0, 0x0, 0xb0, 0xff, 0x90, 0x0,
    0x0, 0x0, 0x0, 0x0, 0x0, 0x0, 0x0, 0x0,
    0x0, 0x0, 0x0, 0x0, 0x0, 0x78, 0xff, 0xff,
    0xff, 0xff, 0xff, 0xff, 0xf2, 0x9b, 0x48, 0xb7,
    0xff, 0x90, 0x0, 0x0, 0x0, 0x0, 0x0, 0x0,
    0x0, 0x0, 0x0, 0x0, 0x0, 0x0, 0x0, 0x0,
    0x3, 0xb8, 0xff, 0xff, 0xff, 0xff, 0xff, 0xff,
    0xff, 0xff, 0xff, 0xff, 0xc8, 0x52, 0x13, 0x0,
    0x0, 0x0, 0x0, 0x0, 0x0, 0x0, 0x0, 0x0,
    0x0, 0x0, 0x0, 0x0, 0x8, 0x9f, 0xff, 0xff,
    0xff, 0xff, 0xff, 0xff, 0xff, 0xff, 0xff, 0xff,
    0xff, 0xfd, 0xc7, 0x78, 0x1f, 0x0, 0x0, 0x0,
    0x0, 0x0, 0x0, 0x0, 0x0, 0x0, 0x0, 0x0,
    0x0, 0x44, 0xc9, 0xff, 0xff, 0xff, 0xff, 0xff,
    0xff, 0xff, 0xff, 0xff, 0xff, 0xff, 0xff, 0xfe,
    0xbb, 0x47, 0x0, 0x0, 0x0, 0x0, 0x0, 0x0,
    0x0, 0x0, 0x0, 0x0, 0x0, 0x0, 0x39, 0x99,
    0xea, 0xff, 0xff, 0xff, 0xff, 0xff, 0xff, 0xff,
    0xff, 0xff, 0xff, 0xff, 0xff, 0xbd, 0x21, 0x0,
    0x0, 0x0, 0x0, 0x0, 0x0, 0x0, 0x0, 0x0,
    0x0, 0x0, 0x0, 0x2, 0x3a, 0x7e, 0xe5, 0xff,
    0xff, 0xff, 0xff, 0xff, 0xff, 0xff, 0xff, 0xff,
    0xff, 0xf0, 0x3b, 0x0, 0x0, 0x0, 0x0, 0x0,
    0x0, 0x0, 0x0, 0x0, 0x0, 0x0, 0x0, 0x0,
    0x0, 0xb0, 0xff, 0xb1, 0x7f, 0xcc, 0xff, 0xff,
    0xff, 0xff, 0xff, 0xff, 0xff, 0xef, 0x20, 0x0,
    0x0, 0x0, 0x0, 0x0, 0x0, 0x0, 0x0, 0x0,
    0x0, 0x0, 0x0, 0x0, 0xb0, 0xff, 0x90, 0x0,
    0x0, 0x24, 0x8f, 0xf9, 0xff, 0xff, 0xff, 0xff,
    0xff, 0xa9, 0x0, 0x0, 0x0, 0x7, 0x4f, 0x7f,
    0x47, 0x0, 0x0, 0x0, 0x0, 0x0, 0x0, 0xb0,
    0xff, 0x90, 0x0, 0x0, 0x0, 0x0, 0x29, 0xe3,
    0xff, 0xff, 0xff, 0xff, 0xfb, 0x13, 0x0, 0x29,
    0xe0, 0xff, 0xff, 0x95, 0x0, 0x0, 0x0, 0x0,
    0x0, 0x0, 0xb0, 0xff, 0x90, 0x0, 0x0, 0x0,
    0x0, 0x0, 0x42, 0xff, 0xff, 0xff, 0xff, 0xff,
    0x4b, 0x0, 0xc6, 0xff, 0xff, 0xff, 0xc5, 0x0,
    0x0, 0x0, 0x0, 0x0, 0x0, 0xb0, 0xff, 0x90,
    0x0, 0x0, 0x0, 0x0, 0x0, 0x0, 0xf2, 0xff,
    0xff, 0xff, 0xff, 0x68, 0xc, 0xff, 0xff, 0xff,
    0xff, 0xfb, 0x1c, 0x0, 0x0, 0x0, 0x0, 0x0,
    0xb0, 0xff, 0x90, 0x0, 0x0, 0x0, 0x0, 0x0,
    0x0, 0xe5, 0xff, 0xff, 0xff, 0xff, 0x6a, 0x11,
    0xff, 0xff, 0xff, 0xff, 0xff, 0x9d, 0x0, 0x0,
    0x0, 0x0, 0x0, 0xb0, 0xff, 0x90, 0x0, 0x0,
    0x0, 0x0, 0x0, 0x17, 0xfd, 0xff, 0xff, 0xff,
    0xff, 0x50, 0x0, 0xf2, 0xff, 0xff, 0xff, 0xff,
    0xff, 0x71, 0x0, 0x0, 0x0, 0x0, 0xb0, 0xff,
    0x90, 0x0, 0x0, 0x0, 0x0, 0x0, 0x95, 0xff,
    0xff, 0xff, 0xff, 0xfe, 0x1d, 0x0, 0xa6, 0xff,
    0xff, 0xff, 0xff, 0xff, 0xff, 0xa9, 0x25, 0x0,
    0x0, 0xb0, 0xff, 0x90, 0x0, 0x0, 0x0, 0x13,
    0x9a, 0xff, 0xff, 0xff, 0xff, 0xff, 0xc0, 0x0,
    0x0, 0x31, 0xfa, 0xff, 0xff, 0xff, 0xff, 0xff,
    0xff, 0xff, 0xca, 0x90, 0xd3, 0xff, 0xbb, 0x6b,
    0x84, 0xb6, 0xf8, 0xff, 0xff, 0xff, 0xff, 0xff,
    0xfb, 0x33, 0x0, 0x0, 0x0, 0x70, 0xff, 0xff,
    0xff, 0xff, 0xff, 0xff, 0xff, 0xff, 0xff, 0xff,
    0xff, 0xff, 0xff, 0xff, 0xff, 0xff, 0xff, 0xff,
    0xff, 0xff, 0xfe, 0x6c, 0x0, 0x0, 0x0, 0x0,
    0x0, 0x65, 0xf9, 0xff, 0xff, 0xff, 0xff, 0xff,
    0xff, 0xff, 0xff, 0xff, 0xff, 0xff, 0xff, 0xff,
    0xff, 0xff, 0xff, 0xff, 0xf2, 0x5c, 0x0, 0x0,
    0x0, 0x0, 0x0, 0x0, 0x0, 0x24, 0xad, 0xfc,
    0xff, 0xff, 0xff, 0xff, 0xff, 0xff, 0xff, 0xff,
    0xff, 0xff, 0xff, 0xff, 0xff, 0xf6, 0x9f, 0x1a,
    0x0, 0x0, 0x0, 0x0, 0x0, 0x0, 0x0, 0x0,
    0x0, 0x0, 0x16, 0x68, 0x9f, 0xce, 0xe7, 0xf5,
    0xff, 0xff, 0xfe, 0xf2, 0xe4, 0xc8, 0x97, 0x5e,
    0xe, 0x0, 0x0, 0x0, 0x0, 0x0, 0x0, 0x0,
    0x0, 0x0, 0x0, 0x0, 0x0, 0x0, 0x0, 0x0,
    0x0, 0x0, 0x0, 0xb0, 0xff, 0x90, 0x0, 0x0,
    0x0, 0x0, 0x0, 0x0, 0x0, 0x0, 0x0, 0x0,
    0x0, 0x0, 0x0, 0x0, 0x0, 0x0, 0x0, 0x0,
    0x0, 0x0, 0x0, 0x0, 0x0, 0x0, 0xb0, 0xff,
    0x90, 0x0, 0x0, 0x0, 0x0, 0x0, 0x0, 0x0,
    0x0, 0x0, 0x0, 0x0, 0x0, 0x0, 0x0, 0x0,
    0x0, 0x0, 0x0, 0x0, 0x0, 0x0, 0x0, 0x0,
    0x0, 0xb0, 0xff, 0x8c, 0x0, 0x0, 0x0, 0x0,
    0x0, 0x0, 0x0, 0x0, 0x0, 0x0, 0x0, 0x0,
    0x0, 0x0, 0x0, 0x0, 0x0, 0x0, 0x0, 0x0,
    0x0, 0x0, 0x0, 0x0, 0xb0, 0xff, 0x66, 0x0,
    0x0, 0x0, 0x0, 0x0, 0x0, 0x0, 0x0, 0x0,
    0x0, 0x0, 0x0, 0x0, 0x0, 0x0, 0x0, 0x0,
    0x0, 0x0, 0x0, 0x0, 0x0, 0x0, 0x0, 0xa6,
    0xad, 0x8, 0x0, 0x0, 0x0, 0x0, 0x0, 0x0,
    0x0, 0x0, 0x0, 0x0, 0x0, 0x0,

    /* U+0025 "%" */
    0x0, 0x0, 0x0, 0x0, 0x0, 0x0, 0x0, 0x0,
    0x0, 0x0, 0x0, 0x0, 0x0, 0x0, 0x0, 0x0,
    0x0, 0x0, 0x0, 0x0, 0x0, 0x0, 0x0, 0x0,
    0x0, 0x2c, 0xb7, 0xf3, 0xee, 0xab, 0x2e, 0x0,
    0x0, 0x0, 0x0, 0x0, 0x0, 0x0, 0x0, 0x0,
    0x0, 0x0, 0x0, 0x0, 0x0, 0x0, 0x0, 0x0,
    0x0, 0x0, 0x0, 0x0, 0x0, 0x0, 0x0, 0x0,
    0x0, 0x0, 0x0, 0x0, 0x0, 0x0, 0x0, 0x1b,
    0xef, 0xff, 0xff, 0xff, 0xff, 0x94, 0x0, 0x0,
    0x0, 0x0, 0x0, 0x0, 0x0, 0x0, 0x0, 0x0,
    0x0, 0x0, 0x16, 0x6f, 0xbf, 0xe2, 0xf8, 0xe9,
    0xcd, 0x88, 0x2f, 0x0, 0x0, 0x0, 0x0, 0x0,
    0x0, 0x0, 0x0, 0x0, 0x0, 0x0, 0x9d, 0xff,
    0xff, 0xff, 0xff, 0xf9, 0x1c, 0x0, 0x0, 0x0,
    0x0, 0x0, 0x0, 0x0, 0x0, 0x0, 0x0, 0x1,
    0x71, 0xf2, 0xff, 0xff, 0xff, 0xff, 0xff, 0xff,
    0xff, 0xfe, 0x9e, 0x10, 0x0, 0x0, 0x0, 0x0,
    0x0, 0x0, 0x0, 0x0, 0x21, 0xfb, 0xff, 0xff,
    0xff, 0xff, 0x96, 0x0, 0x0, 0x0, 0x0, 0x0,
    0x0, 0x0, 0x0, 0x0, 0x0, 0x0, 0x97, 0xff,
    0xff, 0xff, 0xff, 0xff, 0xff, 0xff, 0xff, 0xff,
    0xff, 0xff, 0xc9, 0xd, 0x0, 0x0, 0x0, 0x0,
    0x0, 0x0, 0x0, 0x9b, 0xff, 0xff, 0xff, 0xff,
    0xf9, 0x1e, 0x0, 0x0, 0x0, 0x0, 0x0, 0x0,
    0x0, 0x0, 0x0, 0x0, 0x6b, 0xff, 0xff, 0xff,
    0xff, 0xff, 0xff, 0xff, 0xff, 0xff, 0xff, 0xff,
    0xff, 0xff, 0xa0, 0x0, 0x0, 0x0, 0x0, 0x0,
    0x0, 0x1f, 0xfa, 0xff, 0xff, 0xff, 0xff, 0x98,
    0x0, 0x0, 0x0, 0x0, 0x0, 0x0, 0x0, 0x0,
    0x0, 0x0, 0x1, 0xe4, 0xff, 0xff, 0xff, 0xff,
    0xde, 0x67, 0x3d, 0x56, 0xc6, 0xff, 0xff, 0xff,
    0xff, 0xfc, 0x18, 0x0, 0x0, 0x0, 0x0, 0x0,
    0x99, 0xff, 0xff, 0xff, 0xff, 0xfa, 0x1f, 0x0,
    0x0, 0x0, 0x0, 0x0, 0x0, 0x0, 0x0, 0x0,
    0x0, 0x24, 0xff, 0xff, 0xff, 0xff, 0xf8, 0x1c,
    0x0, 0x0, 0x0, 0x9, 0xdd, 0xff, 0xff, 0xff,
    0xff, 0x4f, 0x0, 0x0, 0x0, 0x0, 0x1e, 0xf9,
    0xff, 0xff, 0xff, 0xff, 0x9a, 0x0, 0x0, 0x0,
    0x0, 0x0, 0x0, 0x0, 0x0, 0x0, 0x0, 0x0,
    0x33, 0xff, 0xff, 0xff, 0xff, 0xd0, 0x0, 0x0,
    0x0, 0x0, 0x0, 0xa4, 0xff, 0xff, 0xff, 0xff,
    0x5f, 0x0, 0x0, 0x0, 0x0, 0x97, 0xff, 0xff,
    0xff, 0xff, 0xfb, 0x21, 0x0, 0x0, 0x0, 0x0,
    0x0, 0x0, 0x0, 0x0, 0x0, 0x0, 0x0, 0x34,
    0xff, 0xff, 0xff, 0xff, 0xcc, 0x0, 0x0, 0x0,
    0x0, 0x0, 0xa0, 0xff, 0xff, 0xff, 0xff, 0x60,
    0x0, 0x0, 0x0, 0x1c, 0xf9, 0xff, 0xff, 0xff,
    0xff, 0x9d, 0x0, 0x0, 0x0, 0x0, 0x0, 0x0,
    0x0, 0x0, 0x0, 0x0, 0x0, 0x0, 0x34, 0xff,
    0xff, 0xff, 0xff, 0xcc, 0x0, 0x0, 0x0, 0x0,
    0x0, 0xa0, 0xff, 0xff, 0xff, 0xff, 0x60, 0x0,
    0x0, 0x0, 0x94, 0xff, 0xff, 0xff, 0xff, 0xfb,
    0x22, 0x0, 0x0, 0x0, 0x0, 0x0, 0x0, 0x0,
    0x0, 0x0, 0x0, 0x0, 0x0, 0x34, 0xff, 0xff,
    0xff, 0xff, 0xcc, 0x0, 0x0, 0x0, 0x0, 0x0,
    0xa0, 0xff, 0xff, 0xff, 0xff, 0x60, 0x0, 0x0,
    0x1a, 0xf8, 0xff, 0xff, 0xff, 0xff, 0x9f, 0x0,
    0x0, 0x0, 0x0, 0x0, 0x0, 0x0, 0x0, 0x0,
    0x0, 0x0, 0x0, 0x0, 0x34, 0xff, 0xff, 0xff,
    0xff, 0xcc, 0x0, 0x0, 0x0, 0x0, 0x0, 0xa0,
    0xff, 0xff, 0xff, 0xff, 0x60, 0x0, 0x0, 0x92,
    0xff, 0xff, 0xff, 0xff, 0xfc, 0x24, 0x0, 0x0,
    0x0, 0x0, 0x0, 0x0, 0x0, 0x0, 0x0, 0x0,
    0x0, 0x0, 0x0, 0x34, 0xff, 0xff, 0xff, 0xff,
    0xcc, 0x0, 0x0, 0x0, 0x0, 0x0, 0xa1, 0xff,
    0xff, 0xff, 0xff, 0x60, 0x0, 0x19, 0xf7, 0xff,
    0xff, 0xff, 0xff, 0xa1, 0x0, 0x0, 0x0, 0x0,
    0x0, 0x0, 0x0, 0x0, 0x0, 0x0, 0x0, 0x0,
    0x0, 0x0, 0x29, 0xff, 0xff, 0xff, 0xff, 0xf0,
    0xa, 0x0, 0x0, 0x0, 0x0, 0xcd, 0xff, 0xff,
    0xff, 0xff, 0x55, 0x0, 0x90, 0xff, 0xff, 0xff,
    0xff, 0xfc, 0x26, 0x0, 0x0, 0x0, 0x0, 0x0,
    0x0, 0x0, 0x0, 0x0, 0x0, 0x0, 0x0, 0x0,
    0x0, 0x5, 0xf1, 0xff, 0xff, 0xff, 0xff, 0xba,
    0x30, 0x9, 0x21, 0x9a, 0xff, 0xff, 0xff, 0xff,
    0xff, 0x22, 0x18, 0xf6, 0xff, 0xff, 0xff, 0xff,
    0xa3, 0x0, 0x0, 0x5, 0x51, 0xa9, 0xd9, 0xf4,
    0xef, 0xd4, 0x98, 0x3d, 0x0, 0x0, 0x0, 0x0,
    0x0, 0x89, 0xff, 0xff, 0xff, 0xff, 0xff, 0xff,
    0xff, 0xff, 0xff, 0xff, 0xff, 0xff, 0xff, 0xb2,
    0x0, 0x8e, 0xff, 0xff, 0xff, 0xff, 0xfd, 0x27,
    0x0, 0x38, 0xd3, 0xff, 0xff, 0xff, 0xff, 0xff,
    0xff, 0xff, 0xff, 0xb3, 0x1c, 0x0, 0x0, 0x0,
    0x9, 0xc1, 0xff, 0xff, 0xff, 0xff, 0xff, 0xff,
    0xff, 0xff, 0xff, 0xff, 0xff, 0xdb, 0x18, 0x16,
    0xf5, 0xff, 0xff, 0xff, 0xff, 0xa6, 0x0, 0x42,
    0xf8, 0xff, 0xff, 0xff, 0xff, 0xff, 0xff, 0xff,
    0xff, 0xff, 0xff, 0xe0, 0x19, 0x0, 0x0, 0x0,
    0xc, 0xa7, 0xff, 0xff, 0xff, 0xff, 0xff, 0xff,
    0xff, 0xff, 0xff, 0xc4, 0x1e, 0x0, 0x8b, 0xff,
    0xff, 0xff, 0xff, 0xfd, 0x29, 0x1b, 0xf1, 0xff,
    0xff, 0xff, 0xff, 0xff, 0xff, 0xff, 0xff, 0xff,
    0xff, 0xff, 0xff, 0xc6, 0x1, 0x0, 0x0, 0x0,
    0x0, 0x41, 0xa6, 0xf2, 0xff, 0xff, 0xff, 0xfb,
    0xba, 0x5c, 0x1, 0x0, 0x15, 0xf4, 0xff, 0xff,
    0xff, 0xff, 0xa8, 0x0, 0x8c, 0xff, 0xff, 0xff,
    0xff, 0xff, 0xc8, 0x7b, 0x73, 0xb5, 0xff, 0xff,
    0xff, 0xff, 0xff, 0x45, 0x0, 0x0, 0x0, 0x0,
    0x0, 0x0, 0x2, 0x17, 0x2d, 0x1e, 0x5, 0x0,
    0x0, 0x0, 0x0, 0x89, 0xff, 0xff, 0xff, 0xff,
    0xfe, 0x2b, 0x0, 0xd2, 0xff, 0xff, 0xff, 0xff,
    0x99, 0x0, 0x0, 0x0, 0x0, 0x77, 0xff, 0xff,
    0xff, 0xff, 0x89, 0x0, 0x0, 0x0, 0x0, 0x0,
    0x0, 0x0, 0x0, 0x0, 0x0, 0x0, 0x0, 0x0,
    0x0, 0x14, 0xf3, 0xff, 0xff, 0xff, 0xff, 0xaa,
    0x0, 0x0, 0xea, 0xff, 0xff, 0xff, 0xff, 0x2a,
    0x0, 0x0, 0x0, 0x0, 0xb, 0xfe, 0xff, 0xff,
    0xff, 0xa1, 0x0, 0x0, 0x0, 0x0, 0x0, 0x0,
    0x0, 0x0, 0x0, 0x0, 0x0, 0x0, 0x0, 0x0,
    0x87, 0xff, 0xff, 0xff, 0xff, 0xfe, 0x2d, 0x0,
    0x0, 0xec, 0xff, 0xff, 0xff, 0xff, 0x1c, 0x0,
    0x0, 0x0, 0x0, 0x0, 0xfc, 0xff, 0xff, 0xff,
    0xa4, 0x0, 0x0, 0x0, 0x0, 0x0, 0x0, 0x0,
    0x0, 0x0, 0x0, 0x0, 0x0, 0x0, 0x13, 0xf2,
    0xff, 0xff, 0xff, 0xff, 0xac, 0x0, 0x0, 0x0,
    0xec, 0xff, 0xff, 0xff, 0xff, 0x1c, 0x0, 0x0,
    0x0, 0x0, 0x0, 0xfc, 0xff, 0xff, 0xff, 0xa4,
    0x0, 0x0, 0x0, 0x0, 0x0, 0x0, 0x0, 0x0,
    0x0, 0x0, 0x0, 0x0, 0x0, 0x85, 0xff, 0xff,
    0xff, 0xff, 0xfe, 0x2f, 0x0, 0x0, 0x0, 0xec,
    0xff, 0xff, 0xff, 0xff, 0x1c, 0x0, 0x0, 0x0,
    0x0, 0x0, 0xfc, 0xff, 0xff, 0xff, 0xa4, 0x0,
    0x0, 0x0, 0x0, 0x0, 0x0, 0x0, 0x0, 0x0,
    0x0, 0x0, 0x0, 0x11, 0xf1, 0xff, 0xff, 0xff,
    0xff, 0xae, 0x0, 0x0, 0x0, 0x0, 0xec, 0xff,
    0xff, 0xff, 0xff, 0x1c, 0x0, 0x0, 0x0, 0x0,
    0x0, 0xfc, 0xff, 0xff, 0xff, 0xa4, 0x0, 0x0,
    0x0, 0x0, 0x0, 0x0, 0x0, 0x0, 0x0, 0x0,
    0x0, 0x0, 0x82, 0xff, 0xff, 0xff, 0xff, 0xff,
    0x30, 0x0, 0x0, 0x0, 0x0, 0xec, 0xff, 0xff,
    0xff, 0xff, 0x1c, 0x0, 0x0, 0x0, 0x0, 0x0,
    0xfc, 0xff, 0xff, 0xff, 0xa4, 0x0, 0x0, 0x0,
    0x0, 0x0, 0x0, 0x0, 0x0, 0x0, 0x0, 0x0,
    0x10, 0xf0, 0xff, 0xff, 0xff, 0xff, 0xb1, 0x0,
    0x0, 0x0, 0x0, 0x0, 0xea, 0xff, 0xff, 0xff,
    0xff, 0x29, 0x0, 0x0, 0x0, 0x0, 0xb, 0xfe,
    0xff, 0xff, 0xff, 0xa1, 0x0, 0x0, 0x0, 0x0,
    0x0, 0x0, 0x0, 0x0, 0x0, 0x0, 0x0, 0x80,
    0xff, 0xff, 0xff, 0xff, 0xff, 0x33, 0x0, 0x0,
    0x0, 0x0, 0x0, 0xd2, 0xff, 0xff, 0xff, 0xff,
    0x92, 0x0, 0x0, 0x0, 0x0, 0x6e, 0xff, 0xff,
    0xff, 0xff, 0x89, 0x0, 0x0, 0x0, 0x0, 0x0,
    0x0, 0x0, 0x0, 0x0, 0x0, 0xf, 0xef, 0xff,
    0xff, 0xff, 0xff, 0xb3, 0x0, 0x0, 0x0, 0x0,
    0x0, 0x0, 0x8c, 0xff, 0xff, 0xff, 0xff, 0xff,
    0xc1, 0x75, 0x6d, 0xab, 0xfe, 0xff, 0xff, 0xff,
    0xff, 0x43, 0x0, 0x0, 0x0, 0x0, 0x0, 0x0,
    0x0, 0x0, 0x0, 0x0, 0x7e, 0xff, 0xff, 0xff,
    0xff, 0xff, 0x35, 0x0, 0x0, 0x0, 0x0, 0x0,
    0x0, 0x1b, 0xf1, 0xff, 0xff, 0xff, 0xff, 0xff,
    0xff, 0xff, 0xff, 0xff, 0xff, 0xff, 0xff, 0xc3,
    0x1, 0x0, 0x0, 0x0, 0x0, 0x0, 0x0, 0x0,
    0x0, 0x0, 0xe, 0xee, 0xff, 0xff, 0xff, 0xff,
    0xb5, 0x0, 0x0, 0x0, 0x0, 0x0, 0x0, 0x0,
    0x0, 0x42, 0xf8, 0xff, 0xff, 0xff, 0xff, 0xff,
    0xff, 0xff, 0xff, 0xff, 0xff, 0xdc, 0x17, 0x0,
    0x0, 0x0, 0x0, 0x0, 0x0, 0x0, 0x0, 0x0,
    0x0, 0x7c, 0xff, 0xff, 0xff, 0xff, 0xff, 0x37,
    0x0, 0x0, 0x0, 0x0, 0x0, 0x0, 0x0, 0x0,
    0x0, 0x39, 0xd6, 0xff, 0xff, 0xff, 0xff, 0xff,
    0xff, 0xff, 0xff, 0xaf, 0x19, 0x0, 0x0, 0x0,
    0x0, 0x0, 0x0, 0x0, 0x0, 0x0, 0x0, 0xb,
    0xed, 0xff, 0xff, 0xff, 0xff, 0xa5, 0x0, 0x0,
    0x0, 0x0, 0x0, 0x0, 0x0, 0x0, 0x0, 0x0,
    0x0, 0x6, 0x55, 0xab, 0xdb, 0xf5, 0xf0, 0xd4,
    0x97, 0x3c, 0x0, 0x0, 0x0, 0x0, 0x0, 0x0,
    0x0, 0x0, 0x0, 0x0, 0x0, 0x0, 0x0, 0x5b,
    0xca, 0xf8, 0xe6, 0x89, 0x7, 0x0, 0x0, 0x0,
    0x0, 0x0, 0x0, 0x0, 0x0, 0x0, 0x0, 0x0,
    0x0, 0x0, 0x0, 0x0, 0x0, 0x0, 0x0, 0x0,
    0x0, 0x0, 0x0, 0x0, 0x0,

    /* U+0026 "&" */
    0x0, 0x0, 0x0, 0x0, 0x0, 0x0, 0x0, 0x33,
    0x96, 0xd3, 0xef, 0xf8, 0xde, 0xb9, 0x60, 0xb,
    0x0, 0x0, 0x0, 0x0, 0x0, 0x0, 0x0, 0x0,
    0x0, 0x0, 0x0, 0x0, 0x0, 0x0, 0x0, 0x0,
    0x0, 0x0, 0x0, 0x0, 0x9, 0xa1, 0xff, 0xff,
    0xff, 0xff, 0xff, 0xff, 0xff, 0xff, 0xe5, 0x42,
    0x0, 0x0, 0x0, 0x0, 0x0, 0x0, 0x0, 0x0,
    0x0, 0x0, 0x0, 0x0, 0x0, 0x0, 0x0, 0x0,
    0x0, 0x0, 0x4, 0xbb, 0xff, 0xff, 0xff, 0xff,
    0xff, 0xff, 0xff, 0xff, 0xff, 0xff, 0xfd, 0x50,
    0x0, 0x0, 0x0, 0x0, 0x0, 0x0, 0x0, 0x0,
    0x0, 0x0, 0x0, 0x0, 0x0, 0x0, 0x0, 0x0,
    0x0, 0x78, 0xff, 0xff, 0xff, 0xff, 0xff, 0xff,
    0xff, 0xff, 0xff, 0xff, 0xff, 0xff, 0xf1, 0x20,
    0x0, 0x0, 0x0, 0x0, 0x0, 0x0, 0x0, 0x0,
    0x0, 0x0, 0x0, 0x0, 0x0, 0x0, 0x0, 0x6,
    0xee, 0xff, 0xff, 0xff, 0xff, 0xff, 0xca, 0xa9,
    0xe1, 0xff, 0xff, 0xff, 0xff, 0xff, 0x8e, 0x0,
    0x0, 0x0, 0x0, 0x0, 0x0, 0x0, 0x0, 0x0,
    0x0, 0x0, 0x0, 0x0, 0x0, 0x0, 0x41, 0xff,
    0xff, 0xff, 0xff, 0xff, 0x86, 0x0, 0x0, 0xa,
    0xc5, 0xff, 0xff, 0xff, 0xff, 0xec, 0x0, 0x0,
    0x0, 0x0, 0x0, 0x0, 0x0, 0x0, 0x0, 0x0,
    0x0, 0x0, 0x0, 0x0, 0x0, 0x6b, 0xff, 0xff,
    0xff, 0xff, 0xfb, 0xb, 0x0, 0x0, 0x0, 0x51,
    0xff, 0xff, 0xff, 0xff, 0xff, 0x14, 0x0, 0x0,
    0x0, 0x0, 0x0, 0x0, 0x0, 0x0, 0x0, 0x0,
    0x0, 0x0, 0x0, 0x0, 0x79, 0xff, 0xff, 0xff,
    0xff, 0xe4, 0x0, 0x0, 0x0, 0x0, 0x31, 0xff,
    0xff, 0xff, 0xff, 0xff, 0x2d, 0x0, 0x0, 0x0,
    0x0, 0x0, 0x0, 0x0, 0x0, 0x0, 0x0, 0x0,
    0x0, 0x0, 0x0, 0x61, 0xff, 0xff, 0xff, 0xff,
    0xf8, 0x7, 0x0, 0x0, 0x0, 0x52, 0xff, 0xff,
    0xff, 0xff, 0xff, 0x1b, 0x0, 0x0, 0x0, 0x0,
    0x0, 0x0, 0x0, 0x0, 0x0, 0x0, 0x0, 0x0,
    0x0, 0x0, 0x29, 0xff, 0xff, 0xff, 0xff, 0xff,
    0x68, 0x0, 0x0, 0x2, 0xc2, 0xff, 0xff, 0xff,
    0xff, 0xdd, 0x0, 0x0, 0x0, 0x0, 0x0, 0x0,
    0x0, 0x0, 0x0, 0x0, 0x0, 0x0, 0x0, 0x0,
    0x0, 0x0, 0xc1, 0xff, 0xff, 0xff, 0xff, 0xf6,
    0x3c, 0x1, 0x91, 0xff, 0xff, 0xff, 0xff, 0xff,
    0x6f, 0x0, 0x0, 0x0, 0x0, 0x0, 0x0, 0x0,
    0x0, 0x0, 0x0, 0x0, 0x0, 0x0, 0x0, 0x0,
    0x0, 0x2a, 0xf7, 0xff, 0xff, 0xff, 0xff, 0xf6,
    0xbc, 0xff, 0xff, 0xff, 0xff, 0xff, 0xc4, 0x4,
    0x0, 0x0, 0x0, 0x0, 0x0, 0x0, 0x0, 0x0,
    0x0, 0x0, 0x0, 0x0, 0x0, 0x0, 0x0, 0x0,
    0x0, 0x59, 0xfd, 0xff, 0xff, 0xff, 0xff, 0xff,
    0xff, 0xff, 0xff, 0xff, 0xd5, 0x14, 0x0, 0x0,
    0x0, 0x0, 0x0, 0x0, 0x0, 0x0, 0x0, 0x0,
    0x0, 0x0, 0x0, 0x0, 0x0, 0x0, 0x0, 0x0,
    0x0, 0x8e, 0xff, 0xff, 0xff, 0xff, 0xff, 0xff,
    0xff, 0xff, 0xca, 0x15, 0x0, 0x0, 0x0, 0x0,
    0x0, 0x0, 0x0, 0x0, 0x0, 0x0, 0x0, 0x0,
    0x0, 0x0, 0x0, 0x0, 0x0, 0x0, 0x3, 0x86,
    0xfd, 0xff, 0xff, 0xff, 0xff, 0xff, 0xff, 0xff,
    0xbf, 0x9, 0x0, 0x0, 0x0, 0x0, 0x0, 0x0,
    0x0, 0x0, 0x0, 0x0, 0x0, 0x0, 0x0, 0x0,
    0x0, 0x0, 0x0, 0x0, 0xa, 0xb7, 0xff, 0xff,
    0xff, 0xff, 0xff, 0xff, 0xff, 0xff, 0xff, 0xf7,
    0x49, 0x0, 0x0, 0x0, 0x0, 0x0, 0x0, 0x0,
    0x55, 0xef, 0xcf, 0x87, 0x15, 0x0, 0x0, 0x0,
    0x0, 0x0, 0x6, 0xbd, 0xff, 0xff, 0xff, 0xff,
    0xff, 0xff, 0xff, 0xff, 0xff, 0xff, 0xff, 0xf9,
    0x4e, 0x0, 0x0, 0x0, 0x0, 0x0, 0x0, 0x46,
    0xff, 0xff, 0xff, 0xe2, 0x14, 0x0, 0x0, 0x0,
    0x0, 0x93, 0xff, 0xff, 0xff, 0xff, 0xff, 0xf8,
    0x72, 0x7a, 0xff, 0xff, 0xff, 0xff, 0xff, 0xfa,
    0x54, 0x0, 0x0, 0x0, 0x0, 0x0, 0x58, 0xff,
    0xff, 0xff, 0xff, 0x7c, 0x0, 0x0, 0x0, 0x33,
    0xfe, 0xff, 0xff, 0xff, 0xff, 0xf4, 0x37, 0x0,
    0x0, 0x73, 0xff, 0xff, 0xff, 0xff, 0xff, 0xfc,
    0x5a, 0x0, 0x0, 0x0, 0x0, 0x8a, 0xff, 0xff,
    0xff, 0xff, 0xa0, 0x0, 0x0, 0x0, 0xa3, 0xff,
    0xff, 0xff, 0xff, 0xff, 0x50, 0x0, 0x0, 0x0,
    0x0, 0x6d, 0xff, 0xff, 0xff, 0xff, 0xff, 0xfd,
    0x60, 0x0, 0x0, 0x1, 0xd7, 0xff, 0xff, 0xff,
    0xff, 0x88, 0x0, 0x0, 0x1, 0xee, 0xff, 0xff,
    0xff, 0xff, 0xc4, 0x0, 0x0, 0x0, 0x0, 0x0,
    0x0, 0x68, 0xfe, 0xff, 0xff, 0xff, 0xff, 0xfe,
    0x66, 0x0, 0x4b, 0xff, 0xff, 0xff, 0xff, 0xff,
    0x4d, 0x0, 0x0, 0x1e, 0xff, 0xff, 0xff, 0xff,
    0xff, 0x6d, 0x0, 0x0, 0x0, 0x0, 0x0, 0x0,
    0x0, 0x62, 0xfd, 0xff, 0xff, 0xff, 0xff, 0xfe,
    0x73, 0xda, 0xff, 0xff, 0xff, 0xff, 0xe3, 0x4,
    0x0, 0x0, 0x2f, 0xff, 0xff, 0xff, 0xff, 0xff,
    0x4a, 0x0, 0x0, 0x0, 0x0, 0x0, 0x0, 0x0,
    0x0, 0x5d, 0xfc, 0xff, 0xff, 0xff, 0xff, 0xff,
    0xff, 0xff, 0xff, 0xff, 0xff, 0x57, 0x0, 0x0,
    0x0, 0x26, 0xff, 0xff, 0xff, 0xff, 0xff, 0x53,
    0x0, 0x0, 0x0, 0x0, 0x0, 0x0, 0x0, 0x0,
    0x0, 0x57, 0xfb, 0xff, 0xff, 0xff, 0xff, 0xff,
    0xff, 0xff, 0xff, 0xb0, 0x0, 0x0, 0x0, 0x0,
    0x7, 0xfa, 0xff, 0xff, 0xff, 0xff, 0x95, 0x0,
    0x0, 0x0, 0x0, 0x0, 0x0, 0x0, 0x0, 0x0,
    0x0, 0x52, 0xfa, 0xff, 0xff, 0xff, 0xff, 0xff,
    0xff, 0xdd, 0x10, 0x0, 0x0, 0x0, 0x0, 0x0,
    0xbf, 0xff, 0xff, 0xff, 0xff, 0xf8, 0x34, 0x0,
    0x0, 0x0, 0x0, 0x0, 0x0, 0x0, 0x0, 0x0,
    0x33, 0xde, 0xff, 0xff, 0xff, 0xff, 0xff, 0xff,
    0xb1, 0x4, 0x0, 0x0, 0x0, 0x0, 0x0, 0x58,
    0xff, 0xff, 0xff, 0xff, 0xff, 0xf2, 0x73, 0x11,
    0x0, 0x0, 0x0, 0x0, 0x6, 0x41, 0xa8, 0xfc,
    0xff, 0xff, 0xff, 0xff, 0xff, 0xff, 0xff, 0xff,
    0xac, 0x5, 0x0, 0x0, 0x0, 0x0, 0x1, 0xc3,
    0xff, 0xff, 0xff, 0xff, 0xff, 0xff, 0xfc, 0xd4,
    0xbb, 0xbc, 0xcf, 0xf7, 0xff, 0xff, 0xff, 0xff,
    0xff, 0xff, 0xff, 0xff, 0xff, 0xff, 0xff, 0xff,
    0xb3, 0x7, 0x0, 0x0, 0x0, 0x0, 0x1b, 0xe2,
    0xff, 0xff, 0xff, 0xff, 0xff, 0xff, 0xff, 0xff,
    0xff, 0xff, 0xff, 0xff, 0xff, 0xff, 0xff, 0xff,
    0xff, 0xfa, 0xff, 0xff, 0xff, 0xff, 0xff, 0xff,
    0xb9, 0x9, 0x0, 0x0, 0x0, 0x0, 0x1f, 0xcf,
    0xff, 0xff, 0xff, 0xff, 0xff, 0xff, 0xff, 0xff,
    0xff, 0xff, 0xff, 0xff, 0xff, 0xff, 0xff, 0xb2,
    0x20, 0x79, 0xff, 0xff, 0xff, 0xff, 0xff, 0xff,
    0xc0, 0x9, 0x0, 0x0, 0x0, 0x0, 0x7, 0x7a,
    0xef, 0xff, 0xff, 0xff, 0xff, 0xff, 0xff, 0xff,
    0xff, 0xff, 0xff, 0xfd, 0xb5, 0x45, 0x0, 0x0,
    0x0, 0x69, 0xfd, 0xff, 0xff, 0xff, 0xff, 0xcb,
    0x2, 0x0, 0x0, 0x0, 0x0, 0x0, 0x0, 0x9,
    0x59, 0xa0, 0xd1, 0xf0, 0xfc, 0xf4, 0xe4, 0xcf,
    0x9e, 0x68, 0x1e, 0x0, 0x0, 0x0, 0x0, 0x0,
    0x0, 0x3d, 0xc1, 0xf2, 0xe8, 0x98, 0x10, 0x0,

    /* U+0027 "'" */
    0x0, 0x0, 0x0, 0x8, 0x65, 0xb7, 0xd4, 0xdf,
    0x57, 0x0, 0x0, 0x8, 0xc0, 0xff, 0xff, 0xff,
    0xff, 0x20, 0x0, 0x0, 0x63, 0xff, 0xff, 0xff,
    0xff, 0xcc, 0x0, 0x0, 0x0, 0xb4, 0xff, 0xff,
    0xff, 0xff, 0x79, 0x0, 0x0, 0x0, 0xe8, 0xff,
    0xff, 0xff, 0xff, 0x27, 0x0, 0x0, 0x1c, 0xff,
    0xff, 0xff, 0xff, 0xd3, 0x0, 0x0, 0x0, 0x4f,
    0xff, 0xff, 0xff, 0xff, 0x80, 0x0, 0x0, 0x0,
    0x83, 0xff, 0xff, 0xff, 0xff, 0x2d, 0x0, 0x0,
    0x0, 0xb6, 0xff, 0xff, 0xff, 0xcf, 0x0, 0x0,
    0x0, 0x0, 0xe9, 0xff, 0xff, 0xfa, 0x47, 0x0,
    0x0, 0x0, 0x1b, 0xfd, 0xe9, 0xb6, 0x3e, 0x0,
    0x0, 0x0, 0x0,

    /* U+0028 "(" */
    0x0, 0x0, 0x0, 0x0, 0x0, 0x0, 0x0, 0x0,
    0x0, 0x12, 0x15, 0x0, 0x0, 0x0, 0x0, 0x0,
    0x0, 0x0, 0x0, 0x0, 0x37, 0xc7, 0xff, 0xff,
    0xc9, 0x2c, 0x0, 0x0, 0x0, 0x0, 0x0, 0x0,
    0x40, 0xf8, 0xff, 0xff, 0xff, 0xff, 0x98, 0x0,
    0x0, 0x0, 0x0, 0x0, 0x1b, 0xe9, 0xff, 0xff,
    0xff, 0xff, 0xd2, 0xa, 0x0, 0x0, 0x0, 0x0,
    0x1, 0xbf, 0xff, 0xff, 0xff, 0xff, 0xf6, 0x27,
    0x0, 0x0, 0x0, 0x0, 0x0, 0x64, 0xff, 0xff,
    0xff, 0xff, 0xff, 0x72, 0x0, 0x0, 0x0, 0x0,
    0x0, 0xe, 0xed, 0xff, 0xff, 0xff, 0xff, 0xcd,
    0x2, 0x0, 0x0, 0x0, 0x0, 0x0, 0x7e, 0xff,
    0xff, 0xff, 0xff, 0xff, 0x41, 0x0, 0x0, 0x0,
    0x0, 0x0, 0x8, 0xee, 0xff, 0xff, 0xff, 0xff,
    0xba, 0x0, 0x0, 0x0, 0x0, 0x0, 0x0, 0x5d,
    0xff, 0xff, 0xff, 0xff, 0xff, 0x48, 0x0, 0x0,
    0x0, 0x0, 0x0, 0x0, 0xbc, 0xff, 0xff, 0xff,
    0xff, 0xdc, 0x1, 0x0, 0x0, 0x0, 0x0, 0x0,
    0xf, 0xfa, 0xff, 0xff, 0xff, 0xff, 0x89, 0x0,
    0x0, 0x0, 0x0, 0x0, 0x0, 0x53, 0xff, 0xff,
    0xff, 0xff, 0xff, 0x3a, 0x0, 0x0, 0x0, 0x0,
    0x0, 0x0, 0x8b, 0xff, 0xff, 0xff, 0xff, 0xf9,
    0x6, 0x0, 0x0, 0x0, 0x0, 0x0, 0x0, 0xbe,
    0xff, 0xff, 0xff, 0xff, 0xca, 0x0, 0x0, 0x0,
    0x0, 0x0, 0x0, 0x0, 0xe5, 0xff, 0xff, 0xff,
    0xff, 0xa3, 0x0, 0x0, 0x0, 0x0, 0x0, 0x0,
    0x4, 0xfd, 0xff, 0xff, 0xff, 0xff, 0x84, 0x0,
    0x0, 0x0, 0x0, 0x0, 0x0, 0x1b, 0xff, 0xff,
    0xff, 0xff, 0xff, 0x6b, 0x0, 0x0, 0x0, 0x0,
    0x0, 0x0, 0x27, 0xff, 0xff, 0xff, 0xff, 0xff,
    0x60, 0x0, 0x0, 0x0, 0x0, 0x0, 0x0, 0x30,
    0xff, 0xff, 0xff, 0xff, 0xff, 0x57, 0x0, 0x0,
    0x0, 0x0, 0x0, 0x0, 0x2f, 0xff, 0xff, 0xff,
    0xff, 0xff, 0x58, 0x0, 0x0, 0x0, 0x0, 0x0,
    0x0, 0x26, 0xff, 0xff, 0xff, 0xff, 0xff, 0x61,
    0x0, 0x0, 0x0, 0x0, 0x0, 0x0, 0x1b, 0xff,
    0xff, 0xff, 0xff, 0xff, 0x6d, 0x0, 0x0, 0x0,
    0x0, 0x0, 0x0, 0x4, 0xfc, 0xff, 0xff, 0xff,
    0xff, 0x88, 0x0, 0x0, 0x0, 0x0, 0x0, 0x0,
    0x0, 0xe3, 0xff, 0xff, 0xff, 0xff, 0xa7, 0x0,
    0x0, 0x0, 0x0, 0x0, 0x0, 0x0, 0xbb, 0xff,
    0xff, 0xff, 0xff, 0xd2, 0x0, 0x0, 0x0, 0x0,
    0x0, 0x0, 0x0, 0x88, 0xff, 0xff, 0xff, 0xff,
    0xfc, 0xb, 0x0, 0x0, 0x0, 0x0, 0x0, 0x0,
    0x4f, 0xff, 0xff, 0xff, 0xff, 0xff, 0x44, 0x0,
    0x0, 0x0, 0x0, 0x0, 0x0, 0xc, 0xf8, 0xff,
    0xff, 0xff, 0xff, 0x95, 0x0, 0x0, 0x0, 0x0,
    0x0, 0x0, 0x0, 0xb6, 0xff, 0xff, 0xff, 0xff,
    0xe7, 0x5, 0x0, 0x0, 0x0, 0x0, 0x0, 0x0,
    0x55, 0xff, 0xff, 0xff, 0xff, 0xff, 0x5a, 0x0,
    0x0, 0x0, 0x0, 0x0, 0x0, 0x5, 0xe7, 0xff,
    0xff, 0xff, 0xff, 0xcd, 0x1, 0x0, 0x0, 0x0,
    0x0, 0x0, 0x0, 0x71, 0xff, 0xff, 0xff, 0xff,
    0xff, 0x58, 0x0, 0x0, 0x0, 0x0, 0x0, 0x0,
    0x8, 0xe3, 0xff, 0xff, 0xff, 0xff, 0xdf, 0x9,
    0x0, 0x0, 0x0, 0x0, 0x0, 0x0, 0x51, 0xff,
    0xff, 0xff, 0xff, 0xff, 0x8e, 0x0, 0x0, 0x0,
    0x0, 0x0, 0x0, 0x0, 0xac, 0xff, 0xff, 0xff,
    0xff, 0xfd, 0x3c, 0x0, 0x0, 0x0, 0x0, 0x0,
    0x0, 0x10, 0xdc, 0xff, 0xff, 0xff, 0xff, 0xe4,
    0x15, 0x0, 0x0, 0x0, 0x0, 0x0, 0x0, 0x2d,
    0xe5, 0xff, 0xff, 0xff, 0xff, 0xa1, 0x0, 0x0,
    0x0, 0x0, 0x0, 0x0, 0x0, 0x17, 0xa6, 0xef,
    0xf2, 0xa5, 0x19,

    /* U+0029 ")" */
    0x0, 0x0, 0xd, 0x19, 0x1, 0x0, 0x0, 0x0,
    0x0, 0x0, 0x0, 0x0, 0x0, 0x15, 0xad, 0xfc,
    0xff, 0xe0, 0x5f, 0x0, 0x0, 0x0, 0x0, 0x0,
    0x0, 0x0, 0x64, 0xff, 0xff, 0xff, 0xff, 0xff,
    0x78, 0x0, 0x0, 0x0, 0x0, 0x0, 0x0, 0x0,
    0xa6, 0xff, 0xff, 0xff, 0xff, 0xfd, 0x46, 0x0,
    0x0, 0x0, 0x0, 0x0, 0x0, 0xa, 0xda, 0xff,
    0xff, 0xff, 0xff, 0xea, 0x13, 0x0, 0x0, 0x0,
    0x0, 0x0, 0x0, 0x3b, 0xfd, 0xff, 0xff, 0xff,
    0xff, 0xa1, 0x0, 0x0, 0x0, 0x0, 0x0, 0x0,
    0x0, 0x94, 0xff, 0xff, 0xff, 0xff, 0xff, 0x37,
    0x0, 0x0, 0x0, 0x0, 0x0, 0x0, 0x14, 0xf1,
    0xff, 0xff, 0xff, 0xff, 0xb9, 0x0, 0x0, 0x0,
    0x0, 0x0, 0x0, 0x0, 0x7e, 0xff, 0xff, 0xff,
    0xff, 0xff, 0x31, 0x0, 0x0, 0x0, 0x0, 0x0,
    0x0, 0x15, 0xf7, 0xff, 0xff, 0xff, 0xff, 0x96,
    0x0, 0x0, 0x0, 0x0, 0x0, 0x0, 0x0, 0xa1,
    0xff, 0xff, 0xff, 0xff, 0xf0, 0x5, 0x0, 0x0,
    0x0, 0x0, 0x0, 0x0, 0x4d, 0xff, 0xff, 0xff,
    0xff, 0xff, 0x41, 0x0, 0x0, 0x0, 0x0, 0x0,
    0x0, 0x8, 0xf5, 0xff, 0xff, 0xff, 0xff, 0x89,
    0x0, 0x0, 0x0, 0x0, 0x0, 0x0, 0x0, 0xc3,
    0xff, 0xff, 0xff, 0xff, 0xbf, 0x0, 0x0, 0x0,
    0x0, 0x0, 0x0, 0x0, 0x8c, 0xff, 0xff, 0xff,
    0xff, 0xf1, 0x1, 0x0, 0x0, 0x0, 0x0, 0x0,
    0x0, 0x65, 0xff, 0xff, 0xff, 0xff, 0xff, 0x18,
    0x0, 0x0, 0x0, 0x0, 0x0, 0x0, 0x46, 0xff,
    0xff, 0xff, 0xff, 0xff, 0x36, 0x0, 0x0, 0x0,
    0x0, 0x0, 0x0, 0x2c, 0xff, 0xff, 0xff, 0xff,
    0xff, 0x4f, 0x0, 0x0, 0x0, 0x0, 0x0, 0x0,
    0x22, 0xff, 0xff, 0xff, 0xff, 0xff, 0x5a, 0x0,
    0x0, 0x0, 0x0, 0x0, 0x0, 0x18, 0xff, 0xff,
    0xff, 0xff, 0xff, 0x63, 0x0, 0x0, 0x0, 0x0,
    0x0, 0x0, 0x1a, 0xff, 0xff, 0xff, 0xff, 0xff,
    0x62, 0x0, 0x0, 0x0, 0x0, 0x0, 0x0, 0x23,
    0xff, 0xff, 0xff, 0xff, 0xff, 0x59, 0x0, 0x0,
    0x0, 0x0, 0x0, 0x0, 0x2e, 0xff, 0xff, 0xff,
    0xff, 0xff, 0x4d, 0x0, 0x0, 0x0, 0x0, 0x0,
    0x0, 0x4a, 0xff, 0xff, 0xff, 0xff, 0xff, 0x32,
    0x0, 0x0, 0x0, 0x0, 0x0, 0x0, 0x69, 0xff,
    0xff, 0xff, 0xff, 0xff, 0x15, 0x0, 0x0, 0x0,
    0x0, 0x0, 0x0, 0x94, 0xff, 0xff, 0xff, 0xff,
    0xeb, 0x0, 0x0, 0x0, 0x0, 0x0, 0x0, 0x0,
    0xcb, 0xff, 0xff, 0xff, 0xff, 0xb8, 0x0, 0x0,
    0x0, 0x0, 0x0, 0x0, 0xe, 0xfa, 0xff, 0xff,
    0xff, 0xff, 0x80, 0x0, 0x0, 0x0, 0x0, 0x0,
    0x0, 0x5a, 0xff, 0xff, 0xff, 0xff, 0xff, 0x37,
    0x0, 0x0, 0x0, 0x0, 0x0, 0x0, 0xb1, 0xff,
    0xff, 0xff, 0xff, 0xe8, 0x2, 0x0, 0x0, 0x0,
    0x0, 0x0, 0x21, 0xfd, 0xff, 0xff, 0xff, 0xff,
    0x89, 0x0, 0x0, 0x0, 0x0, 0x0, 0x0, 0x93,
    0xff, 0xff, 0xff, 0xff, 0xfe, 0x25, 0x0, 0x0,
    0x0, 0x0, 0x0, 0x23, 0xf9, 0xff, 0xff, 0xff,
    0xff, 0xa8, 0x0, 0x0, 0x0, 0x0, 0x0, 0x0,
    0xae, 0xff, 0xff, 0xff, 0xff, 0xfc, 0x29, 0x0,
    0x0, 0x0, 0x0, 0x0, 0x54, 0xff, 0xff, 0xff,
    0xff, 0xff, 0x8c, 0x0, 0x0, 0x0, 0x0, 0x0,
    0x17, 0xea, 0xff, 0xff, 0xff, 0xff, 0xde, 0xb,
    0x0, 0x0, 0x0, 0x0, 0x4, 0xc0, 0xff, 0xff,
    0xff, 0xff, 0xf8, 0x33, 0x0, 0x0, 0x0, 0x0,
    0x0, 0x6d, 0xff, 0xff, 0xff, 0xff, 0xfd, 0x5d,
    0x0, 0x0, 0x0, 0x0, 0x0, 0x0, 0x8, 0x8a,
    0xe7, 0xf6, 0xc0, 0x41, 0x0, 0x0, 0x0, 0x0,
    0x0, 0x0, 0x0,

    /* U+002A "*" */
    0x0, 0x0, 0x0, 0x0, 0x0, 0x0, 0x11, 0x85,
    0x8, 0x0, 0x0, 0x0, 0x4b, 0x54, 0x0, 0x0,
    0x0, 0x0, 0x0, 0x0, 0x0, 0x0, 0x0, 0x0,
    0x3, 0x69, 0xec, 0xff, 0x6f, 0x0, 0x0, 0x1,
    0xd3, 0xff, 0xc2, 0x33, 0x0, 0x0, 0x0, 0x0,
    0x0, 0x0, 0x0, 0x41, 0xd2, 0xff, 0xff, 0xff,
    0xe6, 0x8, 0x0, 0x50, 0xff, 0xff, 0xff, 0xfe,
    0x9f, 0x19, 0x0, 0x0, 0x0, 0x0, 0x0, 0xb4,
    0xff, 0xff, 0xff, 0xff, 0xff, 0x6f, 0x0, 0xc9,
    0xff, 0xff, 0xff, 0xff, 0xfd, 0x44, 0x0, 0x0,
    0x0, 0x0, 0x0, 0x11, 0xdf, 0xff, 0xff, 0xff,
    0xff, 0xe6, 0x4d, 0xff, 0xff, 0xff, 0xff, 0xff,
    0x7f, 0x0, 0x0, 0x0, 0x0, 0x0, 0x0, 0x0,
    0x34, 0xf8, 0xff, 0xff, 0xff, 0xff, 0xf3, 0xff,
    0xff, 0xff, 0xff, 0xba, 0x2, 0x0, 0x0, 0x0,
    0x0, 0x0, 0x0, 0x0, 0x0, 0x68, 0xff, 0xff,
    0xff, 0xff, 0xff, 0xff, 0xff, 0xff, 0xe5, 0x15,
    0x0, 0x0, 0x0, 0x0, 0x2a, 0xc6, 0xb4, 0xa1,
    0x8f, 0x7c, 0xe3, 0xff, 0xff, 0xff, 0xff, 0xff,
    0xff, 0xff, 0xa1, 0x7b, 0x90, 0xa4, 0xb9, 0xa2,
    0x34, 0xff, 0xff, 0xff, 0xff, 0xff, 0xff, 0xff,
    0xff, 0xff, 0xff, 0xff, 0xff, 0xff, 0xff, 0xff,
    0xff, 0xff, 0xff, 0xcc, 0x34, 0xff, 0xff, 0xff,
    0xff, 0xff, 0xff, 0xff, 0xff, 0xff, 0xff, 0xff,
    0xff, 0xff, 0xff, 0xff, 0xff, 0xff, 0xff, 0xcc,
    0x34, 0xff, 0xff, 0xff, 0xff, 0xff, 0xff, 0xff,
    0xff, 0xff, 0xff, 0xff, 0xff, 0xff, 0xff, 0xff,
    0xff, 0xff, 0xff, 0xcc, 0x34, 0xff, 0xff, 0xf2,
    0xdb, 0xc4, 0xed, 0xff, 0xff, 0xff, 0xff, 0xff,
    0xff, 0xff, 0xff, 0xff, 0xff, 0xff, 0xff, 0xcc,
    0x9, 0x20, 0x9, 0x0, 0x0, 0x3f, 0xfc, 0xff,
    0xff, 0xff, 0xff, 0xff, 0xff, 0xff, 0x88, 0x0,
    0x0, 0x0, 0x0, 0x0, 0x0, 0x0, 0x0, 0x0,
    0x15, 0xe5, 0xff, 0xff, 0xff, 0xff, 0xf9, 0xff,
    0xff, 0xff, 0xff, 0x5b, 0x0, 0x0, 0x0, 0x0,
    0x0, 0x0, 0x0, 0x1, 0xb8, 0xff, 0xff, 0xff,
    0xff, 0xc9, 0x7e, 0xff, 0xff, 0xff, 0xff, 0xf7,
    0x36, 0x0, 0x0, 0x0, 0x0, 0x0, 0x0, 0x7a,
    0xff, 0xff, 0xff, 0xff, 0xff, 0x48, 0x11, 0xf2,
    0xff, 0xff, 0xff, 0xff, 0xe6, 0x1b, 0x0, 0x0,
    0x0, 0x0, 0x0, 0x81, 0xfa, 0xff, 0xff, 0xff,
    0xc7, 0x0, 0x0, 0x89, 0xff, 0xff, 0xff, 0xff,
    0xd8, 0x3c, 0x0, 0x0, 0x0, 0x0, 0x0, 0x0,
    0x2c, 0xc6, 0xff, 0xff, 0x46, 0x0, 0x0, 0x17,
    0xf7, 0xff, 0xe6, 0x67, 0x4, 0x0, 0x0, 0x0,
    0x0, 0x0, 0x0, 0x0, 0x0, 0x2, 0x6b, 0xb7,
    0x0, 0x0, 0x0, 0x0, 0x86, 0x7d, 0xb, 0x0,
    0x0, 0x0, 0x0, 0x0, 0x0, 0x0, 0x0, 0x0,
    0x0, 0x0, 0x0, 0x0, 0x0, 0x0, 0x0, 0x0,
    0x0, 0x0, 0x0, 0x0, 0x0, 0x0, 0x0, 0x0,

    /* U+002B "+" */
    0x0, 0x0, 0x0, 0x0, 0x0, 0x0, 0x0, 0x0,
    0x0, 0x0, 0x0, 0x0, 0x46, 0xa0, 0xce, 0xda,
    0x0, 0x0, 0x0, 0x0, 0x0, 0x0, 0x0, 0x0,
    0x0, 0x0, 0x0, 0x0, 0x0, 0x0, 0x0, 0x0,
    0x0, 0x0, 0x0, 0x0, 0x0, 0x88, 0xff, 0xff,
    0xff, 0xf8, 0x0, 0x0, 0x0, 0x0, 0x0, 0x0,
    0x0, 0x0, 0x0, 0x0, 0x0, 0x0, 0x0, 0x0,
    0x0, 0x0, 0x0, 0x0, 0x0, 0x0, 0x1e, 0xfe,
    0xff, 0xff, 0xff, 0xf8, 0x0, 0x0, 0x0, 0x0,
    0x0, 0x0, 0x0, 0x0, 0x0, 0x0, 0x0, 0x0,
    0x0, 0x0, 0x0, 0x0, 0x0, 0x0, 0x0, 0x0,
    0x4e, 0xff, 0xff, 0xff, 0xff, 0xf8, 0x0, 0x0,
    0x0, 0x0, 0x0, 0x0, 0x0, 0x0, 0x0, 0x0,
    0x0, 0x0, 0x0, 0x0, 0x0, 0x0, 0x0, 0x0,
    0x0, 0x0, 0x58, 0xff, 0xff, 0xff, 0xff, 0xf8,
    0x0, 0x0, 0x0, 0x0, 0x0, 0x0, 0x0, 0x0,
    0x0, 0x0, 0x0, 0x0, 0x0, 0x0, 0x0, 0x0,
    0x0, 0x0, 0x0, 0x0, 0x58, 0xff, 0xff, 0xff,
    0xff, 0xf8, 0x0, 0x0, 0x0, 0x0, 0x0, 0x0,
    0x0, 0x0, 0x0, 0x0, 0x0, 0x0, 0x0, 0x0,
    0x0, 0x0, 0x0, 0x0, 0x0, 0x0, 0x58, 0xff,
    0xff, 0xff, 0xff, 0xf8, 0x0, 0x0, 0x0, 0x0,
    0x0, 0x0, 0x0, 0x0, 0x0, 0x0, 0x0, 0x0,
    0x0, 0x0, 0x0, 0x0, 0x0, 0x0, 0x0, 0x0,
    0x58, 0xff, 0xff, 0xff, 0xff, 0xf8, 0x0, 0x0,
    0x0, 0x0, 0x0, 0x0, 0x0, 0x0, 0x0, 0x0,
    0x0, 0x0, 0x0, 0x0, 0x0, 0x0, 0x0, 0x0,
    0x0, 0x0, 0x58, 0xff, 0xff, 0xff, 0xff, 0xf8,
    0x0, 0x0, 0x0, 0x0, 0x0, 0x0, 0x0, 0x0,
    0x0, 0x0, 0x0, 0x0, 0x6b, 0xda, 0xfb, 0xff,
    0xff, 0xff, 0xff, 0xff, 0xff, 0xff, 0xff, 0xff,
    0xff, 0xff, 0xff, 0xff, 0xff, 0xff, 0xff, 0xff,
    0xff, 0xff, 0xff, 0xb8, 0x0, 0x5e, 0xff, 0xff,
    0xff, 0xff, 0xff, 0xff, 0xff, 0xff, 0xff, 0xff,
    0xff, 0xff, 0xff, 0xff, 0xff, 0xff, 0xff, 0xff,
    0xff, 0xff, 0xff, 0xff, 0xff, 0x99, 0x0, 0xd9,
    0xff, 0xff, 0xff, 0xff, 0xff, 0xff, 0xff, 0xff,
    0xff, 0xff, 0xff, 0xff, 0xff, 0xff, 0xff, 0xff,
    0xff, 0xff, 0xff, 0xff, 0xff, 0xff, 0xff, 0x48,
    0x10, 0xff, 0xff, 0xff, 0xff, 0xff, 0xff, 0xff,
    0xff, 0xff, 0xff, 0xff, 0xff, 0xff, 0xff, 0xff,
    0xff, 0xff, 0xff, 0xff, 0xff, 0xff, 0xff, 0xff,
    0xb7, 0x0, 0x1b, 0xa8, 0xa8, 0xa8, 0xa8, 0xa8,
    0xa8, 0xa8, 0xa8, 0xa8, 0xc6, 0xff, 0xff, 0xff,
    0xff, 0xfd, 0xa8, 0xa8, 0xa8, 0xa8, 0xa8, 0xa8,
    0x9c, 0x61, 0x4, 0x0, 0x0, 0x0, 0x0, 0x0,
    0x0, 0x0, 0x0, 0x0, 0x0, 0x0, 0x58, 0xff,
    0xff, 0xff, 0xff, 0xf8, 0x0, 0x0, 0x0, 0x0,
    0x0, 0x0, 0x0, 0x0, 0x0, 0x0, 0x0, 0x0,
    0x0, 0x0, 0x0, 0x0, 0x0, 0x0, 0x0, 0x0,
    0x58, 0xff, 0xff, 0xff, 0xff, 0xf8, 0x0, 0x0,
    0x0, 0x0, 0x0, 0x0, 0x0, 0x0, 0x0, 0x0,
    0x0, 0x0, 0x0, 0x0, 0x0, 0x0, 0x0, 0x0,
    0x0, 0x0, 0x58, 0xff, 0xff, 0xff, 0xff, 0xf8,
    0x0, 0x0, 0x0, 0x0, 0x0, 0x0, 0x0, 0x0,
    0x0, 0x0, 0x0, 0x0, 0x0, 0x0, 0x0, 0x0,
    0x0, 0x0, 0x0, 0x0, 0x58, 0xff, 0xff, 0xff,
    0xff, 0xf8, 0x0, 0x0, 0x0, 0x0, 0x0, 0x0,
    0x0, 0x0, 0x0, 0x0, 0x0, 0x0, 0x0, 0x0,
    0x0, 0x0, 0x0, 0x0, 0x0, 0x0, 0x58, 0xff,
    0xff, 0xff, 0xff, 0xf8, 0x0, 0x0, 0x0, 0x0,
    0x0, 0x0, 0x0, 0x0, 0x0, 0x0, 0x0, 0x0,
    0x0, 0x0, 0x0, 0x0, 0x0, 0x0, 0x0, 0x0,
    0x58, 0xff, 0xff, 0xff, 0xff, 0xec, 0x0, 0x0,
    0x0, 0x0, 0x0, 0x0, 0x0, 0x0, 0x0, 0x0,
    0x0, 0x0, 0x0, 0x0, 0x0, 0x0, 0x0, 0x0,
    0x0, 0x0, 0x58, 0xff, 0xff, 0xff, 0xff, 0xb5,
    0x0, 0x0, 0x0, 0x0, 0x0, 0x0, 0x0, 0x0,
    0x0, 0x0, 0x0, 0x0, 0x0, 0x0, 0x0, 0x0,
    0x0, 0x0, 0x0, 0x0, 0x58, 0xff, 0xff, 0xff,
    0xf0, 0x2f, 0x0, 0x0, 0x0, 0x0, 0x0, 0x0,
    0x0, 0x0, 0x0, 0x0, 0x0, 0x0, 0x0, 0x0,
    0x0, 0x0, 0x0, 0x0, 0x0, 0x0, 0x57, 0xf5,
    0xd6, 0x93, 0x20, 0x0, 0x0, 0x0, 0x0, 0x0,
    0x0, 0x0, 0x0, 0x0, 0x0, 0x0,

    /* U+002C "," */
    0x0, 0x0, 0x0, 0x16, 0x36, 0x1f, 0x0, 0x0,
    0x0, 0x0, 0xb, 0xa5, 0xfe, 0xff, 0xff, 0xc4,
    0x1e, 0x0, 0x0, 0xa3, 0xff, 0xff, 0xff, 0xff,
    0xff, 0xd4, 0x4, 0x12, 0xfd, 0xff, 0xff, 0xff,
    0xff, 0xff, 0xff, 0x4a, 0x2c, 0xff, 0xff, 0xff,
    0xff, 0xff, 0xff, 0xff, 0x6d, 0xc, 0xfe, 0xff,
    0xff, 0xff, 0xff, 0xff, 0xff, 0x5e, 0x0, 0x9c,
    0xff, 0xff, 0xff, 0xff, 0xff, 0xff, 0x48, 0x0,
    0x9, 0x90, 0xe6, 0xf2, 0xfa, 0xff, 0xff, 0x24,
    0x0, 0x0, 0x0, 0x0, 0x3, 0xf9, 0xff, 0xdb,
    0x0, 0x0, 0x0, 0x0, 0x0, 0x3f, 0xff, 0xff,
    0x8b, 0x0, 0x0, 0x0, 0x0, 0x0, 0xaf, 0xff,
    0xf1, 0x17, 0x0, 0x0, 0x0, 0x0, 0x4d, 0xff,
    0xff, 0x72, 0x0, 0x0, 0x0, 0x0, 0x28, 0xe9,
    0xff, 0x99, 0x0, 0x0, 0x0, 0x0, 0x7, 0xd1,
    0xed, 0x8a, 0x1, 0x0, 0x0, 0x0,

    /* U+002D "-" */
    0x0, 0x0, 0x8, 0x4c, 0x69, 0x6c, 0x6c, 0x6c,
    0x6c, 0x6c, 0x6c, 0x6c, 0x6c, 0x6c, 0x6c, 0x6c,
    0x6c, 0x6c, 0x2c, 0x0, 0x1f, 0xde, 0xff, 0xff,
    0xff, 0xff, 0xff, 0xff, 0xff, 0xff, 0xff, 0xff,
    0xff, 0xff, 0xff, 0xff, 0xff, 0x53, 0x0, 0xa7,
    0xff, 0xff, 0xff, 0xff, 0xff, 0xff, 0xff, 0xff,
    0xff, 0xff, 0xff, 0xff, 0xff, 0xff, 0xff, 0xff,
    0x27, 0x6, 0xfc, 0xff, 0xff, 0xff, 0xff, 0xff,
    0xff, 0xff, 0xff, 0xff, 0xff, 0xff, 0xff, 0xff,
    0xff, 0xff, 0xb2, 0x0, 0x24, 0xff, 0xff, 0xff,
    0xff, 0xff, 0xff, 0xff, 0xff, 0xff, 0xff, 0xff,
    0xff, 0xff, 0xff, 0xed, 0xa2, 0x12, 0x0,

    /* U+002E "." */
    0x0, 0x0, 0x27, 0x7a, 0x85, 0x43, 0x0, 0x0,
    0x0, 0x4f, 0xf7, 0xff, 0xff, 0xff, 0x8f, 0x0,
    0x3, 0xeb, 0xff, 0xff, 0xff, 0xff, 0xff, 0x39,
    0x26, 0xff, 0xff, 0xff, 0xff, 0xff, 0xff, 0x71,
    0xe, 0xfe, 0xff, 0xff, 0xff, 0xff, 0xff, 0x58,
    0x0, 0x9e, 0xff, 0xff, 0xff, 0xff, 0xdc, 0xb,
    0x0, 0x8, 0x89, 0xe3, 0xee, 0xad, 0x1e, 0x0,

    /* U+002F "/" */
    0x0, 0x0, 0x0, 0x0, 0x0, 0x0, 0x0, 0x0,
    0x0, 0x0, 0x0, 0x0, 0x0, 0x0, 0x0, 0x0,
    0x0, 0x2a, 0xb6, 0xf3, 0xef, 0xad, 0x31, 0x0,
    0x0, 0x0, 0x0, 0x0, 0x0, 0x0, 0x0, 0x0,
    0x0, 0x0, 0x0, 0x0, 0x0, 0x0, 0x0, 0x1b,
    0xee, 0xff, 0xff, 0xff, 0xff, 0x9c, 0x0, 0x0,
    0x0, 0x0, 0x0, 0x0, 0x0, 0x0, 0x0, 0x0,
    0x0, 0x0, 0x0, 0x0, 0x0, 0x0, 0x9d, 0xff,
    0xff, 0xff, 0xff, 0xfb, 0x22, 0x0, 0x0, 0x0,
    0x0, 0x0, 0x0, 0x0, 0x0, 0x0, 0x0, 0x0,
    0x0, 0x0, 0x0, 0x0, 0x21, 0xfb, 0xff, 0xff,
    0xff, 0xff, 0x9e, 0x0, 0x0, 0x0, 0x0, 0x0,
    0x0, 0x0, 0x0, 0x0, 0x0, 0x0, 0x0, 0x0,
    0x0, 0x0, 0x0, 0x9b, 0xff, 0xff, 0xff, 0xff,
    0xfc, 0x23, 0x0, 0x0, 0x0, 0x0, 0x0, 0x0,
    0x0, 0x0, 0x0, 0x0, 0x0, 0x0, 0x0, 0x0,
    0x0, 0x1f, 0xfa, 0xff, 0xff, 0xff, 0xff, 0xa0,
    0x0, 0x0, 0x0, 0x0, 0x0, 0x0, 0x0, 0x0,
    0x0, 0x0, 0x0, 0x0, 0x0, 0x0, 0x0, 0x0,
    0x99, 0xff, 0xff, 0xff, 0xff, 0xfc, 0x25, 0x0,
    0x0, 0x0, 0x0, 0x0, 0x0, 0x0, 0x0, 0x0,
    0x0, 0x0, 0x0, 0x0, 0x0, 0x0, 0x1e, 0xf9,
    0xff, 0xff, 0xff, 0xff, 0xa2, 0x0, 0x0, 0x0,
    0x0, 0x0, 0x0, 0x0, 0x0, 0x0, 0x0, 0x0,
    0x0, 0x0, 0x0, 0x0, 0x0, 0x97, 0xff, 0xff,
    0xff, 0xff, 0xfd, 0x27, 0x0, 0x0, 0x0, 0x0,
    0x0, 0x0, 0x0, 0x0, 0x0, 0x0, 0x0, 0x0,
    0x0, 0x0, 0x0, 0x1d, 0xf9, 0xff, 0xff, 0xff,
    0xff, 0xa5, 0x0, 0x0, 0x0, 0x0, 0x0, 0x0,
    0x0, 0x0, 0x0, 0x0, 0x0, 0x0, 0x0, 0x0,
    0x0, 0x0, 0x95, 0xff, 0xff, 0xff, 0xff, 0xfd,
    0x29, 0x0, 0x0, 0x0, 0x0, 0x0, 0x0, 0x0,
    0x0, 0x0, 0x0, 0x0, 0x0, 0x0, 0x0, 0x0,
    0x1b, 0xf8, 0xff, 0xff, 0xff, 0xff, 0xa7, 0x0,
    0x0, 0x0, 0x0, 0x0, 0x0, 0x0, 0x0, 0x0,
    0x0, 0x0, 0x0, 0x0, 0x0, 0x0, 0x0, 0x93,
    0xff, 0xff, 0xff, 0xff, 0xfd, 0x2a, 0x0, 0x0,
    0x0, 0x0, 0x0, 0x0, 0x0, 0x0, 0x0, 0x0,
    0x0, 0x0, 0x0, 0x0, 0x0, 0x1a, 0xf8, 0xff,
    0xff, 0xff, 0xff, 0xa9, 0x0, 0x0, 0x0, 0x0,
    0x0, 0x0, 0x0, 0x0, 0x0, 0x0, 0x0, 0x0,
    0x0, 0x0, 0x0, 0x0, 0x91, 0xff, 0xff, 0xff,
    0xff, 0xfe, 0x2c, 0x0, 0x0, 0x0, 0x0, 0x0,
    0x0, 0x0, 0x0, 0x0, 0x0, 0x0, 0x0, 0x0,
    0x0, 0x0, 0x19, 0xf7, 0xff, 0xff, 0xff, 0xff,
    0xab, 0x0, 0x0, 0x0, 0x0, 0x0, 0x0, 0x0,
    0x0, 0x0, 0x0, 0x0, 0x0, 0x0, 0x0, 0x0,
    0x0, 0x8f, 0xff, 0xff, 0xff, 0xff, 0xfe, 0x2e,
    0x0, 0x0, 0x0, 0x0, 0x0, 0x0, 0x0, 0x0,
    0x0, 0x0, 0x0, 0x0, 0x0, 0x0, 0x0, 0x17,
    0xf6, 0xff, 0xff, 0xff, 0xff, 0xae, 0x0, 0x0,
    0x0, 0x0, 0x0, 0x0, 0x0, 0x0, 0x0, 0x0,
    0x0, 0x0, 0x0, 0x0, 0x0, 0x0, 0x8d, 0xff,
    0xff, 0xff, 0xff, 0xff, 0x30, 0x0, 0x0, 0x0,
    0x0, 0x0, 0x0, 0x0, 0x0, 0x0, 0x0, 0x0,
    0x0, 0x0, 0x0, 0x0, 0x16, 0xf5, 0xff, 0xff,
    0xff, 0xff, 0xb0, 0x0, 0x0, 0x0, 0x0, 0x0,
    0x0, 0x0, 0x0, 0x0, 0x0, 0x0, 0x0, 0x0,
    0x0, 0x0, 0x0, 0x8b, 0xff, 0xff, 0xff, 0xff,
    0xff, 0x32, 0x0, 0x0, 0x0, 0x0, 0x0, 0x0,
    0x0, 0x0, 0x0, 0x0, 0x0, 0x0, 0x0, 0x0,
    0x0, 0x15, 0xf4, 0xff, 0xff, 0xff, 0xff, 0xb2,
    0x0, 0x0, 0x0, 0x0, 0x0, 0x0, 0x0, 0x0,
    0x0, 0x0, 0x0, 0x0, 0x0, 0x0, 0x0, 0x0,
    0x89, 0xff, 0xff, 0xff, 0xff, 0xff, 0x34, 0x0,
    0x0, 0x0, 0x0, 0x0, 0x0, 0x0, 0x0, 0x0,
    0x0, 0x0, 0x0, 0x0, 0x0, 0x0, 0x14, 0xf3,
    0xff, 0xff, 0xff, 0xff, 0xb4, 0x0, 0x0, 0x0,
    0x0, 0x0, 0x0, 0x0, 0x0, 0x0, 0x0, 0x0,
    0x0, 0x0, 0x0, 0x0, 0x0, 0x87, 0xff, 0xff,
    0xff, 0xff, 0xff, 0x36, 0x0, 0x0, 0x0, 0x0,
    0x0, 0x0, 0x0, 0x0, 0x0, 0x0, 0x0, 0x0,
    0x0, 0x0, 0x0, 0x13, 0xf3, 0xff, 0xff, 0xff,
    0xff, 0xb6, 0x0, 0x0, 0x0, 0x0, 0x0, 0x0,
    0x0, 0x0, 0x0, 0x0, 0x0, 0x0, 0x0, 0x0,
    0x0, 0x0, 0x85, 0xff, 0xff, 0xff, 0xff, 0xff,
    0x38, 0x0, 0x0, 0x0, 0x0, 0x0, 0x0, 0x0,
    0x0, 0x0, 0x0, 0x0, 0x0, 0x0, 0x0, 0x0,
    0x12, 0xf2, 0xff, 0xff, 0xff, 0xff, 0xb9, 0x0,
    0x0, 0x0, 0x0, 0x0, 0x0, 0x0, 0x0, 0x0,
    0x0, 0x0, 0x0, 0x0, 0x0, 0x0, 0x0, 0x83,
    0xff, 0xff, 0xff, 0xff, 0xff, 0x3a, 0x0, 0x0,
    0x0, 0x0, 0x0, 0x0, 0x0, 0x0, 0x0, 0x0,
    0x0, 0x0, 0x0, 0x0, 0x0, 0x11, 0xf1, 0xff,
    0xff, 0xff, 0xff, 0xbb, 0x0, 0x0, 0x0, 0x0,
    0x0, 0x0, 0x0, 0x0, 0x0, 0x0, 0x0, 0x0,
    0x0, 0x0, 0x0, 0x0, 0x81, 0xff, 0xff, 0xff,
    0xff, 0xff, 0x3d, 0x0, 0x0, 0x0, 0x0, 0x0,
    0x0, 0x0, 0x0, 0x0, 0x0, 0x0, 0x0, 0x0,
    0x0, 0x0, 0x10, 0xf0, 0xff, 0xff, 0xff, 0xff,
    0xbd, 0x0, 0x0, 0x0, 0x0, 0x0, 0x0, 0x0,
    0x0, 0x0, 0x0, 0x0, 0x0, 0x0, 0x0, 0x0,
    0x0, 0x7f, 0xff, 0xff, 0xff, 0xff, 0xff, 0x3f,
    0x0, 0x0, 0x0, 0x0, 0x0, 0x0, 0x0, 0x0,
    0x0, 0x0, 0x0, 0x0, 0x0, 0x0, 0x0, 0xd,
    0xef, 0xff, 0xff, 0xff, 0xff, 0xae, 0x0, 0x0,
    0x0, 0x0, 0x0, 0x0, 0x0, 0x0, 0x0, 0x0,
    0x0, 0x0, 0x0, 0x0, 0x0, 0x0, 0x0, 0x5c,
    0xca, 0xf8, 0xe7, 0x90, 0x9, 0x0, 0x0, 0x0,
    0x0, 0x0, 0x0, 0x0, 0x0, 0x0, 0x0, 0x0,
    0x0, 0x0, 0x0, 0x0, 0x0,

    /* U+0030 "0" */
    0x0, 0x0, 0x0, 0x0, 0x0, 0x0, 0x0, 0xe,
    0x5c, 0x9f, 0xcc, 0xec, 0xfa, 0xf8, 0xea, 0xc8,
    0x9a, 0x56, 0xa, 0x0, 0x0, 0x0, 0x0, 0x0,
    0x0, 0x0, 0x0, 0x0, 0x0, 0x0, 0x0, 0x1b,
    0x98, 0xf5, 0xff, 0xff, 0xff, 0xff, 0xff, 0xff,
    0xff, 0xff, 0xff, 0xff, 0xf1, 0x8e, 0x15, 0x0,
    0x0, 0x0, 0x0, 0x0, 0x0, 0x0, 0x0, 0x0,
    0x67, 0xf4, 0xff, 0xff, 0xff, 0xff, 0xff, 0xff,
    0xff, 0xff, 0xff, 0xff, 0xff, 0xff, 0xff, 0xff,
    0xef, 0x59, 0x0, 0x0, 0x0, 0x0, 0x0, 0x0,
    0x1, 0x95, 0xff, 0xff, 0xff, 0xff, 0xff, 0xff,
    0xff, 0xff, 0xff, 0xff, 0xff, 0xff, 0xff, 0xff,
    0xff, 0xff, 0xff, 0xff, 0x81, 0x0, 0x0, 0x0,
    0x0, 0x0, 0x84, 0xff, 0xff, 0xff, 0xff, 0xff,
    0xff, 0xff, 0xff, 0xe2, 0xcf, 0xd1, 0xe6, 0xff,
    0xff, 0xff, 0xff, 0xff, 0xff, 0xff, 0xff, 0x6c,
    0x0, 0x0, 0x0, 0x3d, 0xfe, 0xff, 0xff, 0xff,
    0xff, 0xff, 0xd5, 0x61, 0x12, 0x0, 0x0, 0x0,
    0x0, 0x16, 0x69, 0xde, 0xff, 0xff, 0xff, 0xff,
    0xff, 0xf9, 0x27, 0x0, 0x0, 0xc6, 0xff, 0xff,
    0xff, 0xff, 0xff, 0x95, 0x5, 0x0, 0x0, 0x0,
    0x0, 0x0, 0x0, 0x0, 0x0, 0x9, 0xa6, 0xff,
    0xff, 0xff, 0xff, 0xff, 0xa9, 0x0, 0x28, 0xff,
    0xff, 0xff, 0xff, 0xff, 0xb3, 0x0, 0x0, 0x0,
    0x0, 0x0, 0x0, 0x0, 0x0, 0x0, 0x0, 0x0,
    0x2, 0xc5, 0xff, 0xff, 0xff, 0xff, 0xfa, 0xe,
    0x65, 0xff, 0xff, 0xff, 0xff, 0xff, 0x34, 0x0,
    0x0, 0x0, 0x0, 0x0, 0x0, 0x0, 0x0, 0x0,
    0x0, 0x0, 0x0, 0x49, 0xff, 0xff, 0xff, 0xff,
    0xff, 0x44, 0x7f, 0xff, 0xff, 0xff, 0xff, 0xfa,
    0x1, 0x0, 0x0, 0x0, 0x0, 0x0, 0x0, 0x0,
    0x0, 0x0, 0x0, 0x0, 0x0, 0x10, 0xff, 0xff,
    0xff, 0xff, 0xff, 0x5f, 0x88, 0xff, 0xff, 0xff,
    0xff, 0xec, 0x0, 0x0, 0x0, 0x0, 0x0, 0x0,
    0x0, 0x0, 0x0, 0x0, 0x0, 0x0, 0x0, 0x0,
    0xff, 0xff, 0xff, 0xff, 0xff, 0x68, 0x88, 0xff,
    0xff, 0xff, 0xff, 0xec, 0x0, 0x0, 0x0, 0x0,
    0x0, 0x0, 0x0, 0x0, 0x0, 0x0, 0x0, 0x0,
    0x0, 0x0, 0xff, 0xff, 0xff, 0xff, 0xff, 0x68,
    0x88, 0xff, 0xff, 0xff, 0xff, 0xec, 0x0, 0x0,
    0x0, 0x0, 0x0, 0x0, 0x0, 0x0, 0x0, 0x0,
    0x0, 0x0, 0x0, 0x0, 0xff, 0xff, 0xff, 0xff,
    0xff, 0x68, 0x88, 0xff, 0xff, 0xff, 0xff, 0xec,
    0x0, 0x0, 0x0, 0x0, 0x0, 0x0, 0x0, 0x0,
    0x0, 0x0, 0x0, 0x0, 0x0, 0x0, 0xff, 0xff,
    0xff, 0xff, 0xff, 0x68, 0x88, 0xff, 0xff, 0xff,
    0xff, 0xec, 0x0, 0x0, 0x0, 0x0, 0x0, 0x0,
    0x0, 0x0, 0x0, 0x0, 0x0, 0x0, 0x0, 0x0,
    0xff, 0xff, 0xff, 0xff, 0xff, 0x68, 0x88, 0xff,
    0xff, 0xff, 0xff, 0xec, 0x0, 0x0, 0x0, 0x0,
    0x0, 0x0, 0x0, 0x0, 0x0, 0x0, 0x0, 0x0,
    0x0, 0x0, 0xff, 0xff, 0xff, 0xff, 0xff, 0x68,
    0x88, 0xff, 0xff, 0xff, 0xff, 0xec, 0x0, 0x0,
    0x0, 0x0, 0x0, 0x0, 0x0, 0x0, 0x0, 0x0,
    0x0, 0x0, 0x0, 0x0, 0xff, 0xff, 0xff, 0xff,
    0xff, 0x68, 0x88, 0xff, 0xff, 0xff, 0xff, 0xec,
    0x0, 0x0, 0x0, 0x0, 0x0, 0x0, 0x0, 0x0,
    0x0, 0x0, 0x0, 0x0, 0x0, 0x0, 0xff, 0xff,
    0xff, 0xff, 0xff, 0x68, 0x88, 0xff, 0xff, 0xff,
    0xff, 0xec, 0x0, 0x0, 0x0, 0x0, 0x0, 0x0,
    0x0, 0x0, 0x0, 0x0, 0x0, 0x0, 0x0, 0x0,
    0xff, 0xff, 0xff, 0xff, 0xff, 0x68, 0x88, 0xff,
    0xff, 0xff, 0xff, 0xec, 0x0, 0x0, 0x0, 0x0,
    0x0, 0x0, 0x0, 0x0, 0x0, 0x0, 0x0, 0x0,
    0x0, 0x0, 0xff, 0xff, 0xff, 0xff, 0xff, 0x68,
    0x88, 0xff, 0xff, 0xff, 0xff, 0xec, 0x0, 0x0,
    0x0, 0x0, 0x0, 0x0, 0x0, 0x0, 0x0, 0x0,
    0x0, 0x0, 0x0, 0x0, 0xff, 0xff, 0xff, 0xff,
    0xff, 0x68, 0x88, 0xff, 0xff, 0xff, 0xff, 0xec,
    0x0, 0x0, 0x0, 0x0, 0x0, 0x0, 0x0, 0x0,
    0x0, 0x0, 0x0, 0x0, 0x0, 0x0, 0xff, 0xff,
    0xff, 0xff, 0xff, 0x68, 0x7f, 0xff, 0xff, 0xff,
    0xff, 0xfa, 0x1, 0x0, 0x0, 0x0, 0x0, 0x0,
    0x0, 0x0, 0x0, 0x0, 0x0, 0x0, 0x0, 0x11,
    0xff, 0xff, 0xff, 0xff, 0xff, 0x5f, 0x64, 0xff,
    0xff, 0xff, 0xff, 0xff, 0x34, 0x0, 0x0, 0x0,
    0x0, 0x0, 0x0, 0x0, 0x0, 0x0, 0x0, 0x0,
    0x0, 0x4a, 0xff, 0xff, 0xff, 0xff, 0xff, 0x43,
    0x27, 0xff, 0xff, 0xff, 0xff, 0xff, 0xb0, 0x0,
    0x0, 0x0, 0x0, 0x0, 0x0, 0x0, 0x0, 0x0,
    0x0, 0x0, 0x2, 0xc5, 0xff, 0xff, 0xff, 0xff,
    0xf9, 0xc, 0x0, 0xc6, 0xff, 0xff, 0xff, 0xff,
    0xff, 0x8f, 0x4, 0x0, 0x0, 0x0, 0x0, 0x0,
    0x0, 0x0, 0x0, 0x9, 0xa6, 0xff, 0xff, 0xff,
    0xff, 0xff, 0xa4, 0x0, 0x0, 0x3d, 0xfe, 0xff,
    0xff, 0xff, 0xff, 0xff, 0xd2, 0x5f, 0x13, 0x0,
    0x0, 0x0, 0x0, 0x19, 0x6a, 0xde, 0xff, 0xff,
    0xff, 0xff, 0xff, 0xf7, 0x23, 0x0, 0x0, 0x0,
    0x84, 0xff, 0xff, 0xff, 0xff, 0xff, 0xff, 0xff,
    0xff, 0xe4, 0xd2, 0xd4, 0xe8, 0xff, 0xff, 0xff,
    0xff, 0xff, 0xff, 0xff, 0xff, 0x64, 0x0, 0x0,
    0x0, 0x0, 0x1, 0x93, 0xff, 0xff, 0xff, 0xff,
    0xff, 0xff, 0xff, 0xff, 0xff, 0xff, 0xff, 0xff,
    0xff, 0xff, 0xff, 0xff, 0xff, 0xff, 0x76, 0x0,
    0x0, 0x0, 0x0, 0x0, 0x0, 0x0, 0x66, 0xf4,
    0xff, 0xff, 0xff, 0xff, 0xff, 0xff, 0xff, 0xff,
    0xff, 0xff, 0xff, 0xff, 0xff, 0xff, 0xeb, 0x51,
    0x0, 0x0, 0x0, 0x0, 0x0, 0x0, 0x0, 0x0,
    0x0, 0x1b, 0x98, 0xf5, 0xff, 0xff, 0xff, 0xff,
    0xff, 0xff, 0xff, 0xff, 0xff, 0xff, 0xef, 0x89,
    0x11, 0x0, 0x0, 0x0, 0x0, 0x0, 0x0, 0x0,
    0x0, 0x0, 0x0, 0x0, 0x0, 0xf, 0x5d, 0x9f,
    0xcd, 0xed, 0xfa, 0xf9, 0xea, 0xc8, 0x98, 0x53,
    0x8, 0x0, 0x0, 0x0, 0x0, 0x0, 0x0, 0x0,

    /* U+0031 "1" */
    0xa1, 0xff, 0xff, 0xff, 0xff, 0xff, 0xff, 0xff,
    0xff, 0xfa, 0xc3, 0x28, 0x0, 0x7c, 0xff, 0xff,
    0xff, 0xff, 0xff, 0xff, 0xff, 0xff, 0xff, 0xff,
    0xd1, 0x0, 0x29, 0xfd, 0xff, 0xff, 0xff, 0xff,
    0xff, 0xff, 0xff, 0xff, 0xff, 0xff, 0x9, 0x0,
    0x80, 0xff, 0xff, 0xff, 0xff, 0xff, 0xff, 0xff,
    0xff, 0xff, 0xff, 0xc, 0x0, 0x0, 0x49, 0x9c,
    0xaf, 0xb0, 0xcf, 0xff, 0xff, 0xff, 0xff, 0xff,
    0xc, 0x0, 0x0, 0x0, 0x0, 0x0, 0x0, 0x64,
    0xff, 0xff, 0xff, 0xff, 0xff, 0xc, 0x0, 0x0,
    0x0, 0x0, 0x0, 0x0, 0x64, 0xff, 0xff, 0xff,
    0xff, 0xff, 0xc, 0x0, 0x0, 0x0, 0x0, 0x0,
    0x0, 0x64, 0xff, 0xff, 0xff, 0xff, 0xff, 0xc,
    0x0, 0x0, 0x0, 0x0, 0x0, 0x0, 0x64, 0xff,
    0xff, 0xff, 0xff, 0xff, 0xc, 0x0, 0x0, 0x0,
    0x0, 0x0, 0x0, 0x64, 0xff, 0xff, 0xff, 0xff,
    0xff, 0xc, 0x0, 0x0, 0x0, 0x0, 0x0, 0x0,
    0x64, 0xff, 0xff, 0xff, 0xff, 0xff, 0xc, 0x0,
    0x0, 0x0, 0x0, 0x0, 0x0, 0x64, 0xff, 0xff,
    0xff, 0xff, 0xff, 0xc, 0x0, 0x0, 0x0, 0x0,
    0x0, 0x0, 0x64, 0xff, 0xff, 0xff, 0xff, 0xff,
    0xc, 0x0, 0x0, 0x0, 0x0, 0x0, 0x0, 0x64,
    0xff, 0xff, 0xff, 0xff, 0xff, 0xc, 0x0, 0x0,
    0x0, 0x0, 0x0, 0x0, 0x64, 0xff, 0xff, 0xff,
    0xff, 0xff, 0xc, 0x0, 0x0, 0x0, 0x0, 0x0,
    0x0, 0x64, 0xff, 0xff, 0xff, 0xff, 0xff, 0xc,
    0x0, 0x0, 0x0, 0x0, 0x0, 0x0, 0x64, 0xff,
    0xff, 0xff, 0xff, 0xff, 0xc, 0x0, 0x0, 0x0,
    0x0, 0x0, 0x0, 0x64, 0xff, 0xff, 0xff, 0xff,
    0xff, 0xc, 0x0, 0x0, 0x0, 0x0, 0x0, 0x0,
    0x64, 0xff, 0xff, 0xff, 0xff, 0xff, 0xc, 0x0,
    0x0, 0x0, 0x0, 0x0, 0x0, 0x64, 0xff, 0xff,
    0xff, 0xff, 0xff, 0xc, 0x0, 0x0, 0x0, 0x0,
    0x0, 0x0, 0x64, 0xff, 0xff, 0xff, 0xff, 0xff,
    0xc, 0x0, 0x0, 0x0, 0x0, 0x0, 0x0, 0x64,
    0xff, 0xff, 0xff, 0xff, 0xff, 0xc, 0x0, 0x0,
    0x0, 0x0, 0x0, 0x0, 0x64, 0xff, 0xff, 0xff,
    0xff, 0xff, 0xc, 0x0, 0x0, 0x0, 0x0, 0x0,
    0x0, 0x64, 0xff, 0xff, 0xff, 0xff, 0xff, 0xc,
    0x0, 0x0, 0x0, 0x0, 0x0, 0x0, 0x64, 0xff,
    0xff, 0xff, 0xff, 0xff, 0xc, 0x0, 0x0, 0x0,
    0x0, 0x0, 0x0, 0x64, 0xff, 0xff, 0xff, 0xff,
    0xff, 0xc, 0x0, 0x0, 0x0, 0x0, 0x0, 0x0,
    0x64, 0xff, 0xff, 0xff, 0xff, 0xff, 0xc, 0x0,
    0x0, 0x0, 0x0, 0x0, 0x0, 0x64, 0xff, 0xff,
    0xff, 0xff, 0xff, 0xb, 0x0, 0x0, 0x0, 0x0,
    0x0, 0x0, 0x64, 0xff, 0xff, 0xff, 0xff, 0xf9,
    0x1, 0x0, 0x0, 0x0, 0x0, 0x0, 0x0, 0x64,
    0xff, 0xff, 0xff, 0xff, 0xb5, 0x0, 0x0, 0x0,
    0x0, 0x0, 0x0, 0x0, 0x64, 0xff, 0xff, 0xff,
    0xe8, 0x26, 0x0, 0x0, 0x0, 0x0, 0x0, 0x0,
    0x0, 0x63, 0xf3, 0xd0, 0x87, 0x15, 0x0, 0x0,

    /* U+0032 "2" */
    0x0, 0x0, 0x0, 0x0, 0x0, 0x0, 0x0, 0xc,
    0x57, 0x97, 0xc7, 0xe7, 0xf6, 0xfc, 0xf1, 0xda,
    0xb3, 0x77, 0x28, 0x0, 0x0, 0x0, 0x0, 0x0,
    0x0, 0x0, 0x0, 0x0, 0x0, 0x0, 0x0, 0x1f,
    0x98, 0xf6, 0xff, 0xff, 0xff, 0xff, 0xff, 0xff,
    0xff, 0xff, 0xff, 0xff, 0xff, 0xbf, 0x3a, 0x0,
    0x0, 0x0, 0x0, 0x0, 0x0, 0x0, 0x0, 0x0,
    0x6e, 0xf5, 0xff, 0xff, 0xff, 0xff, 0xff, 0xff,
    0xff, 0xff, 0xff, 0xff, 0xff, 0xff, 0xff, 0xff,
    0xfe, 0x8a, 0x2, 0x0, 0x0, 0x0, 0x0, 0x0,
    0x0, 0x98, 0xff, 0xff, 0xff, 0xff, 0xff, 0xff,
    0xff, 0xff, 0xff, 0xff, 0xff, 0xff, 0xff, 0xff,
    0xff, 0xff, 0xff, 0xff, 0x9f, 0x0, 0x0, 0x0,
    0x0, 0x0, 0x7a, 0xff, 0xff, 0xff, 0xff, 0xff,
    0xff, 0xff, 0xff, 0xed, 0xd5, 0xcc, 0xdb, 0xfb,
    0xff, 0xff, 0xff, 0xff, 0xff, 0xff, 0xff, 0x6a,
    0x0, 0x0, 0x0, 0x24, 0xfa, 0xff, 0xff, 0xff,
    0xff, 0xff, 0xf1, 0x7d, 0x22, 0x0, 0x0, 0x0,
    0x0, 0x9, 0x52, 0xd1, 0xff, 0xff, 0xff, 0xff,
    0xff, 0xef, 0x10, 0x0, 0x0, 0x90, 0xff, 0xff,
    0xff, 0xff, 0xff, 0xdc, 0x1e, 0x0, 0x0, 0x0,
    0x0, 0x0, 0x0, 0x0, 0x0, 0x5, 0xb3, 0xff,
    0xff, 0xff, 0xff, 0xff, 0x6b, 0x0, 0x0, 0xd1,
    0xff, 0xff, 0xff, 0xff, 0xfe, 0x33, 0x0, 0x0,
    0x0, 0x0, 0x0, 0x0, 0x0, 0x0, 0x0, 0x0,
    0x14, 0xf3, 0xff, 0xff, 0xff, 0xff, 0xb5, 0x0,
    0x0, 0xe9, 0xff, 0xff, 0xff, 0xff, 0xc3, 0x0,
    0x0, 0x0, 0x0, 0x0, 0x0, 0x0, 0x0, 0x0,
    0x0, 0x0, 0x0, 0xaf, 0xff, 0xff, 0xff, 0xff,
    0xe1, 0x0, 0x0, 0xcf, 0xff, 0xff, 0xff, 0xff,
    0x8c, 0x0, 0x0, 0x0, 0x0, 0x0, 0x0, 0x0,
    0x0, 0x0, 0x0, 0x0, 0x0, 0x8f, 0xff, 0xff,
    0xff, 0xff, 0xf2, 0x0, 0x0, 0x60, 0xff, 0xff,
    0xff, 0xff, 0x7b, 0x0, 0x0, 0x0, 0x0, 0x0,
    0x0, 0x0, 0x0, 0x0, 0x0, 0x0, 0x0, 0x9c,
    0xff, 0xff, 0xff, 0xff, 0xe5, 0x0, 0x0, 0x0,
    0x76, 0xfa, 0xff, 0xff, 0x86, 0x0, 0x0, 0x0,
    0x0, 0x0, 0x0, 0x0, 0x0, 0x0, 0x0, 0x0,
    0x0, 0xc6, 0xff, 0xff, 0xff, 0xff, 0xc1, 0x0,
    0x0, 0x0, 0x0, 0x1b, 0x69, 0x87, 0x4e, 0x0,
    0x0, 0x0, 0x0, 0x0, 0x0, 0x0, 0x0, 0x0,
    0x0, 0x0, 0x28, 0xfe, 0xff, 0xff, 0xff, 0xff,
    0x79, 0x0, 0x0, 0x0, 0x0, 0x0, 0x0, 0x0,
    0x0, 0x0, 0x0, 0x0, 0x0, 0x0, 0x0, 0x0,
    0x0, 0x0, 0x0, 0xa, 0xcd, 0xff, 0xff, 0xff,
    0xff, 0xf4, 0x16, 0x0, 0x0, 0x0, 0x0, 0x0,
    0x0, 0x0, 0x0, 0x0, 0x0, 0x0, 0x0, 0x0,
    0x0, 0x0, 0x0, 0x0, 0x1a, 0xcc, 0xff, 0xff,
    0xff, 0xff, 0xff, 0x77, 0x0, 0x0, 0x0, 0x0,
    0x0, 0x0, 0x0, 0x0, 0x0, 0x0, 0x0, 0x0,
    0x0, 0x0, 0x0, 0x0, 0x1, 0x62, 0xed, 0xff,
    0xff, 0xff, 0xff, 0xff, 0xb3, 0x1, 0x0, 0x0,
    0x0, 0x0, 0x0, 0x0, 0x0, 0x0, 0x0, 0x0,
    0x0, 0x0, 0x0, 0x0, 0x0, 0x44, 0xcc, 0xff,
    0xff, 0xff, 0xff, 0xff, 0xff, 0xb4, 0x7, 0x0,
    0x0, 0x0, 0x0, 0x0, 0x0, 0x0, 0x0, 0x0,
    0x0, 0x0, 0x0, 0x0, 0x0, 0x3f, 0xc2, 0xff,
    0xff, 0xff, 0xff, 0xff, 0xff, 0xff, 0x8c, 0x4,
    0x0, 0x0, 0x0, 0x0, 0x0, 0x0, 0x0, 0x0,
    0x0, 0x0, 0x0, 0x0, 0x0, 0x38, 0xbc, 0xff,
    0xff, 0xff, 0xff, 0xff, 0xff, 0xff, 0xe1, 0x4a,
    0x0, 0x0, 0x0, 0x0, 0x0, 0x0, 0x0, 0x0,
    0x0, 0x0, 0x0, 0x0, 0x0, 0x16, 0xa0, 0xfe,
    0xff, 0xff, 0xff, 0xff, 0xff, 0xff, 0xf7, 0x8a,
    0xb, 0x0, 0x0, 0x0, 0x0, 0x0, 0x0, 0x0,
    0x0, 0x0, 0x0, 0x0, 0x0, 0x0, 0x58, 0xef,
    0xff, 0xff, 0xff, 0xff, 0xff, 0xff, 0xfa, 0x99,
    0x1c, 0x0, 0x0, 0x0, 0x0, 0x0, 0x0, 0x0,
    0x0, 0x0, 0x0, 0x0, 0x0, 0x0, 0x6, 0x9a,
    0xff, 0xff, 0xff, 0xff, 0xff, 0xff, 0xfc, 0x9d,
    0x21, 0x0, 0x0, 0x0, 0x0, 0x0, 0x0, 0x0,
    0x0, 0x0, 0x0, 0x0, 0x0, 0x0, 0x0, 0xa,
    0xb9, 0xff, 0xff, 0xff, 0xff, 0xff, 0xff, 0xb7,
    0x2a, 0x0, 0x0, 0x0, 0x0, 0x0, 0x0, 0x0,
    0x0, 0x0, 0x0, 0x0, 0x0, 0x0, 0x0, 0x0,
    0x3, 0xba, 0xff, 0xff, 0xff, 0xff, 0xff, 0xec,
    0x56, 0x0, 0x0, 0x0, 0x0, 0x0, 0x0, 0x0,
    0x0, 0x0, 0x0, 0x0, 0x0, 0x0, 0x0, 0x0,
    0x0, 0x0, 0x84, 0xff, 0xff, 0xff, 0xff, 0xff,
    0xce, 0x1c, 0x0, 0x0, 0x0, 0x0, 0x0, 0x0,
    0x0, 0x0, 0x0, 0x0, 0x0, 0x0, 0x0, 0x0,
    0x0, 0x0, 0x0, 0x22, 0xfa, 0xff, 0xff, 0xff,
    0xff, 0xd4, 0xf, 0x0, 0x0, 0x0, 0x0, 0x0,
    0x0, 0x0, 0x0, 0x0, 0x0, 0x0, 0x0, 0x0,
    0x0, 0x0, 0x0, 0x0, 0x0, 0x96, 0xff, 0xff,
    0xff, 0xff, 0xff, 0x37, 0x0, 0x0, 0x0, 0x0,
    0x0, 0x0, 0x0, 0x0, 0x0, 0x0, 0x0, 0x0,
    0x0, 0x0, 0x0, 0x0, 0x0, 0x0, 0x1, 0xe5,
    0xff, 0xff, 0xff, 0xff, 0xfd, 0xb4, 0xb4, 0xb4,
    0xb4, 0xb4, 0xb4, 0xb4, 0xb4, 0xb4, 0xb4, 0xb4,
    0xb4, 0xb4, 0xb4, 0xad, 0x8a, 0x2c, 0x0, 0x0,
    0x17, 0xff, 0xff, 0xff, 0xff, 0xff, 0xff, 0xff,
    0xff, 0xff, 0xff, 0xff, 0xff, 0xff, 0xff, 0xff,
    0xff, 0xff, 0xff, 0xff, 0xff, 0xff, 0xff, 0xfb,
    0x52, 0x0, 0x2c, 0xff, 0xff, 0xff, 0xff, 0xff,
    0xff, 0xff, 0xff, 0xff, 0xff, 0xff, 0xff, 0xff,
    0xff, 0xff, 0xff, 0xff, 0xff, 0xff, 0xff, 0xff,
    0xff, 0xff, 0xeb, 0x8, 0xd, 0xf4, 0xff, 0xff,
    0xff, 0xff, 0xff, 0xff, 0xff, 0xff, 0xff, 0xff,
    0xff, 0xff, 0xff, 0xff, 0xff, 0xff, 0xff, 0xff,
    0xff, 0xff, 0xff, 0xff, 0xff, 0x43, 0x0, 0x4c,
    0xda, 0xfe, 0xff, 0xff, 0xff, 0xff, 0xff, 0xff,
    0xff, 0xff, 0xff, 0xff, 0xff, 0xff, 0xff, 0xff,
    0xff, 0xff, 0xff, 0xff, 0xff, 0xff, 0xff, 0x64,

    /* U+0033 "3" */
    0x0, 0x0, 0x0, 0x0, 0x0, 0x0, 0x0, 0x1a,
    0x59, 0x97, 0xc8, 0xdb, 0xee, 0xfc, 0xf4, 0xe0,
    0xbe, 0x89, 0x43, 0x3, 0x0, 0x0, 0x0, 0x0,
    0x0, 0x0, 0x0, 0x0, 0x0, 0x0, 0x0, 0x43,
    0xbb, 0xfe, 0xff, 0xff, 0xff, 0xff, 0xff, 0xff,
    0xff, 0xff, 0xff, 0xff, 0xff, 0xe3, 0x6f, 0x5,
    0x0, 0x0, 0x0, 0x0, 0x0, 0x0, 0x0, 0xd,
    0xa8, 0xff, 0xff, 0xff, 0xff, 0xff, 0xff, 0xff,
    0xff, 0xff, 0xff, 0xff, 0xff, 0xff, 0xff, 0xff,
    0xff, 0xd0, 0x22, 0x0, 0x0, 0x0, 0x0, 0x0,
    0xb, 0xcb, 0xff, 0xff, 0xff, 0xff, 0xff, 0xff,
    0xff, 0xff, 0xff, 0xff, 0xff, 0xff, 0xff, 0xff,
    0xff, 0xff, 0xff, 0xff, 0xe7, 0x20, 0x0, 0x0,
    0x0, 0x0, 0x99, 0xff, 0xff, 0xff, 0xff, 0xff,
    0xff, 0xff, 0xfd, 0xdf, 0xc8, 0xbf, 0xc9, 0xea,
    0xff, 0xff, 0xff, 0xff, 0xff, 0xff, 0xff, 0xc9,
    0x2, 0x0, 0x0, 0x15, 0xfb, 0xff, 0xff, 0xff,
    0xff, 0xff, 0xd4, 0x5b, 0xf, 0x0, 0x0, 0x0,
    0x0, 0x0, 0x26, 0x90, 0xfc, 0xff, 0xff, 0xff,
    0xff, 0xff, 0x55, 0x0, 0x0, 0x50, 0xff, 0xff,
    0xff, 0xff, 0xff, 0xb1, 0x7, 0x0, 0x0, 0x0,
    0x0, 0x0, 0x0, 0x0, 0x0, 0x0, 0x54, 0xff,
    0xff, 0xff, 0xff, 0xff, 0xb1, 0x0, 0x0, 0x5b,
    0xff, 0xff, 0xff, 0xff, 0xf9, 0x16, 0x0, 0x0,
    0x0, 0x0, 0x0, 0x0, 0x0, 0x0, 0x0, 0x0,
    0x0, 0xbb, 0xff, 0xff, 0xff, 0xff, 0xe8, 0x0,
    0x0, 0x1b, 0xf5, 0xff, 0xff, 0xff, 0xd3, 0x0,
    0x0, 0x0, 0x0, 0x0, 0x0, 0x0, 0x0, 0x0,
    0x0, 0x0, 0x0, 0x86, 0xff, 0xff, 0xff, 0xff,
    0xfd, 0x0, 0x0, 0x0, 0x42, 0xda, 0xff, 0xff,
    0xd9, 0x0, 0x0, 0x0, 0x0, 0x0, 0x0, 0x0,
    0x0, 0x0, 0x0, 0x0, 0x0, 0x8e, 0xff, 0xff,
    0xff, 0xff, 0xf5, 0x0, 0x0, 0x0, 0x0, 0x0,
    0x3c, 0x6e, 0x7e, 0x0, 0x0, 0x0, 0x0, 0x0,
    0x0, 0x0, 0x0, 0x0, 0x0, 0x0, 0x2, 0xd5,
    0xff, 0xff, 0xff, 0xff, 0xc7, 0x0, 0x0, 0x0,
    0x0, 0x0, 0x0, 0x0, 0x0, 0x0, 0x0, 0x0,
    0x0, 0x0, 0x0, 0x0, 0x0, 0x0, 0x0, 0x0,
    0x82, 0xff, 0xff, 0xff, 0xff, 0xff, 0x6d, 0x0,
    0x0, 0x0, 0x0, 0x0, 0x0, 0x0, 0x0, 0x0,
    0x0, 0x0, 0x0, 0x0, 0x0, 0x0, 0x5, 0x1c,
    0x53, 0xbd, 0xff, 0xff, 0xff, 0xff, 0xff, 0xd5,
    0x7, 0x0, 0x0, 0x0, 0x0, 0x0, 0x0, 0x0,
    0x0, 0x0, 0x0, 0x0, 0x1c, 0xc0, 0xfa, 0xff,
    0xff, 0xff, 0xff, 0xff, 0xff, 0xff, 0xff, 0xff,
    0xe1, 0x22, 0x0, 0x0, 0x0, 0x0, 0x0, 0x0,
    0x0, 0x0, 0x0, 0x0, 0x0, 0x0, 0xa0, 0xff,
    0xff, 0xff, 0xff, 0xff, 0xff, 0xff, 0xff, 0xff,
    0xff, 0xb4, 0x17, 0x0, 0x0, 0x0, 0x0, 0x0,
    0x0, 0x0, 0x0, 0x0, 0x0, 0x0, 0x0, 0x0,
    0xc0, 0xff, 0xff, 0xff, 0xff, 0xff, 0xff, 0xff,
    0xff, 0xff, 0xd9, 0x2f, 0x0, 0x0, 0x0, 0x0,
    0x0, 0x0, 0x0, 0x0, 0x0, 0x0, 0x0, 0x0,
    0x0, 0x0, 0x75, 0xff, 0xff, 0xff, 0xff, 0xff,
    0xff, 0xff, 0xff, 0xff, 0xff, 0xfe, 0x9a, 0xd,
    0x0, 0x0, 0x0, 0x0, 0x0, 0x0, 0x0, 0x0,
    0x0, 0x0, 0x0, 0x0, 0x1, 0x63, 0xa2, 0xa8,
    0xae, 0xc0, 0xe9, 0xff, 0xff, 0xff, 0xff, 0xff,
    0xff, 0xd4, 0x17, 0x0, 0x0, 0x0, 0x0, 0x0,
    0x0, 0x0, 0x0, 0x0, 0x0, 0x0, 0x0, 0x0,
    0x0, 0x0, 0x0, 0x0, 0x0, 0x37, 0xb7, 0xff,
    0xff, 0xff, 0xff, 0xff, 0xc6, 0x2, 0x0, 0x0,
    0x4, 0x43, 0x74, 0x88, 0xc, 0x0, 0x0, 0x0,
    0x0, 0x0, 0x0, 0x0, 0x0, 0x0, 0x0, 0x0,
    0x1, 0x9c, 0xff, 0xff, 0xff, 0xff, 0xff, 0x55,
    0x0, 0x2e, 0xdd, 0xff, 0xff, 0xff, 0x8, 0x0,
    0x0, 0x0, 0x0, 0x0, 0x0, 0x0, 0x0, 0x0,
    0x0, 0x0, 0x0, 0xb, 0xf0, 0xff, 0xff, 0xff,
    0xff, 0xa9, 0x0, 0xd6, 0xff, 0xff, 0xff, 0xfc,
    0x0, 0x0, 0x0, 0x0, 0x0, 0x0, 0x0, 0x0,
    0x0, 0x0, 0x0, 0x0, 0x0, 0x0, 0xb0, 0xff,
    0xff, 0xff, 0xff, 0xd5, 0x21, 0xff, 0xff, 0xff,
    0xff, 0xff, 0x11, 0x0, 0x0, 0x0, 0x0, 0x0,
    0x0, 0x0, 0x0, 0x0, 0x0, 0x0, 0x0, 0x0,
    0x9a, 0xff, 0xff, 0xff, 0xff, 0xe3, 0x2d, 0xff,
    0xff, 0xff, 0xff, 0xff, 0x4e, 0x0, 0x0, 0x0,
    0x0, 0x0, 0x0, 0x0, 0x0, 0x0, 0x0, 0x0,
    0x0, 0x0, 0xb2, 0xff, 0xff, 0xff, 0xff, 0xd4,
    0x14, 0xff, 0xff, 0xff, 0xff, 0xff, 0xc3, 0x1,
    0x0, 0x0, 0x0, 0x0, 0x0, 0x0, 0x0, 0x0,
    0x0, 0x0, 0x0, 0x14, 0xf5, 0xff, 0xff, 0xff,
    0xff, 0xaa, 0x0, 0xd4, 0xff, 0xff, 0xff, 0xff,
    0xff, 0x96, 0x4, 0x0, 0x0, 0x0, 0x0, 0x0,
    0x0, 0x0, 0x0, 0x0, 0xc, 0xba, 0xff, 0xff,
    0xff, 0xff, 0xff, 0x61, 0x0, 0x69, 0xff, 0xff,
    0xff, 0xff, 0xff, 0xff, 0xd2, 0x61, 0x16, 0x0,
    0x0, 0x0, 0x0, 0x0, 0x23, 0x70, 0xe1, 0xff,
    0xff, 0xff, 0xff, 0xff, 0xe6, 0xa, 0x0, 0x3,
    0xc8, 0xff, 0xff, 0xff, 0xff, 0xff, 0xff, 0xff,
    0xff, 0xe8, 0xd5, 0xcf, 0xd9, 0xf3, 0xff, 0xff,
    0xff, 0xff, 0xff, 0xff, 0xff, 0xff, 0x52, 0x0,
    0x0, 0x0, 0x17, 0xd8, 0xff, 0xff, 0xff, 0xff,
    0xff, 0xff, 0xff, 0xff, 0xff, 0xff, 0xff, 0xff,
    0xff, 0xff, 0xff, 0xff, 0xff, 0xff, 0xff, 0x79,
    0x0, 0x0, 0x0, 0x0, 0x0, 0x11, 0xaf, 0xff,
    0xff, 0xff, 0xff, 0xff, 0xff, 0xff, 0xff, 0xff,
    0xff, 0xff, 0xff, 0xff, 0xff, 0xff, 0xff, 0xf0,
    0x5d, 0x0, 0x0, 0x0, 0x0, 0x0, 0x0, 0x0,
    0x0, 0x48, 0xc2, 0xff, 0xff, 0xff, 0xff, 0xff,
    0xff, 0xff, 0xff, 0xff, 0xff, 0xff, 0xff, 0xf2,
    0x90, 0x19, 0x0, 0x0, 0x0, 0x0, 0x0, 0x0,
    0x0, 0x0, 0x0, 0x0, 0x0, 0x21, 0x6e, 0xa7,
    0xd0, 0xed, 0xf9, 0xfd, 0xf4, 0xe0, 0xbf, 0x8e,
    0x50, 0x8, 0x0, 0x0, 0x0, 0x0, 0x0, 0x0,

    /* U+0034 "4" */
    0x0, 0x0, 0x0, 0x0, 0x0, 0x0, 0x0, 0x0,
    0x0, 0x0, 0x0, 0x0, 0x0, 0x0, 0x0, 0x0,
    0x2, 0x88, 0xde, 0xf4, 0xb0, 0xf, 0x0, 0x0,
    0x0, 0x0, 0x0, 0x0, 0x0, 0x0, 0x0, 0x0,
    0x0, 0x0, 0x0, 0x0, 0x0, 0x0, 0x0, 0x0,
    0x0, 0x0, 0x0, 0x8d, 0xff, 0xff, 0xff, 0xff,
    0x88, 0x0, 0x0, 0x0, 0x0, 0x0, 0x0, 0x0,
    0x0, 0x0, 0x0, 0x0, 0x0, 0x0, 0x0, 0x0,
    0x0, 0x0, 0x0, 0x0, 0x0, 0x63, 0xff, 0xff,
    0xff, 0xff, 0xff, 0xb5, 0x0, 0x0, 0x0, 0x0,
    0x0, 0x0, 0x0, 0x0, 0x0, 0x0, 0x0, 0x0,
    0x0, 0x0, 0x0, 0x0, 0x0, 0x0, 0x0, 0x40,
    0xfa, 0xff, 0xff, 0xff, 0xff, 0xff, 0xb8, 0x0,
    0x0, 0x0, 0x0, 0x0, 0x0, 0x0, 0x0, 0x0,
    0x0, 0x0, 0x0, 0x0, 0x0, 0x0, 0x0, 0x0,
    0x0, 0x24, 0xed, 0xff, 0xff, 0xff, 0xff, 0xff,
    0xff, 0xb8, 0x0, 0x0, 0x0, 0x0, 0x0, 0x0,
    0x0, 0x0, 0x0, 0x0, 0x0, 0x0, 0x0, 0x0,
    0x0, 0x0, 0x0, 0x10, 0xd7, 0xff, 0xff, 0xff,
    0xff, 0xff, 0xff, 0xff, 0xb8, 0x0, 0x0, 0x0,
    0x0, 0x0, 0x0, 0x0, 0x0, 0x0, 0x0, 0x0,
    0x0, 0x0, 0x0, 0x0, 0x0, 0x4, 0xba, 0xff,
    0xff, 0xff, 0xff, 0xdc, 0xfb, 0xff, 0xff, 0xb8,
    0x0, 0x0, 0x0, 0x0, 0x0, 0x0, 0x0, 0x0,
    0x0, 0x0, 0x0, 0x0, 0x0, 0x0, 0x0, 0x0,
    0x95, 0xff, 0xff, 0xff, 0xff, 0xeb, 0x86, 0xff,
    0xff, 0xff, 0xb8, 0x0, 0x0, 0x0, 0x0, 0x0,
    0x0, 0x0, 0x0, 0x0, 0x0, 0x0, 0x0, 0x0,
    0x0, 0x0, 0x6d, 0xff, 0xff, 0xff, 0xff, 0xfa,
    0x6b, 0xf7, 0xff, 0xff, 0xff, 0xb8, 0x0, 0x0,
    0x0, 0x0, 0x0, 0x0, 0x0, 0x0, 0x0, 0x0,
    0x0, 0x0, 0x0, 0x0, 0x47, 0xfc, 0xff, 0xff,
    0xff, 0xff, 0x65, 0x68, 0xff, 0xff, 0xff, 0xff,
    0xb8, 0x0, 0x0, 0x0, 0x0, 0x0, 0x0, 0x0,
    0x0, 0x0, 0x0, 0x0, 0x0, 0x0, 0x29, 0xf0,
    0xff, 0xff, 0xff, 0xff, 0x92, 0x0, 0x68, 0xff,
    0xff, 0xff, 0xff, 0xb8, 0x0, 0x0, 0x0, 0x0,
    0x0, 0x0, 0x0, 0x0, 0x0, 0x0, 0x0, 0x0,
    0x13, 0xdd, 0xff, 0xff, 0xff, 0xff, 0xba, 0x3,
    0x0, 0x68, 0xff, 0xff, 0xff, 0xff, 0xb8, 0x0,
    0x0, 0x0, 0x0, 0x0, 0x0, 0x0, 0x0, 0x0,
    0x0, 0x0, 0x6, 0xc1, 0xff, 0xff, 0xff, 0xff,
    0xda, 0x10, 0x0, 0x0, 0x68, 0xff, 0xff, 0xff,
    0xff, 0xb8, 0x0, 0x0, 0x0, 0x0, 0x0, 0x0,
    0x0, 0x0, 0x0, 0x0, 0x0, 0x9e, 0xff, 0xff,
    0xff, 0xff, 0xef, 0x27, 0x0, 0x0, 0x0, 0x68,
    0xff, 0xff, 0xff, 0xff, 0xb8, 0x0, 0x0, 0x0,
    0x0, 0x0, 0x0, 0x0, 0x0, 0x0, 0x0, 0x76,
    0xff, 0xff, 0xff, 0xff, 0xfc, 0x47, 0x0, 0x0,
    0x0, 0x0, 0x68, 0xff, 0xff, 0xff, 0xff, 0xb8,
    0x0, 0x0, 0x0, 0x0, 0x0, 0x0, 0x0, 0x0,
    0x0, 0x4f, 0xfd, 0xff, 0xff, 0xff, 0xff, 0x70,
    0x0, 0x0, 0x0, 0x0, 0x0, 0x68, 0xff, 0xff,
    0xff, 0xff, 0xb8, 0x0, 0x0, 0x0, 0x0, 0x0,
    0x0, 0x0, 0x0, 0x2f, 0xf4, 0xff, 0xff, 0xff,
    0xff, 0x9d, 0x0, 0x0, 0x0, 0x0, 0x0, 0x0,
    0x68, 0xff, 0xff, 0xff, 0xff, 0xb8, 0x0, 0x0,
    0x0, 0x0, 0x0, 0x0, 0x0, 0x18, 0xe2, 0xff,
    0xff, 0xff, 0xff, 0xc2, 0x6, 0x0, 0x0, 0x0,
    0x0, 0x0, 0x0, 0x68, 0xff, 0xff, 0xff, 0xff,
    0xb8, 0x0, 0x0, 0x0, 0x0, 0x0, 0x0, 0x8,
    0xc8, 0xff, 0xff, 0xff, 0xff, 0xe0, 0x15, 0x0,
    0x0, 0x0, 0x0, 0x0, 0x0, 0x0, 0x68, 0xff,
    0xff, 0xff, 0xff, 0xb8, 0x0, 0x0, 0x0, 0x0,
    0x0, 0x0, 0xa7, 0xff, 0xff, 0xff, 0xff, 0xff,
    0xff, 0xff, 0xff, 0xff, 0xff, 0xff, 0xff, 0xff,
    0xff, 0xff, 0xff, 0xff, 0xff, 0xff, 0xff, 0xff,
    0xff, 0xff, 0xff, 0xe9, 0x59, 0xff, 0xff, 0xff,
    0xff, 0xff, 0xff, 0xff, 0xff, 0xff, 0xff, 0xff,
    0xff, 0xff, 0xff, 0xff, 0xff, 0xff, 0xff, 0xff,
    0xff, 0xff, 0xff, 0xff, 0xff, 0xff, 0xd2, 0x9c,
    0xff, 0xff, 0xff, 0xff, 0xff, 0xff, 0xff, 0xff,
    0xff, 0xff, 0xff, 0xff, 0xff, 0xff, 0xff, 0xff,
    0xff, 0xff, 0xff, 0xff, 0xff, 0xff, 0xff, 0xff,
    0xff, 0x97, 0x6c, 0xff, 0xff, 0xff, 0xff, 0xff,
    0xff, 0xff, 0xff, 0xff, 0xff, 0xff, 0xff, 0xff,
    0xff, 0xff, 0xff, 0xff, 0xff, 0xff, 0xff, 0xff,
    0xff, 0xff, 0xff, 0xf1, 0x24, 0x3, 0x6c, 0xab,
    0xb4, 0xb4, 0xb4, 0xb4, 0xb4, 0xb4, 0xb4, 0xb4,
    0xb4, 0xb4, 0xb4, 0xb4, 0xb4, 0xea, 0xff, 0xff,
    0xff, 0xff, 0xea, 0xb4, 0xb0, 0x8e, 0x25, 0x0,
    0x0, 0x0, 0x0, 0x0, 0x0, 0x0, 0x0, 0x0,
    0x0, 0x0, 0x0, 0x0, 0x0, 0x0, 0x0, 0x0,
    0xb8, 0xff, 0xff, 0xff, 0xff, 0xb8, 0x0, 0x0,
    0x0, 0x0, 0x0, 0x0, 0x0, 0x0, 0x0, 0x0,
    0x0, 0x0, 0x0, 0x0, 0x0, 0x0, 0x0, 0x0,
    0x0, 0x0, 0x0, 0xb8, 0xff, 0xff, 0xff, 0xff,
    0xb8, 0x0, 0x0, 0x0, 0x0, 0x0, 0x0, 0x0,
    0x0, 0x0, 0x0, 0x0, 0x0, 0x0, 0x0, 0x0,
    0x0, 0x0, 0x0, 0x0, 0x0, 0x0, 0xb8, 0xff,
    0xff, 0xff, 0xff, 0xb8, 0x0, 0x0, 0x0, 0x0,
    0x0, 0x0, 0x0, 0x0, 0x0, 0x0, 0x0, 0x0,
    0x0, 0x0, 0x0, 0x0, 0x0, 0x0, 0x0, 0x0,
    0x0, 0xb8, 0xff, 0xff, 0xff, 0xff, 0xb8, 0x0,
    0x0, 0x0, 0x0, 0x0, 0x0, 0x0, 0x0, 0x0,
    0x0, 0x0, 0x0, 0x0, 0x0, 0x0, 0x0, 0x0,
    0x0, 0x0, 0x0, 0x0, 0xb8, 0xff, 0xff, 0xff,
    0xff, 0xb2, 0x0, 0x0, 0x0, 0x0, 0x0, 0x0,
    0x0, 0x0, 0x0, 0x0, 0x0, 0x0, 0x0, 0x0,
    0x0, 0x0, 0x0, 0x0, 0x0, 0x0, 0x0, 0xb8,
    0xff, 0xff, 0xff, 0xff, 0x88, 0x0, 0x0, 0x0,
    0x0, 0x0, 0x0, 0x0, 0x0, 0x0, 0x0, 0x0,
    0x0, 0x0, 0x0, 0x0, 0x0, 0x0, 0x0, 0x0,
    0x0, 0x0, 0xb8, 0xff, 0xff, 0xff, 0xe5, 0x19,
    0x0, 0x0, 0x0, 0x0, 0x0, 0x0, 0x0, 0x0,
    0x0, 0x0, 0x0, 0x0, 0x0, 0x0, 0x0, 0x0,
    0x0, 0x0, 0x0, 0x0, 0x0, 0xb5, 0xf0, 0xcd,
    0x86, 0x16, 0x0, 0x0, 0x0, 0x0, 0x0, 0x0,

    /* U+0035 "5" */
    0x0, 0x0, 0x0, 0x0, 0x71, 0xe3, 0xfe, 0xff,
    0xff, 0xff, 0xff, 0xff, 0xff, 0xff, 0xff, 0xff,
    0xff, 0xff, 0xff, 0xff, 0xff, 0xff, 0xff, 0xf0,
    0x0, 0x0, 0x0, 0x0, 0x0, 0x34, 0xff, 0xff,
    0xff, 0xff, 0xff, 0xff, 0xff, 0xff, 0xff, 0xff,
    0xff, 0xff, 0xff, 0xff, 0xff, 0xff, 0xff, 0xff,
    0xff, 0xd3, 0x0, 0x0, 0x0, 0x0, 0x0, 0x72,
    0xff, 0xff, 0xff, 0xff, 0xff, 0xff, 0xff, 0xff,
    0xff, 0xff, 0xff, 0xff, 0xff, 0xff, 0xff, 0xff,
    0xff, 0xff, 0xff, 0x8c, 0x0, 0x0, 0x0, 0x0,
    0x0, 0x9a, 0xff, 0xff, 0xff, 0xff, 0xff, 0xff,
    0xff, 0xff, 0xff, 0xff, 0xff, 0xff, 0xff, 0xff,
    0xff, 0xff, 0xff, 0xff, 0xdd, 0x14, 0x0, 0x0,
    0x0, 0x0, 0x0, 0xc3, 0xff, 0xff, 0xff, 0xed,
    0xa8, 0xa8, 0xa8, 0xa8, 0xa8, 0xa8, 0xa8, 0xa8,
    0xa8, 0xa8, 0xa8, 0xa8, 0xa0, 0x71, 0xf, 0x0,
    0x0, 0x0, 0x0, 0x0, 0x0, 0xec, 0xff, 0xff,
    0xff, 0xaf, 0x0, 0x0, 0x0, 0x0, 0x0, 0x0,
    0x0, 0x0, 0x0, 0x0, 0x0, 0x0, 0x0, 0x0,
    0x0, 0x0, 0x0, 0x0, 0x0, 0x0, 0x15, 0xff,
    0xff, 0xff, 0xff, 0x89, 0x0, 0x0, 0x0, 0x0,
    0x0, 0x0, 0x0, 0x0, 0x0, 0x0, 0x0, 0x0,
    0x0, 0x0, 0x0, 0x0, 0x0, 0x0, 0x0, 0x0,
    0x3d, 0xff, 0xff, 0xff, 0xff, 0x63, 0x0, 0x0,
    0x0, 0x0, 0x0, 0x0, 0x0, 0x0, 0x0, 0x0,
    0x0, 0x0, 0x0, 0x0, 0x0, 0x0, 0x0, 0x0,
    0x0, 0x0, 0x66, 0xff, 0xff, 0xff, 0xff, 0x3d,
    0x0, 0x0, 0x0, 0x0, 0x0, 0x0, 0x0, 0x0,
    0x0, 0x0, 0x0, 0x0, 0x0, 0x0, 0x0, 0x0,
    0x0, 0x0, 0x0, 0x0, 0x8f, 0xff, 0xff, 0xff,
    0xff, 0x16, 0x0, 0x24, 0x6d, 0xb1, 0xd9, 0xf1,
    0xf7, 0xe4, 0xcc, 0x93, 0x51, 0x5, 0x0, 0x0,
    0x0, 0x0, 0x0, 0x0, 0x0, 0x0, 0xb7, 0xff,
    0xff, 0xff, 0xaa, 0x45, 0xb8, 0xff, 0xff, 0xff,
    0xff, 0xff, 0xff, 0xff, 0xff, 0xff, 0xff, 0xe0,
    0x65, 0x0, 0x0, 0x0, 0x0, 0x0, 0x0, 0x0,
    0xe0, 0xff, 0xff, 0xa2, 0xaa, 0xff, 0xff, 0xff,
    0xff, 0xff, 0xff, 0xff, 0xff, 0xff, 0xff, 0xff,
    0xff, 0xff, 0xff, 0xac, 0xc, 0x0, 0x0, 0x0,
    0x0, 0xa, 0xfe, 0xff, 0xff, 0xfe, 0xff, 0xff,
    0xff, 0xff, 0xff, 0xff, 0xff, 0xff, 0xff, 0xff,
    0xff, 0xff, 0xff, 0xff, 0xff, 0xff, 0xbf, 0x4,
    0x0, 0x0, 0x0, 0x30, 0xff, 0xff, 0xff, 0xff,
    0xff, 0xff, 0xff, 0xfe, 0xd2, 0xa9, 0x97, 0x9b,
    0xb0, 0xe4, 0xff, 0xff, 0xff, 0xff, 0xff, 0xff,
    0xff, 0x8e, 0x0, 0x0, 0x0, 0x24, 0xff, 0xff,
    0xff, 0xff, 0xff, 0xea, 0x78, 0x13, 0x0, 0x0,
    0x0, 0x0, 0x0, 0x0, 0x3a, 0xbd, 0xff, 0xff,
    0xff, 0xff, 0xff, 0xfb, 0x23, 0x0, 0x0, 0x0,
    0x98, 0xff, 0xff, 0xff, 0xad, 0x16, 0x0, 0x0,
    0x0, 0x0, 0x0, 0x0, 0x0, 0x0, 0x0, 0x1,
    0x93, 0xff, 0xff, 0xff, 0xff, 0xff, 0x98, 0x0,
    0x0, 0x0, 0x0, 0x37, 0x5d, 0x30, 0x0, 0x0,
    0x0, 0x0, 0x0, 0x0, 0x0, 0x0, 0x0, 0x0,
    0x0, 0x0, 0x2, 0xc8, 0xff, 0xff, 0xff, 0xff,
    0xe5, 0x0, 0x0, 0x0, 0x0, 0x0, 0x0, 0x0,
    0x0, 0x0, 0x0, 0x0, 0x0, 0x0, 0x0, 0x0,
    0x0, 0x0, 0x0, 0x0, 0x0, 0x4f, 0xff, 0xff,
    0xff, 0xff, 0xff, 0x27, 0x0, 0x0, 0x0, 0x0,
    0x0, 0x0, 0x0, 0x0, 0x0, 0x0, 0x0, 0x0,
    0x0, 0x0, 0x0, 0x0, 0x0, 0x0, 0x0, 0xc,
    0xfc, 0xff, 0xff, 0xff, 0xff, 0x49, 0x0, 0x0,
    0x0, 0x0, 0x0, 0x0, 0x0, 0x0, 0x0, 0x0,
    0x0, 0x0, 0x0, 0x0, 0x0, 0x0, 0x0, 0x0,
    0x0, 0x0, 0xe8, 0xff, 0xff, 0xff, 0xff, 0x5d,
    0x0, 0x2, 0x62, 0xb6, 0xd7, 0xc9, 0x0, 0x0,
    0x0, 0x0, 0x0, 0x0, 0x0, 0x0, 0x0, 0x0,
    0x0, 0x0, 0x0, 0x0, 0xde, 0xff, 0xff, 0xff,
    0xff, 0x67, 0x0, 0x95, 0xff, 0xff, 0xff, 0xd3,
    0x0, 0x0, 0x0, 0x0, 0x0, 0x0, 0x0, 0x0,
    0x0, 0x0, 0x0, 0x0, 0x0, 0x0, 0xf1, 0xff,
    0xff, 0xff, 0xff, 0x59, 0xf, 0xfc, 0xff, 0xff,
    0xff, 0xdc, 0x0, 0x0, 0x0, 0x0, 0x0, 0x0,
    0x0, 0x0, 0x0, 0x0, 0x0, 0x0, 0x0, 0x23,
    0xff, 0xff, 0xff, 0xff, 0xff, 0x3b, 0x2e, 0xff,
    0xff, 0xff, 0xff, 0xfc, 0x15, 0x0, 0x0, 0x0,
    0x0, 0x0, 0x0, 0x0, 0x0, 0x0, 0x0, 0x0,
    0x0, 0x78, 0xff, 0xff, 0xff, 0xff, 0xfd, 0xf,
    0x21, 0xff, 0xff, 0xff, 0xff, 0xff, 0x87, 0x0,
    0x0, 0x0, 0x0, 0x0, 0x0, 0x0, 0x0, 0x0,
    0x0, 0x0, 0x1a, 0xec, 0xff, 0xff, 0xff, 0xff,
    0xc1, 0x0, 0x1, 0xe8, 0xff, 0xff, 0xff, 0xff,
    0xfd, 0x65, 0x0, 0x0, 0x0, 0x0, 0x0, 0x0,
    0x0, 0x0, 0x0, 0x1c, 0xce, 0xff, 0xff, 0xff,
    0xff, 0xff, 0x5f, 0x0, 0x0, 0x84, 0xff, 0xff,
    0xff, 0xff, 0xff, 0xff, 0xba, 0x4e, 0xc, 0x0,
    0x0, 0x0, 0x0, 0x21, 0x7b, 0xec, 0xff, 0xff,
    0xff, 0xff, 0xff, 0xda, 0x5, 0x0, 0x0, 0xc,
    0xda, 0xff, 0xff, 0xff, 0xff, 0xff, 0xff, 0xff,
    0xfe, 0xe2, 0xd2, 0xd5, 0xeb, 0xff, 0xff, 0xff,
    0xff, 0xff, 0xff, 0xff, 0xfc, 0x3c, 0x0, 0x0,
    0x0, 0x0, 0x23, 0xe3, 0xff, 0xff, 0xff, 0xff,
    0xff, 0xff, 0xff, 0xff, 0xff, 0xff, 0xff, 0xff,
    0xff, 0xff, 0xff, 0xff, 0xff, 0xfe, 0x62, 0x0,
    0x0, 0x0, 0x0, 0x0, 0x0, 0x18, 0xb9, 0xff,
    0xff, 0xff, 0xff, 0xff, 0xff, 0xff, 0xff, 0xff,
    0xff, 0xff, 0xff, 0xff, 0xff, 0xff, 0xf0, 0x50,
    0x0, 0x0, 0x0, 0x0, 0x0, 0x0, 0x0, 0x0,
    0x0, 0x4f, 0xc6, 0xff, 0xff, 0xff, 0xff, 0xff,
    0xff, 0xff, 0xff, 0xff, 0xff, 0xff, 0xf7, 0x9a,
    0x18, 0x0, 0x0, 0x0, 0x0, 0x0, 0x0, 0x0,
    0x0, 0x0, 0x0, 0x0, 0x0, 0x26, 0x73, 0xac,
    0xd4, 0xf0, 0xfb, 0xfa, 0xed, 0xcf, 0xa3, 0x60,
    0x13, 0x0, 0x0, 0x0, 0x0, 0x0, 0x0, 0x0,

    /* U+0036 "6" */
    0x0, 0x0, 0x0, 0x0, 0x0, 0x0, 0x0, 0x0,
    0x0, 0x0, 0x0, 0x0, 0x0, 0x4, 0x86, 0xe8,
    0xf7, 0xcc, 0x5f, 0x0, 0x0, 0x0, 0x0, 0x0,
    0x0, 0x0, 0x0, 0x0, 0x0, 0x0, 0x0, 0x0,
    0x0, 0x0, 0x0, 0x0, 0x0, 0x0, 0x0, 0x3,
    0xad, 0xff, 0xff, 0xff, 0xff, 0xff, 0x81, 0x0,
    0x0, 0x0, 0x0, 0x0, 0x0, 0x0, 0x0, 0x0,
    0x0, 0x0, 0x0, 0x0, 0x0, 0x0, 0x0, 0x0,
    0x0, 0x0, 0x9d, 0xff, 0xff, 0xff, 0xff, 0xff,
    0xe8, 0x24, 0x0, 0x0, 0x0, 0x0, 0x0, 0x0,
    0x0, 0x0, 0x0, 0x0, 0x0, 0x0, 0x0, 0x0,
    0x0, 0x0, 0x0, 0x0, 0x89, 0xff, 0xff, 0xff,
    0xff, 0xff, 0xf1, 0x30, 0x0, 0x0, 0x0, 0x0,
    0x0, 0x0, 0x0, 0x0, 0x0, 0x0, 0x0, 0x0,
    0x0, 0x0, 0x0, 0x0, 0x0, 0x0, 0x74, 0xff,
    0xff, 0xff, 0xff, 0xff, 0xf7, 0x3f, 0x0, 0x0,
    0x0, 0x0, 0x0, 0x0, 0x0, 0x0, 0x0, 0x0,
    0x0, 0x0, 0x0, 0x0, 0x0, 0x0, 0x0, 0x0,
    0x60, 0xfe, 0xff, 0xff, 0xff, 0xff, 0xfc, 0x4f,
    0x0, 0x0, 0x0, 0x0, 0x0, 0x0, 0x0, 0x0,
    0x0, 0x0, 0x0, 0x0, 0x0, 0x0, 0x0, 0x0,
    0x0, 0x0, 0x4e, 0xfb, 0xff, 0xff, 0xff, 0xff,
    0xff, 0x62, 0x0, 0x0, 0x0, 0x0, 0x0, 0x0,
    0x0, 0x0, 0x0, 0x0, 0x0, 0x0, 0x0, 0x0,
    0x0, 0x0, 0x0, 0x0, 0x3d, 0xf7, 0xff, 0xff,
    0xff, 0xff, 0xff, 0x76, 0x0, 0x0, 0x0, 0x0,
    0x0, 0x0, 0x0, 0x0, 0x0, 0x0, 0x0, 0x0,
    0x0, 0x0, 0x0, 0x0, 0x0, 0x0, 0x2f, 0xf0,
    0xff, 0xff, 0xff, 0xff, 0xd5, 0x70, 0x0, 0x0,
    0x0, 0x0, 0x0, 0x0, 0x0, 0x0, 0x0, 0x0,
    0x0, 0x0, 0x0, 0x0, 0x0, 0x0, 0x0, 0x0,
    0x23, 0xe7, 0xff, 0xff, 0xff, 0xff, 0x82, 0x8c,
    0xc8, 0xf0, 0xfb, 0xed, 0xc9, 0x92, 0x3e, 0x0,
    0x0, 0x0, 0x0, 0x0, 0x0, 0x0, 0x0, 0x0,
    0x0, 0x0, 0x18, 0xdd, 0xff, 0xff, 0xff, 0xff,
    0xff, 0xff, 0xff, 0xff, 0xff, 0xff, 0xff, 0xff,
    0xff, 0xff, 0xca, 0x3c, 0x0, 0x0, 0x0, 0x0,
    0x0, 0x0, 0x0, 0x0, 0x6, 0xc9, 0xff, 0xff,
    0xff, 0xff, 0xff, 0xff, 0xff, 0xff, 0xff, 0xff,
    0xff, 0xff, 0xff, 0xff, 0xff, 0xff, 0xfe, 0x84,
    0x1, 0x0, 0x0, 0x0, 0x0, 0x0, 0x0, 0x99,
    0xff, 0xff, 0xff, 0xff, 0xff, 0xff, 0xff, 0xef,
    0xc1, 0xae, 0xc0, 0xe0, 0xff, 0xff, 0xff, 0xff,
    0xff, 0xff, 0xff, 0x97, 0x0, 0x0, 0x0, 0x0,
    0x0, 0x43, 0xff, 0xff, 0xff, 0xff, 0xff, 0xff,
    0xc7, 0x46, 0x3, 0x0, 0x0, 0x0, 0x0, 0x30,
    0x9a, 0xfe, 0xff, 0xff, 0xff, 0xff, 0xff, 0x6b,
    0x0, 0x0, 0x0, 0x0, 0xc9, 0xff, 0xff, 0xff,
    0xff, 0xff, 0x8b, 0x2, 0x0, 0x0, 0x0, 0x0,
    0x0, 0x0, 0x0, 0x0, 0x46, 0xee, 0xff, 0xff,
    0xff, 0xff, 0xf5, 0x1c, 0x0, 0x0, 0x44, 0xff,
    0xff, 0xff, 0xff, 0xff, 0x9c, 0x0, 0x0, 0x0,
    0x0, 0x0, 0x0, 0x0, 0x0, 0x0, 0x0, 0x0,
    0x49, 0xfe, 0xff, 0xff, 0xff, 0xff, 0x92, 0x0,
    0x0, 0x97, 0xff, 0xff, 0xff, 0xff, 0xec, 0xe,
    0x0, 0x0, 0x0, 0x0, 0x0, 0x0, 0x0, 0x0,
    0x0, 0x0, 0x0, 0x0, 0x9f, 0xff, 0xff, 0xff,
    0xff, 0xed, 0x5, 0x0, 0xe4, 0xff, 0xff, 0xff,
    0xff, 0x8e, 0x0, 0x0, 0x0, 0x0, 0x0, 0x0,
    0x0, 0x0, 0x0, 0x0, 0x0, 0x0, 0x0, 0x34,
    0xff, 0xff, 0xff, 0xff, 0xff, 0x37, 0xb, 0xff,
    0xff, 0xff, 0xff, 0xff, 0x4d, 0x0, 0x0, 0x0,
    0x0, 0x0, 0x0, 0x0, 0x0, 0x0, 0x0, 0x0,
    0x0, 0x0, 0x0, 0xf2, 0xff, 0xff, 0xff, 0xff,
    0x64, 0x26, 0xff, 0xff, 0xff, 0xff, 0xff, 0x32,
    0x0, 0x0, 0x0, 0x0, 0x0, 0x0, 0x0, 0x0,
    0x0, 0x0, 0x0, 0x0, 0x0, 0x0, 0xd3, 0xff,
    0xff, 0xff, 0xff, 0x78, 0x2d, 0xff, 0xff, 0xff,
    0xff, 0xff, 0x37, 0x0, 0x0, 0x0, 0x0, 0x0,
    0x0, 0x0, 0x0, 0x0, 0x0, 0x0, 0x0, 0x0,
    0x0, 0xd4, 0xff, 0xff, 0xff, 0xff, 0x77, 0x1c,
    0xff, 0xff, 0xff, 0xff, 0xff, 0x56, 0x0, 0x0,
    0x0, 0x0, 0x0, 0x0, 0x0, 0x0, 0x0, 0x0,
    0x0, 0x0, 0x0, 0x0, 0xf3, 0xff, 0xff, 0xff,
    0xff, 0x66, 0x1, 0xf2, 0xff, 0xff, 0xff, 0xff,
    0x9c, 0x0, 0x0, 0x0, 0x0, 0x0, 0x0, 0x0,
    0x0, 0x0, 0x0, 0x0, 0x0, 0x0, 0x39, 0xff,
    0xff, 0xff, 0xff, 0xff, 0x3c, 0x0, 0xbb, 0xff,
    0xff, 0xff, 0xff, 0xf4, 0x11, 0x0, 0x0, 0x0,
    0x0, 0x0, 0x0, 0x0, 0x0, 0x0, 0x0, 0x0,
    0x0, 0xa3, 0xff, 0xff, 0xff, 0xff, 0xf6, 0xb,
    0x0, 0x67, 0xff, 0xff, 0xff, 0xff, 0xff, 0xaf,
    0x0, 0x0, 0x0, 0x0, 0x0, 0x0, 0x0, 0x0,
    0x0, 0x0, 0x0, 0x4f, 0xfe, 0xff, 0xff, 0xff,
    0xff, 0xaa, 0x0, 0x0, 0xb, 0xea, 0xff, 0xff,
    0xff, 0xff, 0xff, 0x97, 0x7, 0x0, 0x0, 0x0,
    0x0, 0x0, 0x0, 0x0, 0x0, 0x4d, 0xf1, 0xff,
    0xff, 0xff, 0xff, 0xff, 0x35, 0x0, 0x0, 0x0,
    0x66, 0xff, 0xff, 0xff, 0xff, 0xff, 0xff, 0xd1,
    0x5b, 0x9, 0x0, 0x0, 0x0, 0x0, 0x39, 0xa2,
    0xff, 0xff, 0xff, 0xff, 0xff, 0xff, 0xa1, 0x0,
    0x0, 0x0, 0x0, 0x0, 0xaf, 0xff, 0xff, 0xff,
    0xff, 0xff, 0xff, 0xff, 0xf6, 0xd5, 0xbb, 0xcb,
    0xea, 0xff, 0xff, 0xff, 0xff, 0xff, 0xff, 0xff,
    0xd8, 0xe, 0x0, 0x0, 0x0, 0x0, 0x0, 0x8,
    0xbc, 0xff, 0xff, 0xff, 0xff, 0xff, 0xff, 0xff,
    0xff, 0xff, 0xff, 0xff, 0xff, 0xff, 0xff, 0xff,
    0xff, 0xff, 0xdd, 0x1d, 0x0, 0x0, 0x0, 0x0,
    0x0, 0x0, 0x0, 0x5, 0x90, 0xfd, 0xff, 0xff,
    0xff, 0xff, 0xff, 0xff, 0xff, 0xff, 0xff, 0xff,
    0xff, 0xff, 0xff, 0xff, 0xb6, 0x13, 0x0, 0x0,
    0x0, 0x0, 0x0, 0x0, 0x0, 0x0, 0x0, 0x0,
    0x36, 0xb8, 0xfe, 0xff, 0xff, 0xff, 0xff, 0xff,
    0xff, 0xff, 0xff, 0xff, 0xff, 0xd0, 0x54, 0x0,
    0x0, 0x0, 0x0, 0x0, 0x0, 0x0, 0x0, 0x0,
    0x0, 0x0, 0x0, 0x0, 0x0, 0x24, 0x72, 0xaf,
    0xd9, 0xf1, 0xfc, 0xf5, 0xe3, 0xbb, 0x84, 0x37,
    0x0, 0x0, 0x0, 0x0, 0x0, 0x0, 0x0, 0x0,

    /* U+0037 "7" */
    0xa1, 0xff, 0xff, 0xff, 0xff, 0xff, 0xff, 0xff,
    0xff, 0xff, 0xff, 0xff, 0xff, 0xff, 0xff, 0xff,
    0xff, 0xff, 0xff, 0xff, 0xff, 0xff, 0xf7, 0xbe,
    0x21, 0x82, 0xff, 0xff, 0xff, 0xff, 0xff, 0xff,
    0xff, 0xff, 0xff, 0xff, 0xff, 0xff, 0xff, 0xff,
    0xff, 0xff, 0xff, 0xff, 0xff, 0xff, 0xff, 0xff,
    0xff, 0xbb, 0x36, 0xff, 0xff, 0xff, 0xff, 0xff,
    0xff, 0xff, 0xff, 0xff, 0xff, 0xff, 0xff, 0xff,
    0xff, 0xff, 0xff, 0xff, 0xff, 0xff, 0xff, 0xff,
    0xff, 0xff, 0xe1, 0x0, 0x99, 0xff, 0xff, 0xff,
    0xff, 0xff, 0xff, 0xff, 0xff, 0xff, 0xff, 0xff,
    0xff, 0xff, 0xff, 0xff, 0xff, 0xff, 0xff, 0xff,
    0xff, 0xff, 0xff, 0x9e, 0x0, 0x1, 0x55, 0x9f,
    0xaf, 0xb0, 0xb0, 0xb0, 0xb0, 0xb0, 0xb0, 0xb0,
    0xb0, 0xb0, 0xb0, 0xb0, 0xb0, 0xb0, 0xf1, 0xff,
    0xff, 0xff, 0xff, 0xfc, 0x27, 0x0, 0x0, 0x0,
    0x0, 0x0, 0x0, 0x0, 0x0, 0x0, 0x0, 0x0,
    0x0, 0x0, 0x0, 0x0, 0x0, 0x0, 0x27, 0xfc,
    0xff, 0xff, 0xff, 0xff, 0xa4, 0x0, 0x0, 0x0,
    0x0, 0x0, 0x0, 0x0, 0x0, 0x0, 0x0, 0x0,
    0x0, 0x0, 0x0, 0x0, 0x0, 0x0, 0x0, 0xa5,
    0xff, 0xff, 0xff, 0xff, 0xfd, 0x27, 0x0, 0x0,
    0x0, 0x0, 0x0, 0x0, 0x0, 0x0, 0x0, 0x0,
    0x0, 0x0, 0x0, 0x0, 0x0, 0x0, 0x0, 0x27,
    0xfc, 0xff, 0xff, 0xff, 0xff, 0xa5, 0x0, 0x0,
    0x0, 0x0, 0x0, 0x0, 0x0, 0x0, 0x0, 0x0,
    0x0, 0x0, 0x0, 0x0, 0x0, 0x0, 0x0, 0x0,
    0xa5, 0xff, 0xff, 0xff, 0xff, 0xfd, 0x28, 0x0,
    0x0, 0x0, 0x0, 0x0, 0x0, 0x0, 0x0, 0x0,
    0x0, 0x0, 0x0, 0x0, 0x0, 0x0, 0x0, 0x0,
    0x27, 0xfc, 0xff, 0xff, 0xff, 0xff, 0xa5, 0x0,
    0x0, 0x0, 0x0, 0x0, 0x0, 0x0, 0x0, 0x0,
    0x0, 0x0, 0x0, 0x0, 0x0, 0x0, 0x0, 0x0,
    0x0, 0xa5, 0xff, 0xff, 0xff, 0xff, 0xfd, 0x28,
    0x0, 0x0, 0x0, 0x0, 0x0, 0x0, 0x0, 0x0,
    0x0, 0x0, 0x0, 0x0, 0x0, 0x0, 0x0, 0x0,
    0x0, 0x27, 0xfc, 0xff, 0xff, 0xff, 0xff, 0xa6,
    0x0, 0x0, 0x0, 0x0, 0x0, 0x0, 0x0, 0x0,
    0x0, 0x0, 0x0, 0x0, 0x0, 0x0, 0x0, 0x0,
    0x0, 0x0, 0xa5, 0xff, 0xff, 0xff, 0xff, 0xfd,
    0x29, 0x0, 0x0, 0x0, 0x0, 0x0, 0x0, 0x0,
    0x0, 0x0, 0x0, 0x0, 0x0, 0x0, 0x0, 0x0,
    0x0, 0x0, 0x27, 0xfc, 0xff, 0xff, 0xff, 0xff,
    0xa6, 0x0, 0x0, 0x0, 0x0, 0x0, 0x0, 0x0,
    0x0, 0x0, 0x0, 0x0, 0x0, 0x0, 0x0, 0x0,
    0x0, 0x0, 0x0, 0xa5, 0xff, 0xff, 0xff, 0xff,
    0xfd, 0x29, 0x0, 0x0, 0x0, 0x0, 0x0, 0x0,
    0x0, 0x0, 0x0, 0x0, 0x0, 0x0, 0x0, 0x0,
    0x0, 0x0, 0x0, 0x27, 0xfc, 0xff, 0xff, 0xff,
    0xff, 0xa7, 0x0, 0x0, 0x0, 0x0, 0x0, 0x0,
    0x0, 0x0, 0x0, 0x0, 0x0, 0x0, 0x0, 0x0,
    0x0, 0x0, 0x0, 0x0, 0xa5, 0xff, 0xff, 0xff,
    0xff, 0xfd, 0x29, 0x0, 0x0, 0x0, 0x0, 0x0,
    0x0, 0x0, 0x0, 0x0, 0x0, 0x0, 0x0, 0x0,
    0x0, 0x0, 0x0, 0x0, 0x27, 0xfc, 0xff, 0xff,
    0xff, 0xff, 0xa8, 0x0, 0x0, 0x0, 0x0, 0x0,
    0x0, 0x0, 0x0, 0x0, 0x0, 0x0, 0x0, 0x0,
    0x0, 0x0, 0x0, 0x0, 0x0, 0xa5, 0xff, 0xff,
    0xff, 0xff, 0xfd, 0x2a, 0x0, 0x0, 0x0, 0x0,
    0x0, 0x0, 0x0, 0x0, 0x0, 0x0, 0x0, 0x0,
    0x0, 0x0, 0x0, 0x0, 0x0, 0x27, 0xfc, 0xff,
    0xff, 0xff, 0xff, 0xa8, 0x0, 0x0, 0x0, 0x0,
    0x0, 0x0, 0x0, 0x0, 0x0, 0x0, 0x0, 0x0,
    0x0, 0x0, 0x0, 0x0, 0x0, 0x0, 0xa5, 0xff,
    0xff, 0xff, 0xff, 0xfd, 0x2a, 0x0, 0x0, 0x0,
    0x0, 0x0, 0x0, 0x0, 0x0, 0x0, 0x0, 0x0,
    0x0, 0x0, 0x0, 0x0, 0x0, 0x0, 0x27, 0xfc,
    0xff, 0xff, 0xff, 0xff, 0xa9, 0x0, 0x0, 0x0,
    0x0, 0x0, 0x0, 0x0, 0x0, 0x0, 0x0, 0x0,
    0x0, 0x0, 0x0, 0x0, 0x0, 0x0, 0x0, 0xa5,
    0xff, 0xff, 0xff, 0xff, 0xfe, 0x2b, 0x0, 0x0,
    0x0, 0x0, 0x0, 0x0, 0x0, 0x0, 0x0, 0x0,
    0x0, 0x0, 0x0, 0x0, 0x0, 0x0, 0x0, 0x27,
    0xfc, 0xff, 0xff, 0xff, 0xff, 0xa9, 0x0, 0x0,
    0x0, 0x0, 0x0, 0x0, 0x0, 0x0, 0x0, 0x0,
    0x0, 0x0, 0x0, 0x0, 0x0, 0x0, 0x0, 0x0,
    0xa5, 0xff, 0xff, 0xff, 0xff, 0xfe, 0x2c, 0x0,
    0x0, 0x0, 0x0, 0x0, 0x0, 0x0, 0x0, 0x0,
    0x0, 0x0, 0x0, 0x0, 0x0, 0x0, 0x0, 0x0,
    0x27, 0xfc, 0xff, 0xff, 0xff, 0xff, 0xaa, 0x0,
    0x0, 0x0, 0x0, 0x0, 0x0, 0x0, 0x0, 0x0,
    0x0, 0x0, 0x0, 0x0, 0x0, 0x0, 0x0, 0x0,
    0x0, 0xa5, 0xff, 0xff, 0xff, 0xff, 0xfe, 0x2c,
    0x0, 0x0, 0x0, 0x0, 0x0, 0x0, 0x0, 0x0,
    0x0, 0x0, 0x0, 0x0, 0x0, 0x0, 0x0, 0x0,
    0x0, 0x27, 0xfc, 0xff, 0xff, 0xff, 0xff, 0xab,
    0x0, 0x0, 0x0, 0x0, 0x0, 0x0, 0x0, 0x0,
    0x0, 0x0, 0x0, 0x0, 0x0, 0x0, 0x0, 0x0,
    0x0, 0x0, 0xa5, 0xff, 0xff, 0xff, 0xff, 0xfe,
    0x2d, 0x0, 0x0, 0x0, 0x0, 0x0, 0x0, 0x0,
    0x0, 0x0, 0x0, 0x0, 0x0, 0x0, 0x0, 0x0,
    0x0, 0x0, 0x27, 0xfc, 0xff, 0xff, 0xff, 0xff,
    0xab, 0x0, 0x0, 0x0, 0x0, 0x0, 0x0, 0x0,
    0x0, 0x0, 0x0, 0x0, 0x0, 0x0, 0x0, 0x0,
    0x0, 0x0, 0x0, 0xa4, 0xff, 0xff, 0xff, 0xff,
    0xf6, 0x26, 0x0, 0x0, 0x0, 0x0, 0x0, 0x0,
    0x0, 0x0, 0x0, 0x0, 0x0, 0x0, 0x0, 0x0,
    0x0, 0x0, 0x0, 0x0, 0x3d, 0xbb, 0xf0, 0xf9,
    0xca, 0x3e, 0x0, 0x0, 0x0, 0x0, 0x0, 0x0,
    0x0, 0x0, 0x0, 0x0, 0x0, 0x0, 0x0, 0x0,

    /* U+0038 "8" */
    0x0, 0x0, 0x0, 0x0, 0x0, 0x0, 0x0, 0x3,
    0x46, 0x8b, 0xc0, 0xe2, 0xf4, 0xfd, 0xf4, 0xe2,
    0xc0, 0x8b, 0x46, 0x3, 0x0, 0x0, 0x0, 0x0,
    0x0, 0x0, 0x0, 0x0, 0x0, 0x0, 0x0, 0x0,
    0x7, 0x75, 0xe7, 0xff, 0xff, 0xff, 0xff, 0xff,
    0xff, 0xff, 0xff, 0xff, 0xff, 0xff, 0xe6, 0x76,
    0x7, 0x0, 0x0, 0x0, 0x0, 0x0, 0x0, 0x0,
    0x0, 0x0, 0x29, 0xd7, 0xff, 0xff, 0xff, 0xff,
    0xff, 0xff, 0xff, 0xff, 0xff, 0xff, 0xff, 0xff,
    0xff, 0xff, 0xff, 0xd8, 0x2a, 0x0, 0x0, 0x0,
    0x0, 0x0, 0x0, 0x0, 0x2c, 0xef, 0xff, 0xff,
    0xff, 0xff, 0xff, 0xff, 0xff, 0xff, 0xff, 0xff,
    0xff, 0xff, 0xff, 0xff, 0xff, 0xff, 0xff, 0xef,
    0x2c, 0x0, 0x0, 0x0, 0x0, 0x0, 0xa, 0xdc,
    0xff, 0xff, 0xff, 0xff, 0xff, 0xff, 0xf2, 0xc4,
    0xa8, 0x9f, 0xa8, 0xc3, 0xf1, 0xff, 0xff, 0xff,
    0xff, 0xff, 0xff, 0xdb, 0x9, 0x0, 0x0, 0x0,
    0x0, 0x75, 0xff, 0xff, 0xff, 0xff, 0xff, 0xdf,
    0x56, 0x6, 0x0, 0x0, 0x0, 0x0, 0x0, 0x5,
    0x50, 0xdb, 0xff, 0xff, 0xff, 0xff, 0xff, 0x71,
    0x0, 0x0, 0x0, 0x0, 0xd4, 0xff, 0xff, 0xff,
    0xff, 0xe2, 0x15, 0x0, 0x0, 0x0, 0x0, 0x0,
    0x0, 0x0, 0x0, 0x0, 0x12, 0xe0, 0xff, 0xff,
    0xff, 0xff, 0xce, 0x0, 0x0, 0x0, 0xa, 0xfe,
    0xff, 0xff, 0xff, 0xff, 0x6a, 0x0, 0x0, 0x0,
    0x0, 0x0, 0x0, 0x0, 0x0, 0x0, 0x0, 0x0,
    0x6c, 0xff, 0xff, 0xff, 0xff, 0xfc, 0x4, 0x0,
    0x0, 0x1b, 0xff, 0xff, 0xff, 0xff, 0xff, 0x39,
    0x0, 0x0, 0x0, 0x0, 0x0, 0x0, 0x0, 0x0,
    0x0, 0x0, 0x0, 0x3d, 0xff, 0xff, 0xff, 0xff,
    0xff, 0x12, 0x0, 0x0, 0xb, 0xfe, 0xff, 0xff,
    0xff, 0xff, 0x47, 0x0, 0x0, 0x0, 0x0, 0x0,
    0x0, 0x0, 0x0, 0x0, 0x0, 0x0, 0x4b, 0xff,
    0xff, 0xff, 0xff, 0xfc, 0x6, 0x0, 0x0, 0x0,
    0xcf, 0xff, 0xff, 0xff, 0xff, 0xa8, 0x0, 0x0,
    0x0, 0x0, 0x0, 0x0, 0x0, 0x0, 0x0, 0x0,
    0x0, 0xa5, 0xff, 0xff, 0xff, 0xff, 0xca, 0x0,
    0x0, 0x0, 0x0, 0x62, 0xff, 0xff, 0xff, 0xff,
    0xff, 0x81, 0x3, 0x0, 0x0, 0x0, 0x0, 0x0,
    0x0, 0x0, 0x1, 0x75, 0xff, 0xff, 0xff, 0xff,
    0xff, 0x61, 0x0, 0x0, 0x0, 0x0, 0x2, 0xb7,
    0xff, 0xff, 0xff, 0xff, 0xff, 0xd4, 0x6e, 0x2f,
    0xd, 0x3, 0xd, 0x2d, 0x68, 0xcc, 0xff, 0xff,
    0xff, 0xff, 0xff, 0xb8, 0x2, 0x0, 0x0, 0x0,
    0x0, 0x0, 0xb, 0xb4, 0xff, 0xff, 0xff, 0xff,
    0xff, 0xff, 0xff, 0xff, 0xff, 0xff, 0xff, 0xff,
    0xff, 0xff, 0xff, 0xff, 0xff, 0xb6, 0xc, 0x0,
    0x0, 0x0, 0x0, 0x0, 0x0, 0x0, 0x1, 0x69,
    0xef, 0xff, 0xff, 0xff, 0xff, 0xff, 0xff, 0xff,
    0xff, 0xff, 0xff, 0xff, 0xff, 0xff, 0xf0, 0x6a,
    0x1, 0x0, 0x0, 0x0, 0x0, 0x0, 0x0, 0x0,
    0x0, 0x24, 0xac, 0xfe, 0xff, 0xff, 0xff, 0xff,
    0xff, 0xff, 0xff, 0xff, 0xff, 0xff, 0xff, 0xff,
    0xff, 0xfe, 0xad, 0x23, 0x0, 0x0, 0x0, 0x0,
    0x0, 0x0, 0x0, 0x5f, 0xf7, 0xff, 0xff, 0xff,
    0xff, 0xff, 0xff, 0xff, 0xff, 0xfe, 0xff, 0xff,
    0xff, 0xff, 0xff, 0xff, 0xff, 0xff, 0xf6, 0x5d,
    0x0, 0x0, 0x0, 0x0, 0x0, 0x63, 0xff, 0xff,
    0xff, 0xff, 0xff, 0xfa, 0xa5, 0x54, 0x23, 0xa,
    0x0, 0x9, 0x21, 0x51, 0xa0, 0xf8, 0xff, 0xff,
    0xff, 0xff, 0xff, 0x5f, 0x0, 0x0, 0x0, 0x27,
    0xf8, 0xff, 0xff, 0xff, 0xff, 0xd1, 0x26, 0x0,
    0x0, 0x0, 0x0, 0x0, 0x0, 0x0, 0x0, 0x0,
    0x21, 0xcd, 0xff, 0xff, 0xff, 0xff, 0xf7, 0x24,
    0x0, 0x0, 0xa3, 0xff, 0xff, 0xff, 0xff, 0xe5,
    0x12, 0x0, 0x0, 0x0, 0x0, 0x0, 0x0, 0x0,
    0x0, 0x0, 0x0, 0x0, 0x10, 0xe3, 0xff, 0xff,
    0xff, 0xff, 0x9d, 0x0, 0x3, 0xf2, 0xff, 0xff,
    0xff, 0xff, 0x6f, 0x0, 0x0, 0x0, 0x0, 0x0,
    0x0, 0x0, 0x0, 0x0, 0x0, 0x0, 0x0, 0x0,
    0x70, 0xff, 0xff, 0xff, 0xff, 0xef, 0x1, 0x23,
    0xff, 0xff, 0xff, 0xff, 0xff, 0x2f, 0x0, 0x0,
    0x0, 0x0, 0x0, 0x0, 0x0, 0x0, 0x0, 0x0,
    0x0, 0x0, 0x0, 0x33, 0xff, 0xff, 0xff, 0xff,
    0xff, 0x1e, 0x2f, 0xff, 0xff, 0xff, 0xff, 0xff,
    0x23, 0x0, 0x0, 0x0, 0x0, 0x0, 0x0, 0x0,
    0x0, 0x0, 0x0, 0x0, 0x0, 0x0, 0x28, 0xff,
    0xff, 0xff, 0xff, 0xff, 0x2b, 0x20, 0xff, 0xff,
    0xff, 0xff, 0xff, 0x46, 0x0, 0x0, 0x0, 0x0,
    0x0, 0x0, 0x0, 0x0, 0x0, 0x0, 0x0, 0x0,
    0x0, 0x49, 0xff, 0xff, 0xff, 0xff, 0xff, 0x1b,
    0x2, 0xf2, 0xff, 0xff, 0xff, 0xff, 0xa7, 0x0,
    0x0, 0x0, 0x0, 0x0, 0x0, 0x0, 0x0, 0x0,
    0x0, 0x0, 0x0, 0x0, 0xa7, 0xff, 0xff, 0xff,
    0xff, 0xef, 0x1, 0x0, 0xac, 0xff, 0xff, 0xff,
    0xff, 0xff, 0x69, 0x0, 0x0, 0x0, 0x0, 0x0,
    0x0, 0x0, 0x0, 0x0, 0x0, 0x0, 0x63, 0xff,
    0xff, 0xff, 0xff, 0xff, 0xa8, 0x0, 0x0, 0x3e,
    0xff, 0xff, 0xff, 0xff, 0xff, 0xff, 0xb1, 0x3f,
    0x3, 0x0, 0x0, 0x0, 0x0, 0x0, 0x2, 0x3a,
    0xaa, 0xff, 0xff, 0xff, 0xff, 0xff, 0xff, 0x3b,
    0x0, 0x0, 0x0, 0xa0, 0xff, 0xff, 0xff, 0xff,
    0xff, 0xff, 0xff, 0xf3, 0xc9, 0xb3, 0xaa, 0xb3,
    0xc8, 0xf1, 0xff, 0xff, 0xff, 0xff, 0xff, 0xff,
    0xff, 0xa0, 0x0, 0x0, 0x0, 0x0, 0x8, 0xbe,
    0xff, 0xff, 0xff, 0xff, 0xff, 0xff, 0xff, 0xff,
    0xff, 0xff, 0xff, 0xff, 0xff, 0xff, 0xff, 0xff,
    0xff, 0xff, 0xff, 0xc0, 0x8, 0x0, 0x0, 0x0,
    0x0, 0x0, 0x6, 0x94, 0xfe, 0xff, 0xff, 0xff,
    0xff, 0xff, 0xff, 0xff, 0xff, 0xff, 0xff, 0xff,
    0xff, 0xff, 0xff, 0xff, 0xfe, 0x98, 0x7, 0x0,
    0x0, 0x0, 0x0, 0x0, 0x0, 0x0, 0x0, 0x37,
    0xb2, 0xfc, 0xff, 0xff, 0xff, 0xff, 0xff, 0xff,
    0xff, 0xff, 0xff, 0xff, 0xff, 0xfd, 0xb6, 0x3a,
    0x0, 0x0, 0x0, 0x0, 0x0, 0x0, 0x0, 0x0,
    0x0, 0x0, 0x0, 0x0, 0x18, 0x65, 0x9f, 0xca,
    0xe8, 0xf7, 0xfe, 0xf7, 0xe8, 0xca, 0xa0, 0x66,
    0x1a, 0x0, 0x0, 0x0, 0x0, 0x0, 0x0, 0x0,

    /* U+0039 "9" */
    0x0, 0x0, 0x0, 0x0, 0x0, 0x0, 0x0, 0x0,
    0x2a, 0x76, 0xb1, 0xda, 0xf0, 0xfc, 0xf4, 0xe4,
    0xbf, 0x8e, 0x46, 0x3, 0x0, 0x0, 0x0, 0x0,
    0x0, 0x0, 0x0, 0x0, 0x0, 0x0, 0x0, 0x0,
    0x0, 0x43, 0xc3, 0xff, 0xff, 0xff, 0xff, 0xff,
    0xff, 0xff, 0xff, 0xff, 0xff, 0xff, 0xe2, 0x6f,
    0x4, 0x0, 0x0, 0x0, 0x0, 0x0, 0x0, 0x0,
    0x0, 0x0, 0xa, 0xa3, 0xff, 0xff, 0xff, 0xff,
    0xff, 0xff, 0xff, 0xff, 0xff, 0xff, 0xff, 0xff,
    0xff, 0xff, 0xff, 0xd3, 0x27, 0x0, 0x0, 0x0,
    0x0, 0x0, 0x0, 0x0, 0xf, 0xcc, 0xff, 0xff,
    0xff, 0xff, 0xff, 0xff, 0xff, 0xff, 0xff, 0xff,
    0xff, 0xff, 0xff, 0xff, 0xff, 0xff, 0xff, 0xf1,
    0x37, 0x0, 0x0, 0x0, 0x0, 0x0, 0x2, 0xbf,
    0xff, 0xff, 0xff, 0xff, 0xff, 0xff, 0xff, 0xf2,
    0xc8, 0xb5, 0xc1, 0xe3, 0xff, 0xff, 0xff, 0xff,
    0xff, 0xff, 0xff, 0xec, 0x1f, 0x0, 0x0, 0x0,
    0x0, 0x76, 0xff, 0xff, 0xff, 0xff, 0xff, 0xff,
    0xc0, 0x44, 0x4, 0x0, 0x0, 0x0, 0x0, 0x28,
    0x9b, 0xfd, 0xff, 0xff, 0xff, 0xff, 0xff, 0xbd,
    0x0, 0x0, 0x0, 0x10, 0xf0, 0xff, 0xff, 0xff,
    0xff, 0xff, 0x7a, 0x1, 0x0, 0x0, 0x0, 0x0,
    0x0, 0x0, 0x0, 0x0, 0x46, 0xf1, 0xff, 0xff,
    0xff, 0xff, 0xff, 0x49, 0x0, 0x0, 0x6e, 0xff,
    0xff, 0xff, 0xff, 0xff, 0x89, 0x0, 0x0, 0x0,
    0x0, 0x0, 0x0, 0x0, 0x0, 0x0, 0x0, 0x0,
    0x48, 0xfd, 0xff, 0xff, 0xff, 0xff, 0xb7, 0x0,
    0x0, 0xc0, 0xff, 0xff, 0xff, 0xff, 0xe2, 0x7,
    0x0, 0x0, 0x0, 0x0, 0x0, 0x0, 0x0, 0x0,
    0x0, 0x0, 0x0, 0x0, 0xa3, 0xff, 0xff, 0xff,
    0xff, 0xfa, 0xf, 0x2, 0xf4, 0xff, 0xff, 0xff,
    0xff, 0x80, 0x0, 0x0, 0x0, 0x0, 0x0, 0x0,
    0x0, 0x0, 0x0, 0x0, 0x0, 0x0, 0x0, 0x37,
    0xff, 0xff, 0xff, 0xff, 0xff, 0x41, 0x1d, 0xff,
    0xff, 0xff, 0xff, 0xff, 0x40, 0x0, 0x0, 0x0,
    0x0, 0x0, 0x0, 0x0, 0x0, 0x0, 0x0, 0x0,
    0x0, 0x0, 0x2, 0xf4, 0xff, 0xff, 0xff, 0xff,
    0x68, 0x2d, 0xff, 0xff, 0xff, 0xff, 0xff, 0x26,
    0x0, 0x0, 0x0, 0x0, 0x0, 0x0, 0x0, 0x0,
    0x0, 0x0, 0x0, 0x0, 0x0, 0x0, 0xdb, 0xff,
    0xff, 0xff, 0xff, 0x78, 0x2d, 0xff, 0xff, 0xff,
    0xff, 0xff, 0x26, 0x0, 0x0, 0x0, 0x0, 0x0,
    0x0, 0x0, 0x0, 0x0, 0x0, 0x0, 0x0, 0x0,
    0x0, 0xdb, 0xff, 0xff, 0xff, 0xff, 0x71, 0x1c,
    0xff, 0xff, 0xff, 0xff, 0xff, 0x40, 0x0, 0x0,
    0x0, 0x0, 0x0, 0x0, 0x0, 0x0, 0x0, 0x0,
    0x0, 0x0, 0x0, 0x2, 0xf3, 0xff, 0xff, 0xff,
    0xff, 0x56, 0x1, 0xf2, 0xff, 0xff, 0xff, 0xff,
    0x7e, 0x0, 0x0, 0x0, 0x0, 0x0, 0x0, 0x0,
    0x0, 0x0, 0x0, 0x0, 0x0, 0x0, 0x35, 0xff,
    0xff, 0xff, 0xff, 0xff, 0x2c, 0x0, 0xb6, 0xff,
    0xff, 0xff, 0xff, 0xdf, 0x6, 0x0, 0x0, 0x0,
    0x0, 0x0, 0x0, 0x0, 0x0, 0x0, 0x0, 0x0,
    0x0, 0x9e, 0xff, 0xff, 0xff, 0xff, 0xdd, 0x0,
    0x0, 0x5e, 0xff, 0xff, 0xff, 0xff, 0xff, 0x81,
    0x0, 0x0, 0x0, 0x0, 0x0, 0x0, 0x0, 0x0,
    0x0, 0x0, 0x0, 0x3f, 0xfc, 0xff, 0xff, 0xff,
    0xff, 0x89, 0x0, 0x0, 0x5, 0xe0, 0xff, 0xff,
    0xff, 0xff, 0xfe, 0x6e, 0x0, 0x0, 0x0, 0x0,
    0x0, 0x0, 0x0, 0x0, 0x0, 0x3c, 0xed, 0xff,
    0xff, 0xff, 0xff, 0xf5, 0x18, 0x0, 0x0, 0x0,
    0x48, 0xff, 0xff, 0xff, 0xff, 0xff, 0xff, 0xb5,
    0x39, 0x1, 0x0, 0x0, 0x0, 0x0, 0x1f, 0x90,
    0xfa, 0xff, 0xff, 0xff, 0xff, 0xff, 0x87, 0x0,
    0x0, 0x0, 0x0, 0x0, 0x78, 0xff, 0xff, 0xff,
    0xff, 0xff, 0xff, 0xff, 0xea, 0xbe, 0xad, 0xb8,
    0xd9, 0xff, 0xff, 0xff, 0xff, 0xff, 0xff, 0xff,
    0xd1, 0xa, 0x0, 0x0, 0x0, 0x0, 0x0, 0x0,
    0x6b, 0xfa, 0xff, 0xff, 0xff, 0xff, 0xff, 0xff,
    0xff, 0xff, 0xff, 0xff, 0xff, 0xff, 0xff, 0xff,
    0xff, 0xff, 0xef, 0x23, 0x0, 0x0, 0x0, 0x0,
    0x0, 0x0, 0x0, 0x0, 0x2b, 0xb7, 0xff, 0xff,
    0xff, 0xff, 0xff, 0xff, 0xff, 0xff, 0xff, 0xff,
    0xff, 0xff, 0xff, 0xff, 0xf7, 0x3f, 0x0, 0x0,
    0x0, 0x0, 0x0, 0x0, 0x0, 0x0, 0x0, 0x0,
    0x0, 0x28, 0x7a, 0xb7, 0xe0, 0xf5, 0xfa, 0xe2,
    0xba, 0x76, 0xc2, 0xff, 0xff, 0xff, 0xfc, 0x4f,
    0x0, 0x0, 0x0, 0x0, 0x0, 0x0, 0x0, 0x0,
    0x0, 0x0, 0x0, 0x0, 0x0, 0x0, 0x0, 0x0,
    0x0, 0x0, 0x22, 0xaf, 0xf3, 0xff, 0xff, 0xff,
    0xff, 0x61, 0x0, 0x0, 0x0, 0x0, 0x0, 0x0,
    0x0, 0x0, 0x0, 0x0, 0x0, 0x0, 0x0, 0x0,
    0x0, 0x0, 0x0, 0x0, 0x1b, 0xde, 0xff, 0xff,
    0xff, 0xff, 0xff, 0x75, 0x0, 0x0, 0x0, 0x0,
    0x0, 0x0, 0x0, 0x0, 0x0, 0x0, 0x0, 0x0,
    0x0, 0x0, 0x0, 0x0, 0x0, 0x0, 0x15, 0xd7,
    0xff, 0xff, 0xff, 0xff, 0xff, 0x8a, 0x0, 0x0,
    0x0, 0x0, 0x0, 0x0, 0x0, 0x0, 0x0, 0x0,
    0x0, 0x0, 0x0, 0x0, 0x0, 0x0, 0x0, 0x0,
    0x10, 0xd0, 0xff, 0xff, 0xff, 0xff, 0xff, 0x9f,
    0x0, 0x0, 0x0, 0x0, 0x0, 0x0, 0x0, 0x0,
    0x0, 0x0, 0x0, 0x0, 0x0, 0x0, 0x0, 0x0,
    0x0, 0x0, 0xc, 0xc7, 0xff, 0xff, 0xff, 0xff,
    0xff, 0xb1, 0x3, 0x0, 0x0, 0x0, 0x0, 0x0,
    0x0, 0x0, 0x0, 0x0, 0x0, 0x0, 0x0, 0x0,
    0x0, 0x0, 0x0, 0x0, 0x8, 0xbe, 0xff, 0xff,
    0xff, 0xff, 0xff, 0xc1, 0x8, 0x0, 0x0, 0x0,
    0x0, 0x0, 0x0, 0x0, 0x0, 0x0, 0x0, 0x0,
    0x0, 0x0, 0x0, 0x0, 0x0, 0x0, 0x5, 0xb4,
    0xff, 0xff, 0xff, 0xff, 0xff, 0xcf, 0xf, 0x0,
    0x0, 0x0, 0x0, 0x0, 0x0, 0x0, 0x0, 0x0,
    0x0, 0x0, 0x0, 0x0, 0x0, 0x0, 0x0, 0x0,
    0x0, 0x3a, 0xf9, 0xff, 0xff, 0xff, 0xff, 0xda,
    0x17, 0x0, 0x0, 0x0, 0x0, 0x0, 0x0, 0x0,
    0x0, 0x0, 0x0, 0x0, 0x0, 0x0, 0x0, 0x0,
    0x0, 0x0, 0x0, 0x0, 0x0, 0x33, 0xb3, 0xf1,
    0xf5, 0xaf, 0x19, 0x0, 0x0, 0x0, 0x0, 0x0,
    0x0, 0x0, 0x0, 0x0, 0x0, 0x0, 0x0, 0x0,

    /* U+003A ":" */
    0x0, 0x0, 0x61, 0xd6, 0xf9, 0xde, 0x76, 0x2,
    0x0, 0x0, 0x71, 0xff, 0xff, 0xff, 0xff, 0xff,
    0x98, 0x0, 0x8, 0xf3, 0xff, 0xff, 0xff, 0xff,
    0xff, 0xff, 0x2b, 0x2d, 0xff, 0xff, 0xff, 0xff,
    0xff, 0xff, 0xff, 0x60, 0x1e, 0xff, 0xff, 0xff,
    0xff, 0xff, 0xff, 0xff, 0x50, 0x0, 0xca, 0xff,
    0xff, 0xff, 0xff, 0xff, 0xec, 0xd, 0x0, 0x26,
    0xdf, 0xff, 0xff, 0xff, 0xed, 0x3f, 0x0, 0x0,
    0x0, 0x9, 0x59, 0x7b, 0x61, 0x11, 0x0, 0x0,
    0x0, 0x0, 0x0, 0x0, 0x0, 0x0, 0x0, 0x0,
    0x0, 0x0, 0x0, 0x0, 0x0, 0x0, 0x0, 0x0,
    0x0, 0x0, 0x0, 0x0, 0x0, 0x0, 0x0, 0x0,
    0x0, 0x0, 0x0, 0x0, 0x0, 0x0, 0x0, 0x0,
    0x0, 0x0, 0x0, 0x0, 0x0, 0x0, 0x0, 0x0,
    0x0, 0x0, 0x0, 0x0, 0x0, 0x0, 0x0, 0x0,
    0x0, 0x0, 0x0, 0x0, 0x0, 0x0, 0x0, 0x0,
    0x0, 0x0, 0x0, 0x0, 0x0, 0x0, 0x0, 0x0,
    0x0, 0x7, 0x56, 0x79, 0x5e, 0xe, 0x0, 0x0,
    0x0, 0x20, 0xd9, 0xff, 0xff, 0xff, 0xe9, 0x37,
    0x0, 0x0, 0xc4, 0xff, 0xff, 0xff, 0xff, 0xff,
    0xe7, 0xb, 0x1c, 0xff, 0xff, 0xff, 0xff, 0xff,
    0xff, 0xff, 0x4f, 0x2d, 0xff, 0xff, 0xff, 0xff,
    0xff, 0xff, 0xff, 0x60, 0x9, 0xf4, 0xff, 0xff,
    0xff, 0xff, 0xff, 0xff, 0x2d, 0x0, 0x78, 0xff,
    0xff, 0xff, 0xff, 0xff, 0x9f, 0x0, 0x0, 0x0,
    0x67, 0xd8, 0xfa, 0xe0, 0x7a, 0x3, 0x0,

    /* U+003B ";" */
    0x0, 0x0, 0x61, 0xd6, 0xf9, 0xde, 0x76, 0x2,
    0x0, 0x0, 0x71, 0xff, 0xff, 0xff, 0xff, 0xff,
    0x98, 0x0, 0x8, 0xf3, 0xff, 0xff, 0xff, 0xff,
    0xff, 0xff, 0x2b, 0x2d, 0xff, 0xff, 0xff, 0xff,
    0xff, 0xff, 0xff, 0x60, 0x1e, 0xff, 0xff, 0xff,
    0xff, 0xff, 0xff, 0xff, 0x50, 0x0, 0xca, 0xff,
    0xff, 0xff, 0xff, 0xff, 0xec, 0xd, 0x0, 0x26,
    0xdf, 0xff, 0xff, 0xff, 0xed, 0x3f, 0x0, 0x0,
    0x0, 0x9, 0x59, 0x7b, 0x61, 0x11, 0x0, 0x0,
    0x0, 0x0, 0x0, 0x0, 0x0, 0x0, 0x0, 0x0,
    0x0, 0x0, 0x0, 0x0, 0x0, 0x0, 0x0, 0x0,
    0x0, 0x0, 0x0, 0x0, 0x0, 0x0, 0x0, 0x0,
    0x0, 0x0, 0x0, 0x0, 0x0, 0x0, 0x0, 0x0,
    0x0, 0x0, 0x0, 0x0, 0x0, 0x0, 0x0, 0x0,
    0x0, 0x0, 0x0, 0x0, 0x0, 0x0, 0x0, 0x0,
    0x0, 0x0, 0x0, 0x0, 0x0, 0x0, 0x0, 0x0,
    0x0, 0x0, 0x0, 0x0, 0x0, 0x0, 0x0, 0x0,
    0x0, 0x0, 0x16, 0x36, 0x1f, 0x0, 0x0, 0x0,
    0x0, 0xb, 0xa5, 0xfe, 0xff, 0xff, 0xc4, 0x1e,
    0x0, 0x0, 0xa3, 0xff, 0xff, 0xff, 0xff, 0xff,
    0xd4, 0x4, 0x12, 0xfd, 0xff, 0xff, 0xff, 0xff,
    0xff, 0xff, 0x4a, 0x2c, 0xff, 0xff, 0xff, 0xff,
    0xff, 0xff, 0xff, 0x6d, 0xc, 0xfe, 0xff, 0xff,
    0xff, 0xff, 0xff, 0xff, 0x5f, 0x0, 0x9c, 0xff,
    0xff, 0xff, 0xff, 0xff, 0xff, 0x49, 0x0, 0x9,
    0x8e, 0xe5, 0xf3, 0xfa, 0xff, 0xff, 0x26, 0x0,
    0x0, 0x0, 0x0, 0x3, 0xf9, 0xff, 0xdd, 0x0,
    0x0, 0x0, 0x0, 0x0, 0x3f, 0xff, 0xff, 0x8e,
    0x0, 0x0, 0x0, 0x0, 0x0, 0xaf, 0xff, 0xf3,
    0x19, 0x0, 0x0, 0x0, 0x0, 0x4d, 0xff, 0xff,
    0x78, 0x0, 0x0, 0x0, 0x0, 0x28, 0xe9, 0xff,
    0xa1, 0x1, 0x0, 0x0, 0x0, 0x7, 0xd1, 0xef,
    0x93, 0x3, 0x0, 0x0, 0x0,

    /* U+003C "<" */
    0x0, 0x0, 0x0, 0x0, 0x0, 0x0, 0x0, 0x0,
    0x0, 0x0, 0x0, 0x0, 0x0, 0x0, 0x0, 0x0,
    0x0, 0x0, 0x0, 0x0, 0x0, 0x0, 0x0, 0x0,
    0x1c, 0x89, 0x56, 0x0, 0x0, 0x0, 0x0, 0x0,
    0x0, 0x0, 0x0, 0x0, 0x0, 0x0, 0x0, 0x0,
    0x0, 0x0, 0x0, 0x0, 0x0, 0x0, 0x0, 0x0,
    0x0, 0x0, 0x34, 0xa6, 0xfb, 0xff, 0xdc, 0x0,
    0x0, 0x0, 0x0, 0x0, 0x0, 0x0, 0x0, 0x0,
    0x0, 0x0, 0x0, 0x0, 0x0, 0x0, 0x0, 0x0,
    0x0, 0x0, 0x0, 0x2, 0x51, 0xc3, 0xff, 0xff,
    0xff, 0xff, 0xff, 0x16, 0x0, 0x0, 0x0, 0x0,
    0x0, 0x0, 0x0, 0x0, 0x0, 0x0, 0x0, 0x0,
    0x0, 0x0, 0x0, 0x0, 0x0, 0xc, 0x6e, 0xdd,
    0xff, 0xff, 0xff, 0xff, 0xff, 0xff, 0xff, 0x17,
    0x0, 0x0, 0x0, 0x0, 0x0, 0x0, 0x0, 0x0,
    0x0, 0x0, 0x0, 0x0, 0x0, 0x0, 0x0, 0x1d,
    0x8a, 0xef, 0xff, 0xff, 0xff, 0xff, 0xff, 0xff,
    0xff, 0xff, 0xb6, 0x0, 0x0, 0x0, 0x0, 0x0,
    0x0, 0x0, 0x0, 0x0, 0x0, 0x0, 0x0, 0x0,
    0x0, 0x35, 0xa7, 0xfb, 0xff, 0xff, 0xff, 0xff,
    0xff, 0xff, 0xff, 0xff, 0xfe, 0xa9, 0x10, 0x0,
    0x0, 0x0, 0x0, 0x0, 0x0, 0x0, 0x0, 0x0,
    0x0, 0x0, 0x2, 0x52, 0xc4, 0xff, 0xff, 0xff,
    0xff, 0xff, 0xff, 0xff, 0xff, 0xff, 0xef, 0x8f,
    0x25, 0x0, 0x0, 0x0, 0x0, 0x0, 0x0, 0x0,
    0x0, 0x0, 0x0, 0x0, 0xc, 0x6f, 0xdd, 0xff,
    0xff, 0xff, 0xff, 0xff, 0xff, 0xff, 0xff, 0xff,
    0xd0, 0x66, 0xa, 0x0, 0x0, 0x0, 0x0, 0x0,
    0x0, 0x0, 0x0, 0x0, 0x0, 0x0, 0x1e, 0x8b,
    0xf0, 0xff, 0xff, 0xff, 0xff, 0xff, 0xff, 0xff,
    0xff, 0xfa, 0xa8, 0x3c, 0x0, 0x0, 0x0, 0x0,
    0x0, 0x0, 0x0, 0x0, 0x0, 0x0, 0x0, 0x0,
    0x36, 0xa8, 0xfb, 0xff, 0xff, 0xff, 0xff, 0xff,
    0xff, 0xff, 0xff, 0xe4, 0x7e, 0x18, 0x0, 0x0,
    0x0, 0x0, 0x0, 0x0, 0x0, 0x0, 0x0, 0x0,
    0x0, 0x0, 0x51, 0xc5, 0xff, 0xff, 0xff, 0xff,
    0xff, 0xff, 0xff, 0xff, 0xff, 0xc0, 0x55, 0x4,
    0x0, 0x0, 0x0, 0x0, 0x0, 0x0, 0x0, 0x0,
    0x0, 0x0, 0x0, 0x0, 0x0, 0xa1, 0xff, 0xff,
    0xff, 0xff, 0xff, 0xff, 0xff, 0xff, 0xf3, 0x97,
    0x2b, 0x0, 0x0, 0x0, 0x0, 0x0, 0x0, 0x0,
    0x0, 0x0, 0x0, 0x0, 0x0, 0x0, 0x0, 0x0,
    0x25, 0xff, 0xff, 0xff, 0xff, 0xff, 0xff, 0xff,
    0xec, 0x6d, 0xe, 0x0, 0x0, 0x0, 0x0, 0x0,
    0x0, 0x0, 0x0, 0x0, 0x0, 0x0, 0x0, 0x0,
    0x0, 0x0, 0x0, 0x0, 0x13, 0xf8, 0xff, 0xff,
    0xff, 0xff, 0xff, 0xff, 0xff, 0xcc, 0x61, 0x9,
    0x0, 0x0, 0x0, 0x0, 0x0, 0x0, 0x0, 0x0,
    0x0, 0x0, 0x0, 0x0, 0x0, 0x0, 0x0, 0x0,
    0x0, 0x4a, 0xdf, 0xff, 0xff, 0xff, 0xff, 0xff,
    0xff, 0xff, 0xff, 0xed, 0x8a, 0x21, 0x0, 0x0,
    0x0, 0x0, 0x0, 0x0, 0x0, 0x0, 0x0, 0x0,
    0x0, 0x0, 0x0, 0x0, 0x0, 0x0, 0x3, 0x56,
    0xc8, 0xff, 0xff, 0xff, 0xff, 0xff, 0xff, 0xff,
    0xff, 0xfd, 0xb4, 0x49, 0x1, 0x0, 0x0, 0x0,
    0x0, 0x0, 0x0, 0x0, 0x0, 0x0, 0x0, 0x0,
    0x0, 0x0, 0x0, 0x0, 0x0, 0x3b, 0xad, 0xfd,
    0xff, 0xff, 0xff, 0xff, 0xff, 0xff, 0xff, 0xff,
    0xdc, 0x72, 0x11, 0x0, 0x0, 0x0, 0x0, 0x0,
    0x0, 0x0, 0x0, 0x0, 0x0, 0x0, 0x0, 0x0,
    0x0, 0x0, 0x0, 0x21, 0x91, 0xf3, 0xff, 0xff,
    0xff, 0xff, 0xff, 0xff, 0xff, 0xff, 0xf6, 0x9c,
    0x30, 0x0, 0x0, 0x0, 0x0, 0x0, 0x0, 0x0,
    0x0, 0x0, 0x0, 0x0, 0x0, 0x0, 0x0, 0x0,
    0x0, 0xf, 0x75, 0xe3, 0xff, 0xff, 0xff, 0xff,
    0xff, 0xff, 0xff, 0xff, 0xff, 0xc5, 0x5a, 0x6,
    0x0, 0x0, 0x0, 0x0, 0x0, 0x0, 0x0, 0x0,
    0x0, 0x0, 0x0, 0x0, 0x0, 0x0, 0x0, 0x4,
    0x5a, 0xcb, 0xff, 0xff, 0xff, 0xff, 0xff, 0xff,
    0xff, 0xff, 0xff, 0xe8, 0x83, 0x16, 0x0, 0x0,
    0x0, 0x0, 0x0, 0x0, 0x0, 0x0, 0x0, 0x0,
    0x0, 0x0, 0x0, 0x0, 0x0, 0x0, 0x3e, 0xb0,
    0xfd, 0xff, 0xff, 0xff, 0xff, 0xff, 0xff, 0xff,
    0xff, 0xf0, 0x32, 0x0, 0x0, 0x0, 0x0, 0x0,
    0x0, 0x0, 0x0, 0x0, 0x0, 0x0, 0x0, 0x0,
    0x0, 0x0, 0x0, 0x0, 0x24, 0x95, 0xf4, 0xff,
    0xff, 0xff, 0xff, 0xff, 0xff, 0xff, 0xc2, 0x0,
    0x0, 0x0, 0x0, 0x0, 0x0, 0x0, 0x0, 0x0,
    0x0, 0x0, 0x0, 0x0, 0x0, 0x0, 0x0, 0x0,
    0x0, 0x0, 0x11, 0x79, 0xe5, 0xff, 0xff, 0xff,
    0xff, 0xff, 0xfa, 0x1, 0x0, 0x0, 0x0, 0x0,
    0x0, 0x0, 0x0, 0x0, 0x0, 0x0, 0x0, 0x0,
    0x0, 0x0, 0x0, 0x0, 0x0, 0x0, 0x0, 0x0,
    0x5, 0x5d, 0xce, 0xff, 0xff, 0xff, 0xeb, 0x0,
    0x0, 0x0, 0x0, 0x0, 0x0, 0x0, 0x0, 0x0,
    0x0, 0x0, 0x0, 0x0, 0x0, 0x0, 0x0, 0x0,
    0x0, 0x0, 0x0, 0x0, 0x0, 0x0, 0x0, 0x42,
    0xb4, 0xfe, 0xa3, 0x0, 0x0, 0x0, 0x0, 0x0,
    0x0, 0x0, 0x0, 0x0, 0x0, 0x0, 0x0, 0x0,
    0x0, 0x0, 0x0, 0x0, 0x0, 0x0, 0x0, 0x0,
    0x0, 0x0, 0x0, 0x0, 0x0, 0x27, 0x20, 0x0,

    /* U+003D "=" */
    0x0, 0x0, 0x1f, 0x7e, 0x9f, 0xa4, 0xa4, 0xa4,
    0xa4, 0xa4, 0xa4, 0xa4, 0xa4, 0xa4, 0xa4, 0xa4,
    0xa4, 0xa4, 0xa4, 0xa4, 0xa4, 0xa4, 0xa4, 0xa4,
    0xa4, 0x72, 0x0, 0x30, 0xf2, 0xff, 0xff, 0xff,
    0xff, 0xff, 0xff, 0xff, 0xff, 0xff, 0xff, 0xff,
    0xff, 0xff, 0xff, 0xff, 0xff, 0xff, 0xff, 0xff,
    0xff, 0xff, 0xff, 0x99, 0x0, 0xb5, 0xff, 0xff,
    0xff, 0xff, 0xff, 0xff, 0xff, 0xff, 0xff, 0xff,
    0xff, 0xff, 0xff, 0xff, 0xff, 0xff, 0xff, 0xff,
    0xff, 0xff, 0xff, 0xff, 0xff, 0x66, 0x7, 0xfe,
    0xff, 0xff, 0xff, 0xff, 0xff, 0xff, 0xff, 0xff,
    0xff, 0xff, 0xff, 0xff, 0xff, 0xff, 0xff, 0xff,
    0xff, 0xff, 0xff, 0xff, 0xff, 0xff, 0xe6, 0x8,
    0x25, 0xff, 0xff, 0xff, 0xff, 0xff, 0xff, 0xff,
    0xff, 0xff, 0xff, 0xff, 0xff, 0xff, 0xff, 0xff,
    0xff, 0xff, 0xff, 0xff, 0xff, 0xff, 0xf4, 0xb8,
    0x2a, 0x0, 0x0, 0x0, 0x0, 0x0, 0x0, 0x0,
    0x0, 0x0, 0x0, 0x0, 0x0, 0x0, 0x0, 0x0,
    0x0, 0x0, 0x0, 0x0, 0x0, 0x0, 0x0, 0x0,
    0x0, 0x0, 0x0, 0x0, 0x0, 0x0, 0x0, 0x0,
    0x0, 0x0, 0x0, 0x0, 0x0, 0x0, 0x0, 0x0,
    0x0, 0x0, 0x0, 0x0, 0x0, 0x0, 0x0, 0x0,
    0x0, 0x0, 0x0, 0x0, 0x0, 0x0, 0x0, 0x0,
    0x0, 0x0, 0x0, 0x0, 0x0, 0x0, 0x0, 0x0,
    0x0, 0x0, 0x0, 0x0, 0x0, 0x0, 0x0, 0x0,
    0x0, 0x0, 0x0, 0x0, 0x0, 0x0, 0x0, 0x0,
    0x0, 0x0, 0x0, 0x0, 0x0, 0x0, 0x0, 0x0,
    0x0, 0x0, 0x0, 0x0, 0x0, 0x0, 0x0, 0x0,
    0x0, 0x0, 0x0, 0x0, 0x0, 0x0, 0x0, 0x0,
    0x0, 0x0, 0x0, 0x0, 0x22, 0x82, 0xa3, 0xa8,
    0xa8, 0xa8, 0xa8, 0xa8, 0xa8, 0xa8, 0xa8, 0xa8,
    0xa8, 0xa8, 0xa8, 0xa8, 0xa8, 0xa8, 0xa8, 0xa8,
    0xa8, 0xa8, 0xa8, 0x74, 0x0, 0x32, 0xf4, 0xff,
    0xff, 0xff, 0xff, 0xff, 0xff, 0xff, 0xff, 0xff,
    0xff, 0xff, 0xff, 0xff, 0xff, 0xff, 0xff, 0xff,
    0xff, 0xff, 0xff, 0xff, 0xff, 0x99, 0x0, 0xb7,
    0xff, 0xff, 0xff, 0xff, 0xff, 0xff, 0xff, 0xff,
    0xff, 0xff, 0xff, 0xff, 0xff, 0xff, 0xff, 0xff,
    0xff, 0xff, 0xff, 0xff, 0xff, 0xff, 0xff, 0x65,
    0x7, 0xfe, 0xff, 0xff, 0xff, 0xff, 0xff, 0xff,
    0xff, 0xff, 0xff, 0xff, 0xff, 0xff, 0xff, 0xff,
    0xff, 0xff, 0xff, 0xff, 0xff, 0xff, 0xff, 0xff,
    0xe5, 0x8, 0x25, 0xff, 0xff, 0xff, 0xff, 0xff,
    0xff, 0xff, 0xff, 0xff, 0xff, 0xff, 0xff, 0xff,
    0xff, 0xff, 0xff, 0xff, 0xff, 0xff, 0xff, 0xff,
    0xf4, 0xb8, 0x2a, 0x0,

    /* U+003E ">" */
    0x0, 0x5a, 0x87, 0x1b, 0x0, 0x0, 0x0, 0x0,
    0x0, 0x0, 0x0, 0x0, 0x0, 0x0, 0x0, 0x0,
    0x0, 0x0, 0x0, 0x0, 0x0, 0x0, 0x0, 0x0,
    0x0, 0x0, 0x0, 0x0, 0x0, 0xe2, 0xff, 0xfa,
    0xa4, 0x32, 0x0, 0x0, 0x0, 0x0, 0x0, 0x0,
    0x0, 0x0, 0x0, 0x0, 0x0, 0x0, 0x0, 0x0,
    0x0, 0x0, 0x0, 0x0, 0x0, 0x0, 0x0, 0x0,
    0x1f, 0xff, 0xff, 0xff, 0xff, 0xff, 0xc0, 0x4f,
    0x2, 0x0, 0x0, 0x0, 0x0, 0x0, 0x0, 0x0,
    0x0, 0x0, 0x0, 0x0, 0x0, 0x0, 0x0, 0x0,
    0x0, 0x0, 0x0, 0x0, 0x20, 0xff, 0xff, 0xff,
    0xff, 0xff, 0xff, 0xff, 0xda, 0x6b, 0xb, 0x0,
    0x0, 0x0, 0x0, 0x0, 0x0, 0x0, 0x0, 0x0,
    0x0, 0x0, 0x0, 0x0, 0x0, 0x0, 0x0, 0x0,
    0x0, 0xc2, 0xff, 0xff, 0xff, 0xff, 0xff, 0xff,
    0xff, 0xff, 0xee, 0x88, 0x1b, 0x0, 0x0, 0x0,
    0x0, 0x0, 0x0, 0x0, 0x0, 0x0, 0x0, 0x0,
    0x0, 0x0, 0x0, 0x0, 0x0, 0x14, 0xae, 0xff,
    0xff, 0xff, 0xff, 0xff, 0xff, 0xff, 0xff, 0xff,
    0xfa, 0xa4, 0x33, 0x0, 0x0, 0x0, 0x0, 0x0,
    0x0, 0x0, 0x0, 0x0, 0x0, 0x0, 0x0, 0x0,
    0x0, 0x0, 0x0, 0x28, 0x92, 0xf1, 0xff, 0xff,
    0xff, 0xff, 0xff, 0xff, 0xff, 0xff, 0xff, 0xc1,
    0x4f, 0x2, 0x0, 0x0, 0x0, 0x0, 0x0, 0x0,
    0x0, 0x0, 0x0, 0x0, 0x0, 0x0, 0x0, 0x0,
    0x0, 0xc, 0x69, 0xd4, 0xff, 0xff, 0xff, 0xff,
    0xff, 0xff, 0xff, 0xff, 0xff, 0xdb, 0x6c, 0xb,
    0x0, 0x0, 0x0, 0x0, 0x0, 0x0, 0x0, 0x0,
    0x0, 0x0, 0x0, 0x0, 0x0, 0x0, 0x0, 0x0,
    0x40, 0xab, 0xfb, 0xff, 0xff, 0xff, 0xff, 0xff,
    0xff, 0xff, 0xff, 0xee, 0x88, 0x1b, 0x0, 0x0,
    0x0, 0x0, 0x0, 0x0, 0x0, 0x0, 0x0, 0x0,
    0x0, 0x0, 0x0, 0x0, 0x0, 0x0, 0x1a, 0x82,
    0xe7, 0xff, 0xff, 0xff, 0xff, 0xff, 0xff, 0xff,
    0xff, 0xfa, 0xa5, 0x33, 0x0, 0x0, 0x0, 0x0,
    0x0, 0x0, 0x0, 0x0, 0x0, 0x0, 0x0, 0x0,
    0x0, 0x0, 0x0, 0x0, 0x5, 0x58, 0xc3, 0xff,
    0xff, 0xff, 0xff, 0xff, 0xff, 0xff, 0xff, 0xff,
    0xc1, 0x4d, 0x0, 0x0, 0x0, 0x0, 0x0, 0x0,
    0x0, 0x0, 0x0, 0x0, 0x0, 0x0, 0x0, 0x0,
    0x0, 0x0, 0x0, 0x2f, 0x9a, 0xf5, 0xff, 0xff,
    0xff, 0xff, 0xff, 0xff, 0xff, 0xff, 0x96, 0x0,
    0x0, 0x0, 0x0, 0x0, 0x0, 0x0, 0x0, 0x0,
    0x0, 0x0, 0x0, 0x0, 0x0, 0x0, 0x0, 0x0,
    0x0, 0x10, 0x71, 0xef, 0xff, 0xff, 0xff, 0xff,
    0xff, 0xff, 0xff, 0x1d, 0x0, 0x0, 0x0, 0x0,
    0x0, 0x0, 0x0, 0x0, 0x0, 0x0, 0x0, 0x0,
    0x0, 0x0, 0x0, 0x0, 0xa, 0x64, 0xcf, 0xff,
    0xff, 0xff, 0xff, 0xff, 0xff, 0xff, 0xf5, 0xd,
    0x0, 0x0, 0x0, 0x0, 0x0, 0x0, 0x0, 0x0,
    0x0, 0x0, 0x0, 0x0, 0x0, 0x0, 0x24, 0x8d,
    0xee, 0xff, 0xff, 0xff, 0xff, 0xff, 0xff, 0xff,
    0xff, 0xdc, 0x45, 0x0, 0x0, 0x0, 0x0, 0x0,
    0x0, 0x0, 0x0, 0x0, 0x0, 0x0, 0x0, 0x2,
    0x4b, 0xb7, 0xfe, 0xff, 0xff, 0xff, 0xff, 0xff,
    0xff, 0xff, 0xff, 0xc5, 0x53, 0x2, 0x0, 0x0,
    0x0, 0x0, 0x0, 0x0, 0x0, 0x0, 0x0, 0x0,
    0x0, 0x12, 0x75, 0xde, 0xff, 0xff, 0xff, 0xff,
    0xff, 0xff, 0xff, 0xff, 0xfc, 0xa9, 0x36, 0x0,
    0x0, 0x0, 0x0, 0x0, 0x0, 0x0, 0x0, 0x0,
    0x0, 0x0, 0x0, 0x33, 0x9e, 0xf7, 0xff, 0xff,
    0xff, 0xff, 0xff, 0xff, 0xff, 0xff, 0xf1, 0x8e,
    0x1f, 0x0, 0x0, 0x0, 0x0, 0x0, 0x0, 0x0,
    0x0, 0x0, 0x0, 0x0, 0x7, 0x5c, 0xc7, 0xff,
    0xff, 0xff, 0xff, 0xff, 0xff, 0xff, 0xff, 0xff,
    0xe0, 0x72, 0xe, 0x0, 0x0, 0x0, 0x0, 0x0,
    0x0, 0x0, 0x0, 0x0, 0x0, 0x0, 0x17, 0x85,
    0xea, 0xff, 0xff, 0xff, 0xff, 0xff, 0xff, 0xff,
    0xff, 0xff, 0xc8, 0x57, 0x3, 0x0, 0x0, 0x0,
    0x0, 0x0, 0x0, 0x0, 0x0, 0x0, 0x0, 0x0,
    0x0, 0x37, 0xf2, 0xff, 0xff, 0xff, 0xff, 0xff,
    0xff, 0xff, 0xff, 0xfd, 0xae, 0x3b, 0x0, 0x0,
    0x0, 0x0, 0x0, 0x0, 0x0, 0x0, 0x0, 0x0,
    0x0, 0x0, 0x0, 0x0, 0x0, 0xcb, 0xff, 0xff,
    0xff, 0xff, 0xff, 0xff, 0xff, 0xf3, 0x92, 0x22,
    0x0, 0x0, 0x0, 0x0, 0x0, 0x0, 0x0, 0x0,
    0x0, 0x0, 0x0, 0x0, 0x0, 0x0, 0x0, 0x0,
    0x6, 0xfe, 0xff, 0xff, 0xff, 0xff, 0xff, 0xe3,
    0x77, 0x10, 0x0, 0x0, 0x0, 0x0, 0x0, 0x0,
    0x0, 0x0, 0x0, 0x0, 0x0, 0x0, 0x0, 0x0,
    0x0, 0x0, 0x0, 0x0, 0x0, 0xf2, 0xff, 0xff,
    0xff, 0xcc, 0x5b, 0x4, 0x0, 0x0, 0x0, 0x0,
    0x0, 0x0, 0x0, 0x0, 0x0, 0x0, 0x0, 0x0,
    0x0, 0x0, 0x0, 0x0, 0x0, 0x0, 0x0, 0x0,
    0x0, 0xaa, 0xfd, 0xb2, 0x40, 0x0, 0x0, 0x0,
    0x0, 0x0, 0x0, 0x0, 0x0, 0x0, 0x0, 0x0,
    0x0, 0x0, 0x0, 0x0, 0x0, 0x0, 0x0, 0x0,
    0x0, 0x0, 0x0, 0x0, 0x0, 0x22, 0x25, 0x0,
    0x0, 0x0, 0x0, 0x0, 0x0, 0x0, 0x0, 0x0,
    0x0, 0x0, 0x0, 0x0, 0x0, 0x0, 0x0, 0x0,
    0x0, 0x0, 0x0, 0x0, 0x0, 0x0, 0x0, 0x0,

    /* U+003F "?" */
    0x0, 0x0, 0x0, 0x0, 0x0, 0x0, 0xf, 0x60,
    0xa5, 0xd3, 0xf0, 0xfc, 0xf5, 0xe0, 0xba, 0x7e,
    0x2b, 0x0, 0x0, 0x0, 0x0, 0x0, 0x0, 0x0,
    0x0, 0x0, 0x0, 0x14, 0x91, 0xf6, 0xff, 0xff,
    0xff, 0xff, 0xff, 0xff, 0xff, 0xff, 0xff, 0xff,
    0xc0, 0x37, 0x0, 0x0, 0x0, 0x0, 0x0, 0x0,
    0x0, 0x48, 0xeb, 0xff, 0xff, 0xff, 0xff, 0xff,
    0xff, 0xff, 0xff, 0xff, 0xff, 0xff, 0xff, 0xff,
    0xfd, 0x7a, 0x0, 0x0, 0x0, 0x0, 0x0, 0x53,
    0xfc, 0xff, 0xff, 0xff, 0xff, 0xff, 0xff, 0xff,
    0xff, 0xff, 0xff, 0xff, 0xff, 0xff, 0xff, 0xff,
    0xff, 0x7b, 0x0, 0x0, 0x0, 0x26, 0xf6, 0xff,
    0xff, 0xff, 0xff, 0xff, 0xff, 0xf7, 0xc9, 0xb4,
    0xbb, 0xdb, 0xff, 0xff, 0xff, 0xff, 0xff, 0xff,
    0xfd, 0x35, 0x0, 0x0, 0xaa, 0xff, 0xff, 0xff,
    0xff, 0xff, 0xf6, 0x72, 0xa, 0x0, 0x0, 0x0,
    0x0, 0x22, 0xaf, 0xff, 0xff, 0xff, 0xff, 0xff,
    0xb2, 0x0, 0x9, 0xf8, 0xff, 0xff, 0xff, 0xff,
    0xfc, 0x41, 0x0, 0x0, 0x0, 0x0, 0x0, 0x0,
    0x0, 0x2, 0xc2, 0xff, 0xff, 0xff, 0xff, 0xf9,
    0x8, 0x2a, 0xff, 0xff, 0xff, 0xff, 0xff, 0xa0,
    0x0, 0x0, 0x0, 0x0, 0x0, 0x0, 0x0, 0x0,
    0x0, 0x5c, 0xff, 0xff, 0xff, 0xff, 0xff, 0x2a,
    0x21, 0xff, 0xff, 0xff, 0xff, 0xff, 0x52, 0x0,
    0x0, 0x0, 0x0, 0x0, 0x0, 0x0, 0x0, 0x0,
    0x3f, 0xff, 0xff, 0xff, 0xff, 0xff, 0x2d, 0x0,
    0xbf, 0xff, 0xff, 0xff, 0xff, 0x38, 0x0, 0x0,
    0x0, 0x0, 0x0, 0x0, 0x0, 0x0, 0x0, 0x60,
    0xff, 0xff, 0xff, 0xff, 0xfe, 0xf, 0x0, 0xf,
    0x96, 0xf7, 0xff, 0xff, 0x3f, 0x0, 0x0, 0x0,
    0x0, 0x0, 0x0, 0x0, 0x0, 0x2, 0xcb, 0xff,
    0xff, 0xff, 0xff, 0xba, 0x0, 0x0, 0x0, 0x0,
    0xc, 0x30, 0x42, 0x10, 0x0, 0x0, 0x0, 0x0,
    0x0, 0x0, 0x0, 0x4, 0x9d, 0xff, 0xff, 0xff,
    0xff, 0xfc, 0x38, 0x0, 0x0, 0x0, 0x0, 0x0,
    0x0, 0x0, 0x0, 0x0, 0x0, 0x0, 0x0, 0x0,
    0x0, 0x1a, 0xbf, 0xff, 0xff, 0xff, 0xff, 0xff,
    0x70, 0x0, 0x0, 0x0, 0x0, 0x0, 0x0, 0x0,
    0x0, 0x0, 0x0, 0x0, 0x0, 0x0, 0x0, 0x56,
    0xed, 0xff, 0xff, 0xff, 0xff, 0xf9, 0x66, 0x0,
    0x0, 0x0, 0x0, 0x0, 0x0, 0x0, 0x0, 0x0,
    0x0, 0x0, 0x0, 0x0, 0x5, 0x99, 0xff, 0xff,
    0xff, 0xff, 0xff, 0xdc, 0x35, 0x0, 0x0, 0x0,
    0x0, 0x0, 0x0, 0x0, 0x0, 0x0, 0x0, 0x0,
    0x0, 0x0, 0x9, 0xba, 0xff, 0xff, 0xff, 0xff,
    0xff, 0xa1, 0xc, 0x0, 0x0, 0x0, 0x0, 0x0,
    0x0, 0x0, 0x0, 0x0, 0x0, 0x0, 0x0, 0x0,
    0x0, 0x99, 0xff, 0xff, 0xff, 0xff, 0xf9, 0x61,
    0x0, 0x0, 0x0, 0x0, 0x0, 0x0, 0x0, 0x0,
    0x0, 0x0, 0x0, 0x0, 0x0, 0x0, 0x0, 0x15,
    0xfc, 0xff, 0xff, 0xff, 0xff, 0x5e, 0x0, 0x0,
    0x0, 0x0, 0x0, 0x0, 0x0, 0x0, 0x0, 0x0,
    0x0, 0x0, 0x0, 0x0, 0x0, 0x0, 0x47, 0xff,
    0xff, 0xff, 0xff, 0xf8, 0x3, 0x0, 0x0, 0x0,
    0x0, 0x0, 0x0, 0x0, 0x0, 0x0, 0x0, 0x0,
    0x0, 0x0, 0x0, 0x0, 0x0, 0x53, 0xff, 0xff,
    0xff, 0xff, 0xec, 0x0, 0x0, 0x0, 0x0, 0x0,
    0x0, 0x0, 0x0, 0x0, 0x0, 0x0, 0x0, 0x0,
    0x0, 0x0, 0x0, 0x0, 0x54, 0xff, 0xff, 0xff,
    0xff, 0xbb, 0x0, 0x0, 0x0, 0x0, 0x0, 0x0,
    0x0, 0x0, 0x0, 0x0, 0x0, 0x0, 0x0, 0x0,
    0x0, 0x0, 0x0, 0x54, 0xff, 0xff, 0xff, 0xcc,
    0x21, 0x0, 0x0, 0x0, 0x0, 0x0, 0x0, 0x0,
    0x0, 0x0, 0x0, 0x0, 0x0, 0x0, 0x0, 0x0,
    0x0, 0x0, 0x2a, 0x7c, 0x65, 0x32, 0x0, 0x0,
    0x0, 0x0, 0x0, 0x0, 0x0, 0x0, 0x0, 0x0,
    0x0, 0x0, 0x0, 0x0, 0x0, 0x0, 0x0, 0x0,
    0x0, 0x0, 0x0, 0x0, 0x0, 0x0, 0x0, 0x0,
    0x0, 0x0, 0x0, 0x0, 0x0, 0x0, 0x0, 0x0,
    0x0, 0x0, 0x0, 0x0, 0x0, 0x0, 0x0, 0x0,
    0x0, 0x0, 0x1d, 0x28, 0x6, 0x0, 0x0, 0x0,
    0x0, 0x0, 0x0, 0x0, 0x0, 0x0, 0x0, 0x0,
    0x0, 0x0, 0x0, 0x0, 0x0, 0x0, 0x0, 0x38,
    0xd5, 0xff, 0xff, 0xf3, 0x7c, 0x1, 0x0, 0x0,
    0x0, 0x0, 0x0, 0x0, 0x0, 0x0, 0x0, 0x0,
    0x0, 0x0, 0x0, 0x0, 0x0, 0x1e, 0xf2, 0xff,
    0xff, 0xff, 0xff, 0xff, 0x74, 0x0, 0x0, 0x0,
    0x0, 0x0, 0x0, 0x0, 0x0, 0x0, 0x0, 0x0,
    0x0, 0x0, 0x0, 0x0, 0x7e, 0xff, 0xff, 0xff,
    0xff, 0xff, 0xff, 0xe1, 0x0, 0x0, 0x0, 0x0,
    0x0, 0x0, 0x0, 0x0, 0x0, 0x0, 0x0, 0x0,
    0x0, 0x0, 0x0, 0x9a, 0xff, 0xff, 0xff, 0xff,
    0xff, 0xff, 0xfd, 0x0, 0x0, 0x0, 0x0, 0x0,
    0x0, 0x0, 0x0, 0x0, 0x0, 0x0, 0x0, 0x0,
    0x0, 0x0, 0x73, 0xff, 0xff, 0xff, 0xff, 0xff,
    0xff, 0xd7, 0x0, 0x0, 0x0, 0x0, 0x0, 0x0,
    0x0, 0x0, 0x0, 0x0, 0x0, 0x0, 0x0, 0x0,
    0x0, 0x10, 0xe0, 0xff, 0xff, 0xff, 0xff, 0xff,
    0x54, 0x0, 0x0, 0x0, 0x0, 0x0, 0x0, 0x0,
    0x0, 0x0, 0x0, 0x0, 0x0, 0x0, 0x0, 0x0,
    0x0, 0x1b, 0xa6, 0xee, 0xf9, 0xca, 0x4e, 0x0,
    0x0, 0x0, 0x0, 0x0, 0x0, 0x0, 0x0, 0x0,

    /* U+0040 "@" */
    0x0, 0x0, 0x0, 0x0, 0x0, 0x0, 0x0, 0x0,
    0x0, 0x0, 0x0, 0xd, 0x51, 0x8e, 0xb7, 0xdc,
    0xec, 0xf9, 0xf9, 0xee, 0xde, 0xbd, 0x98, 0x5e,
    0x1e, 0x0, 0x0, 0x0, 0x0, 0x0, 0x0, 0x0,
    0x0, 0x0, 0x0, 0x0, 0x0, 0x0, 0x0, 0x0,
    0x0, 0x0, 0x0, 0x0, 0x3d, 0xad, 0xfa, 0xff,
    0xff, 0xff, 0xff, 0xff, 0xff, 0xff, 0xff, 0xff,
    0xff, 0xff, 0xff, 0xff, 0xc8, 0x68, 0x7, 0x0,
    0x0, 0x0, 0x0, 0x0, 0x0, 0x0, 0x0, 0x0,
    0x0, 0x0, 0x0, 0x0, 0x0, 0x28, 0xbd, 0xff,
    0xff, 0xff, 0xff, 0xff, 0xff, 0xff, 0xff, 0xff,
    0xff, 0xff, 0xff, 0xff, 0xff, 0xff, 0xff, 0xff,
    0xff, 0xe4, 0x60, 0x0, 0x0, 0x0, 0x0, 0x0,
    0x0, 0x0, 0x0, 0x0, 0x0, 0x0, 0x0, 0x69,
    0xf9, 0xff, 0xff, 0xff, 0xff, 0xff, 0xff, 0xff,
    0xff, 0xff, 0xff, 0xff, 0xff, 0xff, 0xff, 0xff,
    0xff, 0xff, 0xff, 0xff, 0xff, 0xff, 0xb2, 0xe,
    0x0, 0x0, 0x0, 0x0, 0x0, 0x0, 0x0, 0x0,
    0x0, 0x90, 0xff, 0xff, 0xff, 0xff, 0xff, 0xff,
    0xe2, 0x9d, 0x60, 0x32, 0x20, 0xd, 0xc, 0x1a,
    0x2c, 0x56, 0x85, 0xd1, 0xff, 0xff, 0xff, 0xff,
    0xff, 0xff, 0xce, 0x15, 0x0, 0x0, 0x0, 0x0,
    0x0, 0x0, 0x0, 0x81, 0xff, 0xff, 0xff, 0xff,
    0xff, 0xd6, 0x5c, 0x4, 0x0, 0x0, 0x0, 0x0,
    0x0, 0x0, 0x0, 0x0, 0x0, 0x0, 0x0, 0x2a,
    0xa7, 0xff, 0xff, 0xff, 0xff, 0xff, 0xc3, 0x5,
    0x0, 0x0, 0x0, 0x0, 0x0, 0x49, 0xff, 0xff,
    0xff, 0xff, 0xff, 0x9e, 0x8, 0x0, 0x0, 0x0,
    0x0, 0x19, 0x50, 0x68, 0x5a, 0x26, 0x0, 0x0,
    0x0, 0x0, 0x0, 0x0, 0x40, 0xee, 0xff, 0xff,
    0xff, 0xff, 0x86, 0x0, 0x0, 0x0, 0x0, 0xe,
    0xe4, 0xff, 0xff, 0xff, 0xff, 0x85, 0x0, 0x0,
    0x0, 0x0, 0x39, 0xbc, 0xfe, 0xff, 0xff, 0xff,
    0xfe, 0xaa, 0xd, 0x21, 0xb8, 0xb8, 0xb8, 0x56,
    0x2d, 0xf0, 0xff, 0xff, 0xff, 0xf8, 0x22, 0x0,
    0x0, 0x0, 0x7b, 0xff, 0xff, 0xff, 0xff, 0xb4,
    0x1, 0x0, 0x0, 0x2, 0x86, 0xfe, 0xff, 0xff,
    0xff, 0xff, 0xff, 0xff, 0xff, 0xc0, 0x7a, 0xff,
    0xff, 0xff, 0x35, 0x0, 0x6c, 0xff, 0xff, 0xff,
    0xff, 0x8e, 0x0, 0x0, 0x8, 0xeb, 0xff, 0xff,
    0xff, 0xf9, 0x1b, 0x0, 0x0, 0x0, 0x97, 0xff,
    0xff, 0xff, 0xff, 0xff, 0xff, 0xff, 0xff, 0xff,
    0xff, 0xf6, 0xff, 0xff, 0xe6, 0x1, 0x0, 0x2,
    0xe3, 0xff, 0xff, 0xff, 0xe9, 0x1, 0x0, 0x4e,
    0xff, 0xff, 0xff, 0xff, 0x98, 0x0, 0x0, 0x0,
    0x66, 0xff, 0xff, 0xff, 0xff, 0xc5, 0x41, 0x8,
    0x21, 0xb3, 0xff, 0xff, 0xff, 0xff, 0xff, 0x9a,
    0x0, 0x0, 0x0, 0x97, 0xff, 0xff, 0xff, 0xff,
    0x27, 0x0, 0x9d, 0xff, 0xff, 0xff, 0xff, 0x38,
    0x0, 0x0, 0x15, 0xf2, 0xff, 0xff, 0xff, 0xb4,
    0x4, 0x0, 0x0, 0x0, 0x17, 0xff, 0xff, 0xff,
    0xff, 0xff, 0x4d, 0x0, 0x0, 0x0, 0x5b, 0xff,
    0xff, 0xff, 0xff, 0x58, 0x0, 0xd4, 0xff, 0xff,
    0xff, 0xf3, 0x4, 0x0, 0x0, 0x89, 0xff, 0xff,
    0xff, 0xdd, 0xb, 0x0, 0x0, 0x0, 0x0, 0x0,
    0xec, 0xff, 0xff, 0xff, 0xf6, 0x9, 0x0, 0x0,
    0x0, 0x44, 0xff, 0xff, 0xff, 0xff, 0x6d, 0x6,
    0xfb, 0xff, 0xff, 0xff, 0xbe, 0x0, 0x0, 0x4,
    0xea, 0xff, 0xff, 0xff, 0x5c, 0x0, 0x0, 0x0,
    0x0, 0x0, 0x0, 0xf6, 0xff, 0xff, 0xff, 0xb2,
    0x0, 0x0, 0x0, 0x0, 0x32, 0xff, 0xff, 0xff,
    0xff, 0x7b, 0x1d, 0xff, 0xff, 0xff, 0xff, 0xa6,
    0x0, 0x0, 0x3a, 0xff, 0xff, 0xff, 0xef, 0x3,
    0x0, 0x0, 0x0, 0x0, 0x0, 0x10, 0xff, 0xff,
    0xff, 0xff, 0x65, 0x0, 0x0, 0x0, 0x0, 0x42,
    0xff, 0xff, 0xff, 0xff, 0x73, 0x2b, 0xff, 0xff,
    0xff, 0xff, 0x94, 0x0, 0x0, 0x72, 0xff, 0xff,
    0xff, 0xab, 0x0, 0x0, 0x0, 0x0, 0x0, 0x0,
    0x4a, 0xff, 0xff, 0xff, 0xfe, 0x19, 0x0, 0x0,
    0x0, 0x0, 0x59, 0xff, 0xff, 0xff, 0xff, 0x59,
    0x2f, 0xff, 0xff, 0xff, 0xff, 0x8e, 0x0, 0x0,
    0x98, 0xff, 0xff, 0xff, 0x7e, 0x0, 0x0, 0x0,
    0x0, 0x0, 0x0, 0x90, 0xff, 0xff, 0xff, 0xca,
    0x0, 0x0, 0x0, 0x0, 0x0, 0x9a, 0xff, 0xff,
    0xff, 0xff, 0x2b, 0x22, 0xff, 0xff, 0xff, 0xff,
    0xa1, 0x0, 0x0, 0xa9, 0xff, 0xff, 0xff, 0x68,
    0x0, 0x0, 0x0, 0x0, 0x0, 0xd, 0xef, 0xff,
    0xff, 0xff, 0x7d, 0x0, 0x0, 0x0, 0x0, 0x6,
    0xe7, 0xff, 0xff, 0xff, 0xe3, 0x0, 0xe, 0xff,
    0xff, 0xff, 0xff, 0xb5, 0x0, 0x0, 0xa9, 0xff,
    0xff, 0xff, 0x69, 0x0, 0x0, 0x0, 0x0, 0x0,
    0x80, 0xff, 0xff, 0xff, 0xff, 0x2f, 0x0, 0x0,
    0x0, 0x0, 0x78, 0xff, 0xff, 0xff, 0xff, 0x82,
    0x0, 0x0, 0xe3, 0xff, 0xff, 0xff, 0xe6, 0x0,
    0x0, 0x94, 0xff, 0xff, 0xff, 0x9b, 0x0, 0x0,
    0x0, 0x0, 0x40, 0xfc, 0xff, 0xff, 0xff, 0xec,
    0x0, 0x0, 0x0, 0x0, 0x4c, 0xf7, 0xff, 0xff,
    0xff, 0xee, 0x14, 0x0, 0x0, 0xb2, 0xff, 0xff,
    0xff, 0xff, 0x2a, 0x0, 0x5e, 0xff, 0xff, 0xff,
    0xfa, 0x63, 0x11, 0x11, 0x6b, 0xf4, 0xff, 0xff,
    0xff, 0xff, 0xf4, 0x2d, 0xa, 0x30, 0x96, 0xfb,
    0xff, 0xff, 0xff, 0xff, 0x5f, 0x0, 0x0, 0x0,
    0x67, 0xff, 0xff, 0xff, 0xff, 0x82, 0x0, 0xe,
    0xf1, 0xff, 0xff, 0xff, 0xff, 0xff, 0xff, 0xff,
    0xff, 0xff, 0xef, 0xee, 0xff, 0xff, 0xff, 0xff,
    0xff, 0xff, 0xff, 0xff, 0xff, 0xff, 0x89, 0x0,
    0x0, 0x0, 0x0, 0x17, 0xfa, 0xff, 0xff, 0xff,
    0xf0, 0x11, 0x0, 0x65, 0xff, 0xff, 0xff, 0xff,
    0xff, 0xff, 0xff, 0xff, 0xf4, 0x3e, 0x8b, 0xff,
    0xff, 0xff, 0xff, 0xff, 0xff, 0xff, 0xff, 0xf9,
    0x73, 0x0, 0x0, 0x0, 0x0, 0x0, 0x0, 0x9e,
    0xff, 0xff, 0xff, 0xff, 0x9f, 0x0, 0x0, 0x6b,
    0xf3, 0xff, 0xff, 0xff, 0xff, 0xff, 0xc0, 0x25,
    0x0, 0x8, 0xb6, 0xff, 0xff, 0xff, 0xff, 0xff,
    0xfb, 0xab, 0x2b, 0x0, 0x0, 0x0, 0x0, 0x0,
    0x0, 0x0, 0x24, 0xf7, 0xff, 0xff, 0xff, 0xff,
    0x77, 0x0, 0x0, 0x13, 0x5f, 0x87, 0x89, 0x6d,
    0x2a, 0x0, 0x0, 0x0, 0x0, 0x0, 0x40, 0x7b,
    0x8e, 0x7e, 0x53, 0x13, 0x0, 0x0, 0x0, 0x0,
    0x0, 0x0, 0x0, 0x0, 0x0, 0x0, 0x76, 0xff,
    0xff, 0xff, 0xff, 0xff, 0x99, 0x9, 0x0, 0x0,
    0x0, 0x0, 0x0, 0x0, 0x0, 0x0, 0x0, 0x0,
    0x0, 0x0, 0x0, 0x0, 0x0, 0x16, 0x87, 0xaf,
    0x5c, 0x0, 0x0, 0x0, 0x0, 0x0, 0x0, 0x0,
    0x0, 0x2, 0xae, 0xff, 0xff, 0xff, 0xff, 0xff,
    0xda, 0x68, 0xb, 0x0, 0x0, 0x0, 0x0, 0x0,
    0x0, 0x0, 0x0, 0x0, 0x0, 0x0, 0x1e, 0x81,
    0xf3, 0xff, 0xff, 0xff, 0x84, 0x0, 0x0, 0x0,
    0x0, 0x0, 0x0, 0x0, 0x0, 0x7, 0xb7, 0xff,
    0xff, 0xff, 0xff, 0xff, 0xff, 0xf0, 0xb3, 0x7a,
    0x4a, 0x38, 0x28, 0x20, 0x2d, 0x3b, 0x5d, 0x8c,
    0xc7, 0xfe, 0xff, 0xff, 0xff, 0xff, 0xff, 0xce,
    0x4, 0x0, 0x0, 0x0, 0x0, 0x0, 0x0, 0x0,
    0x0, 0x3, 0x8e, 0xff, 0xff, 0xff, 0xff, 0xff,
    0xff, 0xff, 0xff, 0xff, 0xff, 0xff, 0xff, 0xff,
    0xff, 0xff, 0xff, 0xff, 0xff, 0xff, 0xff, 0xff,
    0xff, 0xb3, 0xe, 0x0, 0x0, 0x0, 0x0, 0x0,
    0x0, 0x0, 0x0, 0x0, 0x0, 0x0, 0x3e, 0xd1,
    0xff, 0xff, 0xff, 0xff, 0xff, 0xff, 0xff, 0xff,
    0xff, 0xff, 0xff, 0xff, 0xff, 0xff, 0xff, 0xff,
    0xff, 0xff, 0xe8, 0x64, 0x0, 0x0, 0x0, 0x0,
    0x0, 0x0, 0x0, 0x0, 0x0, 0x0, 0x0, 0x0,
    0x0, 0x0, 0x2, 0x4e, 0xba, 0xfc, 0xff, 0xff,
    0xff, 0xff, 0xff, 0xff, 0xff, 0xff, 0xff, 0xff,
    0xff, 0xff, 0xff, 0xd2, 0x6e, 0xc, 0x0, 0x0,
    0x0, 0x0, 0x0, 0x0, 0x0, 0x0, 0x0, 0x0,
    0x0, 0x0, 0x0, 0x0, 0x0, 0x0, 0x0, 0x0,
    0x11, 0x55, 0x8e, 0xb6, 0xda, 0xeb, 0xf7, 0xfd,
    0xf4, 0xe2, 0xc5, 0x9b, 0x67, 0x22, 0x0, 0x0,
    0x0, 0x0, 0x0, 0x0, 0x0, 0x0, 0x0, 0x0,

    /* U+0041 "A" */
    0x0, 0x0, 0x0, 0x0, 0x0, 0x0, 0x0, 0x0,
    0x0, 0x0, 0x0, 0x0, 0x3d, 0xd0, 0xf7, 0xcb,
    0x35, 0x0, 0x0, 0x0, 0x0, 0x0, 0x0, 0x0,
    0x0, 0x0, 0x0, 0x0, 0x0, 0x0, 0x0, 0x0,
    0x0, 0x0, 0x0, 0x0, 0x0, 0x0, 0x0, 0x0,
    0x13, 0xef, 0xff, 0xff, 0xff, 0xe9, 0xf, 0x0,
    0x0, 0x0, 0x0, 0x0, 0x0, 0x0, 0x0, 0x0,
    0x0, 0x0, 0x0, 0x0, 0x0, 0x0, 0x0, 0x0,
    0x0, 0x0, 0x0, 0x0, 0x0, 0x7c, 0xff, 0xff,
    0xff, 0xff, 0xff, 0x73, 0x0, 0x0, 0x0, 0x0,
    0x0, 0x0, 0x0, 0x0, 0x0, 0x0, 0x0, 0x0,
    0x0, 0x0, 0x0, 0x0, 0x0, 0x0, 0x0, 0x0,
    0x0, 0x4, 0xe4, 0xff, 0xff, 0xff, 0xff, 0xff,
    0xde, 0x2, 0x0, 0x0, 0x0, 0x0, 0x0, 0x0,
    0x0, 0x0, 0x0, 0x0, 0x0, 0x0, 0x0, 0x0,
    0x0, 0x0, 0x0, 0x0, 0x0, 0x0, 0x57, 0xff,
    0xff, 0xff, 0xff, 0xff, 0xff, 0xff, 0x4e, 0x0,
    0x0, 0x0, 0x0, 0x0, 0x0, 0x0, 0x0, 0x0,
    0x0, 0x0, 0x0, 0x0, 0x0, 0x0, 0x0, 0x0,
    0x0, 0x0, 0x0, 0xc4, 0xff, 0xff, 0xeb, 0xff,
    0xff, 0xff, 0xff, 0xbb, 0x0, 0x0, 0x0, 0x0,
    0x0, 0x0, 0x0, 0x0, 0x0, 0x0, 0x0, 0x0,
    0x0, 0x0, 0x0, 0x0, 0x0, 0x0, 0x0, 0x32,
    0xff, 0xff, 0xff, 0x75, 0xf8, 0xff, 0xff, 0xff,
    0xff, 0x2a, 0x0, 0x0, 0x0, 0x0, 0x0, 0x0,
    0x0, 0x0, 0x0, 0x0, 0x0, 0x0, 0x0, 0x0,
    0x0, 0x0, 0x0, 0x0, 0x9f, 0xff, 0xff, 0xff,
    0xca, 0xa5, 0xff, 0xff, 0xff, 0xff, 0x96, 0x0,
    0x0, 0x0, 0x0, 0x0, 0x0, 0x0, 0x0, 0x0,
    0x0, 0x0, 0x0, 0x0, 0x0, 0x0, 0x0, 0x0,
    0x14, 0xf7, 0xff, 0xff, 0xff, 0xff, 0x5a, 0xff,
    0xff, 0xff, 0xff, 0xf4, 0xf, 0x0, 0x0, 0x0,
    0x0, 0x0, 0x0, 0x0, 0x0, 0x0, 0x0, 0x0,
    0x0, 0x0, 0x0, 0x0, 0x0, 0x7a, 0xff, 0xff,
    0xff, 0xff, 0xd1, 0x1, 0xda, 0xff, 0xff, 0xff,
    0xff, 0x71, 0x0, 0x0, 0x0, 0x0, 0x0, 0x0,
    0x0, 0x0, 0x0, 0x0, 0x0, 0x0, 0x0, 0x0,
    0x0, 0x4, 0xe3, 0xff, 0xff, 0xff, 0xff, 0x6b,
    0x0, 0x76, 0xff, 0xff, 0xff, 0xff, 0xdc, 0x2,
    0x0, 0x0, 0x0, 0x0, 0x0, 0x0, 0x0, 0x0,
    0x0, 0x0, 0x0, 0x0, 0x0, 0x0, 0x55, 0xff,
    0xff, 0xff, 0xff, 0xf5, 0xf, 0x0, 0x16, 0xfa,
    0xff, 0xff, 0xff, 0xff, 0x4c, 0x0, 0x0, 0x0,
    0x0, 0x0, 0x0, 0x0, 0x0, 0x0, 0x0, 0x0,
    0x0, 0x0, 0x0, 0xc2, 0xff, 0xff, 0xff, 0xff,
    0x9f, 0x0, 0x0, 0x0, 0xac, 0xff, 0xff, 0xff,
    0xff, 0xb9, 0x0, 0x0, 0x0, 0x0, 0x0, 0x0,
    0x0, 0x0, 0x0, 0x0, 0x0, 0x0, 0x0, 0x2f,
    0xff, 0xff, 0xff, 0xff, 0xff, 0x39, 0x0, 0x0,
    0x0, 0x47, 0xff, 0xff, 0xff, 0xff, 0xfe, 0x27,
    0x0, 0x0, 0x0, 0x0, 0x0, 0x0, 0x0, 0x0,
    0x0, 0x0, 0x0, 0x0, 0x9d, 0xff, 0xff, 0xff,
    0xff, 0xd3, 0x0, 0x0, 0x0, 0x0, 0x2, 0xe0,
    0xff, 0xff, 0xff, 0xff, 0x94, 0x0, 0x0, 0x0,
    0x0, 0x0, 0x0, 0x0, 0x0, 0x0, 0x0, 0x0,
    0x13, 0xf6, 0xff, 0xff, 0xff, 0xff, 0x6d, 0x0,
    0x0, 0x0, 0x0, 0x0, 0x7d, 0xff, 0xff, 0xff,
    0xff, 0xf3, 0xe, 0x0, 0x0, 0x0, 0x0, 0x0,
    0x0, 0x0, 0x0, 0x0, 0x0, 0x77, 0xff, 0xff,
    0xff, 0xff, 0xf6, 0x10, 0x0, 0x0, 0x0, 0x0,
    0x0, 0x1b, 0xfc, 0xff, 0xff, 0xff, 0xff, 0x6e,
    0x0, 0x0, 0x0, 0x0, 0x0, 0x0, 0x0, 0x0,
    0x0, 0x3, 0xe1, 0xff, 0xff, 0xff, 0xff, 0xa1,
    0x0, 0x0, 0x0, 0x0, 0x0, 0x0, 0x0, 0xb3,
    0xff, 0xff, 0xff, 0xff, 0xda, 0x1, 0x0, 0x0,
    0x0, 0x0, 0x0, 0x0, 0x0, 0x0, 0x52, 0xff,
    0xff, 0xff, 0xff, 0xff, 0x3b, 0x0, 0x0, 0x0,
    0x0, 0x0, 0x0, 0x0, 0x4e, 0xff, 0xff, 0xff,
    0xff, 0xff, 0x49, 0x0, 0x0, 0x0, 0x0, 0x0,
    0x0, 0x0, 0x0, 0xbf, 0xff, 0xff, 0xff, 0xff,
    0xff, 0xff, 0xff, 0xff, 0xff, 0xff, 0xff, 0xff,
    0xff, 0xff, 0xff, 0xff, 0xff, 0xff, 0xff, 0xb6,
    0x0, 0x0, 0x0, 0x0, 0x0, 0x0, 0x0, 0x2d,
    0xff, 0xff, 0xff, 0xff, 0xff, 0xff, 0xff, 0xff,
    0xff, 0xff, 0xff, 0xff, 0xff, 0xff, 0xff, 0xff,
    0xff, 0xff, 0xff, 0xff, 0xfe, 0x25, 0x0, 0x0,
    0x0, 0x0, 0x0, 0x0, 0x9a, 0xff, 0xff, 0xff,
    0xff, 0xff, 0xff, 0xff, 0xff, 0xff, 0xff, 0xff,
    0xff, 0xff, 0xff, 0xff, 0xff, 0xff, 0xff, 0xff,
    0xff, 0xff, 0x91, 0x0, 0x0, 0x0, 0x0, 0x0,
    0x11, 0xf5, 0xff, 0xff, 0xff, 0xff, 0xff, 0xff,
    0xff, 0xff, 0xff, 0xff, 0xff, 0xff, 0xff, 0xff,
    0xff, 0xff, 0xff, 0xff, 0xff, 0xff, 0xff, 0xf1,
    0xc, 0x0, 0x0, 0x0, 0x0, 0x75, 0xff, 0xff,
    0xff, 0xff, 0xff, 0xca, 0xb4, 0xb4, 0xb4, 0xb4,
    0xb4, 0xb4, 0xb4, 0xb4, 0xb4, 0xb4, 0xb4, 0xd0,
    0xff, 0xff, 0xff, 0xff, 0xff, 0x6c, 0x0, 0x0,
    0x0, 0x2, 0xdf, 0xff, 0xff, 0xff, 0xff, 0xf3,
    0xf, 0x0, 0x0, 0x0, 0x0, 0x0, 0x0, 0x0,
    0x0, 0x0, 0x0, 0x0, 0x1c, 0xfb, 0xff, 0xff,
    0xff, 0xff, 0xd8, 0x1, 0x0, 0x0, 0x4f, 0xff,
    0xff, 0xff, 0xff, 0xff, 0x94, 0x0, 0x0, 0x0,
    0x0, 0x0, 0x0, 0x0, 0x0, 0x0, 0x0, 0x0,
    0x0, 0x0, 0xaa, 0xff, 0xff, 0xff, 0xff, 0xff,
    0x46, 0x0, 0x0, 0xb7, 0xff, 0xff, 0xff, 0xff,
    0xfe, 0x27, 0x0, 0x0, 0x0, 0x0, 0x0, 0x0,
    0x0, 0x0, 0x0, 0x0, 0x0, 0x0, 0x0, 0x3c,
    0xff, 0xff, 0xff, 0xff, 0xff, 0xab, 0x0, 0xe,
    0xfc, 0xff, 0xff, 0xff, 0xff, 0xb7, 0x0, 0x0,
    0x0, 0x0, 0x0, 0x0, 0x0, 0x0, 0x0, 0x0,
    0x0, 0x0, 0x0, 0x0, 0x0, 0xcd, 0xff, 0xff,
    0xff, 0xff, 0xf4, 0x1, 0x2a, 0xff, 0xff, 0xff,
    0xff, 0xff, 0x49, 0x0, 0x0, 0x0, 0x0, 0x0,
    0x0, 0x0, 0x0, 0x0, 0x0, 0x0, 0x0, 0x0,
    0x0, 0x0, 0x60, 0xff, 0xff, 0xff, 0xff, 0xff,
    0x13, 0xf, 0xff, 0xff, 0xff, 0xff, 0xd9, 0x1,
    0x0, 0x0, 0x0, 0x0, 0x0, 0x0, 0x0, 0x0,
    0x0, 0x0, 0x0, 0x0, 0x0, 0x0, 0x0, 0x7,
    0xea, 0xff, 0xff, 0xff, 0xf4, 0x1, 0x0, 0xb3,
    0xff, 0xff, 0xff, 0x6b, 0x0, 0x0, 0x0, 0x0,
    0x0, 0x0, 0x0, 0x0, 0x0, 0x0, 0x0, 0x0,
    0x0, 0x0, 0x0, 0x0, 0x0, 0x84, 0xff, 0xff,
    0xff, 0x99, 0x0, 0x0, 0x1a, 0xc8, 0xff, 0xf0,
    0xc, 0x0, 0x0, 0x0, 0x0, 0x0, 0x0, 0x0,
    0x0, 0x0, 0x0, 0x0, 0x0, 0x0, 0x0, 0x0,
    0x0, 0x0, 0x1a, 0xfa, 0xff, 0xba, 0x10, 0x0,
    0x0, 0x0, 0x4, 0x48, 0x54, 0x0, 0x0, 0x0,
    0x0, 0x0, 0x0, 0x0, 0x0, 0x0, 0x0, 0x0,
    0x0, 0x0, 0x0, 0x0, 0x0, 0x0, 0x0, 0x0,
    0x5e, 0x41, 0x1, 0x0, 0x0,

    /* U+0042 "B" */
    0x0, 0x2d, 0xc2, 0xf8, 0xff, 0xff, 0xff, 0xff,
    0xff, 0xff, 0xff, 0xff, 0xff, 0xff, 0xff, 0xff,
    0xf1, 0xdc, 0xa8, 0x60, 0x7, 0x0, 0x0, 0x0,
    0x0, 0x0, 0x0, 0x3, 0xe1, 0xff, 0xff, 0xff,
    0xff, 0xff, 0xff, 0xff, 0xff, 0xff, 0xff, 0xff,
    0xff, 0xff, 0xff, 0xff, 0xff, 0xff, 0xff, 0xe4,
    0x52, 0x0, 0x0, 0x0, 0x0, 0x0, 0x25, 0xff,
    0xff, 0xff, 0xff, 0xff, 0xff, 0xff, 0xff, 0xff,
    0xff, 0xff, 0xff, 0xff, 0xff, 0xff, 0xff, 0xff,
    0xff, 0xff, 0xff, 0xff, 0x7a, 0x0, 0x0, 0x0,
    0x0, 0x2c, 0xff, 0xff, 0xff, 0xff, 0xff, 0xff,
    0xff, 0xff, 0xff, 0xff, 0xff, 0xff, 0xff, 0xff,
    0xff, 0xff, 0xff, 0xff, 0xff, 0xff, 0xff, 0xff,
    0x56, 0x0, 0x0, 0x0, 0x2c, 0xff, 0xff, 0xff,
    0xff, 0xff, 0xaa, 0x9c, 0x9c, 0x9c, 0x9c, 0x9c,
    0x9c, 0x9c, 0x9c, 0x9d, 0xb4, 0xf3, 0xff, 0xff,
    0xff, 0xff, 0xff, 0xe7, 0x9, 0x0, 0x0, 0x2c,
    0xff, 0xff, 0xff, 0xff, 0xff, 0x24, 0x0, 0x0,
    0x0, 0x0, 0x0, 0x0, 0x0, 0x0, 0x0, 0x0,
    0x14, 0xc0, 0xff, 0xff, 0xff, 0xff, 0xff, 0x65,
    0x0, 0x0, 0x2c, 0xff, 0xff, 0xff, 0xff, 0xff,
    0x24, 0x0, 0x0, 0x0, 0x0, 0x0, 0x0, 0x0,
    0x0, 0x0, 0x0, 0x0, 0x15, 0xf2, 0xff, 0xff,
    0xff, 0xff, 0xad, 0x0, 0x0, 0x2c, 0xff, 0xff,
    0xff, 0xff, 0xff, 0x24, 0x0, 0x0, 0x0, 0x0,
    0x0, 0x0, 0x0, 0x0, 0x0, 0x0, 0x0, 0x0,
    0xa2, 0xff, 0xff, 0xff, 0xff, 0xde, 0x0, 0x0,
    0x2c, 0xff, 0xff, 0xff, 0xff, 0xff, 0x24, 0x0,
    0x0, 0x0, 0x0, 0x0, 0x0, 0x0, 0x0, 0x0,
    0x0, 0x0, 0x0, 0x75, 0xff, 0xff, 0xff, 0xff,
    0xf3, 0x0, 0x0, 0x2c, 0xff, 0xff, 0xff, 0xff,
    0xff, 0x24, 0x0, 0x0, 0x0, 0x0, 0x0, 0x0,
    0x0, 0x0, 0x0, 0x0, 0x0, 0x0, 0x6e, 0xff,
    0xff, 0xff, 0xff, 0xf8, 0x0, 0x0, 0x2c, 0xff,
    0xff, 0xff, 0xff, 0xff, 0x24, 0x0, 0x0, 0x0,
    0x0, 0x0, 0x0, 0x0, 0x0, 0x0, 0x0, 0x0,
    0x0, 0x8e, 0xff, 0xff, 0xff, 0xff, 0xda, 0x0,
    0x0, 0x2c, 0xff, 0xff, 0xff, 0xff, 0xff, 0x24,
    0x0, 0x0, 0x0, 0x0, 0x0, 0x0, 0x0, 0x0,
    0x0, 0x0, 0x0, 0x2, 0xdd, 0xff, 0xff, 0xff,
    0xff, 0x98, 0x0, 0x0, 0x2c, 0xff, 0xff, 0xff,
    0xff, 0xff, 0x24, 0x0, 0x0, 0x0, 0x0, 0x0,
    0x0, 0x0, 0x0, 0x0, 0x0, 0x0, 0x7c, 0xff,
    0xff, 0xff, 0xff, 0xff, 0x30, 0x0, 0x0, 0x2c,
    0xff, 0xff, 0xff, 0xff, 0xff, 0x24, 0x0, 0x0,
    0x0, 0x0, 0x0, 0x0, 0x0, 0x0, 0x1, 0x1f,
    0x8d, 0xff, 0xff, 0xff, 0xff, 0xff, 0x8e, 0x0,
    0x0, 0x0, 0x2c, 0xff, 0xff, 0xff, 0xff, 0xff,
    0xff, 0xff, 0xff, 0xff, 0xff, 0xff, 0xff, 0xff,
    0xff, 0xff, 0xff, 0xff, 0xff, 0xff, 0xff, 0xff,
    0xbc, 0x5, 0x0, 0x0, 0x0, 0x2c, 0xff, 0xff,
    0xff, 0xff, 0xff, 0xff, 0xff, 0xff, 0xff, 0xff,
    0xff, 0xff, 0xff, 0xff, 0xff, 0xff, 0xff, 0xff,
    0xff, 0xff, 0x8d, 0x3, 0x0, 0x0, 0x0, 0x0,
    0x2c, 0xff, 0xff, 0xff, 0xff, 0xff, 0xff, 0xff,
    0xff, 0xff, 0xff, 0xff, 0xff, 0xff, 0xff, 0xff,
    0xff, 0xff, 0xff, 0xff, 0xff, 0xe2, 0x75, 0x6,
    0x0, 0x0, 0x0, 0x2c, 0xff, 0xff, 0xff, 0xff,
    0xff, 0xff, 0xff, 0xff, 0xff, 0xff, 0xff, 0xff,
    0xff, 0xff, 0xff, 0xff, 0xff, 0xff, 0xff, 0xff,
    0xff, 0xff, 0xcd, 0x19, 0x0, 0x0, 0x2c, 0xff,
    0xff, 0xff, 0xff, 0xff, 0x9f, 0x90, 0x90, 0x90,
    0x90, 0x90, 0x90, 0x90, 0x90, 0x90, 0x91, 0xa6,
    0xe4, 0xff, 0xff, 0xff, 0xff, 0xff, 0xd0, 0x8,
    0x0, 0x2c, 0xff, 0xff, 0xff, 0xff, 0xff, 0x24,
    0x0, 0x0, 0x0, 0x0, 0x0, 0x0, 0x0, 0x0,
    0x0, 0x0, 0x0, 0x4, 0x7e, 0xff, 0xff, 0xff,
    0xff, 0xff, 0x7d, 0x0, 0x2c, 0xff, 0xff, 0xff,
    0xff, 0xff, 0x24, 0x0, 0x0, 0x0, 0x0, 0x0,
    0x0, 0x0, 0x0, 0x0, 0x0, 0x0, 0x0, 0x0,
    0xaa, 0xff, 0xff, 0xff, 0xff, 0xe8, 0x2, 0x2c,
    0xff, 0xff, 0xff, 0xff, 0xff, 0x24, 0x0, 0x0,
    0x0, 0x0, 0x0, 0x0, 0x0, 0x0, 0x0, 0x0,
    0x0, 0x0, 0x0, 0x46, 0xff, 0xff, 0xff, 0xff,
    0xff, 0x2c, 0x2c, 0xff, 0xff, 0xff, 0xff, 0xff,
    0x24, 0x0, 0x0, 0x0, 0x0, 0x0, 0x0, 0x0,
    0x0, 0x0, 0x0, 0x0, 0x0, 0x0, 0x20, 0xff,
    0xff, 0xff, 0xff, 0xff, 0x48, 0x2c, 0xff, 0xff,
    0xff, 0xff, 0xff, 0x24, 0x0, 0x0, 0x0, 0x0,
    0x0, 0x0, 0x0, 0x0, 0x0, 0x0, 0x0, 0x0,
    0x0, 0x23, 0xff, 0xff, 0xff, 0xff, 0xff, 0x45,
    0x2c, 0xff, 0xff, 0xff, 0xff, 0xff, 0x24, 0x0,
    0x0, 0x0, 0x0, 0x0, 0x0, 0x0, 0x0, 0x0,
    0x0, 0x0, 0x0, 0x0, 0x52, 0xff, 0xff, 0xff,
    0xff, 0xff, 0x2b, 0x2c, 0xff, 0xff, 0xff, 0xff,
    0xff, 0x24, 0x0, 0x0, 0x0, 0x0, 0x0, 0x0,
    0x0, 0x0, 0x0, 0x0, 0x0, 0x0, 0x2, 0xc2,
    0xff, 0xff, 0xff, 0xff, 0xf1, 0x4, 0x2c, 0xff,
    0xff, 0xff, 0xff, 0xff, 0x24, 0x0, 0x0, 0x0,
    0x0, 0x0, 0x0, 0x0, 0x0, 0x0, 0x0, 0x0,
    0x10, 0xa1, 0xff, 0xff, 0xff, 0xff, 0xff, 0xa0,
    0x0, 0x2c, 0xff, 0xff, 0xff, 0xff, 0xff, 0xb4,
    0xa8, 0xa8, 0xa8, 0xa8, 0xa8, 0xa8, 0xa8, 0xa8,
    0xa8, 0xa9, 0xbe, 0xf5, 0xff, 0xff, 0xff, 0xff,
    0xff, 0xfa, 0x2a, 0x0, 0x2c, 0xff, 0xff, 0xff,
    0xff, 0xff, 0xff, 0xff, 0xff, 0xff, 0xff, 0xff,
    0xff, 0xff, 0xff, 0xff, 0xff, 0xff, 0xff, 0xff,
    0xff, 0xff, 0xff, 0xff, 0x6a, 0x0, 0x0, 0x23,
    0xff, 0xff, 0xff, 0xff, 0xff, 0xff, 0xff, 0xff,
    0xff, 0xff, 0xff, 0xff, 0xff, 0xff, 0xff, 0xff,
    0xff, 0xff, 0xff, 0xff, 0xff, 0xff, 0x8c, 0x0,
    0x0, 0x0, 0x2, 0xdb, 0xff, 0xff, 0xff, 0xff,
    0xff, 0xff, 0xff, 0xff, 0xff, 0xff, 0xff, 0xff,
    0xff, 0xff, 0xff, 0xff, 0xff, 0xff, 0xff, 0xe9,
    0x4d, 0x0, 0x0, 0x0, 0x0, 0x0, 0x27, 0xbe,
    0xf8, 0xff, 0xff, 0xff, 0xff, 0xff, 0xff, 0xff,
    0xff, 0xff, 0xff, 0xff, 0xff, 0xff, 0xf6, 0xdd,
    0xad, 0x60, 0x9, 0x0, 0x0, 0x0, 0x0, 0x0,

    /* U+0043 "C" */
    0x0, 0x0, 0x0, 0x0, 0x0, 0x0, 0x0, 0x4,
    0x44, 0x8a, 0xbc, 0xe1, 0xf3, 0xfc, 0xf5, 0xe7,
    0xc9, 0xa0, 0x67, 0x1d, 0x0, 0x0, 0x0, 0x0,
    0x0, 0x0, 0x0, 0x0, 0x0, 0x0, 0x0, 0x0,
    0x0, 0xa, 0x7a, 0xe5, 0xff, 0xff, 0xff, 0xff,
    0xff, 0xff, 0xff, 0xff, 0xff, 0xff, 0xff, 0xfe,
    0xc2, 0x4f, 0x0, 0x0, 0x0, 0x0, 0x0, 0x0,
    0x0, 0x0, 0x0, 0x0, 0x42, 0xe3, 0xff, 0xff,
    0xff, 0xff, 0xff, 0xff, 0xff, 0xff, 0xff, 0xff,
    0xff, 0xff, 0xff, 0xff, 0xff, 0xff, 0xc0, 0x23,
    0x0, 0x0, 0x0, 0x0, 0x0, 0x0, 0x0, 0x69,
    0xfd, 0xff, 0xff, 0xff, 0xff, 0xff, 0xff, 0xff,
    0xff, 0xff, 0xff, 0xff, 0xff, 0xff, 0xff, 0xff,
    0xff, 0xff, 0xff, 0xed, 0x3a, 0x0, 0x0, 0x0,
    0x0, 0x0, 0x5c, 0xff, 0xff, 0xff, 0xff, 0xff,
    0xff, 0xff, 0xff, 0xed, 0xce, 0xc0, 0xcc, 0xe7,
    0xff, 0xff, 0xff, 0xff, 0xff, 0xff, 0xff, 0xff,
    0xef, 0x26, 0x0, 0x0, 0x0, 0x24, 0xf4, 0xff,
    0xff, 0xff, 0xff, 0xff, 0xf6, 0x91, 0x2c, 0x1,
    0x0, 0x0, 0x0, 0x0, 0x1b, 0x6f, 0xde, 0xff,
    0xff, 0xff, 0xff, 0xff, 0xff, 0xc4, 0x0, 0x0,
    0x0, 0xad, 0xff, 0xff, 0xff, 0xff, 0xff, 0xd5,
    0x29, 0x0, 0x0, 0x0, 0x0, 0x0, 0x0, 0x0,
    0x0, 0x0, 0x8, 0x92, 0xff, 0xff, 0xff, 0xff,
    0xff, 0xff, 0x40, 0x0, 0x1e, 0xfe, 0xff, 0xff,
    0xff, 0xff, 0xe0, 0x18, 0x0, 0x0, 0x0, 0x0,
    0x0, 0x0, 0x0, 0x0, 0x0, 0x0, 0x0, 0x0,
    0x91, 0xff, 0xff, 0xff, 0xff, 0xff, 0x8f, 0x0,
    0x71, 0xff, 0xff, 0xff, 0xff, 0xff, 0x4f, 0x0,
    0x0, 0x0, 0x0, 0x0, 0x0, 0x0, 0x0, 0x0,
    0x0, 0x0, 0x0, 0x0, 0x7, 0xec, 0xff, 0xff,
    0xff, 0xff, 0xba, 0x0, 0xa7, 0xff, 0xff, 0xff,
    0xff, 0xe4, 0x1, 0x0, 0x0, 0x0, 0x0, 0x0,
    0x0, 0x0, 0x0, 0x0, 0x0, 0x0, 0x0, 0x0,
    0x0, 0xa3, 0xff, 0xff, 0xff, 0xff, 0xc5, 0x0,
    0xc7, 0xff, 0xff, 0xff, 0xff, 0xaa, 0x0, 0x0,
    0x0, 0x0, 0x0, 0x0, 0x0, 0x0, 0x0, 0x0,
    0x0, 0x0, 0x0, 0x0, 0x0, 0x88, 0xff, 0xff,
    0xff, 0xff, 0x96, 0x0, 0xd5, 0xff, 0xff, 0xff,
    0xff, 0x93, 0x0, 0x0, 0x0, 0x0, 0x0, 0x0,
    0x0, 0x0, 0x0, 0x0, 0x0, 0x0, 0x0, 0x0,
    0x0, 0x8c, 0xff, 0xff, 0xff, 0xda, 0x1a, 0x0,
    0xd8, 0xff, 0xff, 0xff, 0xff, 0x90, 0x0, 0x0,
    0x0, 0x0, 0x0, 0x0, 0x0, 0x0, 0x0, 0x0,
    0x0, 0x0, 0x0, 0x0, 0x0, 0x4d, 0x93, 0x8d,
    0x5f, 0x6, 0x0, 0x0, 0xd8, 0xff, 0xff, 0xff,
    0xff, 0x90, 0x0, 0x0, 0x0, 0x0, 0x0, 0x0,
    0x0, 0x0, 0x0, 0x0, 0x0, 0x0, 0x0, 0x0,
    0x0, 0x0, 0x0, 0x0, 0x0, 0x0, 0x0, 0x0,
    0xd8, 0xff, 0xff, 0xff, 0xff, 0x90, 0x0, 0x0,
    0x0, 0x0, 0x0, 0x0, 0x0, 0x0, 0x0, 0x0,
    0x0, 0x0, 0x0, 0x0, 0x0, 0x0, 0x0, 0x0,
    0x0, 0x0, 0x0, 0x0, 0xd8, 0xff, 0xff, 0xff,
    0xff, 0x90, 0x0, 0x0, 0x0, 0x0, 0x0, 0x0,
    0x0, 0x0, 0x0, 0x0, 0x0, 0x0, 0x0, 0x0,
    0x0, 0x0, 0x0, 0x0, 0x0, 0x0, 0x0, 0x0,
    0xd8, 0xff, 0xff, 0xff, 0xff, 0x90, 0x0, 0x0,
    0x0, 0x0, 0x0, 0x0, 0x0, 0x0, 0x0, 0x0,
    0x0, 0x0, 0x0, 0x0, 0x0, 0x0, 0x0, 0x0,
    0x0, 0x0, 0x0, 0x0, 0xd8, 0xff, 0xff, 0xff,
    0xff, 0x90, 0x0, 0x0, 0x0, 0x0, 0x0, 0x0,
    0x0, 0x0, 0x0, 0x0, 0x0, 0x0, 0x0, 0x0,
    0x0, 0x0, 0x0, 0x0, 0x0, 0x0, 0x0, 0x0,
    0xd8, 0xff, 0xff, 0xff, 0xff, 0x90, 0x0, 0x0,
    0x0, 0x0, 0x0, 0x0, 0x0, 0x0, 0x0, 0x0,
    0x0, 0x0, 0x0, 0x0, 0x0, 0x0, 0x0, 0x0,
    0x0, 0x0, 0x0, 0x0, 0xd8, 0xff, 0xff, 0xff,
    0xff, 0x90, 0x0, 0x0, 0x0, 0x0, 0x0, 0x0,
    0x0, 0x0, 0x0, 0x0, 0x0, 0x0, 0x0, 0x0,
    0x0, 0x28, 0x79, 0x7d, 0x54, 0x5, 0x0, 0x0,
    0xd4, 0xff, 0xff, 0xff, 0xff, 0x95, 0x0, 0x0,
    0x0, 0x0, 0x0, 0x0, 0x0, 0x0, 0x0, 0x0,
    0x0, 0x0, 0x0, 0x0, 0x0, 0x53, 0xff, 0xff,
    0xff, 0xda, 0x25, 0x0, 0xc4, 0xff, 0xff, 0xff,
    0xff, 0xaf, 0x0, 0x0, 0x0, 0x0, 0x0, 0x0,
    0x0, 0x0, 0x0, 0x0, 0x0, 0x0, 0x0, 0x0,
    0x0, 0x4c, 0xff, 0xff, 0xff, 0xff, 0xbb, 0x0,
    0xa1, 0xff, 0xff, 0xff, 0xff, 0xec, 0x3, 0x0,
    0x0, 0x0, 0x0, 0x0, 0x0, 0x0, 0x0, 0x0,
    0x0, 0x0, 0x0, 0x0, 0x0, 0x67, 0xff, 0xff,
    0xff, 0xff, 0xfb, 0x1, 0x67, 0xff, 0xff, 0xff,
    0xff, 0xff, 0x61, 0x0, 0x0, 0x0, 0x0, 0x0,
    0x0, 0x0, 0x0, 0x0, 0x0, 0x0, 0x0, 0x0,
    0x0, 0xb9, 0xff, 0xff, 0xff, 0xff, 0xfa, 0x0,
    0x15, 0xfb, 0xff, 0xff, 0xff, 0xff, 0xec, 0x27,
    0x0, 0x0, 0x0, 0x0, 0x0, 0x0, 0x0, 0x0,
    0x0, 0x0, 0x0, 0x0, 0x57, 0xff, 0xff, 0xff,
    0xff, 0xff, 0xd9, 0x0, 0x0, 0x9c, 0xff, 0xff,
    0xff, 0xff, 0xff, 0xe5, 0x3e, 0x0, 0x0, 0x0,
    0x0, 0x0, 0x0, 0x0, 0x0, 0x0, 0x2, 0x6b,
    0xfb, 0xff, 0xff, 0xff, 0xff, 0xff, 0x8f, 0x0,
    0x0, 0x19, 0xec, 0xff, 0xff, 0xff, 0xff, 0xff,
    0xfd, 0xaa, 0x44, 0x9, 0x0, 0x0, 0x0, 0x0,
    0x1c, 0x67, 0xcf, 0xff, 0xff, 0xff, 0xff, 0xff,
    0xff, 0xf7, 0x20, 0x0, 0x0, 0x0, 0x49, 0xfb,
    0xff, 0xff, 0xff, 0xff, 0xff, 0xff, 0xff, 0xfa,
    0xdf, 0xd0, 0xd8, 0xed, 0xff, 0xff, 0xff, 0xff,
    0xff, 0xff, 0xff, 0xff, 0xff, 0x6c, 0x0, 0x0,
    0x0, 0x0, 0x0, 0x54, 0xf8, 0xff, 0xff, 0xff,
    0xff, 0xff, 0xff, 0xff, 0xff, 0xff, 0xff, 0xff,
    0xff, 0xff, 0xff, 0xff, 0xff, 0xff, 0xff, 0xff,
    0x7f, 0x0, 0x0, 0x0, 0x0, 0x0, 0x0, 0x0,
    0x32, 0xd7, 0xff, 0xff, 0xff, 0xff, 0xff, 0xff,
    0xff, 0xff, 0xff, 0xff, 0xff, 0xff, 0xff, 0xff,
    0xff, 0xff, 0xe4, 0x50, 0x0, 0x0, 0x0, 0x0,
    0x0, 0x0, 0x0, 0x0, 0x0, 0x4, 0x6b, 0xdb,
    0xff, 0xff, 0xff, 0xff, 0xff, 0xff, 0xff, 0xff,
    0xff, 0xff, 0xff, 0xff, 0xdc, 0x73, 0xb, 0x0,
    0x0, 0x0, 0x0, 0x0, 0x0, 0x0, 0x0, 0x0,
    0x0, 0x0, 0x0, 0x1, 0x3b, 0x81, 0xb7, 0xde,
    0xf2, 0xfd, 0xf8, 0xec, 0xd0, 0xab, 0x76, 0x31,
    0x0, 0x0, 0x0, 0x0, 0x0, 0x0, 0x0, 0x0,

    /* U+0044 "D" */
    0x0, 0x2d, 0xc2, 0xf8, 0xff, 0xff, 0xff, 0xff,
    0xff, 0xff, 0xff, 0xff, 0xff, 0xff, 0xf5, 0xe7,
    0xc4, 0x97, 0x52, 0xb, 0x0, 0x0, 0x0, 0x0,
    0x0, 0x0, 0x0, 0x0, 0x3, 0xe1, 0xff, 0xff,
    0xff, 0xff, 0xff, 0xff, 0xff, 0xff, 0xff, 0xff,
    0xff, 0xff, 0xff, 0xff, 0xff, 0xff, 0xff, 0xf0,
    0x8f, 0x15, 0x0, 0x0, 0x0, 0x0, 0x0, 0x0,
    0x25, 0xff, 0xff, 0xff, 0xff, 0xff, 0xff, 0xff,
    0xff, 0xff, 0xff, 0xff, 0xff, 0xff, 0xff, 0xff,
    0xff, 0xff, 0xff, 0xff, 0xff, 0xf0, 0x5d, 0x0,
    0x0, 0x0, 0x0, 0x0, 0x2c, 0xff, 0xff, 0xff,
    0xff, 0xff, 0xff, 0xff, 0xff, 0xff, 0xff, 0xff,
    0xff, 0xff, 0xff, 0xff, 0xff, 0xff, 0xff, 0xff,
    0xff, 0xff, 0xff, 0x89, 0x0, 0x0, 0x0, 0x0,
    0x2c, 0xff, 0xff, 0xff, 0xff, 0xff, 0xc2, 0xb0,
    0xb0, 0xb0, 0xb0, 0xb0, 0xb0, 0xb4, 0xc4, 0xe0,
    0xff, 0xff, 0xff, 0xff, 0xff, 0xff, 0xff, 0xff,
    0x78, 0x0, 0x0, 0x0, 0x2c, 0xff, 0xff, 0xff,
    0xff, 0xff, 0x3c, 0x0, 0x0, 0x0, 0x0, 0x0,
    0x0, 0x0, 0x0, 0x0, 0x15, 0x6c, 0xdd, 0xff,
    0xff, 0xff, 0xff, 0xff, 0xfb, 0x36, 0x0, 0x0,
    0x2c, 0xff, 0xff, 0xff, 0xff, 0xff, 0x3c, 0x0,
    0x0, 0x0, 0x0, 0x0, 0x0, 0x0, 0x0, 0x0,
    0x0, 0x0, 0xa, 0x9f, 0xff, 0xff, 0xff, 0xff,
    0xff, 0xc3, 0x0, 0x0, 0x2c, 0xff, 0xff, 0xff,
    0xff, 0xff, 0x3c, 0x0, 0x0, 0x0, 0x0, 0x0,
    0x0, 0x0, 0x0, 0x0, 0x0, 0x0, 0x0, 0x2,
    0xaf, 0xff, 0xff, 0xff, 0xff, 0xff, 0x39, 0x0,
    0x2c, 0xff, 0xff, 0xff, 0xff, 0xff, 0x3c, 0x0,
    0x0, 0x0, 0x0, 0x0, 0x0, 0x0, 0x0, 0x0,
    0x0, 0x0, 0x0, 0x0, 0x1d, 0xf7, 0xff, 0xff,
    0xff, 0xff, 0x90, 0x0, 0x2c, 0xff, 0xff, 0xff,
    0xff, 0xff, 0x3c, 0x0, 0x0, 0x0, 0x0, 0x0,
    0x0, 0x0, 0x0, 0x0, 0x0, 0x0, 0x0, 0x0,
    0x0, 0xb3, 0xff, 0xff, 0xff, 0xff, 0xcb, 0x0,
    0x2c, 0xff, 0xff, 0xff, 0xff, 0xff, 0x3c, 0x0,
    0x0, 0x0, 0x0, 0x0, 0x0, 0x0, 0x0, 0x0,
    0x0, 0x0, 0x0, 0x0, 0x0, 0x76, 0xff, 0xff,
    0xff, 0xff, 0xf5, 0x0, 0x2c, 0xff, 0xff, 0xff,
    0xff, 0xff, 0x3c, 0x0, 0x0, 0x0, 0x0, 0x0,
    0x0, 0x0, 0x0, 0x0, 0x0, 0x0, 0x0, 0x0,
    0x0, 0x5f, 0xff, 0xff, 0xff, 0xff, 0xff, 0x7,
    0x2c, 0xff, 0xff, 0xff, 0xff, 0xff, 0x3c, 0x0,
    0x0, 0x0, 0x0, 0x0, 0x0, 0x0, 0x0, 0x0,
    0x0, 0x0, 0x0, 0x0, 0x0, 0x54, 0xff, 0xff,
    0xff, 0xff, 0xff, 0xf, 0x2c, 0xff, 0xff, 0xff,
    0xff, 0xff, 0x3c, 0x0, 0x0, 0x0, 0x0, 0x0,
    0x0, 0x0, 0x0, 0x0, 0x0, 0x0, 0x0, 0x0,
    0x0, 0x54, 0xff, 0xff, 0xff, 0xff, 0xff, 0x10,
    0x2c, 0xff, 0xff, 0xff, 0xff, 0xff, 0x3c, 0x0,
    0x0, 0x0, 0x0, 0x0, 0x0, 0x0, 0x0, 0x0,
    0x0, 0x0, 0x0, 0x0, 0x0, 0x54, 0xff, 0xff,
    0xff, 0xff, 0xff, 0x10, 0x2c, 0xff, 0xff, 0xff,
    0xff, 0xff, 0x3c, 0x0, 0x0, 0x0, 0x0, 0x0,
    0x0, 0x0, 0x0, 0x0, 0x0, 0x0, 0x0, 0x0,
    0x0, 0x54, 0xff, 0xff, 0xff, 0xff, 0xff, 0x10,
    0x2c, 0xff, 0xff, 0xff, 0xff, 0xff, 0x3c, 0x0,
    0x0, 0x0, 0x0, 0x0, 0x0, 0x0, 0x0, 0x0,
    0x0, 0x0, 0x0, 0x0, 0x0, 0x54, 0xff, 0xff,
    0xff, 0xff, 0xff, 0x10, 0x2c, 0xff, 0xff, 0xff,
    0xff, 0xff, 0x3c, 0x0, 0x0, 0x0, 0x0, 0x0,
    0x0, 0x0, 0x0, 0x0, 0x0, 0x0, 0x0, 0x0,
    0x0, 0x54, 0xff, 0xff, 0xff, 0xff, 0xff, 0x10,
    0x2c, 0xff, 0xff, 0xff, 0xff, 0xff, 0x3c, 0x0,
    0x0, 0x0, 0x0, 0x0, 0x0, 0x0, 0x0, 0x0,
    0x0, 0x0, 0x0, 0x0, 0x0, 0x54, 0xff, 0xff,
    0xff, 0xff, 0xff, 0x10, 0x2c, 0xff, 0xff, 0xff,
    0xff, 0xff, 0x3c, 0x0, 0x0, 0x0, 0x0, 0x0,
    0x0, 0x0, 0x0, 0x0, 0x0, 0x0, 0x0, 0x0,
    0x0, 0x54, 0xff, 0xff, 0xff, 0xff, 0xff, 0xf,
    0x2c, 0xff, 0xff, 0xff, 0xff, 0xff, 0x3c, 0x0,
    0x0, 0x0, 0x0, 0x0, 0x0, 0x0, 0x0, 0x0,
    0x0, 0x0, 0x0, 0x0, 0x0, 0x60, 0xff, 0xff,
    0xff, 0xff, 0xff, 0x4, 0x2c, 0xff, 0xff, 0xff,
    0xff, 0xff, 0x3c, 0x0, 0x0, 0x0, 0x0, 0x0,
    0x0, 0x0, 0x0, 0x0, 0x0, 0x0, 0x0, 0x0,
    0x0, 0x7a, 0xff, 0xff, 0xff, 0xff, 0xf1, 0x0,
    0x2c, 0xff, 0xff, 0xff, 0xff, 0xff, 0x3c, 0x0,
    0x0, 0x0, 0x0, 0x0, 0x0, 0x0, 0x0, 0x0,
    0x0, 0x0, 0x0, 0x0, 0x0, 0xba, 0xff, 0xff,
    0xff, 0xff, 0xc4, 0x0, 0x2c, 0xff, 0xff, 0xff,
    0xff, 0xff, 0x3c, 0x0, 0x0, 0x0, 0x0, 0x0,
    0x0, 0x0, 0x0, 0x0, 0x0, 0x0, 0x0, 0x0,
    0x24, 0xfa, 0xff, 0xff, 0xff, 0xff, 0x85, 0x0,
    0x2c, 0xff, 0xff, 0xff, 0xff, 0xff, 0x3c, 0x0,
    0x0, 0x0, 0x0, 0x0, 0x0, 0x0, 0x0, 0x0,
    0x0, 0x0, 0x0, 0x4, 0xba, 0xff, 0xff, 0xff,
    0xff, 0xff, 0x2c, 0x0, 0x2c, 0xff, 0xff, 0xff,
    0xff, 0xff, 0x3c, 0x0, 0x0, 0x0, 0x0, 0x0,
    0x0, 0x0, 0x0, 0x0, 0x0, 0x0, 0xe, 0xac,
    0xff, 0xff, 0xff, 0xff, 0xff, 0xb2, 0x0, 0x0,
    0x2c, 0xff, 0xff, 0xff, 0xff, 0xff, 0x3c, 0x0,
    0x0, 0x0, 0x0, 0x0, 0x0, 0x0, 0x0, 0x0,
    0x1b, 0x73, 0xe3, 0xff, 0xff, 0xff, 0xff, 0xff,
    0xf5, 0x26, 0x0, 0x0, 0x2c, 0xff, 0xff, 0xff,
    0xff, 0xff, 0xc5, 0xb4, 0xb4, 0xb4, 0xb4, 0xb4,
    0xb4, 0xb7, 0xc7, 0xe4, 0xff, 0xff, 0xff, 0xff,
    0xff, 0xff, 0xff, 0xfe, 0x5d, 0x0, 0x0, 0x0,
    0x2c, 0xff, 0xff, 0xff, 0xff, 0xff, 0xff, 0xff,
    0xff, 0xff, 0xff, 0xff, 0xff, 0xff, 0xff, 0xff,
    0xff, 0xff, 0xff, 0xff, 0xff, 0xff, 0xfd, 0x6b,
    0x0, 0x0, 0x0, 0x0, 0x24, 0xff, 0xff, 0xff,
    0xff, 0xff, 0xff, 0xff, 0xff, 0xff, 0xff, 0xff,
    0xff, 0xff, 0xff, 0xff, 0xff, 0xff, 0xff, 0xff,
    0xff, 0xe5, 0x47, 0x0, 0x0, 0x0, 0x0, 0x0,
    0x2, 0xe0, 0xff, 0xff, 0xff, 0xff, 0xff, 0xff,
    0xff, 0xff, 0xff, 0xff, 0xff, 0xff, 0xff, 0xff,
    0xff, 0xff, 0xff, 0xeb, 0x83, 0xd, 0x0, 0x0,
    0x0, 0x0, 0x0, 0x0, 0x0, 0x2d, 0xc2, 0xf8,
    0xff, 0xff, 0xff, 0xff, 0xff, 0xff, 0xff, 0xff,
    0xff, 0xff, 0xf7, 0xe8, 0xc4, 0x94, 0x4d, 0x8,
    0x0, 0x0, 0x0, 0x0, 0x0, 0x0, 0x0, 0x0,

    /* U+0045 "E" */
    0x0, 0x2d, 0xc2, 0xf8, 0xff, 0xff, 0xff, 0xff,
    0xff, 0xff, 0xff, 0xff, 0xff, 0xff, 0xff, 0xff,
    0xff, 0xff, 0xff, 0xff, 0xff, 0xff, 0xff, 0x94,
    0x0, 0x3, 0xe1, 0xff, 0xff, 0xff, 0xff, 0xff,
    0xff, 0xff, 0xff, 0xff, 0xff, 0xff, 0xff, 0xff,
    0xff, 0xff, 0xff, 0xff, 0xff, 0xff, 0xff, 0xff,
    0x7c, 0x0, 0x25, 0xff, 0xff, 0xff, 0xff, 0xff,
    0xff, 0xff, 0xff, 0xff, 0xff, 0xff, 0xff, 0xff,
    0xff, 0xff, 0xff, 0xff, 0xff, 0xff, 0xff, 0xff,
    0xff, 0x3f, 0x0, 0x2c, 0xff, 0xff, 0xff, 0xff,
    0xff, 0xff, 0xff, 0xff, 0xff, 0xff, 0xff, 0xff,
    0xff, 0xff, 0xff, 0xff, 0xff, 0xff, 0xff, 0xff,
    0xff, 0xb6, 0x0, 0x0, 0x2c, 0xff, 0xff, 0xff,
    0xff, 0xff, 0xc2, 0xb0, 0xb0, 0xb0, 0xb0, 0xb0,
    0xb0, 0xb0, 0xb0, 0xb0, 0xb0, 0xb0, 0xb0, 0xaf,
    0xa3, 0x67, 0x6, 0x0, 0x0, 0x2c, 0xff, 0xff,
    0xff, 0xff, 0xff, 0x3c, 0x0, 0x0, 0x0, 0x0,
    0x0, 0x0, 0x0, 0x0, 0x0, 0x0, 0x0, 0x0,
    0x0, 0x0, 0x0, 0x0, 0x0, 0x0, 0x2c, 0xff,
    0xff, 0xff, 0xff, 0xff, 0x3c, 0x0, 0x0, 0x0,
    0x0, 0x0, 0x0, 0x0, 0x0, 0x0, 0x0, 0x0,
    0x0, 0x0, 0x0, 0x0, 0x0, 0x0, 0x0, 0x2c,
    0xff, 0xff, 0xff, 0xff, 0xff, 0x3c, 0x0, 0x0,
    0x0, 0x0, 0x0, 0x0, 0x0, 0x0, 0x0, 0x0,
    0x0, 0x0, 0x0, 0x0, 0x0, 0x0, 0x0, 0x0,
    0x2c, 0xff, 0xff, 0xff, 0xff, 0xff, 0x3c, 0x0,
    0x0, 0x0, 0x0, 0x0, 0x0, 0x0, 0x0, 0x0,
    0x0, 0x0, 0x0, 0x0, 0x0, 0x0, 0x0, 0x0,
    0x0, 0x2c, 0xff, 0xff, 0xff, 0xff, 0xff, 0x3c,
    0x0, 0x0, 0x0, 0x0, 0x0, 0x0, 0x0, 0x0,
    0x0, 0x0, 0x0, 0x0, 0x0, 0x0, 0x0, 0x0,
    0x0, 0x0, 0x2c, 0xff, 0xff, 0xff, 0xff, 0xff,
    0x3c, 0x0, 0x0, 0x0, 0x0, 0x0, 0x0, 0x0,
    0x0, 0x0, 0x0, 0x0, 0x0, 0x0, 0x0, 0x0,
    0x0, 0x0, 0x0, 0x2c, 0xff, 0xff, 0xff, 0xff,
    0xff, 0x3c, 0x0, 0x0, 0x0, 0x0, 0x0, 0x0,
    0x0, 0x0, 0x0, 0x0, 0x0, 0x0, 0x0, 0x0,
    0x0, 0x0, 0x0, 0x0, 0x2c, 0xff, 0xff, 0xff,
    0xff, 0xff, 0x3c, 0x0, 0x0, 0x0, 0x0, 0x0,
    0x0, 0x0, 0x0, 0x0, 0x0, 0x0, 0x0, 0x0,
    0x0, 0x0, 0x0, 0x0, 0x0, 0x2c, 0xff, 0xff,
    0xff, 0xff, 0xff, 0x3c, 0x0, 0x0, 0x0, 0x0,
    0x0, 0x0, 0x0, 0x0, 0x0, 0x0, 0x0, 0x0,
    0x0, 0x0, 0x0, 0x0, 0x0, 0x0, 0x2c, 0xff,
    0xff, 0xff, 0xff, 0xff, 0xff, 0xff, 0xff, 0xff,
    0xff, 0xff, 0xff, 0xff, 0xff, 0xff, 0xff, 0xff,
    0x68, 0x0, 0x0, 0x0, 0x0, 0x0, 0x0, 0x2c,
    0xff, 0xff, 0xff, 0xff, 0xff, 0xff, 0xff, 0xff,
    0xff, 0xff, 0xff, 0xff, 0xff, 0xff, 0xff, 0xff,
    0xff, 0x50, 0x0, 0x0, 0x0, 0x0, 0x0, 0x0,
    0x2c, 0xff, 0xff, 0xff, 0xff, 0xff, 0xff, 0xff,
    0xff, 0xff, 0xff, 0xff, 0xff, 0xff, 0xff, 0xff,
    0xff, 0xfc, 0x17, 0x0, 0x0, 0x0, 0x0, 0x0,
    0x0, 0x2c, 0xff, 0xff, 0xff, 0xff, 0xff, 0xff,
    0xff, 0xff, 0xff, 0xff, 0xff, 0xff, 0xff, 0xff,
    0xff, 0xff, 0x8e, 0x0, 0x0, 0x0, 0x0, 0x0,
    0x0, 0x0, 0x2c, 0xff, 0xff, 0xff, 0xff, 0xff,
    0xc5, 0xb4, 0xb4, 0xb4, 0xb4, 0xb4, 0xb4, 0xb4,
    0xb3, 0xa2, 0x5a, 0x1, 0x0, 0x0, 0x0, 0x0,
    0x0, 0x0, 0x0, 0x2c, 0xff, 0xff, 0xff, 0xff,
    0xff, 0x3c, 0x0, 0x0, 0x0, 0x0, 0x0, 0x0,
    0x0, 0x0, 0x0, 0x0, 0x0, 0x0, 0x0, 0x0,
    0x0, 0x0, 0x0, 0x0, 0x2c, 0xff, 0xff, 0xff,
    0xff, 0xff, 0x3c, 0x0, 0x0, 0x0, 0x0, 0x0,
    0x0, 0x0, 0x0, 0x0, 0x0, 0x0, 0x0, 0x0,
    0x0, 0x0, 0x0, 0x0, 0x0, 0x2c, 0xff, 0xff,
    0xff, 0xff, 0xff, 0x3c, 0x0, 0x0, 0x0, 0x0,
    0x0, 0x0, 0x0, 0x0, 0x0, 0x0, 0x0, 0x0,
    0x0, 0x0, 0x0, 0x0, 0x0, 0x0, 0x2c, 0xff,
    0xff, 0xff, 0xff, 0xff, 0x3c, 0x0, 0x0, 0x0,
    0x0, 0x0, 0x0, 0x0, 0x0, 0x0, 0x0, 0x0,
    0x0, 0x0, 0x0, 0x0, 0x0, 0x0, 0x0, 0x2c,
    0xff, 0xff, 0xff, 0xff, 0xff, 0x3c, 0x0, 0x0,
    0x0, 0x0, 0x0, 0x0, 0x0, 0x0, 0x0, 0x0,
    0x0, 0x0, 0x0, 0x0, 0x0, 0x0, 0x0, 0x0,
    0x2c, 0xff, 0xff, 0xff, 0xff, 0xff, 0x3c, 0x0,
    0x0, 0x0, 0x0, 0x0, 0x0, 0x0, 0x0, 0x0,
    0x0, 0x0, 0x0, 0x0, 0x0, 0x0, 0x0, 0x0,
    0x0, 0x2c, 0xff, 0xff, 0xff, 0xff, 0xff, 0x3c,
    0x0, 0x0, 0x0, 0x0, 0x0, 0x0, 0x0, 0x0,
    0x0, 0x0, 0x0, 0x0, 0x0, 0x0, 0x0, 0x0,
    0x0, 0x0, 0x2c, 0xff, 0xff, 0xff, 0xff, 0xff,
    0x3c, 0x0, 0x0, 0x0, 0x0, 0x0, 0x0, 0x0,
    0x0, 0x0, 0x0, 0x0, 0x0, 0x0, 0x0, 0x0,
    0x0, 0x0, 0x0, 0x2c, 0xff, 0xff, 0xff, 0xff,
    0xff, 0xc5, 0xb4, 0xb4, 0xb4, 0xb4, 0xb4, 0xb4,
    0xb4, 0xb4, 0xb4, 0xb4, 0xb4, 0xb4, 0xb4, 0xb3,
    0xa4, 0x60, 0x3, 0x0, 0x2c, 0xff, 0xff, 0xff,
    0xff, 0xff, 0xff, 0xff, 0xff, 0xff, 0xff, 0xff,
    0xff, 0xff, 0xff, 0xff, 0xff, 0xff, 0xff, 0xff,
    0xff, 0xff, 0xff, 0x9e, 0x0, 0x24, 0xff, 0xff,
    0xff, 0xff, 0xff, 0xff, 0xff, 0xff, 0xff, 0xff,
    0xff, 0xff, 0xff, 0xff, 0xff, 0xff, 0xff, 0xff,
    0xff, 0xff, 0xff, 0xff, 0xff, 0x26, 0x2, 0xe0,
    0xff, 0xff, 0xff, 0xff, 0xff, 0xff, 0xff, 0xff,
    0xff, 0xff, 0xff, 0xff, 0xff, 0xff, 0xff, 0xff,
    0xff, 0xff, 0xff, 0xff, 0xff, 0xff, 0x61, 0x0,
    0x2d, 0xc2, 0xf8, 0xff, 0xff, 0xff, 0xff, 0xff,
    0xff, 0xff, 0xff, 0xff, 0xff, 0xff, 0xff, 0xff,
    0xff, 0xff, 0xff, 0xff, 0xff, 0xff, 0xff, 0x79,

    /* U+0046 "F" */
    0x0, 0x2f, 0xc3, 0xf8, 0xff, 0xff, 0xff, 0xff,
    0xff, 0xff, 0xff, 0xff, 0xff, 0xff, 0xff, 0xff,
    0xff, 0xff, 0xff, 0xff, 0xff, 0xff, 0xff, 0xcd,
    0x3, 0xe3, 0xff, 0xff, 0xff, 0xff, 0xff, 0xff,
    0xff, 0xff, 0xff, 0xff, 0xff, 0xff, 0xff, 0xff,
    0xff, 0xff, 0xff, 0xff, 0xff, 0xff, 0xff, 0xb5,
    0x25, 0xff, 0xff, 0xff, 0xff, 0xff, 0xff, 0xff,
    0xff, 0xff, 0xff, 0xff, 0xff, 0xff, 0xff, 0xff,
    0xff, 0xff, 0xff, 0xff, 0xff, 0xff, 0xff, 0x79,
    0x2c, 0xff, 0xff, 0xff, 0xff, 0xff, 0xff, 0xff,
    0xff, 0xff, 0xff, 0xff, 0xff, 0xff, 0xff, 0xff,
    0xff, 0xff, 0xff, 0xff, 0xff, 0xff, 0xe1, 0x11,
    0x2c, 0xff, 0xff, 0xff, 0xff, 0xff, 0xc2, 0xb0,
    0xb0, 0xb0, 0xb0, 0xb0, 0xb0, 0xb0, 0xb0, 0xb0,
    0xb0, 0xb0, 0xb0, 0xb0, 0xa9, 0x7d, 0x15, 0x0,
    0x2c, 0xff, 0xff, 0xff, 0xff, 0xff, 0x3c, 0x0,
    0x0, 0x0, 0x0, 0x0, 0x0, 0x0, 0x0, 0x0,
    0x0, 0x0, 0x0, 0x0, 0x0, 0x0, 0x0, 0x0,
    0x2c, 0xff, 0xff, 0xff, 0xff, 0xff, 0x3c, 0x0,
    0x0, 0x0, 0x0, 0x0, 0x0, 0x0, 0x0, 0x0,
    0x0, 0x0, 0x0, 0x0, 0x0, 0x0, 0x0, 0x0,
    0x2c, 0xff, 0xff, 0xff, 0xff, 0xff, 0x3c, 0x0,
    0x0, 0x0, 0x0, 0x0, 0x0, 0x0, 0x0, 0x0,
    0x0, 0x0, 0x0, 0x0, 0x0, 0x0, 0x0, 0x0,
    0x2c, 0xff, 0xff, 0xff, 0xff, 0xff, 0x3c, 0x0,
    0x0, 0x0, 0x0, 0x0, 0x0, 0x0, 0x0, 0x0,
    0x0, 0x0, 0x0, 0x0, 0x0, 0x0, 0x0, 0x0,
    0x2c, 0xff, 0xff, 0xff, 0xff, 0xff, 0x3c, 0x0,
    0x0, 0x0, 0x0, 0x0, 0x0, 0x0, 0x0, 0x0,
    0x0, 0x0, 0x0, 0x0, 0x0, 0x0, 0x0, 0x0,
    0x2c, 0xff, 0xff, 0xff, 0xff, 0xff, 0x3c, 0x0,
    0x0, 0x0, 0x0, 0x0, 0x0, 0x0, 0x0, 0x0,
    0x0, 0x0, 0x0, 0x0, 0x0, 0x0, 0x0, 0x0,
    0x2c, 0xff, 0xff, 0xff, 0xff, 0xff, 0x3c, 0x0,
    0x0, 0x0, 0x0, 0x0, 0x0, 0x0, 0x0, 0x0,
    0x0, 0x0, 0x0, 0x0, 0x0, 0x0, 0x0, 0x0,
    0x2c, 0xff, 0xff, 0xff, 0xff, 0xff, 0x3c, 0x0,
    0x0, 0x0, 0x0, 0x0, 0x0, 0x0, 0x0, 0x0,
    0x0, 0x0, 0x0, 0x0, 0x0, 0x0, 0x0, 0x0,
    0x2c, 0xff, 0xff, 0xff, 0xff, 0xff, 0xff, 0xff,
    0xff, 0xff, 0xff, 0xff, 0xff, 0xff, 0xff, 0xff,
    0xff, 0xff, 0x68, 0x0, 0x0, 0x0, 0x0, 0x0,
    0x2c, 0xff, 0xff, 0xff, 0xff, 0xff, 0xff, 0xff,
    0xff, 0xff, 0xff, 0xff, 0xff, 0xff, 0xff, 0xff,
    0xff, 0xff, 0x51, 0x0, 0x0, 0x0, 0x0, 0x0,
    0x2c, 0xff, 0xff, 0xff, 0xff, 0xff, 0xff, 0xff,
    0xff, 0xff, 0xff, 0xff, 0xff, 0xff, 0xff, 0xff,
    0xff, 0xfc, 0x18, 0x0, 0x0, 0x0, 0x0, 0x0,
    0x2c, 0xff, 0xff, 0xff, 0xff, 0xff, 0xff, 0xff,
    0xff, 0xff, 0xff, 0xff, 0xff, 0xff, 0xff, 0xff,
    0xff, 0x8e, 0x0, 0x0, 0x0, 0x0, 0x0, 0x0,
    0x2c, 0xff, 0xff, 0xff, 0xff, 0xff, 0xc5, 0xb4,
    0xb4, 0xb4, 0xb4, 0xb4, 0xb4, 0xb4, 0xb3, 0xa2,
    0x5a, 0x1, 0x0, 0x0, 0x0, 0x0, 0x0, 0x0,
    0x2c, 0xff, 0xff, 0xff, 0xff, 0xff, 0x3c, 0x0,
    0x0, 0x0, 0x0, 0x0, 0x0, 0x0, 0x0, 0x0,
    0x0, 0x0, 0x0, 0x0, 0x0, 0x0, 0x0, 0x0,
    0x2c, 0xff, 0xff, 0xff, 0xff, 0xff, 0x3c, 0x0,
    0x0, 0x0, 0x0, 0x0, 0x0, 0x0, 0x0, 0x0,
    0x0, 0x0, 0x0, 0x0, 0x0, 0x0, 0x0, 0x0,
    0x2c, 0xff, 0xff, 0xff, 0xff, 0xff, 0x3c, 0x0,
    0x0, 0x0, 0x0, 0x0, 0x0, 0x0, 0x0, 0x0,
    0x0, 0x0, 0x0, 0x0, 0x0, 0x0, 0x0, 0x0,
    0x2c, 0xff, 0xff, 0xff, 0xff, 0xff, 0x3c, 0x0,
    0x0, 0x0, 0x0, 0x0, 0x0, 0x0, 0x0, 0x0,
    0x0, 0x0, 0x0, 0x0, 0x0, 0x0, 0x0, 0x0,
    0x2c, 0xff, 0xff, 0xff, 0xff, 0xff, 0x3c, 0x0,
    0x0, 0x0, 0x0, 0x0, 0x0, 0x0, 0x0, 0x0,
    0x0, 0x0, 0x0, 0x0, 0x0, 0x0, 0x0, 0x0,
    0x2c, 0xff, 0xff, 0xff, 0xff, 0xff, 0x3c, 0x0,
    0x0, 0x0, 0x0, 0x0, 0x0, 0x0, 0x0, 0x0,
    0x0, 0x0, 0x0, 0x0, 0x0, 0x0, 0x0, 0x0,
    0x2c, 0xff, 0xff, 0xff, 0xff, 0xff, 0x3c, 0x0,
    0x0, 0x0, 0x0, 0x0, 0x0, 0x0, 0x0, 0x0,
    0x0, 0x0, 0x0, 0x0, 0x0, 0x0, 0x0, 0x0,
    0x2c, 0xff, 0xff, 0xff, 0xff, 0xff, 0x3c, 0x0,
    0x0, 0x0, 0x0, 0x0, 0x0, 0x0, 0x0, 0x0,
    0x0, 0x0, 0x0, 0x0, 0x0, 0x0, 0x0, 0x0,
    0x2c, 0xff, 0xff, 0xff, 0xff, 0xff, 0x3c, 0x0,
    0x0, 0x0, 0x0, 0x0, 0x0, 0x0, 0x0, 0x0,
    0x0, 0x0, 0x0, 0x0, 0x0, 0x0, 0x0, 0x0,
    0x2c, 0xff, 0xff, 0xff, 0xff, 0xff, 0x3b, 0x0,
    0x0, 0x0, 0x0, 0x0, 0x0, 0x0, 0x0, 0x0,
    0x0, 0x0, 0x0, 0x0, 0x0, 0x0, 0x0, 0x0,
    0x2c, 0xff, 0xff, 0xff, 0xff, 0xff, 0x30, 0x0,
    0x0, 0x0, 0x0, 0x0, 0x0, 0x0, 0x0, 0x0,
    0x0, 0x0, 0x0, 0x0, 0x0, 0x0, 0x0, 0x0,
    0x2c, 0xff, 0xff, 0xff, 0xff, 0xf5, 0x9, 0x0,
    0x0, 0x0, 0x0, 0x0, 0x0, 0x0, 0x0, 0x0,
    0x0, 0x0, 0x0, 0x0, 0x0, 0x0, 0x0, 0x0,
    0x2c, 0xff, 0xff, 0xff, 0xff, 0x74, 0x0, 0x0,
    0x0, 0x0, 0x0, 0x0, 0x0, 0x0, 0x0, 0x0,
    0x0, 0x0, 0x0, 0x0, 0x0, 0x0, 0x0, 0x0,
    0x2b, 0xf9, 0xe2, 0xaf, 0x4c, 0x0, 0x0, 0x0,
    0x0, 0x0, 0x0, 0x0, 0x0, 0x0, 0x0, 0x0,
    0x0, 0x0, 0x0, 0x0, 0x0, 0x0, 0x0, 0x0,

    /* U+0047 "G" */
    0x0, 0x0, 0x0, 0x0, 0x0, 0x0, 0x0, 0x4,
    0x44, 0x8a, 0xbc, 0xe1, 0xf3, 0xfc, 0xf5, 0xe7,
    0xc9, 0xa1, 0x69, 0x1f, 0x0, 0x0, 0x0, 0x0,
    0x0, 0x0, 0x0, 0x0, 0x0, 0x0, 0x0, 0x0,
    0x0, 0xa, 0x7a, 0xe5, 0xff, 0xff, 0xff, 0xff,
    0xff, 0xff, 0xff, 0xff, 0xff, 0xff, 0xff, 0xff,
    0xc7, 0x57, 0x1, 0x0, 0x0, 0x0, 0x0, 0x0,
    0x0, 0x0, 0x0, 0x0, 0x42, 0xe3, 0xff, 0xff,
    0xff, 0xff, 0xff, 0xff, 0xff, 0xff, 0xff, 0xff,
    0xff, 0xff, 0xff, 0xff, 0xff, 0xff, 0xcb, 0x2c,
    0x0, 0x0, 0x0, 0x0, 0x0, 0x0, 0x0, 0x69,
    0xfd, 0xff, 0xff, 0xff, 0xff, 0xff, 0xff, 0xff,
    0xff, 0xff, 0xff, 0xff, 0xff, 0xff, 0xff, 0xff,
    0xff, 0xff, 0xff, 0xf4, 0x4a, 0x0, 0x0, 0x0,
    0x0, 0x0, 0x5c, 0xff, 0xff, 0xff, 0xff, 0xff,
    0xff, 0xff, 0xff, 0xe2, 0xc2, 0xb4, 0xbf, 0xd9,
    0xfd, 0xff, 0xff, 0xff, 0xff, 0xff, 0xff, 0xff,
    0xf7, 0x35, 0x0, 0x0, 0x0, 0x24, 0xf4, 0xff,
    0xff, 0xff, 0xff, 0xff, 0xf2, 0x85, 0x20, 0x0,
    0x0, 0x0, 0x0, 0x0, 0xd, 0x5c, 0xcd, 0xff,
    0xff, 0xff, 0xff, 0xff, 0xff, 0xd7, 0x3, 0x0,
    0x0, 0xad, 0xff, 0xff, 0xff, 0xff, 0xff, 0xce,
    0x21, 0x0, 0x0, 0x0, 0x0, 0x0, 0x0, 0x0,
    0x0, 0x0, 0x2, 0x75, 0xfd, 0xff, 0xff, 0xff,
    0xff, 0xff, 0x53, 0x0, 0x1e, 0xfe, 0xff, 0xff,
    0xff, 0xff, 0xdc, 0x14, 0x0, 0x0, 0x0, 0x0,
    0x0, 0x0, 0x0, 0x0, 0x0, 0x0, 0x0, 0x0,
    0x73, 0xff, 0xff, 0xff, 0xff, 0xff, 0x9d, 0x0,
    0x71, 0xff, 0xff, 0xff, 0xff, 0xff, 0x49, 0x0,
    0x0, 0x0, 0x0, 0x0, 0x0, 0x0, 0x0, 0x0,
    0x0, 0x0, 0x0, 0x0, 0x1, 0xde, 0xff, 0xff,
    0xff, 0xff, 0xc0, 0x0, 0xa7, 0xff, 0xff, 0xff,
    0xff, 0xe2, 0x0, 0x0, 0x0, 0x0, 0x0, 0x0,
    0x0, 0x0, 0x0, 0x0, 0x0, 0x0, 0x0, 0x0,
    0x0, 0x9a, 0xff, 0xff, 0xff, 0xff, 0xbf, 0x0,
    0xc7, 0xff, 0xff, 0xff, 0xff, 0xa9, 0x0, 0x0,
    0x0, 0x0, 0x0, 0x0, 0x0, 0x0, 0x0, 0x0,
    0x0, 0x0, 0x0, 0x0, 0x0, 0x87, 0xff, 0xff,
    0xff, 0xff, 0x75, 0x0, 0xd5, 0xff, 0xff, 0xff,
    0xff, 0x93, 0x0, 0x0, 0x0, 0x0, 0x0, 0x0,
    0x0, 0x0, 0x0, 0x0, 0x0, 0x0, 0x0, 0x0,
    0x0, 0x93, 0xff, 0xff, 0xf8, 0x8c, 0x3, 0x0,
    0xd8, 0xff, 0xff, 0xff, 0xff, 0x90, 0x0, 0x0,
    0x0, 0x0, 0x0, 0x0, 0x0, 0x0, 0x0, 0x0,
    0x0, 0x0, 0x0, 0x0, 0x0, 0x15, 0x37, 0x32,
    0xd, 0x0, 0x0, 0x0, 0xd8, 0xff, 0xff, 0xff,
    0xff, 0x90, 0x0, 0x0, 0x0, 0x0, 0x0, 0x0,
    0x0, 0x0, 0x0, 0x0, 0x0, 0x0, 0x0, 0x0,
    0x0, 0x0, 0x0, 0x0, 0x0, 0x0, 0x0, 0x0,
    0xd8, 0xff, 0xff, 0xff, 0xff, 0x90, 0x0, 0x0,
    0x0, 0x0, 0x0, 0x0, 0x0, 0x0, 0x0, 0x0,
    0x0, 0x0, 0x0, 0x0, 0x0, 0x0, 0x0, 0x0,
    0x0, 0x0, 0x0, 0x0, 0xd8, 0xff, 0xff, 0xff,
    0xff, 0x90, 0x0, 0x0, 0x0, 0x0, 0x0, 0x0,
    0x0, 0x66, 0xff, 0xff, 0xff, 0xff, 0xff, 0xff,
    0xff, 0xff, 0xff, 0xff, 0xf9, 0xc5, 0x2a, 0x0,
    0xd8, 0xff, 0xff, 0xff, 0xff, 0x90, 0x0, 0x0,
    0x0, 0x0, 0x0, 0x0, 0x0, 0x3e, 0xff, 0xff,
    0xff, 0xff, 0xff, 0xff, 0xff, 0xff, 0xff, 0xff,
    0xff, 0xff, 0xcc, 0x0, 0xd8, 0xff, 0xff, 0xff,
    0xff, 0x90, 0x0, 0x0, 0x0, 0x0, 0x0, 0x0,
    0x0, 0x2, 0xd0, 0xff, 0xff, 0xff, 0xff, 0xff,
    0xff, 0xff, 0xff, 0xff, 0xff, 0xff, 0xfd, 0x4,
    0xd8, 0xff, 0xff, 0xff, 0xff, 0x90, 0x0, 0x0,
    0x0, 0x0, 0x0, 0x0, 0x0, 0x0, 0x2f, 0xe2,
    0xff, 0xff, 0xff, 0xff, 0xff, 0xff, 0xff, 0xff,
    0xff, 0xff, 0xff, 0x8, 0xd8, 0xff, 0xff, 0xff,
    0xff, 0x90, 0x0, 0x0, 0x0, 0x0, 0x0, 0x0,
    0x0, 0x0, 0x0, 0x8, 0x44, 0x57, 0x58, 0x58,
    0x58, 0x97, 0xff, 0xff, 0xff, 0xff, 0xff, 0x8,
    0xd4, 0xff, 0xff, 0xff, 0xff, 0x93, 0x0, 0x0,
    0x0, 0x0, 0x0, 0x0, 0x0, 0x0, 0x0, 0x0,
    0x0, 0x0, 0x0, 0x0, 0x0, 0x60, 0xff, 0xff,
    0xff, 0xff, 0xff, 0x8, 0xc4, 0xff, 0xff, 0xff,
    0xff, 0xac, 0x0, 0x0, 0x0, 0x0, 0x0, 0x0,
    0x0, 0x0, 0x0, 0x0, 0x0, 0x0, 0x0, 0x0,
    0x0, 0x69, 0xff, 0xff, 0xff, 0xff, 0xff, 0x4,
    0xa1, 0xff, 0xff, 0xff, 0xff, 0xe8, 0x3, 0x0,
    0x0, 0x0, 0x0, 0x0, 0x0, 0x0, 0x0, 0x0,
    0x0, 0x0, 0x0, 0x0, 0x0, 0x8e, 0xff, 0xff,
    0xff, 0xff, 0xf1, 0x0, 0x67, 0xff, 0xff, 0xff,
    0xff, 0xff, 0x5b, 0x0, 0x0, 0x0, 0x0, 0x0,
    0x0, 0x0, 0x0, 0x0, 0x0, 0x0, 0x0, 0x0,
    0x7, 0xe3, 0xff, 0xff, 0xff, 0xff, 0xc4, 0x0,
    0x15, 0xfb, 0xff, 0xff, 0xff, 0xff, 0xed, 0x27,
    0x0, 0x0, 0x0, 0x0, 0x0, 0x0, 0x0, 0x0,
    0x0, 0x0, 0x0, 0x0, 0x8d, 0xff, 0xff, 0xff,
    0xff, 0xff, 0x7f, 0x0, 0x0, 0x9c, 0xff, 0xff,
    0xff, 0xff, 0xff, 0xdf, 0x37, 0x0, 0x0, 0x0,
    0x0, 0x0, 0x0, 0x0, 0x0, 0x0, 0x6, 0x8c,
    0xff, 0xff, 0xff, 0xff, 0xff, 0xfa, 0x1e, 0x0,
    0x0, 0x19, 0xec, 0xff, 0xff, 0xff, 0xff, 0xff,
    0xfd, 0x99, 0x3c, 0x1, 0x0, 0x0, 0x0, 0x0,
    0x10, 0x63, 0xd6, 0xff, 0xff, 0xff, 0xff, 0xff,
    0xff, 0x8a, 0x0, 0x0, 0x0, 0x0, 0x49, 0xfb,
    0xff, 0xff, 0xff, 0xff, 0xff, 0xff, 0xff, 0xee,
    0xd1, 0xba, 0xc0, 0xd9, 0xfe, 0xff, 0xff, 0xff,
    0xff, 0xff, 0xff, 0xff, 0xc9, 0x7, 0x0, 0x0,
    0x0, 0x0, 0x0, 0x54, 0xf8, 0xff, 0xff, 0xff,
    0xff, 0xff, 0xff, 0xff, 0xff, 0xff, 0xff, 0xff,
    0xff, 0xff, 0xff, 0xff, 0xff, 0xff, 0xff, 0xca,
    0x13, 0x0, 0x0, 0x0, 0x0, 0x0, 0x0, 0x0,
    0x32, 0xd7, 0xff, 0xff, 0xff, 0xff, 0xff, 0xff,
    0xff, 0xff, 0xff, 0xff, 0xff, 0xff, 0xff, 0xff,
    0xff, 0xfe, 0x94, 0x9, 0x0, 0x0, 0x0, 0x0,
    0x0, 0x0, 0x0, 0x0, 0x0, 0x4, 0x6b, 0xdb,
    0xff, 0xff, 0xff, 0xff, 0xff, 0xff, 0xff, 0xff,
    0xff, 0xff, 0xff, 0xfa, 0xac, 0x2f, 0x0, 0x0,
    0x0, 0x0, 0x0, 0x0, 0x0, 0x0, 0x0, 0x0,
    0x0, 0x0, 0x0, 0x1, 0x3b, 0x81, 0xb7, 0xdd,
    0xf2, 0xfc, 0xf7, 0xe9, 0xc9, 0x9e, 0x60, 0x15,
    0x0, 0x0, 0x0, 0x0, 0x0, 0x0, 0x0, 0x0,

    /* U+0048 "H" */
    0x0, 0x0, 0x27, 0x98, 0xd8, 0xf5, 0x3b, 0x0,
    0x0, 0x0, 0x0, 0x0, 0x0, 0x0, 0x0, 0x0,
    0x0, 0x0, 0x0, 0x0, 0x0, 0x0, 0x48, 0xad,
    0xe2, 0xf5, 0x0, 0x43, 0xf7, 0xff, 0xff, 0xff,
    0x3c, 0x0, 0x0, 0x0, 0x0, 0x0, 0x0, 0x0,
    0x0, 0x0, 0x0, 0x0, 0x0, 0x0, 0x0, 0x87,
    0xff, 0xff, 0xff, 0xfc, 0x0, 0xdc, 0xff, 0xff,
    0xff, 0xff, 0x3c, 0x0, 0x0, 0x0, 0x0, 0x0,
    0x0, 0x0, 0x0, 0x0, 0x0, 0x0, 0x0, 0x0,
    0x2a, 0xfe, 0xff, 0xff, 0xff, 0xfc, 0x1d, 0xff,
    0xff, 0xff, 0xff, 0xff, 0x3c, 0x0, 0x0, 0x0,
    0x0, 0x0, 0x0, 0x0, 0x0, 0x0, 0x0, 0x0,
    0x0, 0x0, 0x67, 0xff, 0xff, 0xff, 0xff, 0xfc,
    0x2b, 0xff, 0xff, 0xff, 0xff, 0xff, 0x3c, 0x0,
    0x0, 0x0, 0x0, 0x0, 0x0, 0x0, 0x0, 0x0,
    0x0, 0x0, 0x0, 0x0, 0x74, 0xff, 0xff, 0xff,
    0xff, 0xfc, 0x2c, 0xff, 0xff, 0xff, 0xff, 0xff,
    0x3c, 0x0, 0x0, 0x0, 0x0, 0x0, 0x0, 0x0,
    0x0, 0x0, 0x0, 0x0, 0x0, 0x0, 0x74, 0xff,
    0xff, 0xff, 0xff, 0xfc, 0x2c, 0xff, 0xff, 0xff,
    0xff, 0xff, 0x3c, 0x0, 0x0, 0x0, 0x0, 0x0,
    0x0, 0x0, 0x0, 0x0, 0x0, 0x0, 0x0, 0x0,
    0x74, 0xff, 0xff, 0xff, 0xff, 0xfc, 0x2c, 0xff,
    0xff, 0xff, 0xff, 0xff, 0x3c, 0x0, 0x0, 0x0,
    0x0, 0x0, 0x0, 0x0, 0x0, 0x0, 0x0, 0x0,
    0x0, 0x0, 0x74, 0xff, 0xff, 0xff, 0xff, 0xfc,
    0x2c, 0xff, 0xff, 0xff, 0xff, 0xff, 0x3c, 0x0,
    0x0, 0x0, 0x0, 0x0, 0x0, 0x0, 0x0, 0x0,
    0x0, 0x0, 0x0, 0x0, 0x74, 0xff, 0xff, 0xff,
    0xff, 0xfc, 0x2c, 0xff, 0xff, 0xff, 0xff, 0xff,
    0x3c, 0x0, 0x0, 0x0, 0x0, 0x0, 0x0, 0x0,
    0x0, 0x0, 0x0, 0x0, 0x0, 0x0, 0x74, 0xff,
    0xff, 0xff, 0xff, 0xfc, 0x2c, 0xff, 0xff, 0xff,
    0xff, 0xff, 0x3c, 0x0, 0x0, 0x0, 0x0, 0x0,
    0x0, 0x0, 0x0, 0x0, 0x0, 0x0, 0x0, 0x0,
    0x74, 0xff, 0xff, 0xff, 0xff, 0xfc, 0x2c, 0xff,
    0xff, 0xff, 0xff, 0xff, 0x3c, 0x0, 0x0, 0x0,
    0x0, 0x0, 0x0, 0x0, 0x0, 0x0, 0x0, 0x0,
    0x0, 0x0, 0x74, 0xff, 0xff, 0xff, 0xff, 0xfc,
    0x2c, 0xff, 0xff, 0xff, 0xff, 0xff, 0x3c, 0x0,
    0x0, 0x0, 0x0, 0x0, 0x0, 0x0, 0x0, 0x0,
    0x0, 0x0, 0x0, 0x0, 0x74, 0xff, 0xff, 0xff,
    0xff, 0xfc, 0x2c, 0xff, 0xff, 0xff, 0xff, 0xff,
    0xcb, 0xbc, 0xbc, 0xbc, 0xbc, 0xbc, 0xbc, 0xbc,
    0xbc, 0xbc, 0xbc, 0xbc, 0xbc, 0xbc, 0xda, 0xff,
    0xff, 0xff, 0xff, 0xfc, 0x2c, 0xff, 0xff, 0xff,
    0xff, 0xff, 0xff, 0xff, 0xff, 0xff, 0xff, 0xff,
    0xff, 0xff, 0xff, 0xff, 0xff, 0xff, 0xff, 0xff,
    0xff, 0xff, 0xff, 0xff, 0xff, 0xfc, 0x2c, 0xff,
    0xff, 0xff, 0xff, 0xff, 0xff, 0xff, 0xff, 0xff,
    0xff, 0xff, 0xff, 0xff, 0xff, 0xff, 0xff, 0xff,
    0xff, 0xff, 0xff, 0xff, 0xff, 0xff, 0xff, 0xfc,
    0x2c, 0xff, 0xff, 0xff, 0xff, 0xff, 0xff, 0xff,
    0xff, 0xff, 0xff, 0xff, 0xff, 0xff, 0xff, 0xff,
    0xff, 0xff, 0xff, 0xff, 0xff, 0xff, 0xff, 0xff,
    0xff, 0xfc, 0x2c, 0xff, 0xff, 0xff, 0xff, 0xff,
    0xff, 0xff, 0xff, 0xff, 0xff, 0xff, 0xff, 0xff,
    0xff, 0xff, 0xff, 0xff, 0xff, 0xff, 0xff, 0xff,
    0xff, 0xff, 0xff, 0xfc, 0x2c, 0xff, 0xff, 0xff,
    0xff, 0xff, 0x3c, 0x0, 0x0, 0x0, 0x0, 0x0,
    0x0, 0x0, 0x0, 0x0, 0x0, 0x0, 0x0, 0x0,
    0x74, 0xff, 0xff, 0xff, 0xff, 0xfc, 0x2c, 0xff,
    0xff, 0xff, 0xff, 0xff, 0x3c, 0x0, 0x0, 0x0,
    0x0, 0x0, 0x0, 0x0, 0x0, 0x0, 0x0, 0x0,
    0x0, 0x0, 0x74, 0xff, 0xff, 0xff, 0xff, 0xfc,
    0x2c, 0xff, 0xff, 0xff, 0xff, 0xff, 0x3c, 0x0,
    0x0, 0x0, 0x0, 0x0, 0x0, 0x0, 0x0, 0x0,
    0x0, 0x0, 0x0, 0x0, 0x74, 0xff, 0xff, 0xff,
    0xff, 0xfc, 0x2c, 0xff, 0xff, 0xff, 0xff, 0xff,
    0x3c, 0x0, 0x0, 0x0, 0x0, 0x0, 0x0, 0x0,
    0x0, 0x0, 0x0, 0x0, 0x0, 0x0, 0x74, 0xff,
    0xff, 0xff, 0xff, 0xfc, 0x2c, 0xff, 0xff, 0xff,
    0xff, 0xff, 0x3c, 0x0, 0x0, 0x0, 0x0, 0x0,
    0x0, 0x0, 0x0, 0x0, 0x0, 0x0, 0x0, 0x0,
    0x74, 0xff, 0xff, 0xff, 0xff, 0xfc, 0x2c, 0xff,
    0xff, 0xff, 0xff, 0xff, 0x3c, 0x0, 0x0, 0x0,
    0x0, 0x0, 0x0, 0x0, 0x0, 0x0, 0x0, 0x0,
    0x0, 0x0, 0x74, 0xff, 0xff, 0xff, 0xff, 0xfc,
    0x2c, 0xff, 0xff, 0xff, 0xff, 0xff, 0x3c, 0x0,
    0x0, 0x0, 0x0, 0x0, 0x0, 0x0, 0x0, 0x0,
    0x0, 0x0, 0x0, 0x0, 0x74, 0xff, 0xff, 0xff,
    0xff, 0xfc, 0x2c, 0xff, 0xff, 0xff, 0xff, 0xff,
    0x3c, 0x0, 0x0, 0x0, 0x0, 0x0, 0x0, 0x0,
    0x0, 0x0, 0x0, 0x0, 0x0, 0x0, 0x74, 0xff,
    0xff, 0xff, 0xff, 0xfc, 0x2c, 0xff, 0xff, 0xff,
    0xff, 0xff, 0x3c, 0x0, 0x0, 0x0, 0x0, 0x0,
    0x0, 0x0, 0x0, 0x0, 0x0, 0x0, 0x0, 0x0,
    0x74, 0xff, 0xff, 0xff, 0xff, 0xfc, 0x2c, 0xff,
    0xff, 0xff, 0xff, 0xff, 0x3b, 0x0, 0x0, 0x0,
    0x0, 0x0, 0x0, 0x0, 0x0, 0x0, 0x0, 0x0,
    0x0, 0x0, 0x74, 0xff, 0xff, 0xff, 0xff, 0xfb,
    0x2c, 0xff, 0xff, 0xff, 0xff, 0xff, 0x2b, 0x0,
    0x0, 0x0, 0x0, 0x0, 0x0, 0x0, 0x0, 0x0,
    0x0, 0x0, 0x0, 0x0, 0x74, 0xff, 0xff, 0xff,
    0xff, 0xec, 0x2c, 0xff, 0xff, 0xff, 0xff, 0xe6,
    0x2, 0x0, 0x0, 0x0, 0x0, 0x0, 0x0, 0x0,
    0x0, 0x0, 0x0, 0x0, 0x0, 0x0, 0x74, 0xff,
    0xff, 0xff, 0xff, 0xa9, 0x2c, 0xff, 0xff, 0xff,
    0xfa, 0x4c, 0x0, 0x0, 0x0, 0x0, 0x0, 0x0,
    0x0, 0x0, 0x0, 0x0, 0x0, 0x0, 0x0, 0x0,
    0x74, 0xff, 0xff, 0xff, 0xe4, 0x1f, 0x2b, 0xf7,
    0xdb, 0x9c, 0x2b, 0x0, 0x0, 0x0, 0x0, 0x0,
    0x0, 0x0, 0x0, 0x0, 0x0, 0x0, 0x0, 0x0,
    0x0, 0x0, 0x72, 0xf2, 0xce, 0x83, 0x12, 0x0,

    /* U+0049 "I" */
    0x0, 0x0, 0x28, 0x99, 0xd9, 0xf6, 0x23, 0x0,
    0x4d, 0xf9, 0xff, 0xff, 0xff, 0x24, 0x5, 0xea,
    0xff, 0xff, 0xff, 0xff, 0x24, 0x35, 0xff, 0xff,
    0xff, 0xff, 0xff, 0x24, 0x43, 0xff, 0xff, 0xff,
    0xff, 0xff, 0x24, 0x44, 0xff, 0xff, 0xff, 0xff,
    0xff, 0x24, 0x44, 0xff, 0xff, 0xff, 0xff, 0xff,
    0x24, 0x44, 0xff, 0xff, 0xff, 0xff, 0xff, 0x24,
    0x44, 0xff, 0xff, 0xff, 0xff, 0xff, 0x24, 0x44,
    0xff, 0xff, 0xff, 0xff, 0xff, 0x24, 0x44, 0xff,
    0xff, 0xff, 0xff, 0xff, 0x24, 0x44, 0xff, 0xff,
    0xff, 0xff, 0xff, 0x24, 0x44, 0xff, 0xff, 0xff,
    0xff, 0xff, 0x24, 0x44, 0xff, 0xff, 0xff, 0xff,
    0xff, 0x24, 0x44, 0xff, 0xff, 0xff, 0xff, 0xff,
    0x24, 0x44, 0xff, 0xff, 0xff, 0xff, 0xff, 0x24,
    0x44, 0xff, 0xff, 0xff, 0xff, 0xff, 0x24, 0x44,
    0xff, 0xff, 0xff, 0xff, 0xff, 0x24, 0x44, 0xff,
    0xff, 0xff, 0xff, 0xff, 0x24, 0x44, 0xff, 0xff,
    0xff, 0xff, 0xff, 0x24, 0x44, 0xff, 0xff, 0xff,
    0xff, 0xff, 0x24, 0x44, 0xff, 0xff, 0xff, 0xff,
    0xff, 0x24, 0x44, 0xff, 0xff, 0xff, 0xff, 0xff,
    0x24, 0x44, 0xff, 0xff, 0xff, 0xff, 0xff, 0x24,
    0x44, 0xff, 0xff, 0xff, 0xff, 0xff, 0x24, 0x44,
    0xff, 0xff, 0xff, 0xff, 0xff, 0x24, 0x44, 0xff,
    0xff, 0xff, 0xff, 0xff, 0x24, 0x44, 0xff, 0xff,
    0xff, 0xff, 0xff, 0x23, 0x44, 0xff, 0xff, 0xff,
    0xff, 0xff, 0x12, 0x44, 0xff, 0xff, 0xff, 0xff,
    0xcb, 0x0, 0x44, 0xff, 0xff, 0xff, 0xef, 0x32,
    0x0, 0x43, 0xf5, 0xd5, 0x8e, 0x1b, 0x0, 0x0,

    /* U+004A "J" */
    0x0, 0x0, 0x0, 0x0, 0x0, 0x0, 0x0, 0x0,
    0x0, 0x0, 0xde, 0xff, 0xff, 0xff, 0xff, 0xff,
    0xff, 0xff, 0xff, 0xff, 0xff, 0xfc, 0xcf, 0x3c,
    0x0, 0x0, 0x0, 0x0, 0x0, 0x0, 0x0, 0x0,
    0x0, 0x0, 0x0, 0xc2, 0xff, 0xff, 0xff, 0xff,
    0xff, 0xff, 0xff, 0xff, 0xff, 0xff, 0xff, 0xff,
    0xee, 0xd, 0x0, 0x0, 0x0, 0x0, 0x0, 0x0,
    0x0, 0x0, 0x0, 0x0, 0x7e, 0xff, 0xff, 0xff,
    0xff, 0xff, 0xff, 0xff, 0xff, 0xff, 0xff, 0xff,
    0xff, 0xff, 0x39, 0x0, 0x0, 0x0, 0x0, 0x0,
    0x0, 0x0, 0x0, 0x0, 0x0, 0x10, 0xdc, 0xff,
    0xff, 0xff, 0xff, 0xff, 0xff, 0xff, 0xff, 0xff,
    0xff, 0xff, 0xff, 0x40, 0x0, 0x0, 0x0, 0x0,
    0x0, 0x0, 0x0, 0x0, 0x0, 0x0, 0x0, 0x13,
    0x80, 0xb3, 0xbc, 0xbc, 0xbc, 0xbc, 0xc9, 0xff,
    0xff, 0xff, 0xff, 0xff, 0x40, 0x0, 0x0, 0x0,
    0x0, 0x0, 0x0, 0x0, 0x0, 0x0, 0x0, 0x0,
    0x0, 0x0, 0x0, 0x0, 0x0, 0x0, 0x0, 0x34,
    0xff, 0xff, 0xff, 0xff, 0xff, 0x40, 0x0, 0x0,
    0x0, 0x0, 0x0, 0x0, 0x0, 0x0, 0x0, 0x0,
    0x0, 0x0, 0x0, 0x0, 0x0, 0x0, 0x0, 0x0,
    0x34, 0xff, 0xff, 0xff, 0xff, 0xff, 0x40, 0x0,
    0x0, 0x0, 0x0, 0x0, 0x0, 0x0, 0x0, 0x0,
    0x0, 0x0, 0x0, 0x0, 0x0, 0x0, 0x0, 0x0,
    0x0, 0x34, 0xff, 0xff, 0xff, 0xff, 0xff, 0x40,
    0x0, 0x0, 0x0, 0x0, 0x0, 0x0, 0x0, 0x0,
    0x0, 0x0, 0x0, 0x0, 0x0, 0x0, 0x0, 0x0,
    0x0, 0x0, 0x34, 0xff, 0xff, 0xff, 0xff, 0xff,
    0x40, 0x0, 0x0, 0x0, 0x0, 0x0, 0x0, 0x0,
    0x0, 0x0, 0x0, 0x0, 0x0, 0x0, 0x0, 0x0,
    0x0, 0x0, 0x0, 0x34, 0xff, 0xff, 0xff, 0xff,
    0xff, 0x40, 0x0, 0x0, 0x0, 0x0, 0x0, 0x0,
    0x0, 0x0, 0x0, 0x0, 0x0, 0x0, 0x0, 0x0,
    0x0, 0x0, 0x0, 0x0, 0x34, 0xff, 0xff, 0xff,
    0xff, 0xff, 0x40, 0x0, 0x0, 0x0, 0x0, 0x0,
    0x0, 0x0, 0x0, 0x0, 0x0, 0x0, 0x0, 0x0,
    0x0, 0x0, 0x0, 0x0, 0x0, 0x34, 0xff, 0xff,
    0xff, 0xff, 0xff, 0x40, 0x0, 0x0, 0x0, 0x0,
    0x0, 0x0, 0x0, 0x0, 0x0, 0x0, 0x0, 0x0,
    0x0, 0x0, 0x0, 0x0, 0x0, 0x0, 0x34, 0xff,
    0xff, 0xff, 0xff, 0xff, 0x40, 0x0, 0x0, 0x0,
    0x0, 0x0, 0x0, 0x0, 0x0, 0x0, 0x0, 0x0,
    0x0, 0x0, 0x0, 0x0, 0x0, 0x0, 0x0, 0x34,
    0xff, 0xff, 0xff, 0xff, 0xff, 0x40, 0x0, 0x0,
    0x0, 0x0, 0x0, 0x0, 0x0, 0x0, 0x0, 0x0,
    0x0, 0x0, 0x0, 0x0, 0x0, 0x0, 0x0, 0x0,
    0x34, 0xff, 0xff, 0xff, 0xff, 0xff, 0x40, 0x0,
    0x0, 0x0, 0x0, 0x0, 0x0, 0x0, 0x0, 0x0,
    0x0, 0x0, 0x0, 0x0, 0x0, 0x0, 0x0, 0x0,
    0x0, 0x34, 0xff, 0xff, 0xff, 0xff, 0xff, 0x40,
    0x0, 0x0, 0x0, 0x0, 0x0, 0x0, 0x0, 0x0,
    0x0, 0x0, 0x0, 0x0, 0x0, 0x0, 0x0, 0x0,
    0x0, 0x0, 0x34, 0xff, 0xff, 0xff, 0xff, 0xff,
    0x40, 0x0, 0x0, 0x0, 0x0, 0x0, 0x0, 0x0,
    0x0, 0x0, 0x0, 0x0, 0x0, 0x0, 0x0, 0x0,
    0x0, 0x0, 0x0, 0x34, 0xff, 0xff, 0xff, 0xff,
    0xff, 0x40, 0x0, 0x0, 0x0, 0x0, 0x9, 0x1a,
    0x1, 0x0, 0x0, 0x0, 0x0, 0x0, 0x0, 0x0,
    0x0, 0x0, 0x0, 0x0, 0x34, 0xff, 0xff, 0xff,
    0xff, 0xff, 0x40, 0x0, 0x1c, 0x96, 0xe0, 0xff,
    0xfc, 0x2, 0x0, 0x0, 0x0, 0x0, 0x0, 0x0,
    0x0, 0x0, 0x0, 0x0, 0x0, 0x34, 0xff, 0xff,
    0xff, 0xff, 0xff, 0x40, 0x10, 0xe5, 0xff, 0xff,
    0xff, 0xf2, 0x0, 0x0, 0x0, 0x0, 0x0, 0x0,
    0x0, 0x0, 0x0, 0x0, 0x0, 0x0, 0x37, 0xff,
    0xff, 0xff, 0xff, 0xff, 0x3d, 0x59, 0xff, 0xff,
    0xff, 0xff, 0xfb, 0x0, 0x0, 0x0, 0x0, 0x0,
    0x0, 0x0, 0x0, 0x0, 0x0, 0x0, 0x0, 0x47,
    0xff, 0xff, 0xff, 0xff, 0xff, 0x2e, 0x64, 0xff,
    0xff, 0xff, 0xff, 0xff, 0x1a, 0x0, 0x0, 0x0,
    0x0, 0x0, 0x0, 0x0, 0x0, 0x0, 0x0, 0x0,
    0x70, 0xff, 0xff, 0xff, 0xff, 0xff, 0x11, 0x4d,
    0xff, 0xff, 0xff, 0xff, 0xff, 0x5e, 0x0, 0x0,
    0x0, 0x0, 0x0, 0x0, 0x0, 0x0, 0x0, 0x0,
    0x0, 0xb8, 0xff, 0xff, 0xff, 0xff, 0xdd, 0x0,
    0x18, 0xfe, 0xff, 0xff, 0xff, 0xff, 0xd0, 0x4,
    0x0, 0x0, 0x0, 0x0, 0x0, 0x0, 0x0, 0x0,
    0x0, 0x35, 0xfe, 0xff, 0xff, 0xff, 0xff, 0x8f,
    0x0, 0x0, 0xbf, 0xff, 0xff, 0xff, 0xff, 0xff,
    0x98, 0x2, 0x0, 0x0, 0x0, 0x0, 0x0, 0x0,
    0x0, 0x20, 0xde, 0xff, 0xff, 0xff, 0xff, 0xfd,
    0x29, 0x0, 0x0, 0x44, 0xff, 0xff, 0xff, 0xff,
    0xff, 0xff, 0xc3, 0x48, 0x7, 0x0, 0x0, 0x0,
    0x16, 0x71, 0xec, 0xff, 0xff, 0xff, 0xff, 0xff,
    0xa1, 0x0, 0x0, 0x0, 0x0, 0x9e, 0xff, 0xff,
    0xff, 0xff, 0xff, 0xff, 0xff, 0xf7, 0xdb, 0xd0,
    0xe2, 0xfe, 0xff, 0xff, 0xff, 0xff, 0xff, 0xff,
    0xe2, 0x11, 0x0, 0x0, 0x0, 0x0, 0x8, 0xbc,
    0xff, 0xff, 0xff, 0xff, 0xff, 0xff, 0xff, 0xff,
    0xff, 0xff, 0xff, 0xff, 0xff, 0xff, 0xff, 0xff,
    0xec, 0x2b, 0x0, 0x0, 0x0, 0x0, 0x0, 0x0,
    0x8, 0x9a, 0xff, 0xff, 0xff, 0xff, 0xff, 0xff,
    0xff, 0xff, 0xff, 0xff, 0xff, 0xff, 0xff, 0xff,
    0xd4, 0x24, 0x0, 0x0, 0x0, 0x0, 0x0, 0x0,
    0x0, 0x0, 0x0, 0x42, 0xc7, 0xff, 0xff, 0xff,
    0xff, 0xff, 0xff, 0xff, 0xff, 0xff, 0xff, 0xed,
    0x7c, 0x6, 0x0, 0x0, 0x0, 0x0, 0x0, 0x0,
    0x0, 0x0, 0x0, 0x0, 0x0, 0x0, 0x30, 0x7e,
    0xba, 0xe1, 0xf6, 0xfc, 0xf1, 0xd3, 0xa3, 0x5a,
    0xb, 0x0, 0x0, 0x0, 0x0, 0x0, 0x0, 0x0,

    /* U+004B "K" */
    0x0, 0x0, 0x1d, 0x8f, 0xd4, 0xf4, 0x3b, 0x0,
    0x0, 0x0, 0x0, 0x0, 0x0, 0x0, 0x0, 0x0,
    0x0, 0x0, 0x0, 0x0, 0xa, 0xb3, 0x5e, 0x0,
    0x0, 0x0, 0x0, 0x39, 0xf2, 0xff, 0xff, 0xff,
    0x3c, 0x0, 0x0, 0x0, 0x0, 0x0, 0x0, 0x0,
    0x0, 0x0, 0x0, 0x0, 0x0, 0xf, 0xc4, 0xff,
    0xfd, 0x48, 0x0, 0x0, 0x0, 0xd6, 0xff, 0xff,
    0xff, 0xff, 0x3c, 0x0, 0x0, 0x0, 0x0, 0x0,
    0x0, 0x0, 0x0, 0x0, 0x0, 0x0, 0x15, 0xce,
    0xff, 0xff, 0xff, 0xdc, 0x0, 0x0, 0x1c, 0xff,
    0xff, 0xff, 0xff, 0xff, 0x3c, 0x0, 0x0, 0x0,
    0x0, 0x0, 0x0, 0x0, 0x0, 0x0, 0x0, 0x1c,
    0xd7, 0xff, 0xff, 0xff, 0xff, 0xfa, 0x4, 0x0,
    0x2b, 0xff, 0xff, 0xff, 0xff, 0xff, 0x3c, 0x0,
    0x0, 0x0, 0x0, 0x0, 0x0, 0x0, 0x0, 0x0,
    0x23, 0xdf, 0xff, 0xff, 0xff, 0xff, 0xff, 0x92,
    0x0, 0x0, 0x2c, 0xff, 0xff, 0xff, 0xff, 0xff,
    0x3c, 0x0, 0x0, 0x0, 0x0, 0x0, 0x0, 0x0,
    0x0, 0x2c, 0xe7, 0xff, 0xff, 0xff, 0xff, 0xff,
    0xb9, 0x7, 0x0, 0x0, 0x2c, 0xff, 0xff, 0xff,
    0xff, 0xff, 0x3c, 0x0, 0x0, 0x0, 0x0, 0x0,
    0x0, 0x0, 0x36, 0xed, 0xff, 0xff, 0xff, 0xff,
    0xff, 0xb0, 0x7, 0x0, 0x0, 0x0, 0x2c, 0xff,
    0xff, 0xff, 0xff, 0xff, 0x3c, 0x0, 0x0, 0x0,
    0x0, 0x0, 0x0, 0x3f, 0xf2, 0xff, 0xff, 0xff,
    0xff, 0xff, 0xa2, 0x4, 0x0, 0x0, 0x0, 0x0,
    0x2c, 0xff, 0xff, 0xff, 0xff, 0xff, 0x3c, 0x0,
    0x0, 0x0, 0x0, 0x0, 0x4b, 0xf7, 0xff, 0xff,
    0xff, 0xff, 0xff, 0x91, 0x1, 0x0, 0x0, 0x0,
    0x0, 0x0, 0x2c, 0xff, 0xff, 0xff, 0xff, 0xff,
    0x3c, 0x0, 0x0, 0x0, 0x0, 0x57, 0xfa, 0xff,
    0xff, 0xff, 0xff, 0xff, 0x81, 0x0, 0x0, 0x0,
    0x0, 0x0, 0x0, 0x0, 0x2c, 0xff, 0xff, 0xff,
    0xff, 0xff, 0x3c, 0x0, 0x0, 0x0, 0x64, 0xfd,
    0xff, 0xff, 0xff, 0xff, 0xfe, 0x6e, 0x0, 0x0,
    0x0, 0x0, 0x0, 0x0, 0x0, 0x0, 0x2c, 0xff,
    0xff, 0xff, 0xff, 0xff, 0x3c, 0x0, 0x0, 0x73,
    0xff, 0xff, 0xff, 0xff, 0xff, 0xfb, 0x5e, 0x0,
    0x0, 0x0, 0x0, 0x0, 0x0, 0x0, 0x0, 0x0,
    0x2c, 0xff, 0xff, 0xff, 0xff, 0xff, 0x3c, 0x0,
    0x81, 0xff, 0xff, 0xff, 0xff, 0xff, 0xf8, 0x4f,
    0x0, 0x0, 0x0, 0x0, 0x0, 0x0, 0x0, 0x0,
    0x0, 0x0, 0x2c, 0xff, 0xff, 0xff, 0xff, 0xff,
    0x3d, 0x90, 0xff, 0xff, 0xff, 0xff, 0xff, 0xf2,
    0x41, 0x0, 0x0, 0x0, 0x0, 0x0, 0x0, 0x0,
    0x0, 0x0, 0x0, 0x0, 0x2c, 0xff, 0xff, 0xff,
    0xff, 0xff, 0xcb, 0xff, 0xff, 0xff, 0xff, 0xff,
    0xf6, 0x35, 0x0, 0x0, 0x0, 0x0, 0x0, 0x0,
    0x0, 0x0, 0x0, 0x0, 0x0, 0x0, 0x2c, 0xff,
    0xff, 0xff, 0xff, 0xff, 0xff, 0xff, 0xff, 0xff,
    0xff, 0xff, 0xff, 0x63, 0x0, 0x0, 0x0, 0x0,
    0x0, 0x0, 0x0, 0x0, 0x0, 0x0, 0x0, 0x0,
    0x2c, 0xff, 0xff, 0xff, 0xff, 0xff, 0xff, 0xff,
    0xff, 0xff, 0xff, 0xff, 0xff, 0xf9, 0x3b, 0x0,
    0x0, 0x0, 0x0, 0x0, 0x0, 0x0, 0x0, 0x0,
    0x0, 0x0, 0x2c, 0xff, 0xff, 0xff, 0xff, 0xff,
    0xff, 0xff, 0xff, 0xff, 0xff, 0xff, 0xff, 0xff,
    0xe9, 0x1e, 0x0, 0x0, 0x0, 0x0, 0x0, 0x0,
    0x0, 0x0, 0x0, 0x0, 0x2c, 0xff, 0xff, 0xff,
    0xff, 0xff, 0xff, 0xff, 0xb1, 0xae, 0xff, 0xff,
    0xff, 0xff, 0xff, 0xcf, 0xa, 0x0, 0x0, 0x0,
    0x0, 0x0, 0x0, 0x0, 0x0, 0x0, 0x2c, 0xff,
    0xff, 0xff, 0xff, 0xff, 0xff, 0xa2, 0x4, 0xb,
    0xd1, 0xff, 0xff, 0xff, 0xff, 0xff, 0xab, 0x1,
    0x0, 0x0, 0x0, 0x0, 0x0, 0x0, 0x0, 0x0,
    0x2c, 0xff, 0xff, 0xff, 0xff, 0xff, 0x95, 0x1,
    0x0, 0x0, 0x20, 0xeb, 0xff, 0xff, 0xff, 0xff,
    0xff, 0x7e, 0x0, 0x0, 0x0, 0x0, 0x0, 0x0,
    0x0, 0x0, 0x2c, 0xff, 0xff, 0xff, 0xff, 0xff,
    0x3c, 0x0, 0x0, 0x0, 0x0, 0x40, 0xfb, 0xff,
    0xff, 0xff, 0xff, 0xfe, 0x52, 0x0, 0x0, 0x0,
    0x0, 0x0, 0x0, 0x0, 0x2c, 0xff, 0xff, 0xff,
    0xff, 0xff, 0x3c, 0x0, 0x0, 0x0, 0x0, 0x0,
    0x6a, 0xff, 0xff, 0xff, 0xff, 0xff, 0xf4, 0x2e,
    0x0, 0x0, 0x0, 0x0, 0x0, 0x0, 0x2c, 0xff,
    0xff, 0xff, 0xff, 0xff, 0x3c, 0x0, 0x0, 0x0,
    0x0, 0x0, 0x0, 0x99, 0xff, 0xff, 0xff, 0xff,
    0xff, 0xe0, 0x15, 0x0, 0x0, 0x0, 0x0, 0x0,
    0x2c, 0xff, 0xff, 0xff, 0xff, 0xff, 0x3c, 0x0,
    0x0, 0x0, 0x0, 0x0, 0x0, 0x5, 0xc2, 0xff,
    0xff, 0xff, 0xff, 0xff, 0xc1, 0x5, 0x0, 0x0,
    0x0, 0x0, 0x2c, 0xff, 0xff, 0xff, 0xff, 0xff,
    0x3c, 0x0, 0x0, 0x0, 0x0, 0x0, 0x0, 0x0,
    0x15, 0xe1, 0xff, 0xff, 0xff, 0xff, 0xff, 0x99,
    0x0, 0x0, 0x0, 0x0, 0x2c, 0xff, 0xff, 0xff,
    0xff, 0xff, 0x3c, 0x0, 0x0, 0x0, 0x0, 0x0,
    0x0, 0x0, 0x0, 0x30, 0xf5, 0xff, 0xff, 0xff,
    0xff, 0xff, 0x6b, 0x0, 0x0, 0x0, 0x2c, 0xff,
    0xff, 0xff, 0xff, 0xff, 0x3c, 0x0, 0x0, 0x0,
    0x0, 0x0, 0x0, 0x0, 0x0, 0x0, 0x55, 0xff,
    0xff, 0xff, 0xff, 0xff, 0xfb, 0x42, 0x0, 0x0,
    0x2c, 0xff, 0xff, 0xff, 0xff, 0xff, 0x32, 0x0,
    0x0, 0x0, 0x0, 0x0, 0x0, 0x0, 0x0, 0x0,
    0x0, 0x83, 0xff, 0xff, 0xff, 0xff, 0xff, 0xed,
    0x22, 0x0, 0x2c, 0xff, 0xff, 0xff, 0xff, 0xf5,
    0xa, 0x0, 0x0, 0x0, 0x0, 0x0, 0x0, 0x0,
    0x0, 0x0, 0x0, 0x1, 0xb0, 0xff, 0xff, 0xff,
    0xff, 0xff, 0xd4, 0xd, 0x2c, 0xff, 0xff, 0xff,
    0xff, 0x71, 0x0, 0x0, 0x0, 0x0, 0x0, 0x0,
    0x0, 0x0, 0x0, 0x0, 0x0, 0x0, 0xd, 0xcd,
    0xff, 0xff, 0xff, 0xff, 0xff, 0x53, 0x2b, 0xf9,
    0xe1, 0xad, 0x47, 0x0, 0x0, 0x0, 0x0, 0x0,
    0x0, 0x0, 0x0, 0x0, 0x0, 0x0, 0x0, 0x0,
    0x0, 0xf, 0x8f, 0xe4, 0xf9, 0xcf, 0x55, 0x0,

    /* U+004C "L" */
    0x0, 0x0, 0x32, 0xa0, 0xdb, 0xf5, 0x3b, 0x0,
    0x0, 0x0, 0x0, 0x0, 0x0, 0x0, 0x0, 0x0,
    0x0, 0x0, 0x0, 0x0, 0x0, 0x0, 0x0, 0x0,
    0x4f, 0xfc, 0xff, 0xff, 0xff, 0x3c, 0x0, 0x0,
    0x0, 0x0, 0x0, 0x0, 0x0, 0x0, 0x0, 0x0,
    0x0, 0x0, 0x0, 0x0, 0x0, 0x0, 0x0, 0xe1,
    0xff, 0xff, 0xff, 0xff, 0x3c, 0x0, 0x0, 0x0,
    0x0, 0x0, 0x0, 0x0, 0x0, 0x0, 0x0, 0x0,
    0x0, 0x0, 0x0, 0x0, 0x0, 0x1d, 0xff, 0xff,
    0xff, 0xff, 0xff, 0x3c, 0x0, 0x0, 0x0, 0x0,
    0x0, 0x0, 0x0, 0x0, 0x0, 0x0, 0x0, 0x0,
    0x0, 0x0, 0x0, 0x0, 0x2b, 0xff, 0xff, 0xff,
    0xff, 0xff, 0x3c, 0x0, 0x0, 0x0, 0x0, 0x0,
    0x0, 0x0, 0x0, 0x0, 0x0, 0x0, 0x0, 0x0,
    0x0, 0x0, 0x0, 0x2c, 0xff, 0xff, 0xff, 0xff,
    0xff, 0x3c, 0x0, 0x0, 0x0, 0x0, 0x0, 0x0,
    0x0, 0x0, 0x0, 0x0, 0x0, 0x0, 0x0, 0x0,
    0x0, 0x0, 0x2c, 0xff, 0xff, 0xff, 0xff, 0xff,
    0x3c, 0x0, 0x0, 0x0, 0x0, 0x0, 0x0, 0x0,
    0x0, 0x0, 0x0, 0x0, 0x0, 0x0, 0x0, 0x0,
    0x0, 0x2c, 0xff, 0xff, 0xff, 0xff, 0xff, 0x3c,
    0x0, 0x0, 0x0, 0x0, 0x0, 0x0, 0x0, 0x0,
    0x0, 0x0, 0x0, 0x0, 0x0, 0x0, 0x0, 0x0,
    0x2c, 0xff, 0xff, 0xff, 0xff, 0xff, 0x3c, 0x0,
    0x0, 0x0, 0x0, 0x0, 0x0, 0x0, 0x0, 0x0,
    0x0, 0x0, 0x0, 0x0, 0x0, 0x0, 0x0, 0x2c,
    0xff, 0xff, 0xff, 0xff, 0xff, 0x3c, 0x0, 0x0,
    0x0, 0x0, 0x0, 0x0, 0x0, 0x0, 0x0, 0x0,
    0x0, 0x0, 0x0, 0x0, 0x0, 0x0, 0x2c, 0xff,
    0xff, 0xff, 0xff, 0xff, 0x3c, 0x0, 0x0, 0x0,
    0x0, 0x0, 0x0, 0x0, 0x0, 0x0, 0x0, 0x0,
    0x0, 0x0, 0x0, 0x0, 0x0, 0x2c, 0xff, 0xff,
    0xff, 0xff, 0xff, 0x3c, 0x0, 0x0, 0x0, 0x0,
    0x0, 0x0, 0x0, 0x0, 0x0, 0x0, 0x0, 0x0,
    0x0, 0x0, 0x0, 0x0, 0x2c, 0xff, 0xff, 0xff,
    0xff, 0xff, 0x3c, 0x0, 0x0, 0x0, 0x0, 0x0,
    0x0, 0x0, 0x0, 0x0, 0x0, 0x0, 0x0, 0x0,
    0x0, 0x0, 0x0, 0x2c, 0xff, 0xff, 0xff, 0xff,
    0xff, 0x3c, 0x0, 0x0, 0x0, 0x0, 0x0, 0x0,
    0x0, 0x0, 0x0, 0x0, 0x0, 0x0, 0x0, 0x0,
    0x0, 0x0, 0x2c, 0xff, 0xff, 0xff, 0xff, 0xff,
    0x3c, 0x0, 0x0, 0x0, 0x0, 0x0, 0x0, 0x0,
    0x0, 0x0, 0x0, 0x0, 0x0, 0x0, 0x0, 0x0,
    0x0, 0x2c, 0xff, 0xff, 0xff, 0xff, 0xff, 0x3c,
    0x0, 0x0, 0x0, 0x0, 0x0, 0x0, 0x0, 0x0,
    0x0, 0x0, 0x0, 0x0, 0x0, 0x0, 0x0, 0x0,
    0x2c, 0xff, 0xff, 0xff, 0xff, 0xff, 0x3c, 0x0,
    0x0, 0x0, 0x0, 0x0, 0x0, 0x0, 0x0, 0x0,
    0x0, 0x0, 0x0, 0x0, 0x0, 0x0, 0x0, 0x2c,
    0xff, 0xff, 0xff, 0xff, 0xff, 0x3c, 0x0, 0x0,
    0x0, 0x0, 0x0, 0x0, 0x0, 0x0, 0x0, 0x0,
    0x0, 0x0, 0x0, 0x0, 0x0, 0x0, 0x2c, 0xff,
    0xff, 0xff, 0xff, 0xff, 0x3c, 0x0, 0x0, 0x0,
    0x0, 0x0, 0x0, 0x0, 0x0, 0x0, 0x0, 0x0,
    0x0, 0x0, 0x0, 0x0, 0x0, 0x2c, 0xff, 0xff,
    0xff, 0xff, 0xff, 0x3c, 0x0, 0x0, 0x0, 0x0,
    0x0, 0x0, 0x0, 0x0, 0x0, 0x0, 0x0, 0x0,
    0x0, 0x0, 0x0, 0x0, 0x2c, 0xff, 0xff, 0xff,
    0xff, 0xff, 0x3c, 0x0, 0x0, 0x0, 0x0, 0x0,
    0x0, 0x0, 0x0, 0x0, 0x0, 0x0, 0x0, 0x0,
    0x0, 0x0, 0x0, 0x2c, 0xff, 0xff, 0xff, 0xff,
    0xff, 0x3c, 0x0, 0x0, 0x0, 0x0, 0x0, 0x0,
    0x0, 0x0, 0x0, 0x0, 0x0, 0x0, 0x0, 0x0,
    0x0, 0x0, 0x2c, 0xff, 0xff, 0xff, 0xff, 0xff,
    0x3c, 0x0, 0x0, 0x0, 0x0, 0x0, 0x0, 0x0,
    0x0, 0x0, 0x0, 0x0, 0x0, 0x0, 0x0, 0x0,
    0x0, 0x2c, 0xff, 0xff, 0xff, 0xff, 0xff, 0x3c,
    0x0, 0x0, 0x0, 0x0, 0x0, 0x0, 0x0, 0x0,
    0x0, 0x0, 0x0, 0x0, 0x0, 0x0, 0x0, 0x0,
    0x2c, 0xff, 0xff, 0xff, 0xff, 0xff, 0x3c, 0x0,
    0x0, 0x0, 0x0, 0x0, 0x0, 0x0, 0x0, 0x0,
    0x0, 0x0, 0x0, 0x0, 0x0, 0x0, 0x0, 0x2c,
    0xff, 0xff, 0xff, 0xff, 0xff, 0x3c, 0x0, 0x0,
    0x0, 0x0, 0x0, 0x0, 0x0, 0x0, 0x0, 0x0,
    0x0, 0x0, 0x0, 0x0, 0x0, 0x0, 0x2c, 0xff,
    0xff, 0xff, 0xff, 0xff, 0x3c, 0x0, 0x0, 0x0,
    0x0, 0x0, 0x0, 0x0, 0x0, 0x0, 0x0, 0x0,
    0x0, 0x0, 0x0, 0x0, 0x0, 0x2c, 0xff, 0xff,
    0xff, 0xff, 0xff, 0xcf, 0xc0, 0xc0, 0xc0, 0xc0,
    0xc0, 0xc0, 0xc0, 0xc0, 0xc0, 0xc0, 0xc0, 0xbf,
    0xb3, 0x7b, 0xf, 0x0, 0x2c, 0xff, 0xff, 0xff,
    0xff, 0xff, 0xff, 0xff, 0xff, 0xff, 0xff, 0xff,
    0xff, 0xff, 0xff, 0xff, 0xff, 0xff, 0xff, 0xff,
    0xff, 0xd9, 0xf, 0x18, 0xff, 0xff, 0xff, 0xff,
    0xff, 0xff, 0xff, 0xff, 0xff, 0xff, 0xff, 0xff,
    0xff, 0xff, 0xff, 0xff, 0xff, 0xff, 0xff, 0xff,
    0xff, 0x81, 0x0, 0xc2, 0xff, 0xff, 0xff, 0xff,
    0xff, 0xff, 0xff, 0xff, 0xff, 0xff, 0xff, 0xff,
    0xff, 0xff, 0xff, 0xff, 0xff, 0xff, 0xff, 0xff,
    0xca, 0x0, 0x18, 0xaf, 0xf4, 0xff, 0xff, 0xff,
    0xff, 0xff, 0xff, 0xff, 0xff, 0xff, 0xff, 0xff,
    0xff, 0xff, 0xff, 0xff, 0xff, 0xff, 0xff, 0xe8,

    /* U+004D "M" */
    0x0, 0x0, 0x15, 0x86, 0xd1, 0xf4, 0x6f, 0x0,
    0x0, 0x0, 0x0, 0x0, 0x0, 0x0, 0x0, 0x0,
    0x0, 0x0, 0x0, 0x0, 0x0, 0x0, 0x0, 0x0,
    0x0, 0x9, 0xeb, 0xe6, 0xb0, 0x4a, 0x0, 0x0,
    0x0, 0x2e, 0xea, 0xff, 0xff, 0xff, 0xd7, 0x0,
    0x0, 0x0, 0x0, 0x0, 0x0, 0x0, 0x0, 0x0,
    0x0, 0x0, 0x0, 0x0, 0x0, 0x0, 0x0, 0x0,
    0x0, 0x5f, 0xff, 0xff, 0xff, 0xff, 0x94, 0x0,
    0x0, 0xce, 0xff, 0xff, 0xff, 0xff, 0xff, 0x41,
    0x0, 0x0, 0x0, 0x0, 0x0, 0x0, 0x0, 0x0,
    0x0, 0x0, 0x0, 0x0, 0x0, 0x0, 0x0, 0x0,
    0x0, 0xc4, 0xff, 0xff, 0xff, 0xff, 0xff, 0x49,
    0x1a, 0xff, 0xff, 0xff, 0xff, 0xff, 0xff, 0xaa,
    0x0, 0x0, 0x0, 0x0, 0x0, 0x0, 0x0, 0x0,
    0x0, 0x0, 0x0, 0x0, 0x0, 0x0, 0x0, 0x0,
    0x28, 0xff, 0xff, 0xff, 0xff, 0xff, 0xff, 0x95,
    0x2b, 0xff, 0xff, 0xff, 0xff, 0xff, 0xff, 0xfa,
    0x18, 0x0, 0x0, 0x0, 0x0, 0x0, 0x0, 0x0,
    0x0, 0x0, 0x0, 0x0, 0x0, 0x0, 0x0, 0x0,
    0x8d, 0xff, 0xff, 0xff, 0xff, 0xff, 0xff, 0xa7,
    0x2c, 0xff, 0xff, 0xff, 0xff, 0xff, 0xff, 0xff,
    0x7c, 0x0, 0x0, 0x0, 0x0, 0x0, 0x0, 0x0,
    0x0, 0x0, 0x0, 0x0, 0x0, 0x0, 0x0, 0x6,
    0xeb, 0xff, 0xff, 0xff, 0xff, 0xff, 0xff, 0xa8,
    0x2c, 0xff, 0xff, 0xff, 0xff, 0xff, 0xff, 0xff,
    0xe1, 0x3, 0x0, 0x0, 0x0, 0x0, 0x0, 0x0,
    0x0, 0x0, 0x0, 0x0, 0x0, 0x0, 0x0, 0x57,
    0xff, 0xff, 0xff, 0xff, 0xff, 0xff, 0xff, 0xa8,
    0x2c, 0xff, 0xff, 0xff, 0xff, 0xff, 0xff, 0xff,
    0xff, 0x4d, 0x0, 0x0, 0x0, 0x0, 0x0, 0x0,
    0x0, 0x0, 0x0, 0x0, 0x0, 0x0, 0x0, 0xbb,
    0xff, 0xff, 0xff, 0xff, 0xff, 0xff, 0xff, 0xa8,
    0x2c, 0xff, 0xff, 0xff, 0xe7, 0xbc, 0xff, 0xff,
    0xff, 0xb6, 0x0, 0x0, 0x0, 0x0, 0x0, 0x0,
    0x0, 0x0, 0x0, 0x0, 0x0, 0x0, 0x21, 0xfe,
    0xff, 0xff, 0xff, 0xb0, 0xff, 0xff, 0xff, 0xa8,
    0x2c, 0xff, 0xff, 0xff, 0xff, 0x73, 0xff, 0xff,
    0xff, 0xfd, 0x21, 0x0, 0x0, 0x0, 0x0, 0x0,
    0x0, 0x0, 0x0, 0x0, 0x0, 0x0, 0x85, 0xff,
    0xff, 0xff, 0xd4, 0xa5, 0xff, 0xff, 0xff, 0xa8,
    0x2c, 0xff, 0xff, 0xff, 0xff, 0x89, 0xe3, 0xff,
    0xff, 0xff, 0x88, 0x0, 0x0, 0x0, 0x0, 0x0,
    0x0, 0x0, 0x0, 0x0, 0x0, 0x3, 0xe5, 0xff,
    0xff, 0xff, 0x7c, 0xf6, 0xff, 0xff, 0xff, 0xa8,
    0x2c, 0xff, 0xff, 0xff, 0xff, 0xe3, 0x83, 0xff,
    0xff, 0xff, 0xea, 0x6, 0x0, 0x0, 0x0, 0x0,
    0x0, 0x0, 0x0, 0x0, 0x0, 0x4e, 0xff, 0xff,
    0xff, 0xf6, 0x77, 0xff, 0xff, 0xff, 0xff, 0xa8,
    0x2c, 0xff, 0xff, 0xff, 0xff, 0xff, 0x41, 0xfd,
    0xff, 0xff, 0xff, 0x59, 0x0, 0x0, 0x0, 0x0,
    0x0, 0x0, 0x0, 0x0, 0x0, 0xb3, 0xff, 0xff,
    0xff, 0xa1, 0xa6, 0xff, 0xff, 0xff, 0xff, 0xa8,
    0x2c, 0xff, 0xff, 0xff, 0xff, 0xff, 0x24, 0xb6,
    0xff, 0xff, 0xff, 0xc2, 0x0, 0x0, 0x0, 0x0,
    0x0, 0x0, 0x0, 0x0, 0x1b, 0xfc, 0xff, 0xff,
    0xff, 0x3b, 0xa8, 0xff, 0xff, 0xff, 0xff, 0xa8,
    0x2c, 0xff, 0xff, 0xff, 0xff, 0xff, 0x24, 0x51,
    0xff, 0xff, 0xff, 0xff, 0x2b, 0x0, 0x0, 0x0,
    0x0, 0x0, 0x0, 0x0, 0x7c, 0xff, 0xff, 0xff,
    0xd5, 0x0, 0xa8, 0xff, 0xff, 0xff, 0xff, 0xa8,
    0x2c, 0xff, 0xff, 0xff, 0xff, 0xff, 0x24, 0x4,
    0xe7, 0xff, 0xff, 0xff, 0x94, 0x0, 0x0, 0x0,
    0x0, 0x0, 0x0, 0x1, 0xdf, 0xff, 0xff, 0xff,
    0x6f, 0x0, 0xa8, 0xff, 0xff, 0xff, 0xff, 0xa8,
    0x2c, 0xff, 0xff, 0xff, 0xff, 0xff, 0x24, 0x0,
    0x86, 0xff, 0xff, 0xff, 0xf1, 0xb, 0x0, 0x0,
    0x0, 0x0, 0x0, 0x45, 0xff, 0xff, 0xff, 0xf7,
    0x11, 0x0, 0xa8, 0xff, 0xff, 0xff, 0xff, 0xa8,
    0x2c, 0xff, 0xff, 0xff, 0xff, 0xff, 0x24, 0x0,
    0x22, 0xfe, 0xff, 0xff, 0xff, 0x65, 0x0, 0x0,
    0x0, 0x0, 0x0, 0xaa, 0xff, 0xff, 0xff, 0xa3,
    0x0, 0x0, 0xa8, 0xff, 0xff, 0xff, 0xff, 0xa8,
    0x2c, 0xff, 0xff, 0xff, 0xff, 0xff, 0x24, 0x0,
    0x0, 0xbb, 0xff, 0xff, 0xff, 0xce, 0x0, 0x0,
    0x0, 0x0, 0x14, 0xf9, 0xff, 0xff, 0xff, 0x3c,
    0x0, 0x0, 0xa8, 0xff, 0xff, 0xff, 0xff, 0xa8,
    0x2c, 0xff, 0xff, 0xff, 0xff, 0xff, 0x24, 0x0,
    0x0, 0x56, 0xff, 0xff, 0xff, 0xff, 0x37, 0x0,
    0x0, 0x0, 0x73, 0xff, 0xff, 0xff, 0xd6, 0x0,
    0x0, 0x0, 0xa8, 0xff, 0xff, 0xff, 0xff, 0xa8,
    0x2c, 0xff, 0xff, 0xff, 0xff, 0xff, 0x24, 0x0,
    0x0, 0x6, 0xea, 0xff, 0xff, 0xff, 0xa0, 0x0,
    0x0, 0x0, 0xd7, 0xff, 0xff, 0xff, 0x70, 0x0,
    0x0, 0x0, 0xa8, 0xff, 0xff, 0xff, 0xff, 0xa8,
    0x2c, 0xff, 0xff, 0xff, 0xff, 0xff, 0x24, 0x0,
    0x0, 0x0, 0x8b, 0xff, 0xff, 0xff, 0xf6, 0x11,
    0x0, 0x3d, 0xff, 0xff, 0xff, 0xf7, 0x12, 0x0,
    0x0, 0x0, 0xa8, 0xff, 0xff, 0xff, 0xff, 0xa8,
    0x2c, 0xff, 0xff, 0xff, 0xff, 0xff, 0x24, 0x0,
    0x0, 0x0, 0x26, 0xff, 0xff, 0xff, 0xff, 0x71,
    0x0, 0xa2, 0xff, 0xff, 0xff, 0xa4, 0x0, 0x0,
    0x0, 0x0, 0xa8, 0xff, 0xff, 0xff, 0xff, 0xa8,
    0x2c, 0xff, 0xff, 0xff, 0xff, 0xff, 0x24, 0x0,
    0x0, 0x0, 0x0, 0xc0, 0xff, 0xff, 0xff, 0xd9,
    0x11, 0xf6, 0xff, 0xff, 0xff, 0x3e, 0x0, 0x0,
    0x0, 0x0, 0xa8, 0xff, 0xff, 0xff, 0xff, 0xa8,
    0x2c, 0xff, 0xff, 0xff, 0xff, 0xff, 0x24, 0x0,
    0x0, 0x0, 0x0, 0x5b, 0xff, 0xff, 0xff, 0xfd,
    0x80, 0xff, 0xff, 0xff, 0xd7, 0x0, 0x0, 0x0,
    0x0, 0x0, 0xa8, 0xff, 0xff, 0xff, 0xff, 0xa8,
    0x2c, 0xff, 0xff, 0xff, 0xff, 0xff, 0x24, 0x0,
    0x0, 0x0, 0x0, 0x8, 0xed, 0xff, 0xff, 0xb7,
    0xcf, 0xff, 0xff, 0xff, 0x71, 0x0, 0x0, 0x0,
    0x0, 0x0, 0xa8, 0xff, 0xff, 0xff, 0xff, 0xa8,
    0x2c, 0xff, 0xff, 0xff, 0xff, 0xff, 0x24, 0x0,
    0x0, 0x0, 0x0, 0x0, 0x90, 0xff, 0xff, 0x8f,
    0xff, 0xff, 0xff, 0xf8, 0x13, 0x0, 0x0, 0x0,
    0x0, 0x0, 0xa8, 0xff, 0xff, 0xff, 0xff, 0xa8,
    0x2c, 0xff, 0xff, 0xff, 0xff, 0xff, 0x23, 0x0,
    0x0, 0x0, 0x0, 0x0, 0x2b, 0xff, 0xff, 0xff,
    0xff, 0xff, 0xff, 0xa5, 0x0, 0x0, 0x0, 0x0,
    0x0, 0x0, 0xa7, 0xff, 0xff, 0xff, 0xff, 0xa8,
    0x2c, 0xff, 0xff, 0xff, 0xff, 0xff, 0x16, 0x0,
    0x0, 0x0, 0x0, 0x0, 0x0, 0xc5, 0xff, 0xff,
    0xff, 0xff, 0xff, 0x3f, 0x0, 0x0, 0x0, 0x0,
    0x0, 0x0, 0x9b, 0xff, 0xff, 0xff, 0xff, 0xa8,
    0x2c, 0xff, 0xff, 0xff, 0xff, 0xdd, 0x0, 0x0,
    0x0, 0x0, 0x0, 0x0, 0x0, 0x60, 0xff, 0xff,
    0xff, 0xff, 0xd8, 0x0, 0x0, 0x0, 0x0, 0x0,
    0x0, 0x0, 0x62, 0xff, 0xff, 0xff, 0xff, 0xa8,
    0x2c, 0xff, 0xff, 0xff, 0xfa, 0x4a, 0x0, 0x0,
    0x0, 0x0, 0x0, 0x0, 0x0, 0xa, 0xea, 0xff,
    0xff, 0xff, 0x6c, 0x0, 0x0, 0x0, 0x0, 0x0,
    0x0, 0x0, 0x5, 0xc5, 0xff, 0xff, 0xff, 0xa8,
    0x2b, 0xf7, 0xdc, 0xa0, 0x2f, 0x0, 0x0, 0x0,
    0x0, 0x0, 0x0, 0x0, 0x0, 0x0, 0x43, 0xd9,
    0xf4, 0x92, 0x3, 0x0, 0x0, 0x0, 0x0, 0x0,
    0x0, 0x0, 0x0, 0x7, 0x70, 0xc5, 0xee, 0xa5,

    /* U+004E "N" */
    0x0, 0x0, 0x21, 0x99, 0xde, 0xf3, 0x2c, 0x0,
    0x0, 0x0, 0x0, 0x0, 0x0, 0x0, 0x0, 0x0,
    0x0, 0x0, 0x0, 0x0, 0x7e, 0xf1, 0xcb, 0x7f,
    0xf, 0x0, 0x0, 0x33, 0xf1, 0xff, 0xff, 0xff,
    0xca, 0x3, 0x0, 0x0, 0x0, 0x0, 0x0, 0x0,
    0x0, 0x0, 0x0, 0x0, 0x0, 0x0, 0x80, 0xff,
    0xff, 0xff, 0xdc, 0x16, 0x0, 0xca, 0xff, 0xff,
    0xff, 0xff, 0xff, 0x74, 0x0, 0x0, 0x0, 0x0,
    0x0, 0x0, 0x0, 0x0, 0x0, 0x0, 0x0, 0x0,
    0x80, 0xff, 0xff, 0xff, 0xff, 0x90, 0x15, 0xff,
    0xff, 0xff, 0xff, 0xff, 0xff, 0xf6, 0x24, 0x0,
    0x0, 0x0, 0x0, 0x0, 0x0, 0x0, 0x0, 0x0,
    0x0, 0x0, 0x80, 0xff, 0xff, 0xff, 0xff, 0xcd,
    0x2a, 0xff, 0xff, 0xff, 0xff, 0xff, 0xff, 0xff,
    0xc0, 0x1, 0x0, 0x0, 0x0, 0x0, 0x0, 0x0,
    0x0, 0x0, 0x0, 0x0, 0x80, 0xff, 0xff, 0xff,
    0xff, 0xdb, 0x2c, 0xff, 0xff, 0xff, 0xff, 0xff,
    0xff, 0xff, 0xff, 0x68, 0x0, 0x0, 0x0, 0x0,
    0x0, 0x0, 0x0, 0x0, 0x0, 0x0, 0x80, 0xff,
    0xff, 0xff, 0xff, 0xdc, 0x2c, 0xff, 0xff, 0xff,
    0xd7, 0xf2, 0xff, 0xff, 0xff, 0xf2, 0x1d, 0x0,
    0x0, 0x0, 0x0, 0x0, 0x0, 0x0, 0x0, 0x0,
    0x80, 0xff, 0xff, 0xff, 0xff, 0xdc, 0x2c, 0xff,
    0xff, 0xff, 0xe4, 0x76, 0xff, 0xff, 0xff, 0xff,
    0xb6, 0x0, 0x0, 0x0, 0x0, 0x0, 0x0, 0x0,
    0x0, 0x0, 0x80, 0xff, 0xff, 0xff, 0xff, 0xdc,
    0x2c, 0xff, 0xff, 0xff, 0xff, 0x8c, 0xc1, 0xff,
    0xff, 0xff, 0xff, 0x5c, 0x0, 0x0, 0x0, 0x0,
    0x0, 0x0, 0x0, 0x0, 0x80, 0xff, 0xff, 0xff,
    0xff, 0xdc, 0x2c, 0xff, 0xff, 0xff, 0xff, 0xfa,
    0x41, 0xf6, 0xff, 0xff, 0xff, 0xec, 0x16, 0x0,
    0x0, 0x0, 0x0, 0x0, 0x0, 0x0, 0x80, 0xff,
    0xff, 0xff, 0xff, 0xdc, 0x2c, 0xff, 0xff, 0xff,
    0xff, 0xff, 0x30, 0x76, 0xff, 0xff, 0xff, 0xff,
    0xaa, 0x0, 0x0, 0x0, 0x0, 0x0, 0x0, 0x0,
    0x80, 0xff, 0xff, 0xff, 0xff, 0xdc, 0x2c, 0xff,
    0xff, 0xff, 0xff, 0xff, 0x30, 0x3, 0xcb, 0xff,
    0xff, 0xff, 0xff, 0x51, 0x0, 0x0, 0x0, 0x0,
    0x0, 0x0, 0x80, 0xff, 0xff, 0xff, 0xff, 0xdc,
    0x2c, 0xff, 0xff, 0xff, 0xff, 0xff, 0x30, 0x0,
    0x2e, 0xfa, 0xff, 0xff, 0xff, 0xe6, 0x10, 0x0,
    0x0, 0x0, 0x0, 0x0, 0x80, 0xff, 0xff, 0xff,
    0xff, 0xdc, 0x2c, 0xff, 0xff, 0xff, 0xff, 0xff,
    0x30, 0x0, 0x0, 0x82, 0xff, 0xff, 0xff, 0xff,
    0x9e, 0x0, 0x0, 0x0, 0x0, 0x0, 0x80, 0xff,
    0xff, 0xff, 0xff, 0xdc, 0x2c, 0xff, 0xff, 0xff,
    0xff, 0xff, 0x30, 0x0, 0x0, 0x6, 0xd5, 0xff,
    0xff, 0xff, 0xff, 0x46, 0x0, 0x0, 0x0, 0x0,
    0x80, 0xff, 0xff, 0xff, 0xff, 0xdc, 0x2c, 0xff,
    0xff, 0xff, 0xff, 0xff, 0x30, 0x0, 0x0, 0x0,
    0x37, 0xfd, 0xff, 0xff, 0xff, 0xe0, 0xc, 0x0,
    0x0, 0x0, 0x80, 0xff, 0xff, 0xff, 0xff, 0xdc,
    0x2c, 0xff, 0xff, 0xff, 0xff, 0xff, 0x30, 0x0,
    0x0, 0x0, 0x0, 0x8e, 0xff, 0xff, 0xff, 0xff,
    0x92, 0x0, 0x0, 0x0, 0x80, 0xff, 0xff, 0xff,
    0xff, 0xdc, 0x2c, 0xff, 0xff, 0xff, 0xff, 0xff,
    0x30, 0x0, 0x0, 0x0, 0x0, 0xa, 0xdd, 0xff,
    0xff, 0xff, 0xfe, 0x3b, 0x0, 0x0, 0x80, 0xff,
    0xff, 0xff, 0xff, 0xdc, 0x2c, 0xff, 0xff, 0xff,
    0xff, 0xff, 0x30, 0x0, 0x0, 0x0, 0x0, 0x0,
    0x42, 0xff, 0xff, 0xff, 0xff, 0xd8, 0x8, 0x0,
    0x80, 0xff, 0xff, 0xff, 0xff, 0xdc, 0x2c, 0xff,
    0xff, 0xff, 0xff, 0xff, 0x30, 0x0, 0x0, 0x0,
    0x0, 0x0, 0x0, 0x9b, 0xff, 0xff, 0xff, 0xff,
    0x87, 0x0, 0x80, 0xff, 0xff, 0xff, 0xff, 0xdc,
    0x2c, 0xff, 0xff, 0xff, 0xff, 0xff, 0x30, 0x0,
    0x0, 0x0, 0x0, 0x0, 0x0, 0xf, 0xe4, 0xff,
    0xff, 0xff, 0xfb, 0x31, 0x80, 0xff, 0xff, 0xff,
    0xff, 0xdc, 0x2c, 0xff, 0xff, 0xff, 0xff, 0xff,
    0x30, 0x0, 0x0, 0x0, 0x0, 0x0, 0x0, 0x0,
    0x4d, 0xff, 0xff, 0xff, 0xff, 0xcf, 0x67, 0xff,
    0xff, 0xff, 0xff, 0xdc, 0x2c, 0xff, 0xff, 0xff,
    0xff, 0xff, 0x30, 0x0, 0x0, 0x0, 0x0, 0x0,
    0x0, 0x0, 0x0, 0xa7, 0xff, 0xff, 0xff, 0xff,
    0x7e, 0xce, 0xff, 0xff, 0xff, 0xdc, 0x2c, 0xff,
    0xff, 0xff, 0xff, 0xff, 0x30, 0x0, 0x0, 0x0,
    0x0, 0x0, 0x0, 0x0, 0x0, 0x15, 0xeb, 0xff,
    0xff, 0xff, 0xf8, 0x5f, 0xfd, 0xff, 0xff, 0xdc,
    0x2c, 0xff, 0xff, 0xff, 0xff, 0xff, 0x30, 0x0,
    0x0, 0x0, 0x0, 0x0, 0x0, 0x0, 0x0, 0x0,
    0x5a, 0xff, 0xff, 0xff, 0xff, 0xd7, 0xf8, 0xff,
    0xff, 0xdc, 0x2c, 0xff, 0xff, 0xff, 0xff, 0xff,
    0x30, 0x0, 0x0, 0x0, 0x0, 0x0, 0x0, 0x0,
    0x0, 0x0, 0x0, 0xb3, 0xff, 0xff, 0xff, 0xff,
    0xff, 0xff, 0xff, 0xdc, 0x2c, 0xff, 0xff, 0xff,
    0xff, 0xff, 0x30, 0x0, 0x0, 0x0, 0x0, 0x0,
    0x0, 0x0, 0x0, 0x0, 0x0, 0x1b, 0xf0, 0xff,
    0xff, 0xff, 0xff, 0xff, 0xff, 0xdc, 0x2c, 0xff,
    0xff, 0xff, 0xff, 0xff, 0x2f, 0x0, 0x0, 0x0,
    0x0, 0x0, 0x0, 0x0, 0x0, 0x0, 0x0, 0x0,
    0x66, 0xff, 0xff, 0xff, 0xff, 0xff, 0xff, 0xdc,
    0x2c, 0xff, 0xff, 0xff, 0xff, 0xff, 0x21, 0x0,
    0x0, 0x0, 0x0, 0x0, 0x0, 0x0, 0x0, 0x0,
    0x0, 0x0, 0x1, 0xbe, 0xff, 0xff, 0xff, 0xff,
    0xff, 0xd1, 0x2c, 0xff, 0xff, 0xff, 0xff, 0xe0,
    0x1, 0x0, 0x0, 0x0, 0x0, 0x0, 0x0, 0x0,
    0x0, 0x0, 0x0, 0x0, 0x0, 0x23, 0xf5, 0xff,
    0xff, 0xff, 0xff, 0x90, 0x2c, 0xff, 0xff, 0xff,
    0xf8, 0x47, 0x0, 0x0, 0x0, 0x0, 0x0, 0x0,
    0x0, 0x0, 0x0, 0x0, 0x0, 0x0, 0x0, 0x0,
    0x72, 0xff, 0xff, 0xff, 0xd9, 0x13, 0x2b, 0xf7,
    0xdb, 0x9b, 0x29, 0x0, 0x0, 0x0, 0x0, 0x0,
    0x0, 0x0, 0x0, 0x0, 0x0, 0x0, 0x0, 0x0,
    0x0, 0x0, 0x2, 0xc6, 0xe3, 0x91, 0x11, 0x0,

    /* U+004F "O" */
    0x0, 0x0, 0x0, 0x0, 0x0, 0x0, 0x0, 0x0,
    0x11, 0x5a, 0x9e, 0xc9, 0xe9, 0xf7, 0xf9, 0xec,
    0xcf, 0xa6, 0x65, 0x19, 0x0, 0x0, 0x0, 0x0,
    0x0, 0x0, 0x0, 0x0, 0x0, 0x0, 0x0, 0x0,
    0x0, 0x0, 0x22, 0x9f, 0xf6, 0xff, 0xff, 0xff,
    0xff, 0xff, 0xff, 0xff, 0xff, 0xff, 0xff, 0xfb,
    0xae, 0x31, 0x0, 0x0, 0x0, 0x0, 0x0, 0x0,
    0x0, 0x0, 0x0, 0x0, 0x3, 0x7f, 0xf9, 0xff,
    0xff, 0xff, 0xff, 0xff, 0xff, 0xff, 0xff, 0xff,
    0xff, 0xff, 0xff, 0xff, 0xff, 0xfe, 0x98, 0xa,
    0x0, 0x0, 0x0, 0x0, 0x0, 0x0, 0x0, 0xb,
    0xb9, 0xff, 0xff, 0xff, 0xff, 0xff, 0xff, 0xff,
    0xff, 0xff, 0xff, 0xff, 0xff, 0xff, 0xff, 0xff,
    0xff, 0xff, 0xff, 0xd2, 0x18, 0x0, 0x0, 0x0,
    0x0, 0x0, 0x4, 0xbc, 0xff, 0xff, 0xff, 0xff,
    0xff, 0xff, 0xff, 0xfc, 0xd8, 0xc6, 0xc3, 0xd4,
    0xf8, 0xff, 0xff, 0xff, 0xff, 0xff, 0xff, 0xff,
    0xd6, 0xe, 0x0, 0x0, 0x0, 0x0, 0x84, 0xff,
    0xff, 0xff, 0xff, 0xff, 0xff, 0xba, 0x4d, 0xa,
    0x0, 0x0, 0x0, 0x0, 0x6, 0x40, 0xa8, 0xff,
    0xff, 0xff, 0xff, 0xff, 0xff, 0xa8, 0x0, 0x0,
    0x0, 0x24, 0xf9, 0xff, 0xff, 0xff, 0xff, 0xf9,
    0x5c, 0x0, 0x0, 0x0, 0x0, 0x0, 0x0, 0x0,
    0x0, 0x0, 0x0, 0x43, 0xef, 0xff, 0xff, 0xff,
    0xff, 0xff, 0x41, 0x0, 0x0, 0x91, 0xff, 0xff,
    0xff, 0xff, 0xff, 0x58, 0x0, 0x0, 0x0, 0x0,
    0x0, 0x0, 0x0, 0x0, 0x0, 0x0, 0x0, 0x0,
    0x37, 0xfb, 0xff, 0xff, 0xff, 0xff, 0xb4, 0x0,
    0x0, 0xe2, 0xff, 0xff, 0xff, 0xff, 0xbd, 0x0,
    0x0, 0x0, 0x0, 0x0, 0x0, 0x0, 0x0, 0x0,
    0x0, 0x0, 0x0, 0x0, 0x0, 0x97, 0xff, 0xff,
    0xff, 0xff, 0xfb, 0xa, 0x17, 0xff, 0xff, 0xff,
    0xff, 0xff, 0x65, 0x0, 0x0, 0x0, 0x0, 0x0,
    0x0, 0x0, 0x0, 0x0, 0x0, 0x0, 0x0, 0x0,
    0x0, 0x3f, 0xff, 0xff, 0xff, 0xff, 0xff, 0x3a,
    0x2d, 0xff, 0xff, 0xff, 0xff, 0xff, 0x3f, 0x0,
    0x0, 0x0, 0x0, 0x0, 0x0, 0x0, 0x0, 0x0,
    0x0, 0x0, 0x0, 0x0, 0x0, 0x18, 0xff, 0xff,
    0xff, 0xff, 0xff, 0x50, 0x34, 0xff, 0xff, 0xff,
    0xff, 0xff, 0x34, 0x0, 0x0, 0x0, 0x0, 0x0,
    0x0, 0x0, 0x0, 0x0, 0x0, 0x0, 0x0, 0x0,
    0x0, 0xc, 0xff, 0xff, 0xff, 0xff, 0xff, 0x58,
    0x34, 0xff, 0xff, 0xff, 0xff, 0xff, 0x34, 0x0,
    0x0, 0x0, 0x0, 0x0, 0x0, 0x0, 0x0, 0x0,
    0x0, 0x0, 0x0, 0x0, 0x0, 0xc, 0xff, 0xff,
    0xff, 0xff, 0xff, 0x58, 0x34, 0xff, 0xff, 0xff,
    0xff, 0xff, 0x34, 0x0, 0x0, 0x0, 0x0, 0x0,
    0x0, 0x0, 0x0, 0x0, 0x0, 0x0, 0x0, 0x0,
    0x0, 0xc, 0xff, 0xff, 0xff, 0xff, 0xff, 0x58,
    0x34, 0xff, 0xff, 0xff, 0xff, 0xff, 0x34, 0x0,
    0x0, 0x0, 0x0, 0x0, 0x0, 0x0, 0x0, 0x0,
    0x0, 0x0, 0x0, 0x0, 0x0, 0xc, 0xff, 0xff,
    0xff, 0xff, 0xff, 0x58, 0x34, 0xff, 0xff, 0xff,
    0xff, 0xff, 0x34, 0x0, 0x0, 0x0, 0x0, 0x0,
    0x0, 0x0, 0x0, 0x0, 0x0, 0x0, 0x0, 0x0,
    0x0, 0xc, 0xff, 0xff, 0xff, 0xff, 0xff, 0x58,
    0x34, 0xff, 0xff, 0xff, 0xff, 0xff, 0x34, 0x0,
    0x0, 0x0, 0x0, 0x0, 0x0, 0x0, 0x0, 0x0,
    0x0, 0x0, 0x0, 0x0, 0x0, 0xc, 0xff, 0xff,
    0xff, 0xff, 0xff, 0x58, 0x34, 0xff, 0xff, 0xff,
    0xff, 0xff, 0x34, 0x0, 0x0, 0x0, 0x0, 0x0,
    0x0, 0x0, 0x0, 0x0, 0x0, 0x0, 0x0, 0x0,
    0x0, 0xc, 0xff, 0xff, 0xff, 0xff, 0xff, 0x58,
    0x34, 0xff, 0xff, 0xff, 0xff, 0xff, 0x34, 0x0,
    0x0, 0x0, 0x0, 0x0, 0x0, 0x0, 0x0, 0x0,
    0x0, 0x0, 0x0, 0x0, 0x0, 0xc, 0xff, 0xff,
    0xff, 0xff, 0xff, 0x58, 0x34, 0xff, 0xff, 0xff,
    0xff, 0xff, 0x34, 0x0, 0x0, 0x0, 0x0, 0x0,
    0x0, 0x0, 0x0, 0x0, 0x0, 0x0, 0x0, 0x0,
    0x0, 0xc, 0xff, 0xff, 0xff, 0xff, 0xff, 0x58,
    0x34, 0xff, 0xff, 0xff, 0xff, 0xff, 0x34, 0x0,
    0x0, 0x0, 0x0, 0x0, 0x0, 0x0, 0x0, 0x0,
    0x0, 0x0, 0x0, 0x0, 0x0, 0xc, 0xff, 0xff,
    0xff, 0xff, 0xff, 0x58, 0x2c, 0xff, 0xff, 0xff,
    0xff, 0xff, 0x41, 0x0, 0x0, 0x0, 0x0, 0x0,
    0x0, 0x0, 0x0, 0x0, 0x0, 0x0, 0x0, 0x0,
    0x0, 0x1a, 0xff, 0xff, 0xff, 0xff, 0xff, 0x4f,
    0x15, 0xff, 0xff, 0xff, 0xff, 0xff, 0x68, 0x0,
    0x0, 0x0, 0x0, 0x0, 0x0, 0x0, 0x0, 0x0,
    0x0, 0x0, 0x0, 0x0, 0x0, 0x41, 0xff, 0xff,
    0xff, 0xff, 0xff, 0x38, 0x0, 0xde, 0xff, 0xff,
    0xff, 0xff, 0xc1, 0x0, 0x0, 0x0, 0x0, 0x0,
    0x0, 0x0, 0x0, 0x0, 0x0, 0x0, 0x0, 0x0,
    0x0, 0x9b, 0xff, 0xff, 0xff, 0xff, 0xf9, 0x8,
    0x0, 0x8a, 0xff, 0xff, 0xff, 0xff, 0xff, 0x5e,
    0x0, 0x0, 0x0, 0x0, 0x0, 0x0, 0x0, 0x0,
    0x0, 0x0, 0x0, 0x0, 0x3c, 0xfd, 0xff, 0xff,
    0xff, 0xff, 0xad, 0x0, 0x0, 0x1e, 0xf6, 0xff,
    0xff, 0xff, 0xff, 0xfa, 0x60, 0x0, 0x0, 0x0,
    0x0, 0x0, 0x0, 0x0, 0x0, 0x0, 0x0, 0x46,
    0xf0, 0xff, 0xff, 0xff, 0xff, 0xfe, 0x3a, 0x0,
    0x0, 0x0, 0x78, 0xff, 0xff, 0xff, 0xff, 0xff,
    0xff, 0xbc, 0x50, 0xc, 0x0, 0x0, 0x0, 0x0,
    0x7, 0x43, 0xab, 0xff, 0xff, 0xff, 0xff, 0xff,
    0xff, 0x9c, 0x0, 0x0, 0x0, 0x0, 0x1, 0xae,
    0xff, 0xff, 0xff, 0xff, 0xff, 0xff, 0xff, 0xfd,
    0xda, 0xc8, 0xc6, 0xd7, 0xfa, 0xff, 0xff, 0xff,
    0xff, 0xff, 0xff, 0xff, 0xcb, 0x9, 0x0, 0x0,
    0x0, 0x0, 0x0, 0x6, 0xaa, 0xff, 0xff, 0xff,
    0xff, 0xff, 0xff, 0xff, 0xff, 0xff, 0xff, 0xff,
    0xff, 0xff, 0xff, 0xff, 0xff, 0xff, 0xff, 0xc5,
    0x10, 0x0, 0x0, 0x0, 0x0, 0x0, 0x0, 0x0,
    0x1, 0x70, 0xf5, 0xff, 0xff, 0xff, 0xff, 0xff,
    0xff, 0xff, 0xff, 0xff, 0xff, 0xff, 0xff, 0xff,
    0xff, 0xfb, 0x8a, 0x5, 0x0, 0x0, 0x0, 0x0,
    0x0, 0x0, 0x0, 0x0, 0x0, 0x0, 0x1b, 0x96,
    0xf4, 0xff, 0xff, 0xff, 0xff, 0xff, 0xff, 0xff,
    0xff, 0xff, 0xff, 0xfa, 0xa7, 0x28, 0x0, 0x0,
    0x0, 0x0, 0x0, 0x0, 0x0, 0x0, 0x0, 0x0,
    0x0, 0x0, 0x0, 0x0, 0xe, 0x57, 0x9b, 0xc9,
    0xeb, 0xf9, 0xfa, 0xee, 0xd0, 0xa3, 0x62, 0x16,
    0x0, 0x0, 0x0, 0x0, 0x0, 0x0, 0x0, 0x0,

    /* U+0050 "P" */
    0x0, 0x2f, 0xc3, 0xf8, 0xff, 0xff, 0xff, 0xff,
    0xff, 0xff, 0xff, 0xff, 0xff, 0xff, 0xff, 0xff,
    0xfb, 0xee, 0xcc, 0x96, 0x46, 0x1, 0x0, 0x0,
    0x0, 0x0, 0x0, 0x3, 0xe3, 0xff, 0xff, 0xff,
    0xff, 0xff, 0xff, 0xff, 0xff, 0xff, 0xff, 0xff,
    0xff, 0xff, 0xff, 0xff, 0xff, 0xff, 0xff, 0xff,
    0xd6, 0x47, 0x0, 0x0, 0x0, 0x0, 0x25, 0xff,
    0xff, 0xff, 0xff, 0xff, 0xff, 0xff, 0xff, 0xff,
    0xff, 0xff, 0xff, 0xff, 0xff, 0xff, 0xff, 0xff,
    0xff, 0xff, 0xff, 0xff, 0xff, 0x8d, 0x2, 0x0,
    0x0, 0x2c, 0xff, 0xff, 0xff, 0xff, 0xff, 0xff,
    0xff, 0xff, 0xff, 0xff, 0xff, 0xff, 0xff, 0xff,
    0xff, 0xff, 0xff, 0xff, 0xff, 0xff, 0xff, 0xff,
    0xff, 0x92, 0x0, 0x0, 0x2c, 0xff, 0xff, 0xff,
    0xff, 0xff, 0xcb, 0xbc, 0xbc, 0xbc, 0xbc, 0xbc,
    0xbc, 0xbc, 0xbc, 0xbc, 0xc1, 0xdd, 0xff, 0xff,
    0xff, 0xff, 0xff, 0xff, 0xff, 0x53, 0x0, 0x2c,
    0xff, 0xff, 0xff, 0xff, 0xff, 0x3c, 0x0, 0x0,
    0x0, 0x0, 0x0, 0x0, 0x0, 0x0, 0x0, 0x0,
    0x0, 0x26, 0xb3, 0xff, 0xff, 0xff, 0xff, 0xff,
    0xe0, 0x5, 0x2c, 0xff, 0xff, 0xff, 0xff, 0xff,
    0x3c, 0x0, 0x0, 0x0, 0x0, 0x0, 0x0, 0x0,
    0x0, 0x0, 0x0, 0x0, 0x0, 0x2, 0xab, 0xff,
    0xff, 0xff, 0xff, 0xff, 0x54, 0x2c, 0xff, 0xff,
    0xff, 0xff, 0xff, 0x3c, 0x0, 0x0, 0x0, 0x0,
    0x0, 0x0, 0x0, 0x0, 0x0, 0x0, 0x0, 0x0,
    0x0, 0x15, 0xf7, 0xff, 0xff, 0xff, 0xff, 0xa3,
    0x2c, 0xff, 0xff, 0xff, 0xff, 0xff, 0x3c, 0x0,
    0x0, 0x0, 0x0, 0x0, 0x0, 0x0, 0x0, 0x0,
    0x0, 0x0, 0x0, 0x0, 0x0, 0xb3, 0xff, 0xff,
    0xff, 0xff, 0xd5, 0x2c, 0xff, 0xff, 0xff, 0xff,
    0xff, 0x3c, 0x0, 0x0, 0x0, 0x0, 0x0, 0x0,
    0x0, 0x0, 0x0, 0x0, 0x0, 0x0, 0x0, 0x0,
    0x87, 0xff, 0xff, 0xff, 0xff, 0xef, 0x2c, 0xff,
    0xff, 0xff, 0xff, 0xff, 0x3c, 0x0, 0x0, 0x0,
    0x0, 0x0, 0x0, 0x0, 0x0, 0x0, 0x0, 0x0,
    0x0, 0x0, 0x0, 0x7d, 0xff, 0xff, 0xff, 0xff,
    0xf7, 0x2c, 0xff, 0xff, 0xff, 0xff, 0xff, 0x3c,
    0x0, 0x0, 0x0, 0x0, 0x0, 0x0, 0x0, 0x0,
    0x0, 0x0, 0x0, 0x0, 0x0, 0x0, 0x90, 0xff,
    0xff, 0xff, 0xff, 0xeb, 0x2c, 0xff, 0xff, 0xff,
    0xff, 0xff, 0x3c, 0x0, 0x0, 0x0, 0x0, 0x0,
    0x0, 0x0, 0x0, 0x0, 0x0, 0x0, 0x0, 0x0,
    0x0, 0xc6, 0xff, 0xff, 0xff, 0xff, 0xca, 0x2c,
    0xff, 0xff, 0xff, 0xff, 0xff, 0x3c, 0x0, 0x0,
    0x0, 0x0, 0x0, 0x0, 0x0, 0x0, 0x0, 0x0,
    0x0, 0x0, 0x0, 0x2e, 0xff, 0xff, 0xff, 0xff,
    0xff, 0x95, 0x2c, 0xff, 0xff, 0xff, 0xff, 0xff,
    0x3c, 0x0, 0x0, 0x0, 0x0, 0x0, 0x0, 0x0,
    0x0, 0x0, 0x0, 0x0, 0x0, 0x13, 0xd2, 0xff,
    0xff, 0xff, 0xff, 0xff, 0x44, 0x2c, 0xff, 0xff,
    0xff, 0xff, 0xff, 0x3c, 0x0, 0x0, 0x0, 0x0,
    0x0, 0x0, 0x0, 0x0, 0x0, 0x5, 0x1f, 0x67,
    0xe1, 0xff, 0xff, 0xff, 0xff, 0xff, 0xd3, 0x1,
    0x2c, 0xff, 0xff, 0xff, 0xff, 0xff, 0xff, 0xff,
    0xff, 0xff, 0xff, 0xff, 0xff, 0xff, 0xff, 0xff,
    0xff, 0xff, 0xff, 0xff, 0xff, 0xff, 0xff, 0xff,
    0xfe, 0x3f, 0x0, 0x2c, 0xff, 0xff, 0xff, 0xff,
    0xff, 0xff, 0xff, 0xff, 0xff, 0xff, 0xff, 0xff,
    0xff, 0xff, 0xff, 0xff, 0xff, 0xff, 0xff, 0xff,
    0xff, 0xff, 0xff, 0x75, 0x0, 0x0, 0x2c, 0xff,
    0xff, 0xff, 0xff, 0xff, 0xff, 0xff, 0xff, 0xff,
    0xff, 0xff, 0xff, 0xff, 0xff, 0xff, 0xff, 0xff,
    0xff, 0xff, 0xff, 0xff, 0xf8, 0x69, 0x0, 0x0,
    0x0, 0x2c, 0xff, 0xff, 0xff, 0xff, 0xff, 0xff,
    0xff, 0xff, 0xff, 0xff, 0xff, 0xff, 0xff, 0xff,
    0xff, 0xff, 0xff, 0xff, 0xff, 0xfc, 0xa9, 0x26,
    0x0, 0x0, 0x0, 0x0, 0x2c, 0xff, 0xff, 0xff,
    0xff, 0xff, 0xcf, 0xc0, 0xc0, 0xc0, 0xc0, 0xc0,
    0xc0, 0xc0, 0xc0, 0xc0, 0xbc, 0xb0, 0x90, 0x5e,
    0x16, 0x0, 0x0, 0x0, 0x0, 0x0, 0x0, 0x2c,
    0xff, 0xff, 0xff, 0xff, 0xff, 0x3c, 0x0, 0x0,
    0x0, 0x0, 0x0, 0x0, 0x0, 0x0, 0x0, 0x0,
    0x0, 0x0, 0x0, 0x0, 0x0, 0x0, 0x0, 0x0,
    0x0, 0x0, 0x2c, 0xff, 0xff, 0xff, 0xff, 0xff,
    0x3c, 0x0, 0x0, 0x0, 0x0, 0x0, 0x0, 0x0,
    0x0, 0x0, 0x0, 0x0, 0x0, 0x0, 0x0, 0x0,
    0x0, 0x0, 0x0, 0x0, 0x0, 0x2c, 0xff, 0xff,
    0xff, 0xff, 0xff, 0x3c, 0x0, 0x0, 0x0, 0x0,
    0x0, 0x0, 0x0, 0x0, 0x0, 0x0, 0x0, 0x0,
    0x0, 0x0, 0x0, 0x0, 0x0, 0x0, 0x0, 0x0,
    0x2c, 0xff, 0xff, 0xff, 0xff, 0xff, 0x3c, 0x0,
    0x0, 0x0, 0x0, 0x0, 0x0, 0x0, 0x0, 0x0,
    0x0, 0x0, 0x0, 0x0, 0x0, 0x0, 0x0, 0x0,
    0x0, 0x0, 0x0, 0x2c, 0xff, 0xff, 0xff, 0xff,
    0xff, 0x3c, 0x0, 0x0, 0x0, 0x0, 0x0, 0x0,
    0x0, 0x0, 0x0, 0x0, 0x0, 0x0, 0x0, 0x0,
    0x0, 0x0, 0x0, 0x0, 0x0, 0x0, 0x2c, 0xff,
    0xff, 0xff, 0xff, 0xff, 0x3c, 0x0, 0x0, 0x0,
    0x0, 0x0, 0x0, 0x0, 0x0, 0x0, 0x0, 0x0,
    0x0, 0x0, 0x0, 0x0, 0x0, 0x0, 0x0, 0x0,
    0x0, 0x2c, 0xff, 0xff, 0xff, 0xff, 0xff, 0x3b,
    0x0, 0x0, 0x0, 0x0, 0x0, 0x0, 0x0, 0x0,
    0x0, 0x0, 0x0, 0x0, 0x0, 0x0, 0x0, 0x0,
    0x0, 0x0, 0x0, 0x0, 0x2c, 0xff, 0xff, 0xff,
    0xff, 0xff, 0x2e, 0x0, 0x0, 0x0, 0x0, 0x0,
    0x0, 0x0, 0x0, 0x0, 0x0, 0x0, 0x0, 0x0,
    0x0, 0x0, 0x0, 0x0, 0x0, 0x0, 0x0, 0x2c,
    0xff, 0xff, 0xff, 0xff, 0xea, 0x4, 0x0, 0x0,
    0x0, 0x0, 0x0, 0x0, 0x0, 0x0, 0x0, 0x0,
    0x0, 0x0, 0x0, 0x0, 0x0, 0x0, 0x0, 0x0,
    0x0, 0x0, 0x2c, 0xff, 0xff, 0xff, 0xfc, 0x53,
    0x0, 0x0, 0x0, 0x0, 0x0, 0x0, 0x0, 0x0,
    0x0, 0x0, 0x0, 0x0, 0x0, 0x0, 0x0, 0x0,
    0x0, 0x0, 0x0, 0x0, 0x0, 0x2b, 0xf7, 0xdc,
    0x9f, 0x30, 0x0, 0x0, 0x0, 0x0, 0x0, 0x0,
    0x0, 0x0, 0x0, 0x0, 0x0, 0x0, 0x0, 0x0,
    0x0, 0x0, 0x0, 0x0, 0x0, 0x0, 0x0, 0x0,

    /* U+0051 "Q" */
    0x0, 0x0, 0x0, 0x0, 0x0, 0x0, 0x0, 0x0,
    0x11, 0x5a, 0x9e, 0xc9, 0xe9, 0xf7, 0xf9, 0xec,
    0xcf, 0xa6, 0x65, 0x19, 0x0, 0x0, 0x0, 0x0,
    0x0, 0x0, 0x0, 0x0, 0x0, 0x0, 0x0, 0x0,
    0x0, 0x0, 0x0, 0x22, 0x9f, 0xf6, 0xff, 0xff,
    0xff, 0xff, 0xff, 0xff, 0xff, 0xff, 0xff, 0xff,
    0xfb, 0xae, 0x31, 0x0, 0x0, 0x0, 0x0, 0x0,
    0x0, 0x0, 0x0, 0x0, 0x0, 0x0, 0x3, 0x7f,
    0xf9, 0xff, 0xff, 0xff, 0xff, 0xff, 0xff, 0xff,
    0xff, 0xff, 0xff, 0xff, 0xff, 0xff, 0xff, 0xfe,
    0x98, 0xa, 0x0, 0x0, 0x0, 0x0, 0x0, 0x0,
    0x0, 0x0, 0xb, 0xb9, 0xff, 0xff, 0xff, 0xff,
    0xff, 0xff, 0xff, 0xff, 0xff, 0xff, 0xff, 0xff,
    0xff, 0xff, 0xff, 0xff, 0xff, 0xff, 0xd2, 0x18,
    0x0, 0x0, 0x0, 0x0, 0x0, 0x0, 0x4, 0xbc,
    0xff, 0xff, 0xff, 0xff, 0xff, 0xff, 0xff, 0xfb,
    0xd7, 0xc5, 0xc3, 0xd4, 0xf8, 0xff, 0xff, 0xff,
    0xff, 0xff, 0xff, 0xff, 0xd6, 0xe, 0x0, 0x0,
    0x0, 0x0, 0x0, 0x84, 0xff, 0xff, 0xff, 0xff,
    0xff, 0xff, 0xb3, 0x49, 0x8, 0x0, 0x0, 0x0,
    0x0, 0x5, 0x3f, 0xa6, 0xfe, 0xff, 0xff, 0xff,
    0xff, 0xff, 0xa8, 0x0, 0x0, 0x0, 0x0, 0x24,
    0xf9, 0xff, 0xff, 0xff, 0xff, 0xf6, 0x51, 0x0,
    0x0, 0x0, 0x0, 0x0, 0x0, 0x0, 0x0, 0x0,
    0x0, 0x3f, 0xed, 0xff, 0xff, 0xff, 0xff, 0xff,
    0x42, 0x0, 0x0, 0x0, 0x91, 0xff, 0xff, 0xff,
    0xff, 0xff, 0x4c, 0x0, 0x0, 0x0, 0x0, 0x0,
    0x0, 0x0, 0x0, 0x0, 0x0, 0x0, 0x0, 0x34,
    0xfb, 0xff, 0xff, 0xff, 0xff, 0xb5, 0x0, 0x0,
    0x0, 0xe2, 0xff, 0xff, 0xff, 0xff, 0xb4, 0x0,
    0x0, 0x0, 0x0, 0x0, 0x0, 0x0, 0x0, 0x0,
    0x0, 0x0, 0x0, 0x0, 0x0, 0x93, 0xff, 0xff,
    0xff, 0xff, 0xfb, 0xb, 0x0, 0x17, 0xff, 0xff,
    0xff, 0xff, 0xff, 0x5f, 0x0, 0x0, 0x0, 0x0,
    0x0, 0x0, 0x0, 0x0, 0x0, 0x0, 0x0, 0x0,
    0x0, 0x0, 0x3c, 0xff, 0xff, 0xff, 0xff, 0xff,
    0x3a, 0x0, 0x2d, 0xff, 0xff, 0xff, 0xff, 0xff,
    0x3d, 0x0, 0x0, 0x0, 0x0, 0x0, 0x0, 0x0,
    0x0, 0x0, 0x0, 0x0, 0x0, 0x0, 0x0, 0x17,
    0xff, 0xff, 0xff, 0xff, 0xff, 0x50, 0x0, 0x34,
    0xff, 0xff, 0xff, 0xff, 0xff, 0x34, 0x0, 0x0,
    0x0, 0x0, 0x0, 0x0, 0x0, 0x0, 0x0, 0x0,
    0x0, 0x0, 0x0, 0x0, 0xc, 0xff, 0xff, 0xff,
    0xff, 0xff, 0x58, 0x0, 0x34, 0xff, 0xff, 0xff,
    0xff, 0xff, 0x34, 0x0, 0x0, 0x0, 0x0, 0x0,
    0x0, 0x0, 0x0, 0x0, 0x0, 0x0, 0x0, 0x0,
    0x0, 0xc, 0xff, 0xff, 0xff, 0xff, 0xff, 0x58,
    0x0, 0x34, 0xff, 0xff, 0xff, 0xff, 0xff, 0x34,
    0x0, 0x0, 0x0, 0x0, 0x0, 0x0, 0x0, 0x0,
    0x0, 0x0, 0x0, 0x0, 0x0, 0x0, 0xc, 0xff,
    0xff, 0xff, 0xff, 0xff, 0x58, 0x0, 0x34, 0xff,
    0xff, 0xff, 0xff, 0xff, 0x34, 0x0, 0x0, 0x0,
    0x0, 0x0, 0x0, 0x0, 0x0, 0x0, 0x0, 0x0,
    0x0, 0x0, 0x0, 0xc, 0xff, 0xff, 0xff, 0xff,
    0xff, 0x58, 0x0, 0x34, 0xff, 0xff, 0xff, 0xff,
    0xff, 0x34, 0x0, 0x0, 0x0, 0x0, 0x0, 0x0,
    0x0, 0x0, 0x0, 0x0, 0x0, 0x0, 0x0, 0x0,
    0xc, 0xff, 0xff, 0xff, 0xff, 0xff, 0x58, 0x0,
    0x34, 0xff, 0xff, 0xff, 0xff, 0xff, 0x34, 0x0,
    0x0, 0x0, 0x0, 0x0, 0x0, 0x0, 0x0, 0x0,
    0x0, 0x0, 0x0, 0x0, 0x0, 0xc, 0xff, 0xff,
    0xff, 0xff, 0xff, 0x58, 0x0, 0x34, 0xff, 0xff,
    0xff, 0xff, 0xff, 0x34, 0x0, 0x0, 0x0, 0x0,
    0x0, 0x0, 0x0, 0x0, 0x0, 0x0, 0x0, 0x0,
    0x0, 0x0, 0xc, 0xff, 0xff, 0xff, 0xff, 0xff,
    0x58, 0x0, 0x34, 0xff, 0xff, 0xff, 0xff, 0xff,
    0x9b, 0xbe, 0xe7, 0xfb, 0xf4, 0xe1, 0xbd, 0x87,
    0x3d, 0x0, 0x0, 0x0, 0x0, 0x0, 0x0, 0xc,
    0xff, 0xff, 0xff, 0xff, 0xff, 0x58, 0x0, 0x34,
    0xff, 0xff, 0xff, 0xff, 0xff, 0xff, 0xff, 0xff,
    0xff, 0xff, 0xff, 0xff, 0xff, 0xff, 0xd9, 0x58,
    0x0, 0x0, 0x0, 0x0, 0xc, 0xff, 0xff, 0xff,
    0xff, 0xff, 0x58, 0x0, 0x34, 0xff, 0xff, 0xff,
    0xff, 0xff, 0xff, 0xff, 0xff, 0xff, 0xff, 0xff,
    0xff, 0xff, 0xff, 0xff, 0xff, 0xb5, 0x12, 0x0,
    0x0, 0xc, 0xff, 0xff, 0xff, 0xff, 0xff, 0x58,
    0x0, 0x2c, 0xff, 0xff, 0xff, 0xff, 0xff, 0xff,
    0xff, 0xff, 0xff, 0xff, 0xff, 0xff, 0xff, 0xff,
    0xff, 0xff, 0xff, 0xda, 0x1c, 0x0, 0x26, 0xff,
    0xff, 0xff, 0xff, 0xff, 0x4b, 0x0, 0x15, 0xff,
    0xff, 0xff, 0xff, 0xff, 0xc3, 0x48, 0x1c, 0xb,
    0x16, 0x32, 0x65, 0xb2, 0xfc, 0xff, 0xff, 0xff,
    0xff, 0xdc, 0x14, 0x61, 0xff, 0xff, 0xff, 0xff,
    0xff, 0x32, 0x0, 0x0, 0xde, 0xff, 0xff, 0xff,
    0xff, 0xdb, 0x4, 0x0, 0x0, 0x0, 0x0, 0x0,
    0x0, 0x2d, 0xce, 0xff, 0xff, 0xff, 0xff, 0xc4,
    0xe3, 0xff, 0xff, 0xff, 0xff, 0xf3, 0x8, 0x0,
    0x0, 0x8a, 0xff, 0xff, 0xff, 0xff, 0xff, 0x82,
    0x0, 0x0, 0x0, 0x0, 0x0, 0x0, 0x0, 0xb,
    0xbe, 0xff, 0xff, 0xff, 0xff, 0xff, 0xff, 0xff,
    0xff, 0xff, 0xa9, 0x0, 0x0, 0x0, 0x1e, 0xf6,
    0xff, 0xff, 0xff, 0xff, 0xff, 0x7b, 0x1, 0x0,
    0x0, 0x0, 0x0, 0x0, 0x0, 0xe, 0xd7, 0xff,
    0xff, 0xff, 0xff, 0xff, 0xff, 0xff, 0xfd, 0x30,
    0x0, 0x0, 0x0, 0x0, 0x78, 0xff, 0xff, 0xff,
    0xff, 0xff, 0xff, 0xca, 0x53, 0x8, 0x0, 0x0,
    0x0, 0x0, 0x8, 0x72, 0xff, 0xff, 0xff, 0xff,
    0xff, 0xff, 0xff, 0x92, 0x0, 0x0, 0x0, 0x0,
    0x0, 0x1, 0xae, 0xff, 0xff, 0xff, 0xff, 0xff,
    0xff, 0xff, 0xfa, 0xd1, 0xbc, 0xbd, 0xd3, 0xf7,
    0xff, 0xff, 0xff, 0xff, 0xff, 0xff, 0xff, 0xb4,
    0x3, 0x0, 0x0, 0x0, 0x0, 0x0, 0x0, 0x6,
    0xaa, 0xff, 0xff, 0xff, 0xff, 0xff, 0xff, 0xff,
    0xff, 0xff, 0xff, 0xff, 0xff, 0xff, 0xff, 0xff,
    0xff, 0xff, 0xff, 0xff, 0xc2, 0x11, 0x0, 0x0,
    0x0, 0x0, 0x0, 0x0, 0x0, 0x1, 0x70, 0xf5,
    0xff, 0xff, 0xff, 0xff, 0xff, 0xff, 0xff, 0xff,
    0xff, 0xff, 0xff, 0xff, 0xff, 0xff, 0xff, 0xff,
    0xff, 0xff, 0xec, 0x93, 0x69, 0x11, 0x0, 0x0,
    0x0, 0x0, 0x0, 0x0, 0x1b, 0x96, 0xf4, 0xff,
    0xff, 0xff, 0xff, 0xff, 0xff, 0xff, 0xff, 0xff,
    0xff, 0xef, 0xa1, 0xfd, 0xff, 0xff, 0xff, 0xff,
    0xff, 0xff, 0x17, 0x0, 0x0, 0x0, 0x0, 0x0,
    0x0, 0x0, 0x0, 0xe, 0x57, 0x9b, 0xc9, 0xeb,
    0xf9, 0xfa, 0xec, 0xcb, 0x9a, 0x53, 0xa, 0x0,
    0x6e, 0xfd, 0xff, 0xff, 0xff, 0xff, 0xcf, 0x0,
    0x0, 0x0, 0x0, 0x0, 0x0, 0x0, 0x0, 0x0,
    0x0, 0x0, 0x0, 0x0, 0x0, 0x0, 0x0, 0x0,
    0x0, 0x0, 0x0, 0x0, 0x0, 0x0, 0x3b, 0xb2,
    0xeb, 0xf1, 0xbd, 0x29, 0x0,

    /* U+0052 "R" */
    0x0, 0x2f, 0xc3, 0xf8, 0xff, 0xff, 0xff, 0xff,
    0xff, 0xff, 0xff, 0xff, 0xff, 0xff, 0xff, 0xff,
    0xf0, 0xdd, 0xb1, 0x73, 0x18, 0x0, 0x0, 0x0,
    0x0, 0x0, 0x3, 0xe3, 0xff, 0xff, 0xff, 0xff,
    0xff, 0xff, 0xff, 0xff, 0xff, 0xff, 0xff, 0xff,
    0xff, 0xff, 0xff, 0xff, 0xff, 0xff, 0xf8, 0x94,
    0xa, 0x0, 0x0, 0x0, 0x25, 0xff, 0xff, 0xff,
    0xff, 0xff, 0xff, 0xff, 0xff, 0xff, 0xff, 0xff,
    0xff, 0xff, 0xff, 0xff, 0xff, 0xff, 0xff, 0xff,
    0xff, 0xff, 0xd4, 0x1b, 0x0, 0x0, 0x2c, 0xff,
    0xff, 0xff, 0xff, 0xff, 0xff, 0xff, 0xff, 0xff,
    0xff, 0xff, 0xff, 0xff, 0xff, 0xff, 0xff, 0xff,
    0xff, 0xff, 0xff, 0xff, 0xff, 0xcf, 0xb, 0x0,
    0x2c, 0xff, 0xff, 0xff, 0xff, 0xff, 0xb8, 0xa8,
    0xa8, 0xa8, 0xa8, 0xa8, 0xa8, 0xa8, 0xa8, 0xaa,
    0xbe, 0xf0, 0xff, 0xff, 0xff, 0xff, 0xff, 0xff,
    0x82, 0x0, 0x2c, 0xff, 0xff, 0xff, 0xff, 0xff,
    0x30, 0x0, 0x0, 0x0, 0x0, 0x0, 0x0, 0x0,
    0x0, 0x0, 0x0, 0x7, 0x71, 0xfa, 0xff, 0xff,
    0xff, 0xff, 0xf3, 0xd, 0x2c, 0xff, 0xff, 0xff,
    0xff, 0xff, 0x30, 0x0, 0x0, 0x0, 0x0, 0x0,
    0x0, 0x0, 0x0, 0x0, 0x0, 0x0, 0x0, 0x77,
    0xff, 0xff, 0xff, 0xff, 0xff, 0x4f, 0x2c, 0xff,
    0xff, 0xff, 0xff, 0xff, 0x30, 0x0, 0x0, 0x0,
    0x0, 0x0, 0x0, 0x0, 0x0, 0x0, 0x0, 0x0,
    0x0, 0xa, 0xf7, 0xff, 0xff, 0xff, 0xff, 0x8b,
    0x2c, 0xff, 0xff, 0xff, 0xff, 0xff, 0x30, 0x0,
    0x0, 0x0, 0x0, 0x0, 0x0, 0x0, 0x0, 0x0,
    0x0, 0x0, 0x0, 0x0, 0xcc, 0xff, 0xff, 0xff,
    0xff, 0xa3, 0x2c, 0xff, 0xff, 0xff, 0xff, 0xff,
    0x30, 0x0, 0x0, 0x0, 0x0, 0x0, 0x0, 0x0,
    0x0, 0x0, 0x0, 0x0, 0x0, 0x0, 0xbd, 0xff,
    0xff, 0xff, 0xff, 0xb3, 0x2c, 0xff, 0xff, 0xff,
    0xff, 0xff, 0x30, 0x0, 0x0, 0x0, 0x0, 0x0,
    0x0, 0x0, 0x0, 0x0, 0x0, 0x0, 0x0, 0x0,
    0xd0, 0xff, 0xff, 0xff, 0xff, 0xa7, 0x2c, 0xff,
    0xff, 0xff, 0xff, 0xff, 0x30, 0x0, 0x0, 0x0,
    0x0, 0x0, 0x0, 0x0, 0x0, 0x0, 0x0, 0x0,
    0x0, 0x14, 0xfc, 0xff, 0xff, 0xff, 0xff, 0x81,
    0x2c, 0xff, 0xff, 0xff, 0xff, 0xff, 0x30, 0x0,
    0x0, 0x0, 0x0, 0x0, 0x0, 0x0, 0x0, 0x0,
    0x0, 0x0, 0x0, 0x93, 0xff, 0xff, 0xff, 0xff,
    0xff, 0x3b, 0x2c, 0xff, 0xff, 0xff, 0xff, 0xff,
    0x30, 0x0, 0x0, 0x0, 0x0, 0x0, 0x0, 0x0,
    0x0, 0x0, 0x0, 0xd, 0x8b, 0xff, 0xff, 0xff,
    0xff, 0xff, 0xca, 0x0, 0x2c, 0xff, 0xff, 0xff,
    0xff, 0xff, 0xb5, 0xa4, 0xa4, 0xa4, 0xa4, 0xa4,
    0xa4, 0xa4, 0xa4, 0xa6, 0xbc, 0xf3, 0xff, 0xff,
    0xff, 0xff, 0xff, 0xf4, 0x2d, 0x0, 0x2c, 0xff,
    0xff, 0xff, 0xff, 0xff, 0xff, 0xff, 0xff, 0xff,
    0xff, 0xff, 0xff, 0xff, 0xff, 0xff, 0xff, 0xff,
    0xff, 0xff, 0xff, 0xff, 0xe8, 0x3b, 0x0, 0x0,
    0x2c, 0xff, 0xff, 0xff, 0xff, 0xff, 0xff, 0xff,
    0xff, 0xff, 0xff, 0xff, 0xff, 0xff, 0xff, 0xff,
    0xff, 0xff, 0xff, 0xff, 0xff, 0xa4, 0x15, 0x0,
    0x0, 0x0, 0x2c, 0xff, 0xff, 0xff, 0xff, 0xff,
    0xff, 0xff, 0xff, 0xff, 0xff, 0xff, 0xff, 0xff,
    0xff, 0xff, 0xff, 0xff, 0xff, 0xff, 0xff, 0xdd,
    0x47, 0x0, 0x0, 0x0, 0x2c, 0xff, 0xff, 0xff,
    0xff, 0xff, 0xff, 0xff, 0xff, 0xff, 0xff, 0xff,
    0xff, 0xff, 0xff, 0xff, 0xff, 0xff, 0xff, 0xff,
    0xff, 0xff, 0xff, 0x5f, 0x0, 0x0, 0x2c, 0xff,
    0xff, 0xff, 0xff, 0xff, 0x30, 0x0, 0x0, 0x0,
    0x0, 0x0, 0x0, 0x0, 0x0, 0x0, 0x12, 0x54,
    0xdc, 0xff, 0xff, 0xff, 0xff, 0xf9, 0x32, 0x0,
    0x2c, 0xff, 0xff, 0xff, 0xff, 0xff, 0x30, 0x0,
    0x0, 0x0, 0x0, 0x0, 0x0, 0x0, 0x0, 0x0,
    0x0, 0x0, 0x18, 0xeb, 0xff, 0xff, 0xff, 0xff,
    0xae, 0x0, 0x2c, 0xff, 0xff, 0xff, 0xff, 0xff,
    0x30, 0x0, 0x0, 0x0, 0x0, 0x0, 0x0, 0x0,
    0x0, 0x0, 0x0, 0x0, 0x0, 0x82, 0xff, 0xff,
    0xff, 0xff, 0xf8, 0x7, 0x2c, 0xff, 0xff, 0xff,
    0xff, 0xff, 0x30, 0x0, 0x0, 0x0, 0x0, 0x0,
    0x0, 0x0, 0x0, 0x0, 0x0, 0x0, 0x0, 0x41,
    0xff, 0xff, 0xff, 0xff, 0xff, 0x2c, 0x2c, 0xff,
    0xff, 0xff, 0xff, 0xff, 0x30, 0x0, 0x0, 0x0,
    0x0, 0x0, 0x0, 0x0, 0x0, 0x0, 0x0, 0x0,
    0x0, 0x27, 0xff, 0xff, 0xff, 0xff, 0xff, 0x3f,
    0x2c, 0xff, 0xff, 0xff, 0xff, 0xff, 0x30, 0x0,
    0x0, 0x0, 0x0, 0x0, 0x0, 0x0, 0x0, 0x0,
    0x0, 0x0, 0x0, 0x20, 0xff, 0xff, 0xff, 0xff,
    0xff, 0x44, 0x2c, 0xff, 0xff, 0xff, 0xff, 0xff,
    0x30, 0x0, 0x0, 0x0, 0x0, 0x0, 0x0, 0x0,
    0x0, 0x0, 0x0, 0x0, 0x0, 0x20, 0xff, 0xff,
    0xff, 0xff, 0xff, 0x44, 0x2c, 0xff, 0xff, 0xff,
    0xff, 0xff, 0x30, 0x0, 0x0, 0x0, 0x0, 0x0,
    0x0, 0x0, 0x0, 0x0, 0x0, 0x0, 0x0, 0x20,
    0xff, 0xff, 0xff, 0xff, 0xff, 0x44, 0x2c, 0xff,
    0xff, 0xff, 0xff, 0xff, 0x2f, 0x0, 0x0, 0x0,
    0x0, 0x0, 0x0, 0x0, 0x0, 0x0, 0x0, 0x0,
    0x0, 0x20, 0xff, 0xff, 0xff, 0xff, 0xff, 0x43,
    0x2c, 0xff, 0xff, 0xff, 0xff, 0xff, 0x1d, 0x0,
    0x0, 0x0, 0x0, 0x0, 0x0, 0x0, 0x0, 0x0,
    0x0, 0x0, 0x0, 0x20, 0xff, 0xff, 0xff, 0xff,
    0xff, 0x31, 0x2c, 0xff, 0xff, 0xff, 0xff, 0xd7,
    0x0, 0x0, 0x0, 0x0, 0x0, 0x0, 0x0, 0x0,
    0x0, 0x0, 0x0, 0x0, 0x0, 0x20, 0xff, 0xff,
    0xff, 0xff, 0xe8, 0x4, 0x2c, 0xff, 0xff, 0xff,
    0xf6, 0x3f, 0x0, 0x0, 0x0, 0x0, 0x0, 0x0,
    0x0, 0x0, 0x0, 0x0, 0x0, 0x0, 0x0, 0x20,
    0xff, 0xff, 0xff, 0xfa, 0x4e, 0x0, 0x2b, 0xf7,
    0xd9, 0x98, 0x25, 0x0, 0x0, 0x0, 0x0, 0x0,
    0x0, 0x0, 0x0, 0x0, 0x0, 0x0, 0x0, 0x0,
    0x0, 0x1f, 0xf8, 0xdc, 0x9f, 0x2d, 0x0, 0x0,

    /* U+0053 "S" */
    0x0, 0x0, 0x0, 0x0, 0x0, 0x0, 0x0, 0x15,
    0x62, 0x9d, 0xca, 0xe8, 0xf7, 0xfb, 0xeb, 0xd9,
    0xc3, 0x8d, 0x4f, 0x12, 0x0, 0x0, 0x0, 0x0,
    0x0, 0x0, 0x0, 0x0, 0x0, 0x0, 0x0, 0x0,
    0x2b, 0xa9, 0xfc, 0xff, 0xff, 0xff, 0xff, 0xff,
    0xff, 0xff, 0xff, 0xff, 0xff, 0xff, 0xfa, 0xa9,
    0x2d, 0x0, 0x0, 0x0, 0x0, 0x0, 0x0, 0x0,
    0x0, 0x1, 0x7c, 0xfb, 0xff, 0xff, 0xff, 0xff,
    0xff, 0xff, 0xff, 0xff, 0xff, 0xff, 0xff, 0xff,
    0xff, 0xff, 0xff, 0xfd, 0x87, 0x2, 0x0, 0x0,
    0x0, 0x0, 0x0, 0x0, 0x96, 0xff, 0xff, 0xff,
    0xff, 0xff, 0xff, 0xff, 0xff, 0xff, 0xff, 0xff,
    0xff, 0xff, 0xff, 0xff, 0xff, 0xff, 0xff, 0xff,
    0xa5, 0x0, 0x0, 0x0, 0x0, 0x0, 0x60, 0xff,
    0xff, 0xff, 0xff, 0xff, 0xff, 0xf3, 0xb0, 0x82,
    0x6b, 0x63, 0x70, 0x8d, 0xc2, 0xfd, 0xff, 0xff,
    0xff, 0xff, 0xff, 0xff, 0x6a, 0x0, 0x0, 0x0,
    0x5, 0xe6, 0xff, 0xff, 0xff, 0xff, 0xfd, 0x82,
    0xc, 0x0, 0x0, 0x0, 0x0, 0x0, 0x0, 0x0,
    0x20, 0xb0, 0xff, 0xff, 0xff, 0xff, 0xff, 0xe4,
    0x1, 0x0, 0x0, 0x45, 0xff, 0xff, 0xff, 0xff,
    0xff, 0x72, 0x0, 0x0, 0x0, 0x0, 0x0, 0x0,
    0x0, 0x0, 0x0, 0x0, 0x1, 0xa3, 0xff, 0xff,
    0xff, 0xff, 0xff, 0x25, 0x0, 0x0, 0x76, 0xff,
    0xff, 0xff, 0xff, 0xf3, 0x7, 0x0, 0x0, 0x0,
    0x0, 0x0, 0x0, 0x0, 0x0, 0x0, 0x0, 0x0,
    0xf, 0xea, 0xff, 0xff, 0xff, 0xff, 0x34, 0x0,
    0x0, 0x84, 0xff, 0xff, 0xff, 0xff, 0xdb, 0x0,
    0x0, 0x0, 0x0, 0x0, 0x0, 0x0, 0x0, 0x0,
    0x0, 0x0, 0x0, 0x0, 0x8f, 0xff, 0xff, 0xff,
    0xf5, 0xd, 0x0, 0x0, 0x76, 0xff, 0xff, 0xff,
    0xff, 0xf6, 0x5, 0x0, 0x0, 0x0, 0x0, 0x0,
    0x0, 0x0, 0x0, 0x0, 0x0, 0x0, 0x0, 0x4d,
    0xff, 0xff, 0xf2, 0x56, 0x0, 0x0, 0x0, 0x4b,
    0xff, 0xff, 0xff, 0xff, 0xff, 0x6b, 0x0, 0x0,
    0x0, 0x0, 0x0, 0x0, 0x0, 0x0, 0x0, 0x0,
    0x0, 0x0, 0x13, 0x6c, 0x4d, 0xe, 0x0, 0x0,
    0x0, 0x0, 0xb, 0xf4, 0xff, 0xff, 0xff, 0xff,
    0xfc, 0x74, 0x6, 0x0, 0x0, 0x0, 0x0, 0x0,
    0x0, 0x0, 0x0, 0x0, 0x0, 0x0, 0x0, 0x0,
    0x0, 0x0, 0x0, 0x0, 0x0, 0x0, 0x83, 0xff,
    0xff, 0xff, 0xff, 0xff, 0xff, 0xe1, 0x80, 0x30,
    0x1, 0x0, 0x0, 0x0, 0x0, 0x0, 0x0, 0x0,
    0x0, 0x0, 0x0, 0x0, 0x0, 0x0, 0x0, 0x0,
    0x0, 0x6, 0xc0, 0xff, 0xff, 0xff, 0xff, 0xff,
    0xff, 0xff, 0xff, 0xe9, 0xad, 0x71, 0x32, 0x3,
    0x0, 0x0, 0x0, 0x0, 0x0, 0x0, 0x0, 0x0,
    0x0, 0x0, 0x0, 0x0, 0x0, 0xa, 0xa6, 0xff,
    0xff, 0xff, 0xff, 0xff, 0xff, 0xff, 0xff, 0xff,
    0xff, 0xff, 0xee, 0xa8, 0x59, 0xb, 0x0, 0x0,
    0x0, 0x0, 0x0, 0x0, 0x0, 0x0, 0x0, 0x0,
    0x0, 0x0, 0x4d, 0xd2, 0xff, 0xff, 0xff, 0xff,
    0xff, 0xff, 0xff, 0xff, 0xff, 0xff, 0xff, 0xff,
    0xf5, 0x9c, 0x2c, 0x0, 0x0, 0x0, 0x0, 0x0,
    0x0, 0x0, 0x0, 0x0, 0x0, 0x0, 0x0, 0x43,
    0xa1, 0xf0, 0xff, 0xff, 0xff, 0xff, 0xff, 0xff,
    0xff, 0xff, 0xff, 0xff, 0xff, 0xfe, 0xa3, 0x14,
    0x0, 0x0, 0x0, 0x0, 0x0, 0x0, 0x0, 0x0,
    0x0, 0x0, 0x0, 0x0, 0x4, 0x3f, 0x83, 0xbf,
    0xf5, 0xff, 0xff, 0xff, 0xff, 0xff, 0xff, 0xff,
    0xff, 0xff, 0xe6, 0x30, 0x0, 0x0, 0x0, 0x0,
    0x0, 0x0, 0x0, 0x0, 0x0, 0x0, 0x0, 0x0,
    0x0, 0x0, 0x0, 0x5, 0x37, 0x79, 0xc4, 0xfd,
    0xff, 0xff, 0xff, 0xff, 0xff, 0xff, 0xe9, 0x1c,
    0x0, 0x0, 0x0, 0x0, 0x0, 0x0, 0x0, 0x0,
    0x0, 0x0, 0x0, 0x0, 0x0, 0x0, 0x0, 0x0,
    0x0, 0x0, 0x1c, 0x8b, 0xf4, 0xff, 0xff, 0xff,
    0xff, 0xff, 0xa6, 0x0, 0x0, 0x0, 0x9, 0x51,
    0x7f, 0x47, 0x0, 0x0, 0x0, 0x0, 0x0, 0x0,
    0x0, 0x0, 0x0, 0x0, 0x0, 0x0, 0x0, 0x23,
    0xda, 0xff, 0xff, 0xff, 0xff, 0xfa, 0x13, 0x0,
    0x2f, 0xe4, 0xff, 0xff, 0x97, 0x0, 0x0, 0x0,
    0x0, 0x0, 0x0, 0x0, 0x0, 0x0, 0x0, 0x0,
    0x0, 0x0, 0x0, 0x3a, 0xff, 0xff, 0xff, 0xff,
    0xff, 0x4b, 0x0, 0xcd, 0xff, 0xff, 0xff, 0xc6,
    0x0, 0x0, 0x0, 0x0, 0x0, 0x0, 0x0, 0x0,
    0x0, 0x0, 0x0, 0x0, 0x0, 0x0, 0x0, 0xf1,
    0xff, 0xff, 0xff, 0xff, 0x69, 0xf, 0xff, 0xff,
    0xff, 0xff, 0xfd, 0x1e, 0x0, 0x0, 0x0, 0x0,
    0x0, 0x0, 0x0, 0x0, 0x0, 0x0, 0x0, 0x0,
    0x0, 0x0, 0xe8, 0xff, 0xff, 0xff, 0xff, 0x6c,
    0x12, 0xff, 0xff, 0xff, 0xff, 0xff, 0xa6, 0x0,
    0x0, 0x0, 0x0, 0x0, 0x0, 0x0, 0x0, 0x0,
    0x0, 0x0, 0x0, 0x0, 0x23, 0xff, 0xff, 0xff,
    0xff, 0xff, 0x54, 0x1, 0xeb, 0xff, 0xff, 0xff,
    0xff, 0xff, 0x82, 0x0, 0x0, 0x0, 0x0, 0x0,
    0x0, 0x0, 0x0, 0x0, 0x0, 0x0, 0x4, 0xb5,
    0xff, 0xff, 0xff, 0xff, 0xfe, 0x1a, 0x0, 0x97,
    0xff, 0xff, 0xff, 0xff, 0xff, 0xff, 0xbc, 0x39,
    0x0, 0x0, 0x0, 0x0, 0x0, 0x0, 0x0, 0x0,
    0x37, 0xc3, 0xff, 0xff, 0xff, 0xff, 0xff, 0xb4,
    0x0, 0x0, 0x1c, 0xef, 0xff, 0xff, 0xff, 0xff,
    0xff, 0xff, 0xff, 0xdc, 0xa4, 0x81, 0x71, 0x72,
    0x80, 0xa3, 0xdd, 0xff, 0xff, 0xff, 0xff, 0xff,
    0xff, 0xf7, 0x28, 0x0, 0x0, 0x0, 0x43, 0xf6,
    0xff, 0xff, 0xff, 0xff, 0xff, 0xff, 0xff, 0xff,
    0xff, 0xff, 0xff, 0xff, 0xff, 0xff, 0xff, 0xff,
    0xff, 0xff, 0xff, 0xfb, 0x52, 0x0, 0x0, 0x0,
    0x0, 0x0, 0x30, 0xd4, 0xff, 0xff, 0xff, 0xff,
    0xff, 0xff, 0xff, 0xff, 0xff, 0xff, 0xff, 0xff,
    0xff, 0xff, 0xff, 0xff, 0xff, 0xe4, 0x41, 0x0,
    0x0, 0x0, 0x0, 0x0, 0x0, 0x0, 0x3, 0x62,
    0xcf, 0xff, 0xff, 0xff, 0xff, 0xff, 0xff, 0xff,
    0xff, 0xff, 0xff, 0xff, 0xff, 0xff, 0xe7, 0x7d,
    0xc, 0x0, 0x0, 0x0, 0x0, 0x0, 0x0, 0x0,
    0x0, 0x0, 0x0, 0x0, 0x27, 0x6e, 0xa2, 0xc9,
    0xe5, 0xf5, 0xfd, 0xfa, 0xef, 0xd6, 0xb4, 0x81,
    0x3f, 0x3, 0x0, 0x0, 0x0, 0x0, 0x0, 0x0,

    /* U+0054 "T" */
    0x0, 0xc, 0x8c, 0xde, 0xfa, 0xff, 0xff, 0xff,
    0xff, 0xff, 0xff, 0xff, 0xff, 0xff, 0xff, 0xff,
    0xff, 0xff, 0xff, 0xff, 0xff, 0xff, 0xff, 0xff,
    0xff, 0xff, 0xff, 0x8b, 0x3, 0xc4, 0xff, 0xff,
    0xff, 0xff, 0xff, 0xff, 0xff, 0xff, 0xff, 0xff,
    0xff, 0xff, 0xff, 0xff, 0xff, 0xff, 0xff, 0xff,
    0xff, 0xff, 0xff, 0xff, 0xff, 0xff, 0xff, 0x6b,
    0x4d, 0xff, 0xff, 0xff, 0xff, 0xff, 0xff, 0xff,
    0xff, 0xff, 0xff, 0xff, 0xff, 0xff, 0xff, 0xff,
    0xff, 0xff, 0xff, 0xff, 0xff, 0xff, 0xff, 0xff,
    0xff, 0xff, 0xfc, 0x1f, 0x8d, 0xff, 0xff, 0xff,
    0xff, 0xff, 0xff, 0xff, 0xff, 0xff, 0xff, 0xff,
    0xff, 0xff, 0xff, 0xff, 0xff, 0xff, 0xff, 0xff,
    0xff, 0xff, 0xff, 0xff, 0xff, 0xff, 0x74, 0x0,
    0x77, 0xbc, 0xbc, 0xbc, 0xbc, 0xbc, 0xbc, 0xbc,
    0xbc, 0xbc, 0xbc, 0xec, 0xff, 0xff, 0xff, 0xff,
    0xea, 0xbc, 0xbc, 0xbc, 0xbc, 0xbc, 0xbc, 0xb6,
    0x96, 0x3c, 0x0, 0x0, 0x0, 0x0, 0x0, 0x0,
    0x0, 0x0, 0x0, 0x0, 0x0, 0x0, 0x0, 0xb8,
    0xff, 0xff, 0xff, 0xff, 0xb0, 0x0, 0x0, 0x0,
    0x0, 0x0, 0x0, 0x0, 0x0, 0x0, 0x0, 0x0,
    0x0, 0x0, 0x0, 0x0, 0x0, 0x0, 0x0, 0x0,
    0x0, 0x0, 0x0, 0xb8, 0xff, 0xff, 0xff, 0xff,
    0xb0, 0x0, 0x0, 0x0, 0x0, 0x0, 0x0, 0x0,
    0x0, 0x0, 0x0, 0x0, 0x0, 0x0, 0x0, 0x0,
    0x0, 0x0, 0x0, 0x0, 0x0, 0x0, 0x0, 0xb8,
    0xff, 0xff, 0xff, 0xff, 0xb0, 0x0, 0x0, 0x0,
    0x0, 0x0, 0x0, 0x0, 0x0, 0x0, 0x0, 0x0,
    0x0, 0x0, 0x0, 0x0, 0x0, 0x0, 0x0, 0x0,
    0x0, 0x0, 0x0, 0xb8, 0xff, 0xff, 0xff, 0xff,
    0xb0, 0x0, 0x0, 0x0, 0x0, 0x0, 0x0, 0x0,
    0x0, 0x0, 0x0, 0x0, 0x0, 0x0, 0x0, 0x0,
    0x0, 0x0, 0x0, 0x0, 0x0, 0x0, 0x0, 0xb8,
    0xff, 0xff, 0xff, 0xff, 0xb0, 0x0, 0x0, 0x0,
    0x0, 0x0, 0x0, 0x0, 0x0, 0x0, 0x0, 0x0,
    0x0, 0x0, 0x0, 0x0, 0x0, 0x0, 0x0, 0x0,
    0x0, 0x0, 0x0, 0xb8, 0xff, 0xff, 0xff, 0xff,
    0xb0, 0x0, 0x0, 0x0, 0x0, 0x0, 0x0, 0x0,
    0x0, 0x0, 0x0, 0x0, 0x0, 0x0, 0x0, 0x0,
    0x0, 0x0, 0x0, 0x0, 0x0, 0x0, 0x0, 0xb8,
    0xff, 0xff, 0xff, 0xff, 0xb0, 0x0, 0x0, 0x0,
    0x0, 0x0, 0x0, 0x0, 0x0, 0x0, 0x0, 0x0,
    0x0, 0x0, 0x0, 0x0, 0x0, 0x0, 0x0, 0x0,
    0x0, 0x0, 0x0, 0xb8, 0xff, 0xff, 0xff, 0xff,
    0xb0, 0x0, 0x0, 0x0, 0x0, 0x0, 0x0, 0x0,
    0x0, 0x0, 0x0, 0x0, 0x0, 0x0, 0x0, 0x0,
    0x0, 0x0, 0x0, 0x0, 0x0, 0x0, 0x0, 0xb8,
    0xff, 0xff, 0xff, 0xff, 0xb0, 0x0, 0x0, 0x0,
    0x0, 0x0, 0x0, 0x0, 0x0, 0x0, 0x0, 0x0,
    0x0, 0x0, 0x0, 0x0, 0x0, 0x0, 0x0, 0x0,
    0x0, 0x0, 0x0, 0xb8, 0xff, 0xff, 0xff, 0xff,
    0xb0, 0x0, 0x0, 0x0, 0x0, 0x0, 0x0, 0x0,
    0x0, 0x0, 0x0, 0x0, 0x0, 0x0, 0x0, 0x0,
    0x0, 0x0, 0x0, 0x0, 0x0, 0x0, 0x0, 0xb8,
    0xff, 0xff, 0xff, 0xff, 0xb0, 0x0, 0x0, 0x0,
    0x0, 0x0, 0x0, 0x0, 0x0, 0x0, 0x0, 0x0,
    0x0, 0x0, 0x0, 0x0, 0x0, 0x0, 0x0, 0x0,
    0x0, 0x0, 0x0, 0xb8, 0xff, 0xff, 0xff, 0xff,
    0xb0, 0x0, 0x0, 0x0, 0x0, 0x0, 0x0, 0x0,
    0x0, 0x0, 0x0, 0x0, 0x0, 0x0, 0x0, 0x0,
    0x0, 0x0, 0x0, 0x0, 0x0, 0x0, 0x0, 0xb8,
    0xff, 0xff, 0xff, 0xff, 0xb0, 0x0, 0x0, 0x0,
    0x0, 0x0, 0x0, 0x0, 0x0, 0x0, 0x0, 0x0,
    0x0, 0x0, 0x0, 0x0, 0x0, 0x0, 0x0, 0x0,
    0x0, 0x0, 0x0, 0xb8, 0xff, 0xff, 0xff, 0xff,
    0xb0, 0x0, 0x0, 0x0, 0x0, 0x0, 0x0, 0x0,
    0x0, 0x0, 0x0, 0x0, 0x0, 0x0, 0x0, 0x0,
    0x0, 0x0, 0x0, 0x0, 0x0, 0x0, 0x0, 0xb8,
    0xff, 0xff, 0xff, 0xff, 0xb0, 0x0, 0x0, 0x0,
    0x0, 0x0, 0x0, 0x0, 0x0, 0x0, 0x0, 0x0,
    0x0, 0x0, 0x0, 0x0, 0x0, 0x0, 0x0, 0x0,
    0x0, 0x0, 0x0, 0xb8, 0xff, 0xff, 0xff, 0xff,
    0xb0, 0x0, 0x0, 0x0, 0x0, 0x0, 0x0, 0x0,
    0x0, 0x0, 0x0, 0x0, 0x0, 0x0, 0x0, 0x0,
    0x0, 0x0, 0x0, 0x0, 0x0, 0x0, 0x0, 0xb8,
    0xff, 0xff, 0xff, 0xff, 0xb0, 0x0, 0x0, 0x0,
    0x0, 0x0, 0x0, 0x0, 0x0, 0x0, 0x0, 0x0,
    0x0, 0x0, 0x0, 0x0, 0x0, 0x0, 0x0, 0x0,
    0x0, 0x0, 0x0, 0xb8, 0xff, 0xff, 0xff, 0xff,
    0xb0, 0x0, 0x0, 0x0, 0x0, 0x0, 0x0, 0x0,
    0x0, 0x0, 0x0, 0x0, 0x0, 0x0, 0x0, 0x0,
    0x0, 0x0, 0x0, 0x0, 0x0, 0x0, 0x0, 0xb8,
    0xff, 0xff, 0xff, 0xff, 0xb0, 0x0, 0x0, 0x0,
    0x0, 0x0, 0x0, 0x0, 0x0, 0x0, 0x0, 0x0,
    0x0, 0x0, 0x0, 0x0, 0x0, 0x0, 0x0, 0x0,
    0x0, 0x0, 0x0, 0xb8, 0xff, 0xff, 0xff, 0xff,
    0xb0, 0x0, 0x0, 0x0, 0x0, 0x0, 0x0, 0x0,
    0x0, 0x0, 0x0, 0x0, 0x0, 0x0, 0x0, 0x0,
    0x0, 0x0, 0x0, 0x0, 0x0, 0x0, 0x0, 0xb8,
    0xff, 0xff, 0xff, 0xff, 0xb0, 0x0, 0x0, 0x0,
    0x0, 0x0, 0x0, 0x0, 0x0, 0x0, 0x0, 0x0,
    0x0, 0x0, 0x0, 0x0, 0x0, 0x0, 0x0, 0x0,
    0x0, 0x0, 0x0, 0xb8, 0xff, 0xff, 0xff, 0xff,
    0xb0, 0x0, 0x0, 0x0, 0x0, 0x0, 0x0, 0x0,
    0x0, 0x0, 0x0, 0x0, 0x0, 0x0, 0x0, 0x0,
    0x0, 0x0, 0x0, 0x0, 0x0, 0x0, 0x0, 0xb8,
    0xff, 0xff, 0xff, 0xff, 0xaf, 0x0, 0x0, 0x0,
    0x0, 0x0, 0x0, 0x0, 0x0, 0x0, 0x0, 0x0,
    0x0, 0x0, 0x0, 0x0, 0x0, 0x0, 0x0, 0x0,
    0x0, 0x0, 0x0, 0xb8, 0xff, 0xff, 0xff, 0xff,
    0x9e, 0x0, 0x0, 0x0, 0x0, 0x0, 0x0, 0x0,
    0x0, 0x0, 0x0, 0x0, 0x0, 0x0, 0x0, 0x0,
    0x0, 0x0, 0x0, 0x0, 0x0, 0x0, 0x0, 0xb8,
    0xff, 0xff, 0xff, 0xff, 0x58, 0x0, 0x0, 0x0,
    0x0, 0x0, 0x0, 0x0, 0x0, 0x0, 0x0, 0x0,
    0x0, 0x0, 0x0, 0x0, 0x0, 0x0, 0x0, 0x0,
    0x0, 0x0, 0x0, 0xb8, 0xff, 0xff, 0xff, 0xae,
    0x1, 0x0, 0x0, 0x0, 0x0, 0x0, 0x0, 0x0,
    0x0, 0x0, 0x0, 0x0, 0x0, 0x0, 0x0, 0x0,
    0x0, 0x0, 0x0, 0x0, 0x0, 0x0, 0x0, 0xb4,
    0xeb, 0xbb, 0x5e, 0x1, 0x0, 0x0, 0x0, 0x0,
    0x0, 0x0, 0x0, 0x0, 0x0, 0x0, 0x0, 0x0,

    /* U+0055 "U" */
    0x0, 0x0, 0x41, 0xaa, 0xe1, 0xf8, 0x3, 0x0,
    0x0, 0x0, 0x0, 0x0, 0x0, 0x0, 0x0, 0x0,
    0x0, 0x0, 0x0, 0x0, 0x0, 0x0, 0x5, 0x6b,
    0xc1, 0xec, 0xa8, 0x0, 0x74, 0xff, 0xff, 0xff,
    0xff, 0x4, 0x0, 0x0, 0x0, 0x0, 0x0, 0x0,
    0x0, 0x0, 0x0, 0x0, 0x0, 0x0, 0x0, 0x0,
    0x7, 0xc4, 0xff, 0xff, 0xff, 0xac, 0x1a, 0xfa,
    0xff, 0xff, 0xff, 0xff, 0x4, 0x0, 0x0, 0x0,
    0x0, 0x0, 0x0, 0x0, 0x0, 0x0, 0x0, 0x0,
    0x0, 0x0, 0x0, 0x6d, 0xff, 0xff, 0xff, 0xff,
    0xac, 0x55, 0xff, 0xff, 0xff, 0xff, 0xff, 0x4,
    0x0, 0x0, 0x0, 0x0, 0x0, 0x0, 0x0, 0x0,
    0x0, 0x0, 0x0, 0x0, 0x0, 0x0, 0xad, 0xff,
    0xff, 0xff, 0xff, 0xac, 0x63, 0xff, 0xff, 0xff,
    0xff, 0xff, 0x4, 0x0, 0x0, 0x0, 0x0, 0x0,
    0x0, 0x0, 0x0, 0x0, 0x0, 0x0, 0x0, 0x0,
    0x0, 0xbb, 0xff, 0xff, 0xff, 0xff, 0xac, 0x64,
    0xff, 0xff, 0xff, 0xff, 0xff, 0x4, 0x0, 0x0,
    0x0, 0x0, 0x0, 0x0, 0x0, 0x0, 0x0, 0x0,
    0x0, 0x0, 0x0, 0x0, 0xbc, 0xff, 0xff, 0xff,
    0xff, 0xac, 0x64, 0xff, 0xff, 0xff, 0xff, 0xff,
    0x4, 0x0, 0x0, 0x0, 0x0, 0x0, 0x0, 0x0,
    0x0, 0x0, 0x0, 0x0, 0x0, 0x0, 0x0, 0xbc,
    0xff, 0xff, 0xff, 0xff, 0xac, 0x64, 0xff, 0xff,
    0xff, 0xff, 0xff, 0x4, 0x0, 0x0, 0x0, 0x0,
    0x0, 0x0, 0x0, 0x0, 0x0, 0x0, 0x0, 0x0,
    0x0, 0x0, 0xbc, 0xff, 0xff, 0xff, 0xff, 0xac,
    0x64, 0xff, 0xff, 0xff, 0xff, 0xff, 0x4, 0x0,
    0x0, 0x0, 0x0, 0x0, 0x0, 0x0, 0x0, 0x0,
    0x0, 0x0, 0x0, 0x0, 0x0, 0xbc, 0xff, 0xff,
    0xff, 0xff, 0xac, 0x64, 0xff, 0xff, 0xff, 0xff,
    0xff, 0x4, 0x0, 0x0, 0x0, 0x0, 0x0, 0x0,
    0x0, 0x0, 0x0, 0x0, 0x0, 0x0, 0x0, 0x0,
    0xbc, 0xff, 0xff, 0xff, 0xff, 0xac, 0x64, 0xff,
    0xff, 0xff, 0xff, 0xff, 0x4, 0x0, 0x0, 0x0,
    0x0, 0x0, 0x0, 0x0, 0x0, 0x0, 0x0, 0x0,
    0x0, 0x0, 0x0, 0xbc, 0xff, 0xff, 0xff, 0xff,
    0xac, 0x64, 0xff, 0xff, 0xff, 0xff, 0xff, 0x4,
    0x0, 0x0, 0x0, 0x0, 0x0, 0x0, 0x0, 0x0,
    0x0, 0x0, 0x0, 0x0, 0x0, 0x0, 0xbc, 0xff,
    0xff, 0xff, 0xff, 0xac, 0x64, 0xff, 0xff, 0xff,
    0xff, 0xff, 0x4, 0x0, 0x0, 0x0, 0x0, 0x0,
    0x0, 0x0, 0x0, 0x0, 0x0, 0x0, 0x0, 0x0,
    0x0, 0xbc, 0xff, 0xff, 0xff, 0xff, 0xac, 0x64,
    0xff, 0xff, 0xff, 0xff, 0xff, 0x4, 0x0, 0x0,
    0x0, 0x0, 0x0, 0x0, 0x0, 0x0, 0x0, 0x0,
    0x0, 0x0, 0x0, 0x0, 0xbc, 0xff, 0xff, 0xff,
    0xff, 0xac, 0x64, 0xff, 0xff, 0xff, 0xff, 0xff,
    0x4, 0x0, 0x0, 0x0, 0x0, 0x0, 0x0, 0x0,
    0x0, 0x0, 0x0, 0x0, 0x0, 0x0, 0x0, 0xbc,
    0xff, 0xff, 0xff, 0xff, 0xac, 0x64, 0xff, 0xff,
    0xff, 0xff, 0xff, 0x4, 0x0, 0x0, 0x0, 0x0,
    0x0, 0x0, 0x0, 0x0, 0x0, 0x0, 0x0, 0x0,
    0x0, 0x0, 0xbc, 0xff, 0xff, 0xff, 0xff, 0xac,
    0x64, 0xff, 0xff, 0xff, 0xff, 0xff, 0x4, 0x0,
    0x0, 0x0, 0x0, 0x0, 0x0, 0x0, 0x0, 0x0,
    0x0, 0x0, 0x0, 0x0, 0x0, 0xbc, 0xff, 0xff,
    0xff, 0xff, 0xac, 0x64, 0xff, 0xff, 0xff, 0xff,
    0xff, 0x4, 0x0, 0x0, 0x0, 0x0, 0x0, 0x0,
    0x0, 0x0, 0x0, 0x0, 0x0, 0x0, 0x0, 0x0,
    0xbc, 0xff, 0xff, 0xff, 0xff, 0xac, 0x64, 0xff,
    0xff, 0xff, 0xff, 0xff, 0x4, 0x0, 0x0, 0x0,
    0x0, 0x0, 0x0, 0x0, 0x0, 0x0, 0x0, 0x0,
    0x0, 0x0, 0x0, 0xbc, 0xff, 0xff, 0xff, 0xff,
    0xac, 0x64, 0xff, 0xff, 0xff, 0xff, 0xff, 0x4,
    0x0, 0x0, 0x0, 0x0, 0x0, 0x0, 0x0, 0x0,
    0x0, 0x0, 0x0, 0x0, 0x0, 0x0, 0xbc, 0xff,
    0xff, 0xff, 0xff, 0xac, 0x61, 0xff, 0xff, 0xff,
    0xff, 0xff, 0x7, 0x0, 0x0, 0x0, 0x0, 0x0,
    0x0, 0x0, 0x0, 0x0, 0x0, 0x0, 0x0, 0x0,
    0x0, 0xc0, 0xff, 0xff, 0xff, 0xff, 0xa9, 0x53,
    0xff, 0xff, 0xff, 0xff, 0xff, 0x1c, 0x0, 0x0,
    0x0, 0x0, 0x0, 0x0, 0x0, 0x0, 0x0, 0x0,
    0x0, 0x0, 0x0, 0x0, 0xd5, 0xff, 0xff, 0xff,
    0xff, 0x9a, 0x32, 0xff, 0xff, 0xff, 0xff, 0xff,
    0x53, 0x0, 0x0, 0x0, 0x0, 0x0, 0x0, 0x0,
    0x0, 0x0, 0x0, 0x0, 0x0, 0x0, 0x12, 0xfc,
    0xff, 0xff, 0xff, 0xff, 0x79, 0x5, 0xf4, 0xff,
    0xff, 0xff, 0xff, 0xb5, 0x0, 0x0, 0x0, 0x0,
    0x0, 0x0, 0x0, 0x0, 0x0, 0x0, 0x0, 0x0,
    0x0, 0x71, 0xff, 0xff, 0xff, 0xff, 0xff, 0x41,
    0x0, 0xa3, 0xff, 0xff, 0xff, 0xff, 0xff, 0x55,
    0x0, 0x0, 0x0, 0x0, 0x0, 0x0, 0x0, 0x0,
    0x0, 0x0, 0x0, 0x25, 0xef, 0xff, 0xff, 0xff,
    0xff, 0xe6, 0x3, 0x0, 0x31, 0xfe, 0xff, 0xff,
    0xff, 0xff, 0xf8, 0x59, 0x0, 0x0, 0x0, 0x0,
    0x0, 0x0, 0x0, 0x0, 0x0, 0x32, 0xe0, 0xff,
    0xff, 0xff, 0xff, 0xff, 0x77, 0x0, 0x0, 0x0,
    0x9b, 0xff, 0xff, 0xff, 0xff, 0xff, 0xff, 0xb7,
    0x4a, 0xb, 0x0, 0x0, 0x0, 0x3, 0x35, 0x99,
    0xf9, 0xff, 0xff, 0xff, 0xff, 0xff, 0xd9, 0x9,
    0x0, 0x0, 0x0, 0xb, 0xd2, 0xff, 0xff, 0xff,
    0xff, 0xff, 0xff, 0xff, 0xfb, 0xe0, 0xd0, 0xda,
    0xf4, 0xff, 0xff, 0xff, 0xff, 0xff, 0xff, 0xff,
    0xf4, 0x2f, 0x0, 0x0, 0x0, 0x0, 0x0, 0x16,
    0xd3, 0xff, 0xff, 0xff, 0xff, 0xff, 0xff, 0xff,
    0xff, 0xff, 0xff, 0xff, 0xff, 0xff, 0xff, 0xff,
    0xff, 0xff, 0xf2, 0x3e, 0x0, 0x0, 0x0, 0x0,
    0x0, 0x0, 0x0, 0xc, 0xa3, 0xff, 0xff, 0xff,
    0xff, 0xff, 0xff, 0xff, 0xff, 0xff, 0xff, 0xff,
    0xff, 0xff, 0xff, 0xff, 0xce, 0x26, 0x0, 0x0,
    0x0, 0x0, 0x0, 0x0, 0x0, 0x0, 0x0, 0x0,
    0x40, 0xc0, 0xff, 0xff, 0xff, 0xff, 0xff, 0xff,
    0xff, 0xff, 0xff, 0xff, 0xff, 0xdb, 0x66, 0x2,
    0x0, 0x0, 0x0, 0x0, 0x0, 0x0, 0x0, 0x0,
    0x0, 0x0, 0x0, 0x0, 0x0, 0x28, 0x75, 0xb1,
    0xdb, 0xf2, 0xfc, 0xf5, 0xe4, 0xbd, 0x88, 0x3f,
    0x1, 0x0, 0x0, 0x0, 0x0, 0x0, 0x0, 0x0,

    /* U+0056 "V" */
    0xf, 0xba, 0xeb, 0xf4, 0xcf, 0x6a, 0x1, 0x0,
    0x0, 0x0, 0x0, 0x0, 0x0, 0x0, 0x0, 0x0,
    0x0, 0x0, 0x0, 0x0, 0x0, 0x0, 0x0, 0x5,
    0x78, 0xd4, 0xf5, 0xe8, 0xaa, 0x4, 0x0, 0xd4,
    0xff, 0xff, 0xff, 0xff, 0x98, 0x0, 0x0, 0x0,
    0x0, 0x0, 0x0, 0x0, 0x0, 0x0, 0x0, 0x0,
    0x0, 0x0, 0x0, 0x0, 0x0, 0xb3, 0xff, 0xff,
    0xff, 0xff, 0xbb, 0x0, 0x0, 0x71, 0xff, 0xff,
    0xff, 0xff, 0xff, 0x39, 0x0, 0x0, 0x0, 0x0,
    0x0, 0x0, 0x0, 0x0, 0x0, 0x0, 0x0, 0x0,
    0x0, 0x0, 0x51, 0xff, 0xff, 0xff, 0xff, 0xff,
    0x58, 0x0, 0x0, 0x14, 0xf9, 0xff, 0xff, 0xff,
    0xff, 0xa0, 0x0, 0x0, 0x0, 0x0, 0x0, 0x0,
    0x0, 0x0, 0x0, 0x0, 0x0, 0x0, 0x0, 0x0,
    0xb9, 0xff, 0xff, 0xff, 0xff, 0xee, 0x7, 0x0,
    0x0, 0x0, 0xaa, 0xff, 0xff, 0xff, 0xff, 0xf2,
    0x9, 0x0, 0x0, 0x0, 0x0, 0x0, 0x0, 0x0,
    0x0, 0x0, 0x0, 0x0, 0x0, 0x18, 0xfc, 0xff,
    0xff, 0xff, 0xff, 0x92, 0x0, 0x0, 0x0, 0x0,
    0x47, 0xff, 0xff, 0xff, 0xff, 0xff, 0x58, 0x0,
    0x0, 0x0, 0x0, 0x0, 0x0, 0x0, 0x0, 0x0,
    0x0, 0x0, 0x0, 0x72, 0xff, 0xff, 0xff, 0xff,
    0xff, 0x2f, 0x0, 0x0, 0x0, 0x0, 0x2, 0xe1,
    0xff, 0xff, 0xff, 0xff, 0xb4, 0x0, 0x0, 0x0,
    0x0, 0x0, 0x0, 0x0, 0x0, 0x0, 0x0, 0x0,
    0x0, 0xcf, 0xff, 0xff, 0xff, 0xff, 0xcc, 0x0,
    0x0, 0x0, 0x0, 0x0, 0x0, 0x80, 0xff, 0xff,
    0xff, 0xff, 0xfb, 0x14, 0x0, 0x0, 0x0, 0x0,
    0x0, 0x0, 0x0, 0x0, 0x0, 0x0, 0x2b, 0xff,
    0xff, 0xff, 0xff, 0xff, 0x69, 0x0, 0x0, 0x0,
    0x0, 0x0, 0x0, 0x1f, 0xfd, 0xff, 0xff, 0xff,
    0xff, 0x6c, 0x0, 0x0, 0x0, 0x0, 0x0, 0x0,
    0x0, 0x0, 0x0, 0x0, 0x88, 0xff, 0xff, 0xff,
    0xff, 0xf6, 0xf, 0x0, 0x0, 0x0, 0x0, 0x0,
    0x0, 0x0, 0xba, 0xff, 0xff, 0xff, 0xff, 0xc8,
    0x0, 0x0, 0x0, 0x0, 0x0, 0x0, 0x0, 0x0,
    0x0, 0x2, 0xe3, 0xff, 0xff, 0xff, 0xff, 0xa3,
    0x0, 0x0, 0x0, 0x0, 0x0, 0x0, 0x0, 0x0,
    0x56, 0xff, 0xff, 0xff, 0xff, 0xff, 0x24, 0x0,
    0x0, 0x0, 0x0, 0x0, 0x0, 0x0, 0x0, 0x42,
    0xff, 0xff, 0xff, 0xff, 0xff, 0x40, 0x0, 0x0,
    0x0, 0x0, 0x0, 0x0, 0x0, 0x0, 0x6, 0xec,
    0xff, 0xff, 0xff, 0xff, 0x80, 0x0, 0x0, 0x0,
    0x0, 0x0, 0x0, 0x0, 0x0, 0x9e, 0xff, 0xff,
    0xff, 0xff, 0xdc, 0x1, 0x0, 0x0, 0x0, 0x0,
    0x0, 0x0, 0x0, 0x0, 0x0, 0x90, 0xff, 0xff,
    0xff, 0xff, 0xdb, 0x0, 0x0, 0x0, 0x0, 0x0,
    0x0, 0x0, 0x9, 0xf1, 0xff, 0xff, 0xff, 0xff,
    0x7a, 0x0, 0x0, 0x0, 0x0, 0x0, 0x0, 0x0,
    0x0, 0x0, 0x0, 0x2c, 0xff, 0xff, 0xff, 0xff,
    0xff, 0x38, 0x0, 0x0, 0x0, 0x0, 0x0, 0x0,
    0x58, 0xff, 0xff, 0xff, 0xff, 0xfc, 0x1b, 0x0,
    0x0, 0x0, 0x0, 0x0, 0x0, 0x0, 0x0, 0x0,
    0x0, 0x0, 0xc9, 0xff, 0xff, 0xff, 0xff, 0x95,
    0x0, 0x0, 0x0, 0x0, 0x0, 0x0, 0xb4, 0xff,
    0xff, 0xff, 0xff, 0xb4, 0x0, 0x0, 0x0, 0x0,
    0x0, 0x0, 0x0, 0x0, 0x0, 0x0, 0x0, 0x0,
    0x66, 0xff, 0xff, 0xff, 0xff, 0xeb, 0x5, 0x0,
    0x0, 0x0, 0x0, 0x15, 0xfb, 0xff, 0xff, 0xff,
    0xff, 0x51, 0x0, 0x0, 0x0, 0x0, 0x0, 0x0,
    0x0, 0x0, 0x0, 0x0, 0x0, 0x0, 0xd, 0xf4,
    0xff, 0xff, 0xff, 0xff, 0x4d, 0x0, 0x0, 0x0,
    0x0, 0x6e, 0xff, 0xff, 0xff, 0xff, 0xe9, 0x5,
    0x0, 0x0, 0x0, 0x0, 0x0, 0x0, 0x0, 0x0,
    0x0, 0x0, 0x0, 0x0, 0x0, 0x9f, 0xff, 0xff,
    0xff, 0xff, 0xa9, 0x0, 0x0, 0x0, 0x0, 0xca,
    0xff, 0xff, 0xff, 0xff, 0x8b, 0x0, 0x0, 0x0,
    0x0, 0x0, 0x0, 0x0, 0x0, 0x0, 0x0, 0x0,
    0x0, 0x0, 0x0, 0x3c, 0xff, 0xff, 0xff, 0xff,
    0xf6, 0xe, 0x0, 0x0, 0x27, 0xff, 0xff, 0xff,
    0xff, 0xff, 0x28, 0x0, 0x0, 0x0, 0x0, 0x0,
    0x0, 0x0, 0x0, 0x0, 0x0, 0x0, 0x0, 0x0,
    0x0, 0x0, 0xd8, 0xff, 0xff, 0xff, 0xff, 0x61,
    0x0, 0x0, 0x84, 0xff, 0xff, 0xff, 0xff, 0xc5,
    0x0, 0x0, 0x0, 0x0, 0x0, 0x0, 0x0, 0x0,
    0x0, 0x0, 0x0, 0x0, 0x0, 0x0, 0x0, 0x0,
    0x75, 0xff, 0xff, 0xff, 0xff, 0xbd, 0x0, 0x1,
    0xdf, 0xff, 0xff, 0xff, 0xff, 0x61, 0x0, 0x0,
    0x0, 0x0, 0x0, 0x0, 0x0, 0x0, 0x0, 0x0,
    0x0, 0x0, 0x0, 0x0, 0x0, 0x0, 0x17, 0xfb,
    0xff, 0xff, 0xff, 0xfd, 0x1b, 0x3d, 0xff, 0xff,
    0xff, 0xff, 0xf3, 0xb, 0x0, 0x0, 0x0, 0x0,
    0x0, 0x0, 0x0, 0x0, 0x0, 0x0, 0x0, 0x0,
    0x0, 0x0, 0x0, 0x0, 0x0, 0xaf, 0xff, 0xff,
    0xff, 0xff, 0x75, 0x9a, 0xff, 0xff, 0xff, 0xff,
    0x9b, 0x0, 0x0, 0x0, 0x0, 0x0, 0x0, 0x0,
    0x0, 0x0, 0x0, 0x0, 0x0, 0x0, 0x0, 0x0,
    0x0, 0x0, 0x0, 0x4b, 0xff, 0xff, 0xff, 0xff,
    0x85, 0xef, 0xff, 0xff, 0xff, 0xff, 0x38, 0x0,
    0x0, 0x0, 0x0, 0x0, 0x0, 0x0, 0x0, 0x0,
    0x0, 0x0, 0x0, 0x0, 0x0, 0x0, 0x0, 0x0,
    0x0, 0x3, 0xe4, 0xff, 0xff, 0xff, 0x78, 0xff,
    0xff, 0xff, 0xff, 0xd5, 0x0, 0x0, 0x0, 0x0,
    0x0, 0x0, 0x0, 0x0, 0x0, 0x0, 0x0, 0x0,
    0x0, 0x0, 0x0, 0x0, 0x0, 0x0, 0x0, 0x0,
    0x85, 0xff, 0xff, 0xdf, 0xb5, 0xff, 0xff, 0xff,
    0xff, 0x72, 0x0, 0x0, 0x0, 0x0, 0x0, 0x0,
    0x0, 0x0, 0x0, 0x0, 0x0, 0x0, 0x0, 0x0,
    0x0, 0x0, 0x0, 0x0, 0x0, 0x0, 0x22, 0xfe,
    0xff, 0xff, 0xff, 0xff, 0xff, 0xff, 0xfa, 0x15,
    0x0, 0x0, 0x0, 0x0, 0x0, 0x0, 0x0, 0x0,
    0x0, 0x0, 0x0, 0x0, 0x0, 0x0, 0x0, 0x0,
    0x0, 0x0, 0x0, 0x0, 0x0, 0xbe, 0xff, 0xff,
    0xff, 0xff, 0xff, 0xff, 0xac, 0x0, 0x0, 0x0,
    0x0, 0x0, 0x0, 0x0, 0x0, 0x0, 0x0, 0x0,
    0x0, 0x0, 0x0, 0x0, 0x0, 0x0, 0x0, 0x0,
    0x0, 0x0, 0x0, 0x5b, 0xff, 0xff, 0xff, 0xff,
    0xff, 0xff, 0x49, 0x0, 0x0, 0x0, 0x0, 0x0,
    0x0, 0x0, 0x0, 0x0, 0x0, 0x0, 0x0, 0x0,
    0x0, 0x0, 0x0, 0x0, 0x0, 0x0, 0x0, 0x0,
    0x0, 0x8, 0xef, 0xff, 0xff, 0xff, 0xff, 0xe3,
    0x3, 0x0, 0x0, 0x0, 0x0, 0x0, 0x0, 0x0,
    0x0, 0x0, 0x0, 0x0, 0x0, 0x0, 0x0, 0x0,
    0x0, 0x0, 0x0, 0x0, 0x0, 0x0, 0x0, 0x0,
    0x88, 0xff, 0xff, 0xff, 0xff, 0x77, 0x0, 0x0,
    0x0, 0x0, 0x0, 0x0, 0x0, 0x0, 0x0, 0x0,
    0x0, 0x0, 0x0, 0x0, 0x0, 0x0, 0x0, 0x0,
    0x0, 0x0, 0x0, 0x0, 0x0, 0x0, 0x8, 0x9c,
    0xf1, 0xed, 0x8c, 0x3, 0x0, 0x0, 0x0, 0x0,
    0x0, 0x0, 0x0, 0x0, 0x0, 0x0, 0x0, 0x0,

    /* U+0057 "W" */
    0x12, 0xb1, 0xeb, 0xf5, 0xd2, 0x6a, 0x0, 0x0,
    0x0, 0x0, 0x0, 0x0, 0x0, 0x0, 0x0, 0x0,
    0x0, 0xb, 0xa6, 0xf4, 0xdc, 0x51, 0x0, 0x0,
    0x0, 0x0, 0x0, 0x0, 0x0, 0x0, 0x0, 0x0,
    0x0, 0x25, 0xa8, 0xe7, 0xf6, 0xd6, 0x5b, 0x4,
    0xf2, 0xff, 0xff, 0xff, 0xff, 0x85, 0x0, 0x0,
    0x0, 0x0, 0x0, 0x0, 0x0, 0x0, 0x0, 0x0,
    0x8d, 0xff, 0xff, 0xff, 0xf8, 0x14, 0x0, 0x0,
    0x0, 0x0, 0x0, 0x0, 0x0, 0x0, 0x0, 0x1c,
    0xe8, 0xff, 0xff, 0xff, 0xff, 0x72, 0x0, 0xb5,
    0xff, 0xff, 0xff, 0xff, 0xf6, 0x10, 0x0, 0x0,
    0x0, 0x0, 0x0, 0x0, 0x0, 0x0, 0x0, 0xe5,
    0xff, 0xff, 0xff, 0xff, 0x5f, 0x0, 0x0, 0x0,
    0x0, 0x0, 0x0, 0x0, 0x0, 0x0, 0x8a, 0xff,
    0xff, 0xff, 0xff, 0xff, 0x30, 0x0, 0x73, 0xff,
    0xff, 0xff, 0xff, 0xff, 0x4e, 0x0, 0x0, 0x0,
    0x0, 0x0, 0x0, 0x0, 0x0, 0x30, 0xff, 0xff,
    0xff, 0xff, 0xff, 0xa5, 0x0, 0x0, 0x0, 0x0,
    0x0, 0x0, 0x0, 0x0, 0x0, 0xd4, 0xff, 0xff,
    0xff, 0xff, 0xec, 0x1, 0x0, 0x30, 0xff, 0xff,
    0xff, 0xff, 0xff, 0x89, 0x0, 0x0, 0x0, 0x0,
    0x0, 0x0, 0x0, 0x0, 0x79, 0xff, 0xff, 0xff,
    0xff, 0xff, 0xea, 0x1, 0x0, 0x0, 0x0, 0x0,
    0x0, 0x0, 0x0, 0x10, 0xfe, 0xff, 0xff, 0xff,
    0xff, 0xab, 0x0, 0x0, 0x1, 0xec, 0xff, 0xff,
    0xff, 0xff, 0xc3, 0x0, 0x0, 0x0, 0x0, 0x0,
    0x0, 0x0, 0x0, 0xc2, 0xff, 0xff, 0xff, 0xff,
    0xff, 0xff, 0x32, 0x0, 0x0, 0x0, 0x0, 0x0,
    0x0, 0x0, 0x4a, 0xff, 0xff, 0xff, 0xff, 0xff,
    0x69, 0x0, 0x0, 0x0, 0xac, 0xff, 0xff, 0xff,
    0xff, 0xf7, 0x6, 0x0, 0x0, 0x0, 0x0, 0x0,
    0x0, 0x10, 0xfb, 0xff, 0xf9, 0xde, 0xff, 0xff,
    0xff, 0x79, 0x0, 0x0, 0x0, 0x0, 0x0, 0x0,
    0x0, 0x86, 0xff, 0xff, 0xff, 0xff, 0xff, 0x27,
    0x0, 0x0, 0x0, 0x69, 0xff, 0xff, 0xff, 0xff,
    0xff, 0x38, 0x0, 0x0, 0x0, 0x0, 0x0, 0x0,
    0x55, 0xff, 0xff, 0xff, 0xa8, 0xff, 0xff, 0xff,
    0xbf, 0x0, 0x0, 0x0, 0x0, 0x0, 0x0, 0x0,
    0xc1, 0xff, 0xff, 0xff, 0xff, 0xe4, 0x0, 0x0,
    0x0, 0x0, 0x27, 0xff, 0xff, 0xff, 0xff, 0xff,
    0x73, 0x0, 0x0, 0x0, 0x0, 0x0, 0x0, 0x9f,
    0xff, 0xff, 0xff, 0xa6, 0xff, 0xff, 0xff, 0xfa,
    0xc, 0x0, 0x0, 0x0, 0x0, 0x0, 0x5, 0xf6,
    0xff, 0xff, 0xff, 0xff, 0xa2, 0x0, 0x0, 0x0,
    0x0, 0x0, 0xe4, 0xff, 0xff, 0xff, 0xff, 0xad,
    0x0, 0x0, 0x0, 0x0, 0x0, 0x1, 0xe7, 0xff,
    0xff, 0xff, 0x73, 0xf0, 0xff, 0xff, 0xff, 0x4c,
    0x0, 0x0, 0x0, 0x0, 0x0, 0x38, 0xff, 0xff,
    0xff, 0xff, 0xff, 0x60, 0x0, 0x0, 0x0, 0x0,
    0x0, 0xa3, 0xff, 0xff, 0xff, 0xff, 0xe8, 0x0,
    0x0, 0x0, 0x0, 0x0, 0x31, 0xff, 0xff, 0xff,
    0xff, 0x27, 0xad, 0xff, 0xff, 0xff, 0x93, 0x0,
    0x0, 0x0, 0x0, 0x0, 0x73, 0xff, 0xff, 0xff,
    0xff, 0xff, 0x1e, 0x0, 0x0, 0x0, 0x0, 0x0,
    0x60, 0xff, 0xff, 0xff, 0xff, 0xff, 0x23, 0x0,
    0x0, 0x0, 0x0, 0x7b, 0xff, 0xff, 0xff, 0xdf,
    0x0, 0x65, 0xff, 0xff, 0xff, 0xd9, 0x0, 0x0,
    0x0, 0x0, 0x0, 0xae, 0xff, 0xff, 0xff, 0xff,
    0xdb, 0x0, 0x0, 0x0, 0x0, 0x0, 0x0, 0x1d,
    0xff, 0xff, 0xff, 0xff, 0xff, 0x5d, 0x0, 0x0,
    0x0, 0x0, 0xc4, 0xff, 0xff, 0xff, 0x97, 0x0,
    0x1d, 0xff, 0xff, 0xff, 0xff, 0x20, 0x0, 0x0,
    0x0, 0x0, 0xe9, 0xff, 0xff, 0xff, 0xff, 0x99,
    0x0, 0x0, 0x0, 0x0, 0x0, 0x0, 0x0, 0xdc,
    0xff, 0xff, 0xff, 0xff, 0x98, 0x0, 0x0, 0x0,
    0x11, 0xfc, 0xff, 0xff, 0xff, 0x50, 0x0, 0x0,
    0xd6, 0xff, 0xff, 0xff, 0x66, 0x0, 0x0, 0x0,
    0x25, 0xff, 0xff, 0xff, 0xff, 0xff, 0x57, 0x0,
    0x0, 0x0, 0x0, 0x0, 0x0, 0x0, 0x99, 0xff,
    0xff, 0xff, 0xff, 0xd2, 0x0, 0x0, 0x0, 0x57,
    0xff, 0xff, 0xff, 0xfa, 0xd, 0x0, 0x0, 0x8e,
    0xff, 0xff, 0xff, 0xad, 0x0, 0x0, 0x0, 0x61,
    0xff, 0xff, 0xff, 0xff, 0xfe, 0x16, 0x0, 0x0,
    0x0, 0x0, 0x0, 0x0, 0x0, 0x57, 0xff, 0xff,
    0xff, 0xff, 0xfd, 0xf, 0x0, 0x0, 0xa1, 0xff,
    0xff, 0xff, 0xc0, 0x0, 0x0, 0x0, 0x46, 0xff,
    0xff, 0xff, 0xef, 0x3, 0x0, 0x0, 0x9c, 0xff,
    0xff, 0xff, 0xff, 0xd2, 0x0, 0x0, 0x0, 0x0,
    0x0, 0x0, 0x0, 0x0, 0x15, 0xfe, 0xff, 0xff,
    0xff, 0xff, 0x47, 0x0, 0x1, 0xe8, 0xff, 0xff,
    0xff, 0x78, 0x0, 0x0, 0x0, 0x7, 0xf5, 0xff,
    0xff, 0xff, 0x3a, 0x0, 0x0, 0xd7, 0xff, 0xff,
    0xff, 0xff, 0x90, 0x0, 0x0, 0x0, 0x0, 0x0,
    0x0, 0x0, 0x0, 0x0, 0xd2, 0xff, 0xff, 0xff,
    0xff, 0x82, 0x0, 0x33, 0xff, 0xff, 0xff, 0xff,
    0x30, 0x0, 0x0, 0x0, 0x0, 0xb6, 0xff, 0xff,
    0xff, 0x80, 0x0, 0x13, 0xfe, 0xff, 0xff, 0xff,
    0xff, 0x4d, 0x0, 0x0, 0x0, 0x0, 0x0, 0x0,
    0x0, 0x0, 0x0, 0x90, 0xff, 0xff, 0xff, 0xff,
    0xbc, 0x0, 0x7d, 0xff, 0xff, 0xff, 0xe7, 0x1,
    0x0, 0x0, 0x0, 0x0, 0x6e, 0xff, 0xff, 0xff,
    0xc6, 0x0, 0x4e, 0xff, 0xff, 0xff, 0xff, 0xfc,
    0xe, 0x0, 0x0, 0x0, 0x0, 0x0, 0x0, 0x0,
    0x0, 0x0, 0x4e, 0xff, 0xff, 0xff, 0xff, 0xf3,
    0x3, 0xc6, 0xff, 0xff, 0xff, 0xa1, 0x0, 0x0,
    0x0, 0x0, 0x0, 0x26, 0xff, 0xff, 0xff, 0xfc,
    0x10, 0x89, 0xff, 0xff, 0xff, 0xff, 0xc9, 0x0,
    0x0, 0x0, 0x0, 0x0, 0x0, 0x0, 0x0, 0x0,
    0x0, 0xf, 0xfc, 0xff, 0xff, 0xff, 0xff, 0x44,
    0xfc, 0xff, 0xff, 0xff, 0x59, 0x0, 0x0, 0x0,
    0x0, 0x0, 0x0, 0xde, 0xff, 0xff, 0xff, 0x53,
    0xc5, 0xff, 0xff, 0xff, 0xff, 0x87, 0x0, 0x0,
    0x0, 0x0, 0x0, 0x0, 0x0, 0x0, 0x0, 0x0,
    0x0, 0xc9, 0xff, 0xff, 0xff, 0xff, 0x8f, 0xff,
    0xff, 0xff, 0xfd, 0x13, 0x0, 0x0, 0x0, 0x0,
    0x0, 0x0, 0x97, 0xff, 0xff, 0xff, 0x8a, 0xf8,
    0xff, 0xff, 0xff, 0xff, 0x44, 0x0, 0x0, 0x0,
    0x0, 0x0, 0x0, 0x0, 0x0, 0x0, 0x0, 0x0,
    0x87, 0xff, 0xff, 0xff, 0xee, 0xa5, 0xff, 0xff,
    0xff, 0xc9, 0x0, 0x0, 0x0, 0x0, 0x0, 0x0,
    0x0, 0x4f, 0xff, 0xff, 0xff, 0x8b, 0xff, 0xff,
    0xff, 0xff, 0xf8, 0x9, 0x0, 0x0, 0x0, 0x0,
    0x0, 0x0, 0x0, 0x0, 0x0, 0x0, 0x0, 0x45,
    0xff, 0xff, 0xff, 0xac, 0xea, 0xff, 0xff, 0xff,
    0x82, 0x0, 0x0, 0x0, 0x0, 0x0, 0x0, 0x0,
    0xc, 0xfa, 0xff, 0xfe, 0x89, 0xff, 0xff, 0xff,
    0xff, 0xc0, 0x0, 0x0, 0x0, 0x0, 0x0, 0x0,
    0x0, 0x0, 0x0, 0x0, 0x0, 0x0, 0x9, 0xf8,
    0xff, 0xff, 0xe0, 0xff, 0xff, 0xff, 0xff, 0x3a,
    0x0, 0x0, 0x0, 0x0, 0x0, 0x0, 0x0, 0x0,
    0xbf, 0xff, 0xe2, 0xba, 0xff, 0xff, 0xff, 0xff,
    0x7d, 0x0, 0x0, 0x0, 0x0, 0x0, 0x0, 0x0,
    0x0, 0x0, 0x0, 0x0, 0x0, 0x0, 0xc0, 0xff,
    0xff, 0xff, 0xff, 0xff, 0xff, 0xee, 0x3, 0x0,
    0x0, 0x0, 0x0, 0x0, 0x0, 0x0, 0x0, 0x77,
    0xff, 0xff, 0xff, 0xff, 0xff, 0xff, 0xff, 0x3b,
    0x0, 0x0, 0x0, 0x0, 0x0, 0x0, 0x0, 0x0,
    0x0, 0x0, 0x0, 0x0, 0x0, 0x7e, 0xff, 0xff,
    0xff, 0xff, 0xff, 0xff, 0xaa, 0x0, 0x0, 0x0,
    0x0, 0x0, 0x0, 0x0, 0x0, 0x0, 0x30, 0xff,
    0xff, 0xff, 0xff, 0xff, 0xff, 0xf4, 0x5, 0x0,
    0x0, 0x0, 0x0, 0x0, 0x0, 0x0, 0x0, 0x0,
    0x0, 0x0, 0x0, 0x0, 0x3b, 0xff, 0xff, 0xff,
    0xff, 0xff, 0xff, 0x62, 0x0, 0x0, 0x0, 0x0,
    0x0, 0x0, 0x0, 0x0, 0x0, 0x0, 0xe6, 0xff,
    0xff, 0xff, 0xff, 0xff, 0xb6, 0x0, 0x0, 0x0,
    0x0, 0x0, 0x0, 0x0, 0x0, 0x0, 0x0, 0x0,
    0x0, 0x0, 0x0, 0x5, 0xea, 0xff, 0xff, 0xff,
    0xff, 0xff, 0x1b, 0x0, 0x0, 0x0, 0x0, 0x0,
    0x0, 0x0, 0x0, 0x0, 0x0, 0xa0, 0xff, 0xff,
    0xff, 0xff, 0xff, 0x6c, 0x0, 0x0, 0x0, 0x0,
    0x0, 0x0, 0x0, 0x0, 0x0, 0x0, 0x0, 0x0,
    0x0, 0x0, 0x0, 0x7f, 0xff, 0xff, 0xff, 0xff,
    0xd3, 0x0, 0x0, 0x0, 0x0, 0x0, 0x0, 0x0,
    0x0, 0x0, 0x0, 0x0, 0x58, 0xff, 0xff, 0xff,
    0xff, 0xf3, 0xf, 0x0, 0x0, 0x0, 0x0, 0x0,
    0x0, 0x0, 0x0, 0x0, 0x0, 0x0, 0x0, 0x0,
    0x0, 0x0, 0x7, 0xbb, 0xff, 0xff, 0xff, 0x8b,
    0x0, 0x0, 0x0, 0x0, 0x0, 0x0, 0x0, 0x0,
    0x0, 0x0, 0x0, 0x12, 0xfd, 0xff, 0xff, 0xfb,
    0x4e, 0x0, 0x0, 0x0, 0x0, 0x0, 0x0, 0x0,
    0x0, 0x0, 0x0, 0x0, 0x0, 0x0, 0x0, 0x0,
    0x0, 0x0, 0x7, 0x68, 0xc8, 0xec, 0x43, 0x0,
    0x0, 0x0, 0x0, 0x0, 0x0, 0x0, 0x0, 0x0,
    0x0, 0x0, 0x0, 0xc1, 0xdc, 0xa4, 0x2f, 0x0,
    0x0, 0x0, 0x0, 0x0, 0x0, 0x0, 0x0, 0x0,

    /* U+0058 "X" */
    0x0, 0x2a, 0xac, 0xed, 0xf8, 0xd7, 0x86, 0x10,
    0x0, 0x0, 0x0, 0x0, 0x0, 0x0, 0x0, 0x0,
    0x0, 0x0, 0x0, 0x0, 0x0, 0x0, 0x48, 0xb8,
    0xed, 0xf9, 0xd2, 0x6a, 0x1, 0x0, 0x4a, 0xff,
    0xff, 0xff, 0xff, 0xff, 0xcf, 0x8, 0x0, 0x0,
    0x0, 0x0, 0x0, 0x0, 0x0, 0x0, 0x0, 0x0,
    0x0, 0x0, 0x64, 0xff, 0xff, 0xff, 0xff, 0xff,
    0xbc, 0x1, 0x0, 0x0, 0x93, 0xff, 0xff, 0xff,
    0xff, 0xff, 0x8f, 0x0, 0x0, 0x0, 0x0, 0x0,
    0x0, 0x0, 0x0, 0x0, 0x0, 0x0, 0x26, 0xf6,
    0xff, 0xff, 0xff, 0xff, 0xec, 0x1a, 0x0, 0x0,
    0x0, 0x8, 0xd3, 0xff, 0xff, 0xff, 0xff, 0xfe,
    0x3e, 0x0, 0x0, 0x0, 0x0, 0x0, 0x0, 0x0,
    0x0, 0x0, 0x3, 0xc8, 0xff, 0xff, 0xff, 0xff,
    0xff, 0x51, 0x0, 0x0, 0x0, 0x0, 0x0, 0x2c,
    0xf7, 0xff, 0xff, 0xff, 0xff, 0xde, 0xc, 0x0,
    0x0, 0x0, 0x0, 0x0, 0x0, 0x0, 0x0, 0x7d,
    0xff, 0xff, 0xff, 0xff, 0xff, 0x9b, 0x0, 0x0,
    0x0, 0x0, 0x0, 0x0, 0x0, 0x6d, 0xff, 0xff,
    0xff, 0xff, 0xff, 0x98, 0x0, 0x0, 0x0, 0x0,
    0x0, 0x0, 0x0, 0x31, 0xfa, 0xff, 0xff, 0xff,
    0xff, 0xd9, 0xb, 0x0, 0x0, 0x0, 0x0, 0x0,
    0x0, 0x0, 0x0, 0xb5, 0xff, 0xff, 0xff, 0xff,
    0xff, 0x46, 0x0, 0x0, 0x0, 0x0, 0x0, 0x7,
    0xd4, 0xff, 0xff, 0xff, 0xff, 0xfa, 0x34, 0x0,
    0x0, 0x0, 0x0, 0x0, 0x0, 0x0, 0x0, 0x0,
    0x16, 0xe9, 0xff, 0xff, 0xff, 0xff, 0xe3, 0x10,
    0x0, 0x0, 0x0, 0x0, 0x8c, 0xff, 0xff, 0xff,
    0xff, 0xff, 0x78, 0x0, 0x0, 0x0, 0x0, 0x0,
    0x0, 0x0, 0x0, 0x0, 0x0, 0x0, 0x49, 0xff,
    0xff, 0xff, 0xff, 0xff, 0xa2, 0x0, 0x0, 0x0,
    0x3d, 0xfd, 0xff, 0xff, 0xff, 0xff, 0xc0, 0x2,
    0x0, 0x0, 0x0, 0x0, 0x0, 0x0, 0x0, 0x0,
    0x0, 0x0, 0x0, 0x0, 0x91, 0xff, 0xff, 0xff,
    0xff, 0xff, 0x4f, 0x0, 0xc, 0xdd, 0xff, 0xff,
    0xff, 0xff, 0xef, 0x1d, 0x0, 0x0, 0x0, 0x0,
    0x0, 0x0, 0x0, 0x0, 0x0, 0x0, 0x0, 0x0,
    0x0, 0x8, 0xd2, 0xff, 0xff, 0xff, 0xff, 0xe9,
    0x14, 0x9a, 0xff, 0xff, 0xff, 0xff, 0xff, 0x56,
    0x0, 0x0, 0x0, 0x0, 0x0, 0x0, 0x0, 0x0,
    0x0, 0x0, 0x0, 0x0, 0x0, 0x0, 0x0, 0x2c,
    0xf7, 0xff, 0xff, 0xff, 0xfa, 0x7b, 0xff, 0xff,
    0xff, 0xff, 0xff, 0x9f, 0x0, 0x0, 0x0, 0x0,
    0x0, 0x0, 0x0, 0x0, 0x0, 0x0, 0x0, 0x0,
    0x0, 0x0, 0x0, 0x0, 0x0, 0x6c, 0xff, 0xff,
    0xff, 0x97, 0xe6, 0xff, 0xff, 0xff, 0xff, 0xdc,
    0xc, 0x0, 0x0, 0x0, 0x0, 0x0, 0x0, 0x0,
    0x0, 0x0, 0x0, 0x0, 0x0, 0x0, 0x0, 0x0,
    0x0, 0x0, 0x0, 0xb4, 0xff, 0xff, 0xff, 0xff,
    0xff, 0xff, 0xff, 0xfb, 0x37, 0x0, 0x0, 0x0,
    0x0, 0x0, 0x0, 0x0, 0x0, 0x0, 0x0, 0x0,
    0x0, 0x0, 0x0, 0x0, 0x0, 0x0, 0x0, 0x0,
    0x16, 0xe8, 0xff, 0xff, 0xff, 0xff, 0xff, 0xff,
    0x7c, 0x0, 0x0, 0x0, 0x0, 0x0, 0x0, 0x0,
    0x0, 0x0, 0x0, 0x0, 0x0, 0x0, 0x0, 0x0,
    0x0, 0x0, 0x0, 0x0, 0x0, 0x0, 0x72, 0xff,
    0xff, 0xff, 0xff, 0xff, 0xec, 0x5, 0x0, 0x0,
    0x0, 0x0, 0x0, 0x0, 0x0, 0x0, 0x0, 0x0,
    0x0, 0x0, 0x0, 0x0, 0x0, 0x0, 0x0, 0x0,
    0x0, 0x0, 0x14, 0xe5, 0xff, 0xff, 0xff, 0xff,
    0xff, 0xff, 0x79, 0x0, 0x0, 0x0, 0x0, 0x0,
    0x0, 0x0, 0x0, 0x0, 0x0, 0x0, 0x0, 0x0,
    0x0, 0x0, 0x0, 0x0, 0x0, 0x0, 0x0, 0xb2,
    0xff, 0xff, 0xff, 0xff, 0xff, 0xff, 0xff, 0xfa,
    0x35, 0x0, 0x0, 0x0, 0x0, 0x0, 0x0, 0x0,
    0x0, 0x0, 0x0, 0x0, 0x0, 0x0, 0x0, 0x0,
    0x0, 0x0, 0x0, 0x6c, 0xff, 0xff, 0xff, 0xff,
    0xff, 0xff, 0xff, 0xff, 0xff, 0xdc, 0xc, 0x0,
    0x0, 0x0, 0x0, 0x0, 0x0, 0x0, 0x0, 0x0,
    0x0, 0x0, 0x0, 0x0, 0x0, 0x0, 0x0, 0x2d,
    0xf7, 0xff, 0xff, 0xff, 0xff, 0xd0, 0xfd, 0xff,
    0xff, 0xff, 0xff, 0xa1, 0x0, 0x0, 0x0, 0x0,
    0x0, 0x0, 0x0, 0x0, 0x0, 0x0, 0x0, 0x0,
    0x0, 0x0, 0x0, 0x9, 0xd4, 0xff, 0xff, 0xff,
    0xff, 0xec, 0x19, 0x88, 0xff, 0xff, 0xff, 0xff,
    0xff, 0x59, 0x0, 0x0, 0x0, 0x0, 0x0, 0x0,
    0x0, 0x0, 0x0, 0x0, 0x0, 0x0, 0x0, 0x0,
    0x97, 0xff, 0xff, 0xff, 0xff, 0xff, 0x53, 0x0,
    0x6, 0xcf, 0xff, 0xff, 0xff, 0xff, 0xf0, 0x20,
    0x0, 0x0, 0x0, 0x0, 0x0, 0x0, 0x0, 0x0,
    0x0, 0x0, 0x0, 0x0, 0x50, 0xff, 0xff, 0xff,
    0xff, 0xff, 0x9f, 0x0, 0x0, 0x0, 0x2b, 0xf8,
    0xff, 0xff, 0xff, 0xff, 0xc6, 0x3, 0x0, 0x0,
    0x0, 0x0, 0x0, 0x0, 0x0, 0x0, 0x0, 0x0,
    0x1b, 0xed, 0xff, 0xff, 0xff, 0xff, 0xde, 0xd,
    0x0, 0x0, 0x0, 0x0, 0x71, 0xff, 0xff, 0xff,
    0xff, 0xff, 0x82, 0x0, 0x0, 0x0, 0x0, 0x0,
    0x0, 0x0, 0x0, 0x0, 0x2, 0xbf, 0xff, 0xff,
    0xff, 0xff, 0xfd, 0x3b, 0x0, 0x0, 0x0, 0x0,
    0x0, 0x1, 0xbd, 0xff, 0xff, 0xff, 0xff, 0xfc,
    0x3d, 0x0, 0x0, 0x0, 0x0, 0x0, 0x0, 0x0,
    0x0, 0x7a, 0xff, 0xff, 0xff, 0xff, 0xff, 0x85,
    0x0, 0x0, 0x0, 0x0, 0x0, 0x0, 0x0, 0x1d,
    0xef, 0xff, 0xff, 0xff, 0xff, 0xe1, 0x10, 0x0,
    0x0, 0x0, 0x0, 0x0, 0x0, 0x37, 0xfb, 0xff,
    0xff, 0xff, 0xff, 0xcc, 0x5, 0x0, 0x0, 0x0,
    0x0, 0x0, 0x0, 0x0, 0x0, 0x5a, 0xff, 0xff,
    0xff, 0xff, 0xff, 0xaa, 0x0, 0x0, 0x0, 0x0,
    0x0, 0xe, 0xdd, 0xff, 0xff, 0xff, 0xff, 0xf6,
    0x28, 0x0, 0x0, 0x0, 0x0, 0x0, 0x0, 0x0,
    0x0, 0x0, 0x0, 0xa8, 0xff, 0xff, 0xff, 0xff,
    0xff, 0x62, 0x0, 0x0, 0x0, 0x0, 0xa5, 0xff,
    0xff, 0xff, 0xff, 0xff, 0x6b, 0x0, 0x0, 0x0,
    0x0, 0x0, 0x0, 0x0, 0x0, 0x0, 0x0, 0x0,
    0x11, 0xe4, 0xff, 0xff, 0xff, 0xff, 0xf4, 0x26,
    0x0, 0x0, 0x5e, 0xff, 0xff, 0xff, 0xff, 0xff,
    0xb7, 0x0, 0x0, 0x0, 0x0, 0x0, 0x0, 0x0,
    0x0, 0x0, 0x0, 0x0, 0x0, 0x0, 0x44, 0xfe,
    0xff, 0xff, 0xff, 0xff, 0xcc, 0x5, 0xb, 0xee,
    0xff, 0xff, 0xff, 0xff, 0xe1, 0x18, 0x0, 0x0,
    0x0, 0x0, 0x0, 0x0, 0x0, 0x0, 0x0, 0x0,
    0x0, 0x0, 0x0, 0x0, 0x87, 0xff, 0xff, 0xff,
    0xff, 0xff, 0x6f, 0x0, 0x3d, 0xbe, 0xf5, 0xee,
    0xa2, 0x1a, 0x0, 0x0, 0x0, 0x0, 0x0, 0x0,
    0x0, 0x0, 0x0, 0x0, 0x0, 0x0, 0x0, 0x0,
    0x0, 0x1, 0x6b, 0xd6, 0xf9, 0xe1, 0x86, 0x8,

    /* U+0059 "Y" */
    0xb, 0xab, 0xdf, 0xf8, 0xe2, 0x97, 0x17, 0x0,
    0x0, 0x0, 0x0, 0x0, 0x0, 0x0, 0x0, 0x0,
    0x0, 0x0, 0x0, 0x0, 0x0, 0x0, 0x1, 0x6c,
    0xcf, 0xf4, 0xeb, 0xc3, 0x40, 0x0, 0xaf, 0xff,
    0xff, 0xff, 0xff, 0xe3, 0x19, 0x0, 0x0, 0x0,
    0x0, 0x0, 0x0, 0x0, 0x0, 0x0, 0x0, 0x0,
    0x0, 0x0, 0x0, 0xa5, 0xff, 0xff, 0xff, 0xff,
    0xf2, 0x17, 0x0, 0x24, 0xfa, 0xff, 0xff, 0xff,
    0xff, 0xb6, 0x0, 0x0, 0x0, 0x0, 0x0, 0x0,
    0x0, 0x0, 0x0, 0x0, 0x0, 0x0, 0x0, 0x57,
    0xff, 0xff, 0xff, 0xff, 0xff, 0x7a, 0x0, 0x0,
    0x0, 0x8f, 0xff, 0xff, 0xff, 0xff, 0xff, 0x46,
    0x0, 0x0, 0x0, 0x0, 0x0, 0x0, 0x0, 0x0,
    0x0, 0x0, 0x0, 0x4, 0xdb, 0xff, 0xff, 0xff,
    0xff, 0xe1, 0x8, 0x0, 0x0, 0x0, 0x11, 0xed,
    0xff, 0xff, 0xff, 0xff, 0xce, 0x1, 0x0, 0x0,
    0x0, 0x0, 0x0, 0x0, 0x0, 0x0, 0x0, 0x0,
    0x63, 0xff, 0xff, 0xff, 0xff, 0xff, 0x5a, 0x0,
    0x0, 0x0, 0x0, 0x0, 0x6e, 0xff, 0xff, 0xff,
    0xff, 0xff, 0x5a, 0x0, 0x0, 0x0, 0x0, 0x0,
    0x0, 0x0, 0x0, 0x0, 0x6, 0xe0, 0xff, 0xff,
    0xff, 0xff, 0xc8, 0x1, 0x0, 0x0, 0x0, 0x0,
    0x0, 0x5, 0xd9, 0xff, 0xff, 0xff, 0xff, 0xde,
    0x6, 0x0, 0x0, 0x0, 0x0, 0x0, 0x0, 0x0,
    0x0, 0x6a, 0xff, 0xff, 0xff, 0xff, 0xff, 0x3a,
    0x0, 0x0, 0x0, 0x0, 0x0, 0x0, 0x0, 0x4e,
    0xff, 0xff, 0xff, 0xff, 0xff, 0x6f, 0x0, 0x0,
    0x0, 0x0, 0x0, 0x0, 0x0, 0x8, 0xe4, 0xff,
    0xff, 0xff, 0xff, 0xa9, 0x0, 0x0, 0x0, 0x0,
    0x0, 0x0, 0x0, 0x0, 0x0, 0xbd, 0xff, 0xff,
    0xff, 0xff, 0xeb, 0xe, 0x0, 0x0, 0x0, 0x0,
    0x0, 0x0, 0x71, 0xff, 0xff, 0xff, 0xff, 0xf8,
    0x20, 0x0, 0x0, 0x0, 0x0, 0x0, 0x0, 0x0,
    0x0, 0x0, 0x2f, 0xfd, 0xff, 0xff, 0xff, 0xff,
    0x83, 0x0, 0x0, 0x0, 0x0, 0x0, 0xa, 0xe9,
    0xff, 0xff, 0xff, 0xff, 0x88, 0x0, 0x0, 0x0,
    0x0, 0x0, 0x0, 0x0, 0x0, 0x0, 0x0, 0x0,
    0x9d, 0xff, 0xff, 0xff, 0xff, 0xf5, 0x18, 0x0,
    0x0, 0x0, 0x0, 0x78, 0xff, 0xff, 0xff, 0xff,
    0xe9, 0xe, 0x0, 0x0, 0x0, 0x0, 0x0, 0x0,
    0x0, 0x0, 0x0, 0x0, 0x0, 0x18, 0xf3, 0xff,
    0xff, 0xff, 0xff, 0x98, 0x0, 0x0, 0x0, 0xd,
    0xec, 0xff, 0xff, 0xff, 0xff, 0x68, 0x0, 0x0,
    0x0, 0x0, 0x0, 0x0, 0x0, 0x0, 0x0, 0x0,
    0x0, 0x0, 0x0, 0x7c, 0xff, 0xff, 0xff, 0xff,
    0xfb, 0x26, 0x0, 0x0, 0x7e, 0xff, 0xff, 0xff,
    0xff, 0xd4, 0x3, 0x0, 0x0, 0x0, 0x0, 0x0,
    0x0, 0x0, 0x0, 0x0, 0x0, 0x0, 0x0, 0x0,
    0x9, 0xe2, 0xff, 0xff, 0xff, 0xff, 0xac, 0x0,
    0x11, 0xf0, 0xff, 0xff, 0xff, 0xff, 0x47, 0x0,
    0x0, 0x0, 0x0, 0x0, 0x0, 0x0, 0x0, 0x0,
    0x0, 0x0, 0x0, 0x0, 0x0, 0x0, 0x5c, 0xff,
    0xff, 0xff, 0xff, 0xff, 0x37, 0x85, 0xff, 0xff,
    0xff, 0xff, 0xb7, 0x0, 0x0, 0x0, 0x0, 0x0,
    0x0, 0x0, 0x0, 0x0, 0x0, 0x0, 0x0, 0x0,
    0x0, 0x0, 0x0, 0x1, 0xca, 0xff, 0xff, 0xff,
    0xff, 0x73, 0xf3, 0xff, 0xff, 0xff, 0xfc, 0x2a,
    0x0, 0x0, 0x0, 0x0, 0x0, 0x0, 0x0, 0x0,
    0x0, 0x0, 0x0, 0x0, 0x0, 0x0, 0x0, 0x0,
    0x0, 0x3c, 0xff, 0xff, 0xff, 0xdd, 0x90, 0xff,
    0xff, 0xff, 0xff, 0x96, 0x0, 0x0, 0x0, 0x0,
    0x0, 0x0, 0x0, 0x0, 0x0, 0x0, 0x0, 0x0,
    0x0, 0x0, 0x0, 0x0, 0x0, 0x0, 0x0, 0xab,
    0xff, 0xff, 0xb7, 0xf6, 0xff, 0xff, 0xff, 0xf1,
    0x15, 0x0, 0x0, 0x0, 0x0, 0x0, 0x0, 0x0,
    0x0, 0x0, 0x0, 0x0, 0x0, 0x0, 0x0, 0x0,
    0x0, 0x0, 0x0, 0x0, 0x22, 0xf8, 0xff, 0xff,
    0xff, 0xff, 0xff, 0xff, 0x76, 0x0, 0x0, 0x0,
    0x0, 0x0, 0x0, 0x0, 0x0, 0x0, 0x0, 0x0,
    0x0, 0x0, 0x0, 0x0, 0x0, 0x0, 0x0, 0x0,
    0x0, 0x0, 0x8b, 0xff, 0xff, 0xff, 0xff, 0xff,
    0xde, 0x7, 0x0, 0x0, 0x0, 0x0, 0x0, 0x0,
    0x0, 0x0, 0x0, 0x0, 0x0, 0x0, 0x0, 0x0,
    0x0, 0x0, 0x0, 0x0, 0x0, 0x0, 0x0, 0x16,
    0xff, 0xff, 0xff, 0xff, 0xff, 0x72, 0x0, 0x0,
    0x0, 0x0, 0x0, 0x0, 0x0, 0x0, 0x0, 0x0,
    0x0, 0x0, 0x0, 0x0, 0x0, 0x0, 0x0, 0x0,
    0x0, 0x0, 0x0, 0x0, 0xc, 0xff, 0xff, 0xff,
    0xff, 0xff, 0x68, 0x0, 0x0, 0x0, 0x0, 0x0,
    0x0, 0x0, 0x0, 0x0, 0x0, 0x0, 0x0, 0x0,
    0x0, 0x0, 0x0, 0x0, 0x0, 0x0, 0x0, 0x0,
    0x0, 0xc, 0xff, 0xff, 0xff, 0xff, 0xff, 0x68,
    0x0, 0x0, 0x0, 0x0, 0x0, 0x0, 0x0, 0x0,
    0x0, 0x0, 0x0, 0x0, 0x0, 0x0, 0x0, 0x0,
    0x0, 0x0, 0x0, 0x0, 0x0, 0x0, 0xc, 0xff,
    0xff, 0xff, 0xff, 0xff, 0x68, 0x0, 0x0, 0x0,
    0x0, 0x0, 0x0, 0x0, 0x0, 0x0, 0x0, 0x0,
    0x0, 0x0, 0x0, 0x0, 0x0, 0x0, 0x0, 0x0,
    0x0, 0x0, 0x0, 0xc, 0xff, 0xff, 0xff, 0xff,
    0xff, 0x68, 0x0, 0x0, 0x0, 0x0, 0x0, 0x0,
    0x0, 0x0, 0x0, 0x0, 0x0, 0x0, 0x0, 0x0,
    0x0, 0x0, 0x0, 0x0, 0x0, 0x0, 0x0, 0x0,
    0xc, 0xff, 0xff, 0xff, 0xff, 0xff, 0x68, 0x0,
    0x0, 0x0, 0x0, 0x0, 0x0, 0x0, 0x0, 0x0,
    0x0, 0x0, 0x0, 0x0, 0x0, 0x0, 0x0, 0x0,
    0x0, 0x0, 0x0, 0x0, 0x0, 0xc, 0xff, 0xff,
    0xff, 0xff, 0xff, 0x68, 0x0, 0x0, 0x0, 0x0,
    0x0, 0x0, 0x0, 0x0, 0x0, 0x0, 0x0, 0x0,
    0x0, 0x0, 0x0, 0x0, 0x0, 0x0, 0x0, 0x0,
    0x0, 0x0, 0xc, 0xff, 0xff, 0xff, 0xff, 0xff,
    0x67, 0x0, 0x0, 0x0, 0x0, 0x0, 0x0, 0x0,
    0x0, 0x0, 0x0, 0x0, 0x0, 0x0, 0x0, 0x0,
    0x0, 0x0, 0x0, 0x0, 0x0, 0x0, 0x0, 0xc,
    0xff, 0xff, 0xff, 0xff, 0xff, 0x57, 0x0, 0x0,
    0x0, 0x0, 0x0, 0x0, 0x0, 0x0, 0x0, 0x0,
    0x0, 0x0, 0x0, 0x0, 0x0, 0x0, 0x0, 0x0,
    0x0, 0x0, 0x0, 0x0, 0xc, 0xff, 0xff, 0xff,
    0xff, 0xfa, 0x1a, 0x0, 0x0, 0x0, 0x0, 0x0,
    0x0, 0x0, 0x0, 0x0, 0x0, 0x0, 0x0, 0x0,
    0x0, 0x0, 0x0, 0x0, 0x0, 0x0, 0x0, 0x0,
    0x0, 0xc, 0xff, 0xff, 0xff, 0xff, 0x6e, 0x0,
    0x0, 0x0, 0x0, 0x0, 0x0, 0x0, 0x0, 0x0,
    0x0, 0x0, 0x0, 0x0, 0x0, 0x0, 0x0, 0x0,
    0x0, 0x0, 0x0, 0x0, 0x0, 0x0, 0xc, 0xf9,
    0xe0, 0xa7, 0x3b, 0x0, 0x0, 0x0, 0x0, 0x0,
    0x0, 0x0, 0x0, 0x0, 0x0, 0x0, 0x0, 0x0,

    /* U+005A "Z" */
    0x0, 0x25, 0xff, 0xff, 0xff, 0xff, 0xff, 0xff,
    0xff, 0xff, 0xff, 0xff, 0xff, 0xff, 0xff, 0xff,
    0xff, 0xff, 0xff, 0xff, 0xff, 0xff, 0xff, 0xff,
    0xff, 0xfd, 0xdb, 0x4f, 0x0, 0x0, 0x9, 0xfb,
    0xff, 0xff, 0xff, 0xff, 0xff, 0xff, 0xff, 0xff,
    0xff, 0xff, 0xff, 0xff, 0xff, 0xff, 0xff, 0xff,
    0xff, 0xff, 0xff, 0xff, 0xff, 0xff, 0xff, 0xff,
    0xf3, 0x6, 0x0, 0x0, 0xb4, 0xff, 0xff, 0xff,
    0xff, 0xff, 0xff, 0xff, 0xff, 0xff, 0xff, 0xff,
    0xff, 0xff, 0xff, 0xff, 0xff, 0xff, 0xff, 0xf9,
    0xff, 0xff, 0xff, 0xff, 0xff, 0xff, 0x1c, 0x0,
    0x0, 0x24, 0xe7, 0xff, 0xff, 0xff, 0xff, 0xff,
    0xff, 0xff, 0xff, 0xff, 0xff, 0xff, 0xff, 0xff,
    0xff, 0xff, 0xff, 0xc3, 0x9e, 0xff, 0xff, 0xff,
    0xff, 0xff, 0xd8, 0x2, 0x0, 0x0, 0x0, 0x13,
    0x75, 0xa0, 0xa8, 0xa8, 0xa8, 0xa8, 0xa8, 0xa8,
    0xa8, 0xa8, 0xa8, 0xa8, 0xa8, 0xa8, 0xa8, 0xa1,
    0x75, 0xff, 0xff, 0xff, 0xff, 0xff, 0xf5, 0x31,
    0x0, 0x0, 0x0, 0x0, 0x0, 0x0, 0x0, 0x0,
    0x0, 0x0, 0x0, 0x0, 0x0, 0x0, 0x0, 0x0,
    0x0, 0x0, 0x0, 0x0, 0x3a, 0xf9, 0xff, 0xff,
    0xff, 0xff, 0xff, 0x58, 0x0, 0x0, 0x0, 0x0,
    0x0, 0x0, 0x0, 0x0, 0x0, 0x0, 0x0, 0x0,
    0x0, 0x0, 0x0, 0x0, 0x0, 0x0, 0x0, 0x0,
    0x1d, 0xe8, 0xff, 0xff, 0xff, 0xff, 0xff, 0x87,
    0x0, 0x0, 0x0, 0x0, 0x0, 0x0, 0x0, 0x0,
    0x0, 0x0, 0x0, 0x0, 0x0, 0x0, 0x0, 0x0,
    0x0, 0x0, 0x0, 0x0, 0x9, 0xcd, 0xff, 0xff,
    0xff, 0xff, 0xff, 0xb5, 0x2, 0x0, 0x0, 0x0,
    0x0, 0x0, 0x0, 0x0, 0x0, 0x0, 0x0, 0x0,
    0x0, 0x0, 0x0, 0x0, 0x0, 0x0, 0x0, 0x0,
    0x0, 0xa8, 0xff, 0xff, 0xff, 0xff, 0xff, 0xd8,
    0xf, 0x0, 0x0, 0x0, 0x0, 0x0, 0x0, 0x0,
    0x0, 0x0, 0x0, 0x0, 0x0, 0x0, 0x0, 0x0,
    0x0, 0x0, 0x0, 0x0, 0x0, 0x7b, 0xff, 0xff,
    0xff, 0xff, 0xff, 0xf0, 0x27, 0x0, 0x0, 0x0,
    0x0, 0x0, 0x0, 0x0, 0x0, 0x0, 0x0, 0x0,
    0x0, 0x0, 0x0, 0x0, 0x0, 0x0, 0x0, 0x0,
    0x0, 0x4e, 0xfe, 0xff, 0xff, 0xff, 0xff, 0xfd,
    0x4a, 0x0, 0x0, 0x0, 0x0, 0x0, 0x0, 0x0,
    0x0, 0x0, 0x0, 0x0, 0x0, 0x0, 0x0, 0x0,
    0x0, 0x0, 0x0, 0x0, 0x0, 0x2b, 0xf2, 0xff,
    0xff, 0xff, 0xff, 0xff, 0x77, 0x0, 0x0, 0x0,
    0x0, 0x0, 0x0, 0x0, 0x0, 0x0, 0x0, 0x0,
    0x0, 0x0, 0x0, 0x0, 0x0, 0x0, 0x0, 0x0,
    0x0, 0x13, 0xdd, 0xff, 0xff, 0xff, 0xff, 0xff,
    0xa7, 0x0, 0x0, 0x0, 0x0, 0x0, 0x0, 0x0,
    0x0, 0x0, 0x0, 0x0, 0x0, 0x0, 0x0, 0x0,
    0x0, 0x0, 0x0, 0x0, 0x0, 0x4, 0xbd, 0xff,
    0xff, 0xff, 0xff, 0xff, 0xcd, 0x9, 0x0, 0x0,
    0x0, 0x0, 0x0, 0x0, 0x0, 0x0, 0x0, 0x0,
    0x0, 0x0, 0x0, 0x0, 0x0, 0x0, 0x0, 0x0,
    0x0, 0x0, 0x95, 0xff, 0xff, 0xff, 0xff, 0xff,
    0xe9, 0x1d, 0x0, 0x0, 0x0, 0x0, 0x0, 0x0,
    0x0, 0x0, 0x0, 0x0, 0x0, 0x0, 0x0, 0x0,
    0x0, 0x0, 0x0, 0x0, 0x0, 0x0, 0x65, 0xff,
    0xff, 0xff, 0xff, 0xff, 0xfa, 0x3d, 0x0, 0x0,
    0x0, 0x0, 0x0, 0x0, 0x0, 0x0, 0x0, 0x0,
    0x0, 0x0, 0x0, 0x0, 0x0, 0x0, 0x0, 0x0,
    0x0, 0x0, 0x3d, 0xfa, 0xff, 0xff, 0xff, 0xff,
    0xff, 0x67, 0x0, 0x0, 0x0, 0x0, 0x0, 0x0,
    0x0, 0x0, 0x0, 0x0, 0x0, 0x0, 0x0, 0x0,
    0x0, 0x0, 0x0, 0x0, 0x0, 0x0, 0x1f, 0xea,
    0xff, 0xff, 0xff, 0xff, 0xff, 0x97, 0x0, 0x0,
    0x0, 0x0, 0x0, 0x0, 0x0, 0x0, 0x0, 0x0,
    0x0, 0x0, 0x0, 0x0, 0x0, 0x0, 0x0, 0x0,
    0x0, 0x0, 0xb, 0xd0, 0xff, 0xff, 0xff, 0xff,
    0xff, 0xc2, 0x5, 0x0, 0x0, 0x0, 0x0, 0x0,
    0x0, 0x0, 0x0, 0x0, 0x0, 0x0, 0x0, 0x0,
    0x0, 0x0, 0x0, 0x0, 0x0, 0x0, 0x1, 0xac,
    0xff, 0xff, 0xff, 0xff, 0xff, 0xe1, 0x15, 0x0,
    0x0, 0x0, 0x0, 0x0, 0x0, 0x0, 0x0, 0x0,
    0x0, 0x0, 0x0, 0x0, 0x0, 0x0, 0x0, 0x0,
    0x0, 0x0, 0x0, 0x7f, 0xff, 0xff, 0xff, 0xff,
    0xff, 0xf5, 0x31, 0x0, 0x0, 0x0, 0x0, 0x0,
    0x0, 0x0, 0x0, 0x0, 0x0, 0x0, 0x0, 0x0,
    0x0, 0x0, 0x0, 0x0, 0x0, 0x0, 0x0, 0x52,
    0xfe, 0xff, 0xff, 0xff, 0xff, 0xff, 0x58, 0x0,
    0x0, 0x0, 0x0, 0x0, 0x0, 0x0, 0x0, 0x0,
    0x0, 0x0, 0x0, 0x0, 0x0, 0x0, 0x0, 0x0,
    0x0, 0x0, 0x0, 0x2e, 0xf4, 0xff, 0xff, 0xff,
    0xff, 0xff, 0x87, 0x0, 0x0, 0x0, 0x0, 0x0,
    0x0, 0x0, 0x0, 0x0, 0x0, 0x0, 0x0, 0x0,
    0x0, 0x0, 0x0, 0x0, 0x0, 0x0, 0x0, 0x14,
    0xdf, 0xff, 0xff, 0xff, 0xff, 0xff, 0xb4, 0x2,
    0x0, 0x0, 0x0, 0x0, 0x0, 0x0, 0x0, 0x0,
    0x0, 0x0, 0x0, 0x0, 0x0, 0x0, 0x0, 0x0,
    0x0, 0x0, 0x0, 0x5, 0xc1, 0xff, 0xff, 0xff,
    0xff, 0xff, 0xd8, 0xf, 0x0, 0x0, 0x0, 0x0,
    0x0, 0x0, 0x0, 0x0, 0x0, 0x0, 0x0, 0x0,
    0x0, 0x0, 0x0, 0x0, 0x0, 0x0, 0x0, 0x0,
    0x98, 0xff, 0xff, 0xff, 0xff, 0xff, 0xf0, 0x26,
    0x0, 0x0, 0x0, 0x0, 0x0, 0x0, 0x0, 0x0,
    0x0, 0x0, 0x0, 0x0, 0x0, 0x0, 0x0, 0x0,
    0x0, 0x0, 0x0, 0x0, 0x6a, 0xff, 0xff, 0xff,
    0xff, 0xff, 0xfd, 0x4a, 0x0, 0x0, 0x0, 0x0,
    0x0, 0x0, 0x0, 0x0, 0x0, 0x0, 0x0, 0x0,
    0x0, 0x0, 0x0, 0x0, 0x0, 0x0, 0x0, 0x0,
    0x40, 0xfb, 0xff, 0xff, 0xff, 0xff, 0xff, 0x84,
    0x9d, 0xa8, 0xa8, 0xa8, 0xa8, 0xa8, 0xa8, 0xa8,
    0xa8, 0xa8, 0xa8, 0xa8, 0xa8, 0xa8, 0xa8, 0xa2,
    0x7f, 0x20, 0x0, 0x0, 0x7, 0xe4, 0xff, 0xff,
    0xff, 0xff, 0xff, 0xb2, 0xb8, 0xff, 0xff, 0xff,
    0xff, 0xff, 0xff, 0xff, 0xff, 0xff, 0xff, 0xff,
    0xff, 0xff, 0xff, 0xff, 0xff, 0xff, 0xf4, 0x3b,
    0x0, 0x29, 0xff, 0xff, 0xff, 0xff, 0xff, 0xff,
    0xfc, 0xff, 0xff, 0xff, 0xff, 0xff, 0xff, 0xff,
    0xff, 0xff, 0xff, 0xff, 0xff, 0xff, 0xff, 0xff,
    0xff, 0xff, 0xff, 0xff, 0xd4, 0x0, 0xd, 0xf6,
    0xff, 0xff, 0xff, 0xff, 0xff, 0xff, 0xff, 0xff,
    0xff, 0xff, 0xff, 0xff, 0xff, 0xff, 0xff, 0xff,
    0xff, 0xff, 0xff, 0xff, 0xff, 0xff, 0xff, 0xff,
    0xff, 0xff, 0x24, 0x0, 0x52, 0xdc, 0xfe, 0xff,
    0xff, 0xff, 0xff, 0xff, 0xff, 0xff, 0xff, 0xff,
    0xff, 0xff, 0xff, 0xff, 0xff, 0xff, 0xff, 0xff,
    0xff, 0xff, 0xff, 0xff, 0xff, 0xff, 0xff, 0x43,

    /* U+005B "[" */
    0x2c, 0xff, 0xff, 0xff, 0xff, 0xff, 0xff, 0xff,
    0xff, 0xff, 0xff, 0xff, 0xff, 0xd, 0x2c, 0xff,
    0xff, 0xff, 0xff, 0xff, 0xff, 0xff, 0xff, 0xff,
    0xff, 0xff, 0xf4, 0x1, 0x2c, 0xff, 0xff, 0xff,
    0xff, 0xff, 0xff, 0xff, 0xff, 0xff, 0xff, 0xff,
    0xb8, 0x0, 0x2c, 0xff, 0xff, 0xff, 0xff, 0xff,
    0xff, 0xff, 0xff, 0xff, 0xff, 0xfa, 0x3b, 0x0,
    0x2c, 0xff, 0xff, 0xff, 0xff, 0xff, 0xc5, 0xb4,
    0xb4, 0xb0, 0x93, 0x32, 0x0, 0x0, 0x2c, 0xff,
    0xff, 0xff, 0xff, 0xff, 0x3c, 0x0, 0x0, 0x0,
    0x0, 0x0, 0x0, 0x0, 0x2c, 0xff, 0xff, 0xff,
    0xff, 0xff, 0x3c, 0x0, 0x0, 0x0, 0x0, 0x0,
    0x0, 0x0, 0x2c, 0xff, 0xff, 0xff, 0xff, 0xff,
    0x3c, 0x0, 0x0, 0x0, 0x0, 0x0, 0x0, 0x0,
    0x2c, 0xff, 0xff, 0xff, 0xff, 0xff, 0x3c, 0x0,
    0x0, 0x0, 0x0, 0x0, 0x0, 0x0, 0x2c, 0xff,
    0xff, 0xff, 0xff, 0xff, 0x3c, 0x0, 0x0, 0x0,
    0x0, 0x0, 0x0, 0x0, 0x2c, 0xff, 0xff, 0xff,
    0xff, 0xff, 0x3c, 0x0, 0x0, 0x0, 0x0, 0x0,
    0x0, 0x0, 0x2c, 0xff, 0xff, 0xff, 0xff, 0xff,
    0x3c, 0x0, 0x0, 0x0, 0x0, 0x0, 0x0, 0x0,
    0x2c, 0xff, 0xff, 0xff, 0xff, 0xff, 0x3c, 0x0,
    0x0, 0x0, 0x0, 0x0, 0x0, 0x0, 0x2c, 0xff,
    0xff, 0xff, 0xff, 0xff, 0x3c, 0x0, 0x0, 0x0,
    0x0, 0x0, 0x0, 0x0, 0x2c, 0xff, 0xff, 0xff,
    0xff, 0xff, 0x3c, 0x0, 0x0, 0x0, 0x0, 0x0,
    0x0, 0x0, 0x2c, 0xff, 0xff, 0xff, 0xff, 0xff,
    0x3c, 0x0, 0x0, 0x0, 0x0, 0x0, 0x0, 0x0,
    0x2c, 0xff, 0xff, 0xff, 0xff, 0xff, 0x3c, 0x0,
    0x0, 0x0, 0x0, 0x0, 0x0, 0x0, 0x2c, 0xff,
    0xff, 0xff, 0xff, 0xff, 0x3c, 0x0, 0x0, 0x0,
    0x0, 0x0, 0x0, 0x0, 0x2c, 0xff, 0xff, 0xff,
    0xff, 0xff, 0x3c, 0x0, 0x0, 0x0, 0x0, 0x0,
    0x0, 0x0, 0x2c, 0xff, 0xff, 0xff, 0xff, 0xff,
    0x3c, 0x0, 0x0, 0x0, 0x0, 0x0, 0x0, 0x0,
    0x2c, 0xff, 0xff, 0xff, 0xff, 0xff, 0x3c, 0x0,
    0x0, 0x0, 0x0, 0x0, 0x0, 0x0, 0x2c, 0xff,
    0xff, 0xff, 0xff, 0xff, 0x3c, 0x0, 0x0, 0x0,
    0x0, 0x0, 0x0, 0x0, 0x2c, 0xff, 0xff, 0xff,
    0xff, 0xff, 0x3c, 0x0, 0x0, 0x0, 0x0, 0x0,
    0x0, 0x0, 0x2c, 0xff, 0xff, 0xff, 0xff, 0xff,
    0x3c, 0x0, 0x0, 0x0, 0x0, 0x0, 0x0, 0x0,
    0x2c, 0xff, 0xff, 0xff, 0xff, 0xff, 0x3c, 0x0,
    0x0, 0x0, 0x0, 0x0, 0x0, 0x0, 0x2c, 0xff,
    0xff, 0xff, 0xff, 0xff, 0x3c, 0x0, 0x0, 0x0,
    0x0, 0x0, 0x0, 0x0, 0x2c, 0xff, 0xff, 0xff,
    0xff, 0xff, 0x3c, 0x0, 0x0, 0x0, 0x0, 0x0,
    0x0, 0x0, 0x2c, 0xff, 0xff, 0xff, 0xff, 0xff,
    0x3c, 0x0, 0x0, 0x0, 0x0, 0x0, 0x0, 0x0,
    0x2c, 0xff, 0xff, 0xff, 0xff, 0xff, 0x3c, 0x0,
    0x0, 0x0, 0x0, 0x0, 0x0, 0x0, 0x2c, 0xff,
    0xff, 0xff, 0xff, 0xff, 0x3c, 0x0, 0x0, 0x0,
    0x0, 0x0, 0x0, 0x0, 0x2c, 0xff, 0xff, 0xff,
    0xff, 0xff, 0x3c, 0x0, 0x0, 0x0, 0x0, 0x0,
    0x0, 0x0, 0x2c, 0xff, 0xff, 0xff, 0xff, 0xff,
    0x3c, 0x0, 0x0, 0x0, 0x0, 0x0, 0x0, 0x0,
    0x2c, 0xff, 0xff, 0xff, 0xff, 0xff, 0x3c, 0x0,
    0x0, 0x0, 0x0, 0x0, 0x0, 0x0, 0x2c, 0xff,
    0xff, 0xff, 0xff, 0xff, 0x3c, 0x0, 0x0, 0x0,
    0x0, 0x0, 0x0, 0x0, 0x2c, 0xff, 0xff, 0xff,
    0xff, 0xff, 0x3c, 0x0, 0x0, 0x0, 0x0, 0x0,
    0x0, 0x0, 0x2c, 0xff, 0xff, 0xff, 0xff, 0xff,
    0x3c, 0x0, 0x0, 0x0, 0x0, 0x0, 0x0, 0x0,
    0x2c, 0xff, 0xff, 0xff, 0xff, 0xff, 0x3c, 0x0,
    0x0, 0x0, 0x0, 0x0, 0x0, 0x0, 0x2c, 0xff,
    0xff, 0xff, 0xff, 0xff, 0xcf, 0xc0, 0xc0, 0xbc,
    0x9d, 0x38, 0x0, 0x0, 0x2c, 0xff, 0xff, 0xff,
    0xff, 0xff, 0xff, 0xff, 0xff, 0xff, 0xff, 0xfb,
    0x3d, 0x0, 0x2c, 0xff, 0xff, 0xff, 0xff, 0xff,
    0xff, 0xff, 0xff, 0xff, 0xff, 0xff, 0xb9, 0x0,
    0x2c, 0xff, 0xff, 0xff, 0xff, 0xff, 0xff, 0xff,
    0xff, 0xff, 0xff, 0xff, 0xf3, 0x1, 0x2c, 0xff,
    0xff, 0xff, 0xff, 0xff, 0xff, 0xff, 0xff, 0xff,
    0xff, 0xff, 0xff, 0xd,

    /* U+005C "\\" */
    0x1, 0x62, 0xcc, 0xf8, 0xe5, 0x88, 0x7, 0x0,
    0x0, 0x0, 0x0, 0x0, 0x0, 0x0, 0x0, 0x0,
    0x0, 0x0, 0x0, 0x0, 0x0, 0x0, 0x0, 0xc,
    0xec, 0xff, 0xff, 0xff, 0xff, 0xa6, 0x0, 0x0,
    0x0, 0x0, 0x0, 0x0, 0x0, 0x0, 0x0, 0x0,
    0x0, 0x0, 0x0, 0x0, 0x0, 0x0, 0x0, 0x79,
    0xff, 0xff, 0xff, 0xff, 0xff, 0x39, 0x0, 0x0,
    0x0, 0x0, 0x0, 0x0, 0x0, 0x0, 0x0, 0x0,
    0x0, 0x0, 0x0, 0x0, 0x0, 0x0, 0xd, 0xed,
    0xff, 0xff, 0xff, 0xff, 0xb8, 0x0, 0x0, 0x0,
    0x0, 0x0, 0x0, 0x0, 0x0, 0x0, 0x0, 0x0,
    0x0, 0x0, 0x0, 0x0, 0x0, 0x0, 0x7b, 0xff,
    0xff, 0xff, 0xff, 0xff, 0x37, 0x0, 0x0, 0x0,
    0x0, 0x0, 0x0, 0x0, 0x0, 0x0, 0x0, 0x0,
    0x0, 0x0, 0x0, 0x0, 0x0, 0xe, 0xee, 0xff,
    0xff, 0xff, 0xff, 0xb6, 0x0, 0x0, 0x0, 0x0,
    0x0, 0x0, 0x0, 0x0, 0x0, 0x0, 0x0, 0x0,
    0x0, 0x0, 0x0, 0x0, 0x0, 0x7d, 0xff, 0xff,
    0xff, 0xff, 0xff, 0x36, 0x0, 0x0, 0x0, 0x0,
    0x0, 0x0, 0x0, 0x0, 0x0, 0x0, 0x0, 0x0,
    0x0, 0x0, 0x0, 0x0, 0xf, 0xef, 0xff, 0xff,
    0xff, 0xff, 0xb5, 0x0, 0x0, 0x0, 0x0, 0x0,
    0x0, 0x0, 0x0, 0x0, 0x0, 0x0, 0x0, 0x0,
    0x0, 0x0, 0x0, 0x0, 0x7f, 0xff, 0xff, 0xff,
    0xff, 0xff, 0x35, 0x0, 0x0, 0x0, 0x0, 0x0,
    0x0, 0x0, 0x0, 0x0, 0x0, 0x0, 0x0, 0x0,
    0x0, 0x0, 0x0, 0x10, 0xf0, 0xff, 0xff, 0xff,
    0xff, 0xb3, 0x0, 0x0, 0x0, 0x0, 0x0, 0x0,
    0x0, 0x0, 0x0, 0x0, 0x0, 0x0, 0x0, 0x0,
    0x0, 0x0, 0x0, 0x81, 0xff, 0xff, 0xff, 0xff,
    0xff, 0x33, 0x0, 0x0, 0x0, 0x0, 0x0, 0x0,
    0x0, 0x0, 0x0, 0x0, 0x0, 0x0, 0x0, 0x0,
    0x0, 0x0, 0x11, 0xf1, 0xff, 0xff, 0xff, 0xff,
    0xb2, 0x0, 0x0, 0x0, 0x0, 0x0, 0x0, 0x0,
    0x0, 0x0, 0x0, 0x0, 0x0, 0x0, 0x0, 0x0,
    0x0, 0x0, 0x83, 0xff, 0xff, 0xff, 0xff, 0xff,
    0x32, 0x0, 0x0, 0x0, 0x0, 0x0, 0x0, 0x0,
    0x0, 0x0, 0x0, 0x0, 0x0, 0x0, 0x0, 0x0,
    0x0, 0x12, 0xf2, 0xff, 0xff, 0xff, 0xff, 0xb0,
    0x0, 0x0, 0x0, 0x0, 0x0, 0x0, 0x0, 0x0,
    0x0, 0x0, 0x0, 0x0, 0x0, 0x0, 0x0, 0x0,
    0x0, 0x85, 0xff, 0xff, 0xff, 0xff, 0xff, 0x31,
    0x0, 0x0, 0x0, 0x0, 0x0, 0x0, 0x0, 0x0,
    0x0, 0x0, 0x0, 0x0, 0x0, 0x0, 0x0, 0x0,
    0x13, 0xf3, 0xff, 0xff, 0xff, 0xff, 0xaf, 0x0,
    0x0, 0x0, 0x0, 0x0, 0x0, 0x0, 0x0, 0x0,
    0x0, 0x0, 0x0, 0x0, 0x0, 0x0, 0x0, 0x0,
    0x87, 0xff, 0xff, 0xff, 0xff, 0xfe, 0x2f, 0x0,
    0x0, 0x0, 0x0, 0x0, 0x0, 0x0, 0x0, 0x0,
    0x0, 0x0, 0x0, 0x0, 0x0, 0x0, 0x0, 0x14,
    0xf4, 0xff, 0xff, 0xff, 0xff, 0xad, 0x0, 0x0,
    0x0, 0x0, 0x0, 0x0, 0x0, 0x0, 0x0, 0x0,
    0x0, 0x0, 0x0, 0x0, 0x0, 0x0, 0x0, 0x89,
    0xff, 0xff, 0xff, 0xff, 0xfe, 0x2e, 0x0, 0x0,
    0x0, 0x0, 0x0, 0x0, 0x0, 0x0, 0x0, 0x0,
    0x0, 0x0, 0x0, 0x0, 0x0, 0x0, 0x15, 0xf4,
    0xff, 0xff, 0xff, 0xff, 0xac, 0x0, 0x0, 0x0,
    0x0, 0x0, 0x0, 0x0, 0x0, 0x0, 0x0, 0x0,
    0x0, 0x0, 0x0, 0x0, 0x0, 0x0, 0x8b, 0xff,
    0xff, 0xff, 0xff, 0xfe, 0x2d, 0x0, 0x0, 0x0,
    0x0, 0x0, 0x0, 0x0, 0x0, 0x0, 0x0, 0x0,
    0x0, 0x0, 0x0, 0x0, 0x0, 0x16, 0xf5, 0xff,
    0xff, 0xff, 0xff, 0xaa, 0x0, 0x0, 0x0, 0x0,
    0x0, 0x0, 0x0, 0x0, 0x0, 0x0, 0x0, 0x0,
    0x0, 0x0, 0x0, 0x0, 0x0, 0x8d, 0xff, 0xff,
    0xff, 0xff, 0xfe, 0x2c, 0x0, 0x0, 0x0, 0x0,
    0x0, 0x0, 0x0, 0x0, 0x0, 0x0, 0x0, 0x0,
    0x0, 0x0, 0x0, 0x0, 0x17, 0xf6, 0xff, 0xff,
    0xff, 0xff, 0xa9, 0x0, 0x0, 0x0, 0x0, 0x0,
    0x0, 0x0, 0x0, 0x0, 0x0, 0x0, 0x0, 0x0,
    0x0, 0x0, 0x0, 0x0, 0x8f, 0xff, 0xff, 0xff,
    0xff, 0xfd, 0x2a, 0x0, 0x0, 0x0, 0x0, 0x0,
    0x0, 0x0, 0x0, 0x0, 0x0, 0x0, 0x0, 0x0,
    0x0, 0x0, 0x0, 0x19, 0xf7, 0xff, 0xff, 0xff,
    0xff, 0xa7, 0x0, 0x0, 0x0, 0x0, 0x0, 0x0,
    0x0, 0x0, 0x0, 0x0, 0x0, 0x0, 0x0, 0x0,
    0x0, 0x0, 0x0, 0x91, 0xff, 0xff, 0xff, 0xff,
    0xfd, 0x29, 0x0, 0x0, 0x0, 0x0, 0x0, 0x0,
    0x0, 0x0, 0x0, 0x0, 0x0, 0x0, 0x0, 0x0,
    0x0, 0x0, 0x1a, 0xf8, 0xff, 0xff, 0xff, 0xff,
    0xa6, 0x0, 0x0, 0x0, 0x0, 0x0, 0x0, 0x0,
    0x0, 0x0, 0x0, 0x0, 0x0, 0x0, 0x0, 0x0,
    0x0, 0x0, 0x93, 0xff, 0xff, 0xff, 0xff, 0xfd,
    0x28, 0x0, 0x0, 0x0, 0x0, 0x0, 0x0, 0x0,
    0x0, 0x0, 0x0, 0x0, 0x0, 0x0, 0x0, 0x0,
    0x0, 0x1b, 0xf8, 0xff, 0xff, 0xff, 0xff, 0xa4,
    0x0, 0x0, 0x0, 0x0, 0x0, 0x0, 0x0, 0x0,
    0x0, 0x0, 0x0, 0x0, 0x0, 0x0, 0x0, 0x0,
    0x0, 0x95, 0xff, 0xff, 0xff, 0xff, 0xfc, 0x27,
    0x0, 0x0, 0x0, 0x0, 0x0, 0x0, 0x0, 0x0,
    0x0, 0x0, 0x0, 0x0, 0x0, 0x0, 0x0, 0x0,
    0x1d, 0xf9, 0xff, 0xff, 0xff, 0xff, 0xa3, 0x0,
    0x0, 0x0, 0x0, 0x0, 0x0, 0x0, 0x0, 0x0,
    0x0, 0x0, 0x0, 0x0, 0x0, 0x0, 0x0, 0x0,
    0x97, 0xff, 0xff, 0xff, 0xff, 0xfc, 0x25, 0x0,
    0x0, 0x0, 0x0, 0x0, 0x0, 0x0, 0x0, 0x0,
    0x0, 0x0, 0x0, 0x0, 0x0, 0x0, 0x0, 0x19,
    0xed, 0xff, 0xff, 0xff, 0xff, 0xa0, 0x0, 0x0,
    0x0, 0x0, 0x0, 0x0, 0x0, 0x0, 0x0, 0x0,
    0x0, 0x0, 0x0, 0x0, 0x0, 0x0, 0x0, 0x2b,
    0xb9, 0xf4, 0xee, 0xab, 0x2c,

    /* U+005D "]" */
    0x2f, 0xff, 0xff, 0xff, 0xff, 0xff, 0xff, 0xff,
    0xff, 0xff, 0xff, 0xff, 0xff, 0xc, 0x16, 0xff,
    0xff, 0xff, 0xff, 0xff, 0xff, 0xff, 0xff, 0xff,
    0xff, 0xff, 0xff, 0xc, 0x0, 0xda, 0xff, 0xff,
    0xff, 0xff, 0xff, 0xff, 0xff, 0xff, 0xff, 0xff,
    0xff, 0xc, 0x0, 0x59, 0xff, 0xff, 0xff, 0xff,
    0xff, 0xff, 0xff, 0xff, 0xff, 0xff, 0xff, 0xc,
    0x0, 0x0, 0x41, 0x9a, 0xb2, 0xb4, 0xb4, 0xcf,
    0xff, 0xff, 0xff, 0xff, 0xff, 0xc, 0x0, 0x0,
    0x0, 0x0, 0x0, 0x0, 0x0, 0x5c, 0xff, 0xff,
    0xff, 0xff, 0xff, 0xc, 0x0, 0x0, 0x0, 0x0,
    0x0, 0x0, 0x0, 0x5c, 0xff, 0xff, 0xff, 0xff,
    0xff, 0xc, 0x0, 0x0, 0x0, 0x0, 0x0, 0x0,
    0x0, 0x5c, 0xff, 0xff, 0xff, 0xff, 0xff, 0xc,
    0x0, 0x0, 0x0, 0x0, 0x0, 0x0, 0x0, 0x5c,
    0xff, 0xff, 0xff, 0xff, 0xff, 0xc, 0x0, 0x0,
    0x0, 0x0, 0x0, 0x0, 0x0, 0x5c, 0xff, 0xff,
    0xff, 0xff, 0xff, 0xc, 0x0, 0x0, 0x0, 0x0,
    0x0, 0x0, 0x0, 0x5c, 0xff, 0xff, 0xff, 0xff,
    0xff, 0xc, 0x0, 0x0, 0x0, 0x0, 0x0, 0x0,
    0x0, 0x5c, 0xff, 0xff, 0xff, 0xff, 0xff, 0xc,
    0x0, 0x0, 0x0, 0x0, 0x0, 0x0, 0x0, 0x5c,
    0xff, 0xff, 0xff, 0xff, 0xff, 0xc, 0x0, 0x0,
    0x0, 0x0, 0x0, 0x0, 0x0, 0x5c, 0xff, 0xff,
    0xff, 0xff, 0xff, 0xc, 0x0, 0x0, 0x0, 0x0,
    0x0, 0x0, 0x0, 0x5c, 0xff, 0xff, 0xff, 0xff,
    0xff, 0xc, 0x0, 0x0, 0x0, 0x0, 0x0, 0x0,
    0x0, 0x5c, 0xff, 0xff, 0xff, 0xff, 0xff, 0xc,
    0x0, 0x0, 0x0, 0x0, 0x0, 0x0, 0x0, 0x5c,
    0xff, 0xff, 0xff, 0xff, 0xff, 0xc, 0x0, 0x0,
    0x0, 0x0, 0x0, 0x0, 0x0, 0x5c, 0xff, 0xff,
    0xff, 0xff, 0xff, 0xc, 0x0, 0x0, 0x0, 0x0,
    0x0, 0x0, 0x0, 0x5c, 0xff, 0xff, 0xff, 0xff,
    0xff, 0xc, 0x0, 0x0, 0x0, 0x0, 0x0, 0x0,
    0x0, 0x5c, 0xff, 0xff, 0xff, 0xff, 0xff, 0xc,
    0x0, 0x0, 0x0, 0x0, 0x0, 0x0, 0x0, 0x5c,
    0xff, 0xff, 0xff, 0xff, 0xff, 0xc, 0x0, 0x0,
    0x0, 0x0, 0x0, 0x0, 0x0, 0x5c, 0xff, 0xff,
    0xff, 0xff, 0xff, 0xc, 0x0, 0x0, 0x0, 0x0,
    0x0, 0x0, 0x0, 0x5c, 0xff, 0xff, 0xff, 0xff,
    0xff, 0xc, 0x0, 0x0, 0x0, 0x0, 0x0, 0x0,
    0x0, 0x5c, 0xff, 0xff, 0xff, 0xff, 0xff, 0xc,
    0x0, 0x0, 0x0, 0x0, 0x0, 0x0, 0x0, 0x5c,
    0xff, 0xff, 0xff, 0xff, 0xff, 0xc, 0x0, 0x0,
    0x0, 0x0, 0x0, 0x0, 0x0, 0x5c, 0xff, 0xff,
    0xff, 0xff, 0xff, 0xc, 0x0, 0x0, 0x0, 0x0,
    0x0, 0x0, 0x0, 0x5c, 0xff, 0xff, 0xff, 0xff,
    0xff, 0xc, 0x0, 0x0, 0x0, 0x0, 0x0, 0x0,
    0x0, 0x5c, 0xff, 0xff, 0xff, 0xff, 0xff, 0xc,
    0x0, 0x0, 0x0, 0x0, 0x0, 0x0, 0x0, 0x5c,
    0xff, 0xff, 0xff, 0xff, 0xff, 0xc, 0x0, 0x0,
    0x0, 0x0, 0x0, 0x0, 0x0, 0x5c, 0xff, 0xff,
    0xff, 0xff, 0xff, 0xc, 0x0, 0x0, 0x0, 0x0,
    0x0, 0x0, 0x0, 0x5c, 0xff, 0xff, 0xff, 0xff,
    0xff, 0xc, 0x0, 0x0, 0x0, 0x0, 0x0, 0x0,
    0x0, 0x5c, 0xff, 0xff, 0xff, 0xff, 0xff, 0xc,
    0x0, 0x0, 0x0, 0x0, 0x0, 0x0, 0x0, 0x5c,
    0xff, 0xff, 0xff, 0xff, 0xff, 0xc, 0x0, 0x0,
    0x0, 0x0, 0x0, 0x0, 0x0, 0x5c, 0xff, 0xff,
    0xff, 0xff, 0xff, 0xc, 0x0, 0x0, 0x0, 0x0,
    0x0, 0x0, 0x0, 0x5c, 0xff, 0xff, 0xff, 0xff,
    0xff, 0xc, 0x0, 0x0, 0x0, 0x0, 0x0, 0x0,
    0x0, 0x5c, 0xff, 0xff, 0xff, 0xff, 0xff, 0xc,
    0x0, 0x0, 0x0, 0x0, 0x0, 0x0, 0x0, 0x5c,
    0xff, 0xff, 0xff, 0xff, 0xff, 0xc, 0x0, 0x0,
    0x49, 0xa4, 0xbd, 0xc0, 0xc0, 0xd7, 0xff, 0xff,
    0xff, 0xff, 0xff, 0xc, 0x0, 0x5c, 0xff, 0xff,
    0xff, 0xff, 0xff, 0xff, 0xff, 0xff, 0xff, 0xff,
    0xff, 0xc, 0x0, 0xdb, 0xff, 0xff, 0xff, 0xff,
    0xff, 0xff, 0xff, 0xff, 0xff, 0xff, 0xff, 0xc,
    0x16, 0xff, 0xff, 0xff, 0xff, 0xff, 0xff, 0xff,
    0xff, 0xff, 0xff, 0xff, 0xff, 0xc, 0x2e, 0xff,
    0xff, 0xff, 0xff, 0xff, 0xff, 0xff, 0xff, 0xff,
    0xff, 0xff, 0xff, 0xc,

    /* U+005E "^" */
    0x0, 0x0, 0x0, 0x0, 0x0, 0x0, 0x0, 0x0,
    0x0, 0x0, 0x0, 0xc, 0x61, 0x78, 0x43, 0x0,
    0x0, 0x0, 0x0, 0x0, 0x0, 0x0, 0x0, 0x0,
    0x0, 0x0, 0x0, 0x0, 0x0, 0x0, 0x0, 0x0,
    0x0, 0x0, 0x0, 0x0, 0x7, 0xcf, 0xff, 0xff,
    0xff, 0x75, 0x0, 0x0, 0x0, 0x0, 0x0, 0x0,
    0x0, 0x0, 0x0, 0x0, 0x0, 0x0, 0x0, 0x0,
    0x0, 0x0, 0x0, 0x0, 0x0, 0x0, 0x6c, 0xff,
    0xff, 0xff, 0xff, 0xf3, 0x14, 0x0, 0x0, 0x0,
    0x0, 0x0, 0x0, 0x0, 0x0, 0x0, 0x0, 0x0,
    0x0, 0x0, 0x0, 0x0, 0x0, 0x0, 0x0, 0x7,
    0xe4, 0xff, 0xff, 0xff, 0xff, 0xff, 0x88, 0x0,
    0x0, 0x0, 0x0, 0x0, 0x0, 0x0, 0x0, 0x0,
    0x0, 0x0, 0x0, 0x0, 0x0, 0x0, 0x0, 0x0,
    0x0, 0x6b, 0xff, 0xff, 0xff, 0xff, 0xff, 0xff,
    0xf4, 0x15, 0x0, 0x0, 0x0, 0x0, 0x0, 0x0,
    0x0, 0x0, 0x0, 0x0, 0x0, 0x0, 0x0, 0x0,
    0x0, 0x0, 0x6, 0xe3, 0xff, 0xff, 0xff, 0xff,
    0xff, 0xff, 0xff, 0x8a, 0x0, 0x0, 0x0, 0x0,
    0x0, 0x0, 0x0, 0x0, 0x0, 0x0, 0x0, 0x0,
    0x0, 0x0, 0x0, 0x0, 0x6a, 0xff, 0xff, 0xff,
    0xff, 0xff, 0xff, 0xff, 0xff, 0xf4, 0x15, 0x0,
    0x0, 0x0, 0x0, 0x0, 0x0, 0x0, 0x0, 0x0,
    0x0, 0x0, 0x0, 0x0, 0x0, 0x6, 0xe2, 0xff,
    0xff, 0xff, 0xff, 0xf7, 0xff, 0xff, 0xff, 0xff,
    0x8b, 0x0, 0x0, 0x0, 0x0, 0x0, 0x0, 0x0,
    0x0, 0x0, 0x0, 0x0, 0x0, 0x0, 0x0, 0x69,
    0xff, 0xff, 0xff, 0xff, 0xed, 0x51, 0xff, 0xff,
    0xff, 0xff, 0xf5, 0x16, 0x0, 0x0, 0x0, 0x0,
    0x0, 0x0, 0x0, 0x0, 0x0, 0x0, 0x0, 0x0,
    0x6, 0xe2, 0xff, 0xff, 0xff, 0xff, 0x7d, 0x0,
    0xc6, 0xff, 0xff, 0xff, 0xff, 0x8c, 0x0, 0x0,
    0x0, 0x0, 0x0, 0x0, 0x0, 0x0, 0x0, 0x0,
    0x0, 0x0, 0x68, 0xff, 0xff, 0xff, 0xff, 0xef,
    0xf, 0x0, 0x49, 0xff, 0xff, 0xff, 0xff, 0xf5,
    0x17, 0x0, 0x0, 0x0, 0x0, 0x0, 0x0, 0x0,
    0x0, 0x0, 0x0, 0x5, 0xe1, 0xff, 0xff, 0xff,
    0xff, 0x81, 0x0, 0x0, 0x0, 0xca, 0xff, 0xff,
    0xff, 0xff, 0x8e, 0x0, 0x0, 0x0, 0x0, 0x0,
    0x0, 0x0, 0x0, 0x0, 0x0, 0x67, 0xff, 0xff,
    0xff, 0xff, 0xf1, 0x11, 0x0, 0x0, 0x0, 0x4d,
    0xff, 0xff, 0xff, 0xff, 0xf6, 0x18, 0x0, 0x0,
    0x0, 0x0, 0x0, 0x0, 0x0, 0x0, 0x5, 0xe0,
    0xff, 0xff, 0xff, 0xff, 0x85, 0x0, 0x0, 0x0,
    0x0, 0x0, 0xce, 0xff, 0xff, 0xff, 0xff, 0x8f,
    0x0, 0x0, 0x0, 0x0, 0x0, 0x0, 0x0, 0x0,
    0x66, 0xff, 0xff, 0xff, 0xff, 0xf3, 0x13, 0x0,
    0x0, 0x0, 0x0, 0x0, 0x51, 0xff, 0xff, 0xff,
    0xff, 0xf7, 0x19, 0x0, 0x0, 0x0, 0x0, 0x0,
    0x0, 0x5, 0xe0, 0xff, 0xff, 0xff, 0xff, 0x88,
    0x0, 0x0, 0x0, 0x0, 0x0, 0x0, 0x1, 0xd2,
    0xff, 0xff, 0xff, 0xff, 0x91, 0x0, 0x0, 0x0,
    0x0, 0x0, 0x0, 0x65, 0xff, 0xff, 0xff, 0xff,
    0xf5, 0x15, 0x0, 0x0, 0x0, 0x0, 0x0, 0x0,
    0x0, 0x56, 0xff, 0xff, 0xff, 0xff, 0xf7, 0x1a,
    0x0, 0x0, 0x0, 0x0, 0x5, 0xdf, 0xff, 0xff,
    0xff, 0xff, 0x8c, 0x0, 0x0, 0x0, 0x0, 0x0,
    0x0, 0x0, 0x0, 0x2, 0xd5, 0xff, 0xff, 0xff,
    0xff, 0x92, 0x0, 0x0, 0x0, 0x0, 0x64, 0xff,
    0xff, 0xff, 0xff, 0xf6, 0x17, 0x0, 0x0, 0x0,
    0x0, 0x0, 0x0, 0x0, 0x0, 0x0, 0x5a, 0xff,
    0xff, 0xff, 0xff, 0xf8, 0x1a, 0x0, 0x0, 0x4,
    0xde, 0xff, 0xff, 0xff, 0xff, 0x90, 0x0, 0x0,
    0x0, 0x0, 0x0, 0x0, 0x0, 0x0, 0x0, 0x0,
    0x2, 0xd9, 0xff, 0xff, 0xff, 0xff, 0x93, 0x0,
    0x0, 0x63, 0xff, 0xff, 0xff, 0xff, 0xf8, 0x1a,
    0x0, 0x0, 0x0, 0x0, 0x0, 0x0, 0x0, 0x0,
    0x0, 0x0, 0x0, 0x5f, 0xff, 0xff, 0xff, 0xff,
    0xf8, 0x1c, 0x4, 0xdd, 0xff, 0xff, 0xff, 0xff,
    0x86, 0x0, 0x0, 0x0, 0x0, 0x0, 0x0, 0x0,
    0x0, 0x0, 0x0, 0x0, 0x0, 0x4, 0xce, 0xff,
    0xff, 0xff, 0xff, 0x95, 0x9, 0x8f, 0xe0, 0xf8,
    0xd8, 0x76, 0x3, 0x0, 0x0, 0x0, 0x0, 0x0,
    0x0, 0x0, 0x0, 0x0, 0x0, 0x0, 0x0, 0x0,
    0x15, 0x9c, 0xe7, 0xf6, 0xd4, 0x5f,

    /* U+005F "_" */
    0x0, 0x0, 0x6, 0x44, 0x61, 0x64, 0x64, 0x64,
    0x64, 0x64, 0x64, 0x64, 0x64, 0x64, 0x64, 0x64,
    0x64, 0x64, 0x64, 0x64, 0x64, 0x64, 0x64, 0x64,
    0x22, 0x0, 0x1e, 0xda, 0xff, 0xff, 0xff, 0xff,
    0xff, 0xff, 0xff, 0xff, 0xff, 0xff, 0xff, 0xff,
    0xff, 0xff, 0xff, 0xff, 0xff, 0xff, 0xff, 0xff,
    0xff, 0x43, 0x0, 0xa6, 0xff, 0xff, 0xff, 0xff,
    0xff, 0xff, 0xff, 0xff, 0xff, 0xff, 0xff, 0xff,
    0xff, 0xff, 0xff, 0xff, 0xff, 0xff, 0xff, 0xff,
    0xff, 0xfc, 0x1a, 0x6, 0xfc, 0xff, 0xff, 0xff,
    0xff, 0xff, 0xff, 0xff, 0xff, 0xff, 0xff, 0xff,
    0xff, 0xff, 0xff, 0xff, 0xff, 0xff, 0xff, 0xff,
    0xff, 0xff, 0xa1, 0x0, 0x24, 0xff, 0xff, 0xff,
    0xff, 0xff, 0xff, 0xff, 0xff, 0xff, 0xff, 0xff,
    0xff, 0xff, 0xff, 0xff, 0xff, 0xff, 0xff, 0xff,
    0xff, 0xeb, 0x9a, 0xc, 0x0,

    /* U+0060 "`" */
    0x6, 0x79, 0x80, 0x80, 0x7a, 0x61, 0x1f, 0x0,
    0x0, 0x0, 0x0, 0x0, 0x0, 0x0, 0x67, 0xff,
    0xff, 0xff, 0xff, 0xfd, 0x87, 0x0, 0x0, 0x0,
    0x0, 0x0, 0x0, 0x0, 0x99, 0xff, 0xff, 0xff,
    0xff, 0xff, 0x63, 0x0, 0x0, 0x0, 0x0, 0x0,
    0x0, 0x6, 0xc5, 0xff, 0xff, 0xff, 0xff, 0xe9,
    0xe, 0x0, 0x0, 0x0, 0x0, 0x0, 0x0, 0x18,
    0xe5, 0xff, 0xff, 0xff, 0xff, 0x8a, 0x0, 0x0,
    0x0, 0x0, 0x0, 0x0, 0x0, 0x37, 0xf8, 0xff,
    0xff, 0xff, 0xf9, 0x23, 0x0, 0x0, 0x0, 0x0,
    0x0, 0x0, 0x0, 0x63, 0xff, 0xff, 0xff, 0xff,
    0xaf, 0x0, 0x0, 0x0, 0x0, 0x0, 0x0, 0x0,
    0x0, 0x95, 0xff, 0xff, 0xff, 0xff, 0x41, 0x0,
    0x0, 0x0, 0x0, 0x0, 0x0, 0x0, 0x5, 0xc2,
    0xff, 0xff, 0xff, 0xd1, 0x2, 0x0, 0x0, 0x0,
    0x0, 0x0, 0x0, 0x0, 0xf, 0xa2, 0xea, 0xfc,
    0xff, 0x66,

    /* U+0061 "a" */
    0x0, 0x0, 0x0, 0x0, 0x0, 0x6, 0x53, 0x93,
    0xca, 0xe5, 0xf7, 0xf7, 0xe7, 0xc8, 0x93, 0x46,
    0x1, 0x0, 0x0, 0x0, 0x0, 0x0, 0x0, 0x0,
    0x2, 0x74, 0xe9, 0xff, 0xff, 0xff, 0xff, 0xff,
    0xff, 0xff, 0xff, 0xff, 0xff, 0xd9, 0x40, 0x0,
    0x0, 0x0, 0x0, 0x0, 0xc, 0xbf, 0xff, 0xff,
    0xff, 0xff, 0xff, 0xff, 0xff, 0xff, 0xff, 0xff,
    0xff, 0xff, 0xff, 0xfe, 0x6b, 0x0, 0x0, 0x0,
    0x0, 0x95, 0xff, 0xff, 0xff, 0xff, 0xff, 0xff,
    0xff, 0xff, 0xff, 0xff, 0xff, 0xff, 0xff, 0xff,
    0xff, 0xfe, 0x4a, 0x0, 0x0, 0x0, 0xe5, 0xff,
    0xff, 0xff, 0xec, 0x91, 0x41, 0x1f, 0x9, 0x14,
    0x42, 0xa1, 0xfe, 0xff, 0xff, 0xff, 0xff, 0xdb,
    0x3, 0x0, 0x0, 0xba, 0xff, 0xff, 0xb1, 0x16,
    0x0, 0x0, 0x0, 0x0, 0x0, 0x0, 0x0, 0x55,
    0xfe, 0xff, 0xff, 0xff, 0xff, 0x3f, 0x0, 0x0,
    0x1e, 0xce, 0xb8, 0x3, 0x0, 0x0, 0x0, 0x0,
    0x0, 0x0, 0x0, 0x0, 0x0, 0xaa, 0xff, 0xff,
    0xff, 0xff, 0x7e, 0x0, 0x0, 0x0, 0x2, 0x8,
    0x0, 0x0, 0x0, 0x0, 0x0, 0x0, 0x0, 0x0,
    0x0, 0x0, 0x62, 0xff, 0xff, 0xff, 0xff, 0x97,
    0x0, 0x0, 0x0, 0x0, 0x0, 0x26, 0x78, 0xc0,
    0xde, 0xf6, 0xf1, 0xda, 0xa2, 0x54, 0x3, 0x50,
    0xff, 0xff, 0xff, 0xff, 0xa3, 0x0, 0x0, 0x0,
    0x16, 0xa0, 0xfe, 0xff, 0xff, 0xff, 0xff, 0xff,
    0xff, 0xff, 0xff, 0xd5, 0x6b, 0xee, 0xff, 0xff,
    0xff, 0xa4, 0x0, 0x0, 0x22, 0xe6, 0xff, 0xff,
    0xff, 0xff, 0xff, 0xff, 0xff, 0xff, 0xff, 0xff,
    0xff, 0xfb, 0xa4, 0xff, 0xff, 0xff, 0xa4, 0x0,
    0x11, 0xde, 0xff, 0xff, 0xff, 0xff, 0xff, 0xff,
    0xed, 0xd2, 0xdb, 0xfb, 0xff, 0xff, 0xff, 0xff,
    0xff, 0xff, 0xff, 0xa4, 0x0, 0x89, 0xff, 0xff,
    0xff, 0xff, 0xfb, 0x90, 0x1b, 0x0, 0x0, 0x0,
    0x9, 0x58, 0xdd, 0xff, 0xff, 0xff, 0xff, 0xff,
    0xa4, 0x0, 0xe8, 0xff, 0xff, 0xff, 0xff, 0x63,
    0x0, 0x0, 0x0, 0x0, 0x0, 0x0, 0x0, 0x12,
    0xdb, 0xff, 0xff, 0xff, 0xff, 0xa4, 0x1e, 0xff,
    0xff, 0xff, 0xff, 0xe6, 0x1, 0x0, 0x0, 0x0,
    0x0, 0x0, 0x0, 0x0, 0x0, 0x64, 0xff, 0xff,
    0xff, 0xff, 0xa4, 0x2f, 0xff, 0xff, 0xff, 0xff,
    0xc5, 0x0, 0x0, 0x0, 0x0, 0x0, 0x0, 0x0,
    0x0, 0x0, 0x3f, 0xff, 0xff, 0xff, 0xff, 0xa4,
    0x22, 0xff, 0xff, 0xff, 0xff, 0xe2, 0x0, 0x0,
    0x0, 0x0, 0x0, 0x0, 0x0, 0x0, 0x0, 0x61,
    0xff, 0xff, 0xff, 0xff, 0xa4, 0x2, 0xf1, 0xff,
    0xff, 0xff, 0xff, 0x51, 0x0, 0x0, 0x0, 0x0,
    0x0, 0x0, 0x0, 0xd, 0xd5, 0xff, 0xff, 0xff,
    0xff, 0xa4, 0x0, 0x9d, 0xff, 0xff, 0xff, 0xff,
    0xf6, 0x7f, 0x13, 0x0, 0x0, 0x0, 0x7, 0x52,
    0xd6, 0xff, 0xff, 0xff, 0xff, 0xff, 0xa4, 0x0,
    0x1f, 0xef, 0xff, 0xff, 0xff, 0xff, 0xff, 0xff,
    0xe9, 0xd0, 0xda, 0xfa, 0xff, 0xff, 0xff, 0xe9,
    0xff, 0xff, 0xff, 0xa1, 0x0, 0x0, 0x3e, 0xf8,
    0xff, 0xff, 0xff, 0xff, 0xff, 0xff, 0xff, 0xff,
    0xff, 0xff, 0xff, 0xd3, 0xa5, 0xff, 0xff, 0xff,
    0x85, 0x0, 0x0, 0x0, 0x31, 0xcb, 0xff, 0xff,
    0xff, 0xff, 0xff, 0xff, 0xff, 0xff, 0xfd, 0x97,
    0x23, 0xff, 0xff, 0xff, 0xf5, 0x26, 0x0, 0x0,
    0x0, 0x0, 0x2, 0x47, 0x9b, 0xd3, 0xec, 0xf9,
    0xe5, 0xc8, 0x82, 0x2a, 0x0, 0x14, 0xfa, 0xe2,
    0xa7, 0x30, 0x0,

    /* U+0062 "b" */
    0x0, 0x0, 0x50, 0xb4, 0xe6, 0xe6, 0x0, 0x0,
    0x0, 0x0, 0x0, 0x0, 0x0, 0x0, 0x0, 0x0,
    0x0, 0x0, 0x0, 0x0, 0x0, 0x0, 0x7b, 0xff,
    0xff, 0xff, 0xec, 0x0, 0x0, 0x0, 0x0, 0x0,
    0x0, 0x0, 0x0, 0x0, 0x0, 0x0, 0x0, 0x0,
    0x0, 0x0, 0xb, 0xf7, 0xff, 0xff, 0xff, 0xec,
    0x0, 0x0, 0x0, 0x0, 0x0, 0x0, 0x0, 0x0,
    0x0, 0x0, 0x0, 0x0, 0x0, 0x0, 0x0, 0x28,
    0xff, 0xff, 0xff, 0xff, 0xec, 0x0, 0x0, 0x0,
    0x0, 0x0, 0x0, 0x0, 0x0, 0x0, 0x0, 0x0,
    0x0, 0x0, 0x0, 0x0, 0x2c, 0xff, 0xff, 0xff,
    0xff, 0xec, 0x0, 0x0, 0x0, 0x0, 0x0, 0x0,
    0x0, 0x0, 0x0, 0x0, 0x0, 0x0, 0x0, 0x0,
    0x0, 0x2c, 0xff, 0xff, 0xff, 0xff, 0xec, 0x0,
    0x0, 0x0, 0x0, 0x0, 0x0, 0x0, 0x0, 0x0,
    0x0, 0x0, 0x0, 0x0, 0x0, 0x0, 0x2c, 0xff,
    0xff, 0xff, 0xff, 0xec, 0x0, 0x0, 0x0, 0x0,
    0x0, 0x0, 0x0, 0x0, 0x0, 0x0, 0x0, 0x0,
    0x0, 0x0, 0x0, 0x2c, 0xff, 0xff, 0xff, 0xff,
    0xec, 0x0, 0x0, 0x0, 0x0, 0x0, 0x0, 0x0,
    0x0, 0x0, 0x0, 0x0, 0x0, 0x0, 0x0, 0x0,
    0x2c, 0xff, 0xff, 0xff, 0xff, 0xec, 0x0, 0x0,
    0x0, 0x0, 0x0, 0x0, 0x0, 0x0, 0x0, 0x0,
    0x0, 0x0, 0x0, 0x0, 0x0, 0x2c, 0xff, 0xff,
    0xff, 0xff, 0xec, 0x0, 0x1, 0x44, 0x94, 0xd3,
    0xf0, 0xf7, 0xe4, 0xba, 0x7a, 0x18, 0x0, 0x0,
    0x0, 0x0, 0x2c, 0xff, 0xff, 0xff, 0xff, 0xd6,
    0x47, 0xcf, 0xff, 0xff, 0xff, 0xff, 0xff, 0xff,
    0xff, 0xff, 0xf9, 0x83, 0x3, 0x0, 0x0, 0x2c,
    0xff, 0xff, 0xff, 0xff, 0xa5, 0xfe, 0xff, 0xff,
    0xff, 0xff, 0xff, 0xff, 0xff, 0xff, 0xff, 0xff,
    0xff, 0xb4, 0x4, 0x0, 0x2c, 0xff, 0xff, 0xff,
    0xff, 0xff, 0xff, 0xff, 0xff, 0xff, 0xff, 0xff,
    0xff, 0xff, 0xff, 0xff, 0xff, 0xff, 0xff, 0x8b,
    0x0, 0x2c, 0xff, 0xff, 0xff, 0xff, 0xff, 0xff,
    0xff, 0xcd, 0x86, 0x6a, 0x6e, 0x91, 0xdd, 0xff,
    0xff, 0xff, 0xff, 0xff, 0xfa, 0x21, 0x2c, 0xff,
    0xff, 0xff, 0xff, 0xff, 0xf2, 0x51, 0x0, 0x0,
    0x0, 0x0, 0x0, 0x2, 0x79, 0xff, 0xff, 0xff,
    0xff, 0xff, 0x75, 0x2c, 0xff, 0xff, 0xff, 0xff,
    0xff, 0x52, 0x0, 0x0, 0x0, 0x0, 0x0, 0x0,
    0x0, 0x0, 0xa3, 0xff, 0xff, 0xff, 0xff, 0xaf,
    0x2c, 0xff, 0xff, 0xff, 0xff, 0xef, 0x1, 0x0,
    0x0, 0x0, 0x0, 0x0, 0x0, 0x0, 0x0, 0x4d,
    0xff, 0xff, 0xff, 0xff, 0xc7, 0x2c, 0xff, 0xff,
    0xff, 0xff, 0xe0, 0x0, 0x0, 0x0, 0x0, 0x0,
    0x0, 0x0, 0x0, 0x0, 0x38, 0xff, 0xff, 0xff,
    0xff, 0xd0, 0x2c, 0xff, 0xff, 0xff, 0xff, 0xe0,
    0x0, 0x0, 0x0, 0x0, 0x0, 0x0, 0x0, 0x0,
    0x0, 0x38, 0xff, 0xff, 0xff, 0xff, 0xd0, 0x2c,
    0xff, 0xff, 0xff, 0xff, 0xe0, 0x0, 0x0, 0x0,
    0x0, 0x0, 0x0, 0x0, 0x0, 0x0, 0x38, 0xff,
    0xff, 0xff, 0xff, 0xd0, 0x2c, 0xff, 0xff, 0xff,
    0xff, 0xe0, 0x0, 0x0, 0x0, 0x0, 0x0, 0x0,
    0x0, 0x0, 0x0, 0x38, 0xff, 0xff, 0xff, 0xff,
    0xd0, 0x2c, 0xff, 0xff, 0xff, 0xff, 0xe0, 0x0,
    0x0, 0x0, 0x0, 0x0, 0x0, 0x0, 0x0, 0x0,
    0x38, 0xff, 0xff, 0xff, 0xff, 0xd0, 0x2c, 0xff,
    0xff, 0xff, 0xff, 0xe0, 0x0, 0x0, 0x0, 0x0,
    0x0, 0x0, 0x0, 0x0, 0x0, 0x38, 0xff, 0xff,
    0xff, 0xff, 0xd0, 0x2c, 0xff, 0xff, 0xff, 0xff,
    0xe0, 0x0, 0x0, 0x0, 0x0, 0x0, 0x0, 0x0,
    0x0, 0x0, 0x38, 0xff, 0xff, 0xff, 0xff, 0xd0,
    0x2c, 0xff, 0xff, 0xff, 0xff, 0xf0, 0x1, 0x0,
    0x0, 0x0, 0x0, 0x0, 0x0, 0x0, 0x0, 0x4e,
    0xff, 0xff, 0xff, 0xff, 0xc8, 0x2c, 0xff, 0xff,
    0xff, 0xff, 0xff, 0x53, 0x0, 0x0, 0x0, 0x0,
    0x0, 0x0, 0x0, 0x0, 0xa2, 0xff, 0xff, 0xff,
    0xff, 0xac, 0x2c, 0xff, 0xff, 0xff, 0xff, 0xff,
    0xf2, 0x52, 0x0, 0x0, 0x0, 0x0, 0x0, 0x2,
    0x76, 0xfe, 0xff, 0xff, 0xff, 0xff, 0x6c, 0x2c,
    0xff, 0xff, 0xff, 0xff, 0xff, 0xff, 0xff, 0xd1,
    0x8c, 0x71, 0x74, 0x95, 0xde, 0xff, 0xff, 0xff,
    0xff, 0xff, 0xf0, 0x11, 0x2c, 0xff, 0xff, 0xff,
    0xe1, 0xcb, 0xff, 0xff, 0xff, 0xff, 0xff, 0xff,
    0xff, 0xff, 0xff, 0xff, 0xff, 0xff, 0xff, 0x5d,
    0x0, 0x2c, 0xff, 0xff, 0xff, 0xff, 0x7d, 0xd5,
    0xff, 0xff, 0xff, 0xff, 0xff, 0xff, 0xff, 0xff,
    0xff, 0xff, 0xff, 0x82, 0x0, 0x0, 0x2c, 0xff,
    0xff, 0xff, 0xfe, 0x3d, 0xd, 0x9f, 0xff, 0xff,
    0xff, 0xff, 0xff, 0xff, 0xff, 0xff, 0xea, 0x51,
    0x0, 0x0, 0x0, 0x2b, 0xfa, 0xe6, 0xb5, 0x48,
    0x0, 0x0, 0x0, 0x30, 0x91, 0xcf, 0xec, 0xfb,
    0xe8, 0xb9, 0x6c, 0xe, 0x0, 0x0, 0x0, 0x0,

    /* U+0063 "c" */
    0x0, 0x0, 0x0, 0x0, 0x0, 0x16, 0x70, 0xb6,
    0xe1, 0xf6, 0xf9, 0xe6, 0xd0, 0x99, 0x56, 0x9,
    0x0, 0x0, 0x0, 0x0, 0x0, 0x0, 0x0, 0x5,
    0x7f, 0xf8, 0xff, 0xff, 0xff, 0xff, 0xff, 0xff,
    0xff, 0xff, 0xff, 0xe7, 0x70, 0x1, 0x0, 0x0,
    0x0, 0x0, 0x14, 0xd1, 0xff, 0xff, 0xff, 0xff,
    0xff, 0xff, 0xff, 0xff, 0xff, 0xff, 0xff, 0xff,
    0xff, 0xaa, 0x7, 0x0, 0x0, 0x9, 0xc7, 0xff,
    0xff, 0xff, 0xff, 0xff, 0xff, 0xff, 0xff, 0xff,
    0xff, 0xff, 0xff, 0xff, 0xff, 0xff, 0x8c, 0x0,
    0x0, 0x8c, 0xff, 0xff, 0xff, 0xff, 0xff, 0xfb,
    0xae, 0x76, 0x69, 0x85, 0xd2, 0xff, 0xff, 0xff,
    0xff, 0xff, 0xf8, 0xd, 0xc, 0xf5, 0xff, 0xff,
    0xff, 0xff, 0xd9, 0x29, 0x0, 0x0, 0x0, 0x0,
    0x0, 0x6c, 0xfe, 0xff, 0xff, 0xff, 0xff, 0x3c,
    0x4f, 0xff, 0xff, 0xff, 0xff, 0xf8, 0x24, 0x0,
    0x0, 0x0, 0x0, 0x0, 0x0, 0x0, 0x84, 0xff,
    0xff, 0xff, 0xff, 0x33, 0x79, 0xff, 0xff, 0xff,
    0xff, 0xae, 0x0, 0x0, 0x0, 0x0, 0x0, 0x0,
    0x0, 0x0, 0x12, 0xfc, 0xff, 0xff, 0xbd, 0x1,
    0x86, 0xff, 0xff, 0xff, 0xff, 0x88, 0x0, 0x0,
    0x0, 0x0, 0x0, 0x0, 0x0, 0x0, 0x0, 0xad,
    0xb1, 0x64, 0x7, 0x0, 0x88, 0xff, 0xff, 0xff,
    0xff, 0x84, 0x0, 0x0, 0x0, 0x0, 0x0, 0x0,
    0x0, 0x0, 0x0, 0x0, 0x0, 0x0, 0x0, 0x0,
    0x88, 0xff, 0xff, 0xff, 0xff, 0x84, 0x0, 0x0,
    0x0, 0x0, 0x0, 0x0, 0x0, 0x0, 0x0, 0x0,
    0x0, 0x0, 0x0, 0x0, 0x88, 0xff, 0xff, 0xff,
    0xff, 0x84, 0x0, 0x0, 0x0, 0x0, 0x0, 0x0,
    0x0, 0x0, 0x0, 0x0, 0x0, 0x0, 0x0, 0x0,
    0x88, 0xff, 0xff, 0xff, 0xff, 0x84, 0x0, 0x0,
    0x0, 0x0, 0x0, 0x0, 0x0, 0x0, 0x0, 0x0,
    0x0, 0x0, 0x0, 0x0, 0x88, 0xff, 0xff, 0xff,
    0xff, 0x84, 0x0, 0x0, 0x0, 0x0, 0x0, 0x0,
    0x0, 0x0, 0x0, 0x0, 0x0, 0x0, 0x0, 0x0,
    0x88, 0xff, 0xff, 0xff, 0xff, 0x85, 0x0, 0x0,
    0x0, 0x0, 0x0, 0x0, 0x0, 0x0, 0x0, 0x9b,
    0xb0, 0x73, 0xa, 0x0, 0x7f, 0xff, 0xff, 0xff,
    0xff, 0xa4, 0x0, 0x0, 0x0, 0x0, 0x0, 0x0,
    0x0, 0x0, 0x4, 0xef, 0xff, 0xff, 0xca, 0x8,
    0x5d, 0xff, 0xff, 0xff, 0xff, 0xf2, 0x1a, 0x0,
    0x0, 0x0, 0x0, 0x0, 0x0, 0x0, 0x6a, 0xff,
    0xff, 0xff, 0xff, 0x4d, 0x1a, 0xfc, 0xff, 0xff,
    0xff, 0xff, 0xd2, 0x26, 0x0, 0x0, 0x0, 0x0,
    0x0, 0x5b, 0xf9, 0xff, 0xff, 0xff, 0xff, 0x61,
    0x0, 0xa5, 0xff, 0xff, 0xff, 0xff, 0xff, 0xfb,
    0xb4, 0x7d, 0x70, 0x87, 0xce, 0xff, 0xff, 0xff,
    0xff, 0xff, 0xff, 0x2b, 0x0, 0x15, 0xdb, 0xff,
    0xff, 0xff, 0xff, 0xff, 0xff, 0xff, 0xff, 0xff,
    0xff, 0xff, 0xff, 0xff, 0xff, 0xff, 0xb1, 0x0,
    0x0, 0x0, 0x21, 0xe1, 0xff, 0xff, 0xff, 0xff,
    0xff, 0xff, 0xff, 0xff, 0xff, 0xff, 0xff, 0xff,
    0xff, 0xc3, 0x11, 0x0, 0x0, 0x0, 0x0, 0xd,
    0x91, 0xfc, 0xff, 0xff, 0xff, 0xff, 0xff, 0xff,
    0xff, 0xff, 0xff, 0xf2, 0x86, 0x8, 0x0, 0x0,
    0x0, 0x0, 0x0, 0x0, 0x0, 0x1e, 0x77, 0xb8,
    0xe1, 0xf7, 0xfa, 0xe9, 0xd5, 0xa3, 0x63, 0x12,
    0x0, 0x0, 0x0, 0x0,

    /* U+0064 "d" */
    0x0, 0x0, 0x0, 0x0, 0x0, 0x0, 0x0, 0x0,
    0x0, 0x0, 0x0, 0x0, 0x0, 0x0, 0x0, 0x0,
    0x12, 0x85, 0xcf, 0xf3, 0x72, 0x0, 0x0, 0x0,
    0x0, 0x0, 0x0, 0x0, 0x0, 0x0, 0x0, 0x0,
    0x0, 0x0, 0x0, 0x0, 0x10, 0xdc, 0xff, 0xff,
    0xff, 0x74, 0x0, 0x0, 0x0, 0x0, 0x0, 0x0,
    0x0, 0x0, 0x0, 0x0, 0x0, 0x0, 0x0, 0x0,
    0x0, 0x75, 0xff, 0xff, 0xff, 0xff, 0x74, 0x0,
    0x0, 0x0, 0x0, 0x0, 0x0, 0x0, 0x0, 0x0,
    0x0, 0x0, 0x0, 0x0, 0x0, 0x0, 0x9c, 0xff,
    0xff, 0xff, 0xff, 0x74, 0x0, 0x0, 0x0, 0x0,
    0x0, 0x0, 0x0, 0x0, 0x0, 0x0, 0x0, 0x0,
    0x0, 0x0, 0x0, 0xa0, 0xff, 0xff, 0xff, 0xff,
    0x74, 0x0, 0x0, 0x0, 0x0, 0x0, 0x0, 0x0,
    0x0, 0x0, 0x0, 0x0, 0x0, 0x0, 0x0, 0x0,
    0xa0, 0xff, 0xff, 0xff, 0xff, 0x74, 0x0, 0x0,
    0x0, 0x0, 0x0, 0x0, 0x0, 0x0, 0x0, 0x0,
    0x0, 0x0, 0x0, 0x0, 0x0, 0xa0, 0xff, 0xff,
    0xff, 0xff, 0x74, 0x0, 0x0, 0x0, 0x0, 0x0,
    0x0, 0x0, 0x0, 0x0, 0x0, 0x0, 0x0, 0x0,
    0x0, 0x0, 0xa0, 0xff, 0xff, 0xff, 0xff, 0x74,
    0x0, 0x0, 0x0, 0x0, 0x0, 0x0, 0x0, 0x0,
    0x0, 0x0, 0x0, 0x0, 0x0, 0x0, 0x0, 0xa0,
    0xff, 0xff, 0xff, 0xff, 0x74, 0x0, 0x0, 0x0,
    0x0, 0x0, 0x38, 0x8f, 0xcb, 0xe5, 0xf9, 0xe4,
    0xbc, 0x6d, 0x14, 0x0, 0xa0, 0xff, 0xff, 0xff,
    0xff, 0x74, 0x0, 0x0, 0x0, 0x25, 0xc2, 0xff,
    0xff, 0xff, 0xff, 0xff, 0xff, 0xff, 0xff, 0xf2,
    0x7d, 0x91, 0xff, 0xff, 0xff, 0xff, 0x74, 0x0,
    0x0, 0x42, 0xf6, 0xff, 0xff, 0xff, 0xff, 0xff,
    0xff, 0xff, 0xff, 0xff, 0xff, 0xff, 0xc3, 0xe7,
    0xff, 0xff, 0xff, 0x74, 0x0, 0x2a, 0xf0, 0xff,
    0xff, 0xff, 0xff, 0xff, 0xff, 0xff, 0xff, 0xff,
    0xff, 0xff, 0xff, 0xff, 0xff, 0xff, 0xff, 0xff,
    0x74, 0x0, 0xc0, 0xff, 0xff, 0xff, 0xff, 0xff,
    0xef, 0xa1, 0x74, 0x68, 0x78, 0xac, 0xf8, 0xff,
    0xff, 0xff, 0xff, 0xff, 0xff, 0x74, 0x29, 0xff,
    0xff, 0xff, 0xff, 0xff, 0xaf, 0x10, 0x0, 0x0,
    0x0, 0x0, 0x0, 0x1e, 0xc7, 0xff, 0xff, 0xff,
    0xff, 0xff, 0x74, 0x67, 0xff, 0xff, 0xff, 0xff,
    0xe3, 0x9, 0x0, 0x0, 0x0, 0x0, 0x0, 0x0,
    0x0, 0x12, 0xec, 0xff, 0xff, 0xff, 0xff, 0x74,
    0x82, 0xff, 0xff, 0xff, 0xff, 0x97, 0x0, 0x0,
    0x0, 0x0, 0x0, 0x0, 0x0, 0x0, 0x0, 0xa4,
    0xff, 0xff, 0xff, 0xff, 0x74, 0x88, 0xff, 0xff,
    0xff, 0xff, 0x84, 0x0, 0x0, 0x0, 0x0, 0x0,
    0x0, 0x0, 0x0, 0x0, 0x94, 0xff, 0xff, 0xff,
    0xff, 0x74, 0x88, 0xff, 0xff, 0xff, 0xff, 0x84,
    0x0, 0x0, 0x0, 0x0, 0x0, 0x0, 0x0, 0x0,
    0x0, 0x94, 0xff, 0xff, 0xff, 0xff, 0x74, 0x88,
    0xff, 0xff, 0xff, 0xff, 0x84, 0x0, 0x0, 0x0,
    0x0, 0x0, 0x0, 0x0, 0x0, 0x0, 0x94, 0xff,
    0xff, 0xff, 0xff, 0x74, 0x88, 0xff, 0xff, 0xff,
    0xff, 0x84, 0x0, 0x0, 0x0, 0x0, 0x0, 0x0,
    0x0, 0x0, 0x0, 0x94, 0xff, 0xff, 0xff, 0xff,
    0x74, 0x88, 0xff, 0xff, 0xff, 0xff, 0x84, 0x0,
    0x0, 0x0, 0x0, 0x0, 0x0, 0x0, 0x0, 0x0,
    0x94, 0xff, 0xff, 0xff, 0xff, 0x74, 0x88, 0xff,
    0xff, 0xff, 0xff, 0x84, 0x0, 0x0, 0x0, 0x0,
    0x0, 0x0, 0x0, 0x0, 0x0, 0x94, 0xff, 0xff,
    0xff, 0xff, 0x74, 0x88, 0xff, 0xff, 0xff, 0xff,
    0x84, 0x0, 0x0, 0x0, 0x0, 0x0, 0x0, 0x0,
    0x0, 0x0, 0x94, 0xff, 0xff, 0xff, 0xff, 0x74,
    0x82, 0xff, 0xff, 0xff, 0xff, 0x98, 0x0, 0x0,
    0x0, 0x0, 0x0, 0x0, 0x0, 0x0, 0x0, 0xa7,
    0xff, 0xff, 0xff, 0xff, 0x74, 0x68, 0xff, 0xff,
    0xff, 0xff, 0xe3, 0x8, 0x0, 0x0, 0x0, 0x0,
    0x0, 0x0, 0x0, 0x18, 0xf0, 0xff, 0xff, 0xff,
    0xff, 0x74, 0x2c, 0xff, 0xff, 0xff, 0xff, 0xff,
    0xaf, 0x10, 0x0, 0x0, 0x0, 0x0, 0x0, 0x29,
    0xd3, 0xff, 0xff, 0xff, 0xff, 0xff, 0x74, 0x0,
    0xc9, 0xff, 0xff, 0xff, 0xff, 0xff, 0xf0, 0xa6,
    0x7a, 0x6f, 0x80, 0xb8, 0xfc, 0xff, 0xff, 0xff,
    0xff, 0xff, 0xff, 0x74, 0x0, 0x34, 0xf7, 0xff,
    0xff, 0xff, 0xff, 0xff, 0xff, 0xff, 0xff, 0xff,
    0xff, 0xff, 0xff, 0xef, 0xba, 0xff, 0xff, 0xff,
    0x6f, 0x0, 0x0, 0x59, 0xfc, 0xff, 0xff, 0xff,
    0xff, 0xff, 0xff, 0xff, 0xff, 0xff, 0xff, 0xf5,
    0x61, 0xfb, 0xff, 0xff, 0xff, 0x45, 0x0, 0x0,
    0x0, 0x3a, 0xdc, 0xff, 0xff, 0xff, 0xff, 0xff,
    0xff, 0xff, 0xff, 0xd7, 0x2c, 0x38, 0xff, 0xff,
    0xff, 0xbe, 0x1, 0x0, 0x0, 0x0, 0x0, 0x6,
    0x50, 0xa9, 0xd5, 0xf1, 0xf4, 0xda, 0xb2, 0x56,
    0x6, 0x0, 0x37, 0xf5, 0xd2, 0x7e, 0x9, 0x0,

    /* U+0065 "e" */
    0x0, 0x0, 0x0, 0x0, 0x0, 0x2, 0x49, 0x9b,
    0xd2, 0xf2, 0xfc, 0xf0, 0xce, 0x94, 0x3f, 0x0,
    0x0, 0x0, 0x0, 0x0, 0x0, 0x0, 0x0, 0x0,
    0x3d, 0xd6, 0xff, 0xff, 0xff, 0xff, 0xff, 0xff,
    0xff, 0xff, 0xff, 0xc4, 0x29, 0x0, 0x0, 0x0,
    0x0, 0x0, 0x0, 0x8c, 0xfe, 0xff, 0xff, 0xff,
    0xff, 0xff, 0xff, 0xff, 0xff, 0xff, 0xff, 0xff,
    0xf8, 0x5c, 0x0, 0x0, 0x0, 0x0, 0x88, 0xff,
    0xff, 0xff, 0xff, 0xff, 0xff, 0xff, 0xff, 0xff,
    0xff, 0xff, 0xff, 0xff, 0xff, 0xfa, 0x47, 0x0,
    0x0, 0x58, 0xff, 0xff, 0xff, 0xff, 0xff, 0xb1,
    0x48, 0x15, 0x9, 0x1e, 0x5c, 0xd1, 0xff, 0xff,
    0xff, 0xff, 0xec, 0x11, 0x2, 0xdf, 0xff, 0xff,
    0xff, 0xff, 0x73, 0x0, 0x0, 0x0, 0x0, 0x0,
    0x0, 0x5, 0xad, 0xff, 0xff, 0xff, 0xff, 0x77,
    0x3c, 0xff, 0xff, 0xff, 0xff, 0xc3, 0x0, 0x0,
    0x0, 0x0, 0x0, 0x0, 0x0, 0x0, 0x10, 0xf2,
    0xff, 0xff, 0xff, 0xc6, 0x71, 0xff, 0xff, 0xff,
    0xff, 0x75, 0x0, 0x0, 0x0, 0x0, 0x0, 0x0,
    0x0, 0x0, 0x0, 0xb5, 0xff, 0xff, 0xff, 0xf0,
    0x84, 0xff, 0xff, 0xff, 0xff, 0x60, 0x0, 0x0,
    0x0, 0x0, 0x0, 0x0, 0x0, 0x0, 0x0, 0xa0,
    0xff, 0xff, 0xff, 0xff, 0x88, 0xff, 0xff, 0xff,
    0xff, 0xd8, 0xc0, 0xc0, 0xc0, 0xc0, 0xc0, 0xc0,
    0xc0, 0xc0, 0xc0, 0xe8, 0xff, 0xff, 0xff, 0xff,
    0x88, 0xff, 0xff, 0xff, 0xff, 0xff, 0xff, 0xff,
    0xff, 0xff, 0xff, 0xff, 0xff, 0xff, 0xff, 0xff,
    0xff, 0xff, 0xff, 0xff, 0x88, 0xff, 0xff, 0xff,
    0xff, 0xff, 0xff, 0xff, 0xff, 0xff, 0xff, 0xff,
    0xff, 0xff, 0xff, 0xff, 0xff, 0xff, 0xff, 0xd9,
    0x88, 0xff, 0xff, 0xff, 0xff, 0xff, 0xff, 0xff,
    0xff, 0xff, 0xff, 0xff, 0xff, 0xff, 0xff, 0xff,
    0xff, 0xfd, 0xd1, 0x37, 0x88, 0xff, 0xff, 0xff,
    0xff, 0x60, 0x0, 0x0, 0x0, 0x0, 0x0, 0x0,
    0x0, 0x0, 0x0, 0x0, 0x0, 0x0, 0x0, 0x0,
    0x87, 0xff, 0xff, 0xff, 0xff, 0x64, 0x0, 0x0,
    0x0, 0x0, 0x0, 0x0, 0x0, 0x0, 0x0, 0x0,
    0x0, 0x0, 0x0, 0x0, 0x7a, 0xff, 0xff, 0xff,
    0xff, 0x84, 0x0, 0x0, 0x0, 0x0, 0x0, 0x0,
    0x0, 0x0, 0x0, 0xc1, 0xee, 0xc0, 0x42, 0x0,
    0x50, 0xff, 0xff, 0xff, 0xff, 0xd9, 0x3, 0x0,
    0x0, 0x0, 0x0, 0x0, 0x0, 0x0, 0xe, 0xf5,
    0xff, 0xff, 0xf8, 0x29, 0xd, 0xf4, 0xff, 0xff,
    0xff, 0xff, 0x90, 0x1, 0x0, 0x0, 0x0, 0x0,
    0x0, 0x2, 0xa1, 0xff, 0xff, 0xff, 0xff, 0x6a,
    0x0, 0x84, 0xff, 0xff, 0xff, 0xff, 0xff, 0xc4,
    0x5d, 0x2c, 0x1f, 0x2e, 0x61, 0xc9, 0xff, 0xff,
    0xff, 0xff, 0xff, 0x52, 0x0, 0x6, 0xbb, 0xff,
    0xff, 0xff, 0xff, 0xff, 0xff, 0xff, 0xff, 0xff,
    0xff, 0xff, 0xff, 0xff, 0xff, 0xff, 0xd1, 0x5,
    0x0, 0x0, 0xc, 0xbf, 0xff, 0xff, 0xff, 0xff,
    0xff, 0xff, 0xff, 0xff, 0xff, 0xff, 0xff, 0xff,
    0xff, 0xcc, 0x1d, 0x0, 0x0, 0x0, 0x0, 0x1,
    0x68, 0xef, 0xff, 0xff, 0xff, 0xff, 0xff, 0xff,
    0xff, 0xff, 0xff, 0xee, 0x82, 0x8, 0x0, 0x0,
    0x0, 0x0, 0x0, 0x0, 0x0, 0xc, 0x61, 0xaa,
    0xda, 0xf5, 0xfb, 0xea, 0xd4, 0x9f, 0x5c, 0xd,
    0x0, 0x0, 0x0, 0x0,

    /* U+0066 "f" */
    0x0, 0x0, 0x0, 0x0, 0x0, 0x0, 0x0, 0x33,
    0x99, 0xd5, 0xf0, 0xfb, 0xe6, 0xab, 0x36, 0x0,
    0x0, 0x0, 0x0, 0x0, 0x0, 0x0, 0x3, 0x93,
    0xff, 0xff, 0xff, 0xff, 0xff, 0xff, 0xff, 0xfb,
    0x4f, 0x0, 0x0, 0x0, 0x0, 0x0, 0x0, 0x92,
    0xff, 0xff, 0xff, 0xff, 0xff, 0xff, 0xff, 0xff,
    0xff, 0xe0, 0x0, 0x0, 0x0, 0x0, 0x0, 0x34,
    0xff, 0xff, 0xff, 0xff, 0xff, 0xff, 0xff, 0xff,
    0xff, 0xff, 0xf3, 0x0, 0x0, 0x0, 0x0, 0x0,
    0x9e, 0xff, 0xff, 0xff, 0xff, 0xfe, 0xa8, 0x71,
    0x70, 0x94, 0xe4, 0xa4, 0x0, 0x0, 0x0, 0x0,
    0x0, 0xdd, 0xff, 0xff, 0xff, 0xff, 0x7a, 0x0,
    0x0, 0x0, 0x0, 0x2, 0x8, 0x0, 0x0, 0x0,
    0x0, 0x0, 0xf7, 0xff, 0xff, 0xff, 0xff, 0x21,
    0x0, 0x0, 0x0, 0x0, 0x0, 0x0, 0x0, 0x0,
    0x0, 0x0, 0x0, 0xff, 0xff, 0xff, 0xff, 0xff,
    0x8, 0x0, 0x0, 0x0, 0x0, 0x0, 0x0, 0x0,
    0x0, 0x0, 0x0, 0x0, 0xff, 0xff, 0xff, 0xff,
    0xff, 0x8, 0x0, 0x0, 0x0, 0x0, 0x0, 0x0,
    0x0, 0x0, 0x83, 0xeb, 0xff, 0xff, 0xff, 0xff,
    0xff, 0xff, 0xff, 0xff, 0xff, 0xff, 0xff, 0xc4,
    0x0, 0x0, 0x4a, 0xff, 0xff, 0xff, 0xff, 0xff,
    0xff, 0xff, 0xff, 0xff, 0xff, 0xff, 0xff, 0xff,
    0xa3, 0x0, 0x0, 0x8d, 0xff, 0xff, 0xff, 0xff,
    0xff, 0xff, 0xff, 0xff, 0xff, 0xff, 0xff, 0xff,
    0xff, 0x44, 0x0, 0x0, 0x89, 0xd8, 0xd8, 0xd8,
    0xff, 0xff, 0xff, 0xff, 0xff, 0xd9, 0xd8, 0xd2,
    0xb0, 0x45, 0x0, 0x0, 0x0, 0x0, 0x0, 0x0,
    0x0, 0xff, 0xff, 0xff, 0xff, 0xff, 0x8, 0x0,
    0x0, 0x0, 0x0, 0x0, 0x0, 0x0, 0x0, 0x0,
    0x0, 0x0, 0xff, 0xff, 0xff, 0xff, 0xff, 0x8,
    0x0, 0x0, 0x0, 0x0, 0x0, 0x0, 0x0, 0x0,
    0x0, 0x0, 0x0, 0xff, 0xff, 0xff, 0xff, 0xff,
    0x8, 0x0, 0x0, 0x0, 0x0, 0x0, 0x0, 0x0,
    0x0, 0x0, 0x0, 0x0, 0xff, 0xff, 0xff, 0xff,
    0xff, 0x8, 0x0, 0x0, 0x0, 0x0, 0x0, 0x0,
    0x0, 0x0, 0x0, 0x0, 0x0, 0xff, 0xff, 0xff,
    0xff, 0xff, 0x8, 0x0, 0x0, 0x0, 0x0, 0x0,
    0x0, 0x0, 0x0, 0x0, 0x0, 0x0, 0xff, 0xff,
    0xff, 0xff, 0xff, 0x8, 0x0, 0x0, 0x0, 0x0,
    0x0, 0x0, 0x0, 0x0, 0x0, 0x0, 0x0, 0xff,
    0xff, 0xff, 0xff, 0xff, 0x8, 0x0, 0x0, 0x0,
    0x0, 0x0, 0x0, 0x0, 0x0, 0x0, 0x0, 0x0,
    0xff, 0xff, 0xff, 0xff, 0xff, 0x8, 0x0, 0x0,
    0x0, 0x0, 0x0, 0x0, 0x0, 0x0, 0x0, 0x0,
    0x0, 0xff, 0xff, 0xff, 0xff, 0xff, 0x8, 0x0,
    0x0, 0x0, 0x0, 0x0, 0x0, 0x0, 0x0, 0x0,
    0x0, 0x0, 0xff, 0xff, 0xff, 0xff, 0xff, 0x8,
    0x0, 0x0, 0x0, 0x0, 0x0, 0x0, 0x0, 0x0,
    0x0, 0x0, 0x0, 0xff, 0xff, 0xff, 0xff, 0xff,
    0x8, 0x0, 0x0, 0x0, 0x0, 0x0, 0x0, 0x0,
    0x0, 0x0, 0x0, 0x0, 0xff, 0xff, 0xff, 0xff,
    0xff, 0x8, 0x0, 0x0, 0x0, 0x0, 0x0, 0x0,
    0x0, 0x0, 0x0, 0x0, 0x0, 0xff, 0xff, 0xff,
    0xff, 0xff, 0x8, 0x0, 0x0, 0x0, 0x0, 0x0,
    0x0, 0x0, 0x0, 0x0, 0x0, 0x0, 0xff, 0xff,
    0xff, 0xff, 0xff, 0x8, 0x0, 0x0, 0x0, 0x0,
    0x0, 0x0, 0x0, 0x0, 0x0, 0x0, 0x0, 0xff,
    0xff, 0xff, 0xff, 0xff, 0x8, 0x0, 0x0, 0x0,
    0x0, 0x0, 0x0, 0x0, 0x0, 0x0, 0x0, 0x0,
    0xff, 0xff, 0xff, 0xff, 0xff, 0x7, 0x0, 0x0,
    0x0, 0x0, 0x0, 0x0, 0x0, 0x0, 0x0, 0x0,
    0x0, 0xff, 0xff, 0xff, 0xff, 0xee, 0x0, 0x0,
    0x0, 0x0, 0x0, 0x0, 0x0, 0x0, 0x0, 0x0,
    0x0, 0x0, 0xff, 0xff, 0xff, 0xff, 0x84, 0x0,
    0x0, 0x0, 0x0, 0x0, 0x0, 0x0, 0x0, 0x0,
    0x0, 0x0, 0x0, 0xfb, 0xe8, 0xbb, 0x5e, 0x0,
    0x0, 0x0, 0x0, 0x0, 0x0, 0x0, 0x0, 0x0,

    /* U+0067 "g" */
    0x0, 0x0, 0x0, 0x0, 0x4, 0x58, 0xad, 0xe2,
    0xf9, 0xed, 0xd1, 0x95, 0x36, 0x0, 0x0, 0x0,
    0x36, 0xa7, 0xdf, 0xf7, 0x47, 0x0, 0x0, 0x0,
    0x33, 0xd6, 0xff, 0xff, 0xff, 0xff, 0xff, 0xff,
    0xff, 0xff, 0xab, 0x12, 0x2d, 0xf9, 0xff, 0xff,
    0xff, 0x48, 0x0, 0x0, 0x58, 0xfa, 0xff, 0xff,
    0xff, 0xff, 0xff, 0xff, 0xff, 0xff, 0xff, 0xff,
    0xe1, 0x75, 0xff, 0xff, 0xff, 0xff, 0x48, 0x0,
    0x39, 0xf8, 0xff, 0xff, 0xff, 0xff, 0xff, 0xff,
    0xff, 0xff, 0xff, 0xff, 0xff, 0xff, 0xd6, 0xd5,
    0xff, 0xff, 0xff, 0x48, 0x4, 0xd9, 0xff, 0xff,
    0xff, 0xff, 0xff, 0xdc, 0x8b, 0x64, 0x5d, 0x77,
    0xbd, 0xff, 0xff, 0xff, 0xff, 0xff, 0xff, 0xff,
    0x48, 0x4e, 0xff, 0xff, 0xff, 0xff, 0xff, 0x84,
    0x3, 0x0, 0x0, 0x0, 0x0, 0x0, 0x42, 0xed,
    0xff, 0xff, 0xff, 0xff, 0xff, 0x48, 0x94, 0xff,
    0xff, 0xff, 0xff, 0xba, 0x0, 0x0, 0x0, 0x0,
    0x0, 0x0, 0x0, 0x0, 0x42, 0xff, 0xff, 0xff,
    0xff, 0xff, 0x48, 0xb6, 0xff, 0xff, 0xff, 0xff,
    0x64, 0x0, 0x0, 0x0, 0x0, 0x0, 0x0, 0x0,
    0x0, 0x0, 0xdc, 0xff, 0xff, 0xff, 0xff, 0x48,
    0xbf, 0xff, 0xff, 0xff, 0xff, 0x4d, 0x0, 0x0,
    0x0, 0x0, 0x0, 0x0, 0x0, 0x0, 0x0, 0xc4,
    0xff, 0xff, 0xff, 0xff, 0x48, 0xc0, 0xff, 0xff,
    0xff, 0xff, 0x4c, 0x0, 0x0, 0x0, 0x0, 0x0,
    0x0, 0x0, 0x0, 0x0, 0xc4, 0xff, 0xff, 0xff,
    0xff, 0x48, 0xc0, 0xff, 0xff, 0xff, 0xff, 0x4c,
    0x0, 0x0, 0x0, 0x0, 0x0, 0x0, 0x0, 0x0,
    0x0, 0xc4, 0xff, 0xff, 0xff, 0xff, 0x48, 0xc0,
    0xff, 0xff, 0xff, 0xff, 0x4c, 0x0, 0x0, 0x0,
    0x0, 0x0, 0x0, 0x0, 0x0, 0x0, 0xc4, 0xff,
    0xff, 0xff, 0xff, 0x48, 0xc0, 0xff, 0xff, 0xff,
    0xff, 0x4c, 0x0, 0x0, 0x0, 0x0, 0x0, 0x0,
    0x0, 0x0, 0x0, 0xc4, 0xff, 0xff, 0xff, 0xff,
    0x48, 0xc0, 0xff, 0xff, 0xff, 0xff, 0x4c, 0x0,
    0x0, 0x0, 0x0, 0x0, 0x0, 0x0, 0x0, 0x0,
    0xc4, 0xff, 0xff, 0xff, 0xff, 0x48, 0xc0, 0xff,
    0xff, 0xff, 0xff, 0x4d, 0x0, 0x0, 0x0, 0x0,
    0x0, 0x0, 0x0, 0x0, 0x0, 0xc4, 0xff, 0xff,
    0xff, 0xff, 0x48, 0xb8, 0xff, 0xff, 0xff, 0xff,
    0x64, 0x0, 0x0, 0x0, 0x0, 0x0, 0x0, 0x0,
    0x0, 0x0, 0xdd, 0xff, 0xff, 0xff, 0xff, 0x48,
    0x9b, 0xff, 0xff, 0xff, 0xff, 0xb9, 0x0, 0x0,
    0x0, 0x0, 0x0, 0x0, 0x0, 0x0, 0x48, 0xff,
    0xff, 0xff, 0xff, 0xff, 0x48, 0x5b, 0xff, 0xff,
    0xff, 0xff, 0xff, 0x84, 0x3, 0x0, 0x0, 0x0,
    0x0, 0x0, 0x4d, 0xf1, 0xff, 0xff, 0xff, 0xff,
    0xff, 0x48, 0xb, 0xe9, 0xff, 0xff, 0xff, 0xff,
    0xff, 0xdd, 0x8f, 0x6a, 0x64, 0x80, 0xc8, 0xff,
    0xff, 0xff, 0xff, 0xff, 0xff, 0xff, 0x48, 0x0,
    0x52, 0xfe, 0xff, 0xff, 0xff, 0xff, 0xff, 0xff,
    0xff, 0xff, 0xff, 0xff, 0xff, 0xff, 0xff, 0xff,
    0xff, 0xff, 0xff, 0x48, 0x0, 0x0, 0x76, 0xff,
    0xff, 0xff, 0xff, 0xff, 0xff, 0xff, 0xff, 0xff,
    0xff, 0xff, 0xff, 0xa4, 0xfa, 0xff, 0xff, 0xff,
    0x48, 0x0, 0x0, 0x0, 0x4a, 0xe6, 0xff, 0xff,
    0xff, 0xff, 0xff, 0xff, 0xff, 0xff, 0xd5, 0x4f,
    0xc6, 0xff, 0xff, 0xff, 0xff, 0x48, 0x0, 0x0,
    0x0, 0x0, 0xb, 0x65, 0xb3, 0xe3, 0xf9, 0xf3,
    0xd7, 0x9a, 0x4a, 0x2, 0x0, 0xdc, 0xff, 0xff,
    0xff, 0xff, 0x43, 0x0, 0x0, 0x0, 0x0, 0x0,
    0x0, 0x0, 0x0, 0x0, 0x0, 0x0, 0x0, 0x0,
    0x0, 0x0, 0xe2, 0xff, 0xff, 0xff, 0xff, 0x32,
    0x0, 0x7, 0x6b, 0xb2, 0x91, 0x0, 0x0, 0x0,
    0x0, 0x0, 0x0, 0x0, 0x0, 0x0, 0x7, 0xf9,
    0xff, 0xff, 0xff, 0xfd, 0xb, 0x0, 0x9d, 0xff,
    0xff, 0xf2, 0xe, 0x0, 0x0, 0x0, 0x0, 0x0,
    0x0, 0x0, 0x0, 0x4f, 0xff, 0xff, 0xff, 0xff,
    0xc4, 0x0, 0x0, 0xed, 0xff, 0xff, 0xff, 0xac,
    0x5, 0x0, 0x0, 0x0, 0x0, 0x0, 0x0, 0x14,
    0xda, 0xff, 0xff, 0xff, 0xff, 0x60, 0x0, 0x0,
    0xdc, 0xff, 0xff, 0xff, 0xff, 0xd6, 0x6b, 0x2f,
    0x16, 0x17, 0x31, 0x71, 0xe3, 0xff, 0xff, 0xff,
    0xff, 0xd2, 0x4, 0x0, 0x0, 0x70, 0xff, 0xff,
    0xff, 0xff, 0xff, 0xff, 0xff, 0xff, 0xff, 0xff,
    0xff, 0xff, 0xff, 0xff, 0xff, 0xf2, 0x2e, 0x0,
    0x0, 0x0, 0x1, 0x96, 0xff, 0xff, 0xff, 0xff,
    0xff, 0xff, 0xff, 0xff, 0xff, 0xff, 0xff, 0xff,
    0xff, 0xeb, 0x3b, 0x0, 0x0, 0x0, 0x0, 0x0,
    0x0, 0x5b, 0xdd, 0xff, 0xff, 0xff, 0xff, 0xff,
    0xff, 0xff, 0xff, 0xff, 0xfe, 0xaa, 0x1c, 0x0,
    0x0, 0x0, 0x0, 0x0, 0x0, 0x0, 0x0, 0x3,
    0x4d, 0x90, 0xca, 0xe4, 0xf7, 0xfa, 0xe8, 0xbf,
    0x80, 0x26, 0x0, 0x0, 0x0, 0x0, 0x0, 0x0,

    /* U+0068 "h" */
    0x0, 0x0, 0x37, 0xa8, 0xe3, 0xda, 0x0, 0x0,
    0x0, 0x0, 0x0, 0x0, 0x0, 0x0, 0x0, 0x0,
    0x0, 0x0, 0x0, 0x0, 0x0, 0x0, 0x55, 0xfd,
    0xff, 0xff, 0xe0, 0x0, 0x0, 0x0, 0x0, 0x0,
    0x0, 0x0, 0x0, 0x0, 0x0, 0x0, 0x0, 0x0,
    0x0, 0x0, 0x2, 0xe6, 0xff, 0xff, 0xff, 0xe0,
    0x0, 0x0, 0x0, 0x0, 0x0, 0x0, 0x0, 0x0,
    0x0, 0x0, 0x0, 0x0, 0x0, 0x0, 0x0, 0x21,
    0xff, 0xff, 0xff, 0xff, 0xe0, 0x0, 0x0, 0x0,
    0x0, 0x0, 0x0, 0x0, 0x0, 0x0, 0x0, 0x0,
    0x0, 0x0, 0x0, 0x0, 0x2c, 0xff, 0xff, 0xff,
    0xff, 0xe0, 0x0, 0x0, 0x0, 0x0, 0x0, 0x0,
    0x0, 0x0, 0x0, 0x0, 0x0, 0x0, 0x0, 0x0,
    0x0, 0x2c, 0xff, 0xff, 0xff, 0xff, 0xe0, 0x0,
    0x0, 0x0, 0x0, 0x0, 0x0, 0x0, 0x0, 0x0,
    0x0, 0x0, 0x0, 0x0, 0x0, 0x0, 0x2c, 0xff,
    0xff, 0xff, 0xff, 0xe0, 0x0, 0x0, 0x0, 0x0,
    0x0, 0x0, 0x0, 0x0, 0x0, 0x0, 0x0, 0x0,
    0x0, 0x0, 0x0, 0x2c, 0xff, 0xff, 0xff, 0xff,
    0xe0, 0x0, 0x0, 0x0, 0x0, 0x0, 0x0, 0x0,
    0x0, 0x0, 0x0, 0x0, 0x0, 0x0, 0x0, 0x0,
    0x2c, 0xff, 0xff, 0xff, 0xff, 0xe0, 0x0, 0x0,
    0x0, 0x0, 0x0, 0x0, 0x0, 0x0, 0x0, 0x0,
    0x0, 0x0, 0x0, 0x0, 0x0, 0x2c, 0xff, 0xff,
    0xff, 0xff, 0xe0, 0x0, 0x0, 0x1, 0x4d, 0xa6,
    0xdd, 0xf7, 0xf1, 0xd4, 0xa2, 0x3e, 0x0, 0x0,
    0x0, 0x0, 0x2c, 0xff, 0xff, 0xff, 0xff, 0xe0,
    0x0, 0x24, 0xca, 0xff, 0xff, 0xff, 0xff, 0xff,
    0xff, 0xff, 0xff, 0xb3, 0x11, 0x0, 0x0, 0x2c,
    0xff, 0xff, 0xff, 0xff, 0xda, 0x4d, 0xf2, 0xff,
    0xff, 0xff, 0xff, 0xff, 0xff, 0xff, 0xff, 0xff,
    0xff, 0xd7, 0xc, 0x0, 0x2c, 0xff, 0xff, 0xff,
    0xfe, 0x84, 0xf7, 0xff, 0xff, 0xff, 0xff, 0xff,
    0xff, 0xff, 0xff, 0xff, 0xff, 0xff, 0xff, 0xa0,
    0x0, 0x2c, 0xff, 0xff, 0xff, 0xf5, 0xec, 0xff,
    0xff, 0xfc, 0xb4, 0x7a, 0x69, 0x7d, 0xc5, 0xff,
    0xff, 0xff, 0xff, 0xff, 0xfe, 0x20, 0x2c, 0xff,
    0xff, 0xff, 0xff, 0xff, 0xff, 0xcc, 0x26, 0x0,
    0x0, 0x0, 0x0, 0x0, 0x67, 0xff, 0xff, 0xff,
    0xff, 0xff, 0x7e, 0x2c, 0xff, 0xff, 0xff, 0xff,
    0xff, 0xd4, 0xe, 0x0, 0x0, 0x0, 0x0, 0x0,
    0x0, 0x0, 0xa8, 0xff, 0xff, 0xff, 0xff, 0xab,
    0x2c, 0xff, 0xff, 0xff, 0xff, 0xff, 0x46, 0x0,
    0x0, 0x0, 0x0, 0x0, 0x0, 0x0, 0x0, 0x54,
    0xff, 0xff, 0xff, 0xff, 0xc8, 0x2c, 0xff, 0xff,
    0xff, 0xff, 0xf5, 0x2, 0x0, 0x0, 0x0, 0x0,
    0x0, 0x0, 0x0, 0x0, 0x3a, 0xff, 0xff, 0xff,
    0xff, 0xd0, 0x2c, 0xff, 0xff, 0xff, 0xff, 0xe1,
    0x0, 0x0, 0x0, 0x0, 0x0, 0x0, 0x0, 0x0,
    0x0, 0x38, 0xff, 0xff, 0xff, 0xff, 0xd0, 0x2c,
    0xff, 0xff, 0xff, 0xff, 0xe0, 0x0, 0x0, 0x0,
    0x0, 0x0, 0x0, 0x0, 0x0, 0x0, 0x38, 0xff,
    0xff, 0xff, 0xff, 0xd0, 0x2c, 0xff, 0xff, 0xff,
    0xff, 0xe0, 0x0, 0x0, 0x0, 0x0, 0x0, 0x0,
    0x0, 0x0, 0x0, 0x38, 0xff, 0xff, 0xff, 0xff,
    0xd0, 0x2c, 0xff, 0xff, 0xff, 0xff, 0xe0, 0x0,
    0x0, 0x0, 0x0, 0x0, 0x0, 0x0, 0x0, 0x0,
    0x38, 0xff, 0xff, 0xff, 0xff, 0xd0, 0x2c, 0xff,
    0xff, 0xff, 0xff, 0xe0, 0x0, 0x0, 0x0, 0x0,
    0x0, 0x0, 0x0, 0x0, 0x0, 0x38, 0xff, 0xff,
    0xff, 0xff, 0xd0, 0x2c, 0xff, 0xff, 0xff, 0xff,
    0xe0, 0x0, 0x0, 0x0, 0x0, 0x0, 0x0, 0x0,
    0x0, 0x0, 0x38, 0xff, 0xff, 0xff, 0xff, 0xd0,
    0x2c, 0xff, 0xff, 0xff, 0xff, 0xe0, 0x0, 0x0,
    0x0, 0x0, 0x0, 0x0, 0x0, 0x0, 0x0, 0x38,
    0xff, 0xff, 0xff, 0xff, 0xd0, 0x2c, 0xff, 0xff,
    0xff, 0xff, 0xe0, 0x0, 0x0, 0x0, 0x0, 0x0,
    0x0, 0x0, 0x0, 0x0, 0x38, 0xff, 0xff, 0xff,
    0xff, 0xd0, 0x2c, 0xff, 0xff, 0xff, 0xff, 0xe0,
    0x0, 0x0, 0x0, 0x0, 0x0, 0x0, 0x0, 0x0,
    0x0, 0x38, 0xff, 0xff, 0xff, 0xff, 0xd0, 0x2c,
    0xff, 0xff, 0xff, 0xff, 0xe0, 0x0, 0x0, 0x0,
    0x0, 0x0, 0x0, 0x0, 0x0, 0x0, 0x38, 0xff,
    0xff, 0xff, 0xff, 0xd0, 0x2c, 0xff, 0xff, 0xff,
    0xff, 0xdf, 0x0, 0x0, 0x0, 0x0, 0x0, 0x0,
    0x0, 0x0, 0x0, 0x38, 0xff, 0xff, 0xff, 0xff,
    0xcf, 0x2c, 0xff, 0xff, 0xff, 0xff, 0xc8, 0x0,
    0x0, 0x0, 0x0, 0x0, 0x0, 0x0, 0x0, 0x0,
    0x38, 0xff, 0xff, 0xff, 0xff, 0xb8, 0x2c, 0xff,
    0xff, 0xff, 0xff, 0x5e, 0x0, 0x0, 0x0, 0x0,
    0x0, 0x0, 0x0, 0x0, 0x0, 0x38, 0xff, 0xff,
    0xff, 0xfe, 0x4f, 0x2b, 0xfa, 0xe3, 0xaf, 0x47,
    0x0, 0x0, 0x0, 0x0, 0x0, 0x0, 0x0, 0x0,
    0x0, 0x0, 0x37, 0xf8, 0xe1, 0xab, 0x3e, 0x0,

    /* U+0069 "i" */
    0x0, 0x8, 0x82, 0xdd, 0xf3, 0xc5, 0x41, 0x0,
    0x0, 0x9d, 0xff, 0xff, 0xff, 0xff, 0xfb, 0x38,
    0xb, 0xfd, 0xff, 0xff, 0xff, 0xff, 0xff, 0xa0,
    0x1b, 0xff, 0xff, 0xff, 0xff, 0xff, 0xff, 0xb2,
    0x0, 0xdb, 0xff, 0xff, 0xff, 0xff, 0xff, 0x71,
    0x0, 0x36, 0xe6, 0xff, 0xff, 0xff, 0xac, 0x3,
    0x0, 0x0, 0xe, 0x52, 0x67, 0x39, 0x0, 0x0,
    0x0, 0x0, 0x0, 0x0, 0x0, 0x0, 0x0, 0x0,
    0x0, 0x0, 0x0, 0x0, 0x0, 0x0, 0x0, 0x0,
    0x0, 0x0, 0x8, 0x75, 0xc5, 0xed, 0xcc, 0x0,
    0x0, 0x0, 0xb7, 0xff, 0xff, 0xff, 0xd0, 0x0,
    0x0, 0x21, 0xff, 0xff, 0xff, 0xff, 0xd0, 0x0,
    0x0, 0x37, 0xff, 0xff, 0xff, 0xff, 0xd0, 0x0,
    0x0, 0x38, 0xff, 0xff, 0xff, 0xff, 0xd0, 0x0,
    0x0, 0x38, 0xff, 0xff, 0xff, 0xff, 0xd0, 0x0,
    0x0, 0x38, 0xff, 0xff, 0xff, 0xff, 0xd0, 0x0,
    0x0, 0x38, 0xff, 0xff, 0xff, 0xff, 0xd0, 0x0,
    0x0, 0x38, 0xff, 0xff, 0xff, 0xff, 0xd0, 0x0,
    0x0, 0x38, 0xff, 0xff, 0xff, 0xff, 0xd0, 0x0,
    0x0, 0x38, 0xff, 0xff, 0xff, 0xff, 0xd0, 0x0,
    0x0, 0x38, 0xff, 0xff, 0xff, 0xff, 0xd0, 0x0,
    0x0, 0x38, 0xff, 0xff, 0xff, 0xff, 0xd0, 0x0,
    0x0, 0x38, 0xff, 0xff, 0xff, 0xff, 0xd0, 0x0,
    0x0, 0x38, 0xff, 0xff, 0xff, 0xff, 0xd0, 0x0,
    0x0, 0x38, 0xff, 0xff, 0xff, 0xff, 0xd0, 0x0,
    0x0, 0x38, 0xff, 0xff, 0xff, 0xff, 0xd0, 0x0,
    0x0, 0x38, 0xff, 0xff, 0xff, 0xff, 0xd0, 0x0,
    0x0, 0x38, 0xff, 0xff, 0xff, 0xff, 0xd0, 0x0,
    0x0, 0x38, 0xff, 0xff, 0xff, 0xff, 0xcf, 0x0,
    0x0, 0x38, 0xff, 0xff, 0xff, 0xff, 0xb8, 0x0,
    0x0, 0x38, 0xff, 0xff, 0xff, 0xfe, 0x4f, 0x0,
    0x0, 0x37, 0xf8, 0xe1, 0xab, 0x3e, 0x0, 0x0,

    /* U+006A "j" */
    0x0, 0x0, 0x0, 0x0, 0x0, 0x0, 0x0, 0x0,
    0x30, 0xba, 0xf0, 0xe2, 0x92, 0xe, 0x0, 0x0,
    0x0, 0x0, 0x0, 0x0, 0x0, 0x0, 0x20, 0xf0,
    0xff, 0xff, 0xff, 0xff, 0xb9, 0x1, 0x0, 0x0,
    0x0, 0x0, 0x0, 0x0, 0x0, 0x7d, 0xff, 0xff,
    0xff, 0xff, 0xff, 0xff, 0x28, 0x0, 0x0, 0x0,
    0x0, 0x0, 0x0, 0x0, 0x8f, 0xff, 0xff, 0xff,
    0xff, 0xff, 0xff, 0x3a, 0x0, 0x0, 0x0, 0x0,
    0x0, 0x0, 0x0, 0x4f, 0xff, 0xff, 0xff, 0xff,
    0xff, 0xed, 0xc, 0x0, 0x0, 0x0, 0x0, 0x0,
    0x0, 0x0, 0x0, 0x91, 0xff, 0xff, 0xff, 0xef,
    0x49, 0x0, 0x0, 0x0, 0x0, 0x0, 0x0, 0x0,
    0x0, 0x0, 0x0, 0x2e, 0x64, 0x57, 0x15, 0x0,
    0x0, 0x0, 0x0, 0x0, 0x0, 0x0, 0x0, 0x0,
    0x0, 0x0, 0x0, 0x0, 0x0, 0x0, 0x0, 0x0,
    0x0, 0x0, 0x0, 0x0, 0x0, 0x0, 0x0, 0x0,
    0x0, 0x0, 0x0, 0x0, 0x0, 0x0, 0x0, 0x0,
    0x0, 0x0, 0x0, 0x0, 0x0, 0x0, 0x0, 0x0,
    0x31, 0xa1, 0xdb, 0xf6, 0x5b, 0x0, 0x0, 0x0,
    0x0, 0x0, 0x0, 0x0, 0x0, 0x0, 0x35, 0xf9,
    0xff, 0xff, 0xff, 0x5c, 0x0, 0x0, 0x0, 0x0,
    0x0, 0x0, 0x0, 0x0, 0x0, 0x98, 0xff, 0xff,
    0xff, 0xff, 0x5c, 0x0, 0x0, 0x0, 0x0, 0x0,
    0x0, 0x0, 0x0, 0x0, 0xaf, 0xff, 0xff, 0xff,
    0xff, 0x5c, 0x0, 0x0, 0x0, 0x0, 0x0, 0x0,
    0x0, 0x0, 0x0, 0xb0, 0xff, 0xff, 0xff, 0xff,
    0x5c, 0x0, 0x0, 0x0, 0x0, 0x0, 0x0, 0x0,
    0x0, 0x0, 0xb0, 0xff, 0xff, 0xff, 0xff, 0x5c,
    0x0, 0x0, 0x0, 0x0, 0x0, 0x0, 0x0, 0x0,
    0x0, 0xb0, 0xff, 0xff, 0xff, 0xff, 0x5c, 0x0,
    0x0, 0x0, 0x0, 0x0, 0x0, 0x0, 0x0, 0x0,
    0xb0, 0xff, 0xff, 0xff, 0xff, 0x5c, 0x0, 0x0,
    0x0, 0x0, 0x0, 0x0, 0x0, 0x0, 0x0, 0xb0,
    0xff, 0xff, 0xff, 0xff, 0x5c, 0x0, 0x0, 0x0,
    0x0, 0x0, 0x0, 0x0, 0x0, 0x0, 0xb0, 0xff,
    0xff, 0xff, 0xff, 0x5c, 0x0, 0x0, 0x0, 0x0,
    0x0, 0x0, 0x0, 0x0, 0x0, 0xb0, 0xff, 0xff,
    0xff, 0xff, 0x5c, 0x0, 0x0, 0x0, 0x0, 0x0,
    0x0, 0x0, 0x0, 0x0, 0xb0, 0xff, 0xff, 0xff,
    0xff, 0x5c, 0x0, 0x0, 0x0, 0x0, 0x0, 0x0,
    0x0, 0x0, 0x0, 0xb0, 0xff, 0xff, 0xff, 0xff,
    0x5c, 0x0, 0x0, 0x0, 0x0, 0x0, 0x0, 0x0,
    0x0, 0x0, 0xb0, 0xff, 0xff, 0xff, 0xff, 0x5c,
    0x0, 0x0, 0x0, 0x0, 0x0, 0x0, 0x0, 0x0,
    0x0, 0xb0, 0xff, 0xff, 0xff, 0xff, 0x5c, 0x0,
    0x0, 0x0, 0x0, 0x0, 0x0, 0x0, 0x0, 0x0,
    0xb0, 0xff, 0xff, 0xff, 0xff, 0x5c, 0x0, 0x0,
    0x0, 0x0, 0x0, 0x0, 0x0, 0x0, 0x0, 0xb0,
    0xff, 0xff, 0xff, 0xff, 0x5c, 0x0, 0x0, 0x0,
    0x0, 0x0, 0x0, 0x0, 0x0, 0x0, 0xb0, 0xff,
    0xff, 0xff, 0xff, 0x5c, 0x0, 0x0, 0x0, 0x0,
    0x0, 0x0, 0x0, 0x0, 0x0, 0xb0, 0xff, 0xff,
    0xff, 0xff, 0x5c, 0x0, 0x0, 0x0, 0x0, 0x0,
    0x0, 0x0, 0x0, 0x0, 0xb0, 0xff, 0xff, 0xff,
    0xff, 0x5c, 0x0, 0x0, 0x0, 0x0, 0x0, 0x0,
    0x0, 0x0, 0x0, 0xb0, 0xff, 0xff, 0xff, 0xff,
    0x5c, 0x0, 0x0, 0x0, 0x0, 0x0, 0x0, 0x0,
    0x0, 0x0, 0xb0, 0xff, 0xff, 0xff, 0xff, 0x5c,
    0x0, 0x0, 0x0, 0x0, 0x0, 0x0, 0x0, 0x0,
    0x0, 0xb0, 0xff, 0xff, 0xff, 0xff, 0x5c, 0x0,
    0x0, 0x0, 0x0, 0x0, 0x0, 0x0, 0x0, 0x0,
    0xb0, 0xff, 0xff, 0xff, 0xff, 0x5c, 0x0, 0x0,
    0x0, 0x0, 0x0, 0x0, 0x0, 0x0, 0x0, 0xbc,
    0xff, 0xff, 0xff, 0xff, 0x55, 0x0, 0x0, 0x0,
    0x0, 0x0, 0x0, 0x0, 0x0, 0x2, 0xe4, 0xff,
    0xff, 0xff, 0xff, 0x39, 0x0, 0x16, 0x88, 0xa,
    0x0, 0x0, 0x0, 0x0, 0x6a, 0xff, 0xff, 0xff,
    0xff, 0xfb, 0x13, 0x0, 0x8a, 0xff, 0xe7, 0x91,
    0x69, 0x73, 0xae, 0xff, 0xff, 0xff, 0xff, 0xff,
    0xb1, 0x0, 0x0, 0x9e, 0xff, 0xff, 0xff, 0xff,
    0xff, 0xff, 0xff, 0xff, 0xff, 0xff, 0xfc, 0x39,
    0x0, 0x0, 0x59, 0xff, 0xff, 0xff, 0xff, 0xff,
    0xff, 0xff, 0xff, 0xff, 0xff, 0x7a, 0x0, 0x0,
    0x0, 0x0, 0x9d, 0xff, 0xff, 0xff, 0xff, 0xff,
    0xff, 0xff, 0xf7, 0x65, 0x0, 0x0, 0x0, 0x0,
    0x0, 0x0, 0x4f, 0xb4, 0xea, 0xfb, 0xe6, 0xc7,
    0x7a, 0x19, 0x0, 0x0, 0x0, 0x0, 0x0,

    /* U+006B "k" */
    0x0, 0x0, 0x43, 0xaf, 0xe5, 0xda, 0x0, 0x0,
    0x0, 0x0, 0x0, 0x0, 0x0, 0x0, 0x0, 0x0,
    0x0, 0x0, 0x0, 0x0, 0x0, 0x0, 0x63, 0xff,
    0xff, 0xff, 0xe0, 0x0, 0x0, 0x0, 0x0, 0x0,
    0x0, 0x0, 0x0, 0x0, 0x0, 0x0, 0x0, 0x0,
    0x0, 0x0, 0x3, 0xec, 0xff, 0xff, 0xff, 0xe0,
    0x0, 0x0, 0x0, 0x0, 0x0, 0x0, 0x0, 0x0,
    0x0, 0x0, 0x0, 0x0, 0x0, 0x0, 0x0, 0x22,
    0xff, 0xff, 0xff, 0xff, 0xe0, 0x0, 0x0, 0x0,
    0x0, 0x0, 0x0, 0x0, 0x0, 0x0, 0x0, 0x0,
    0x0, 0x0, 0x0, 0x0, 0x2c, 0xff, 0xff, 0xff,
    0xff, 0xe0, 0x0, 0x0, 0x0, 0x0, 0x0, 0x0,
    0x0, 0x0, 0x0, 0x0, 0x0, 0x0, 0x0, 0x0,
    0x0, 0x2c, 0xff, 0xff, 0xff, 0xff, 0xe0, 0x0,
    0x0, 0x0, 0x0, 0x0, 0x0, 0x0, 0x0, 0x0,
    0x0, 0x0, 0x0, 0x0, 0x0, 0x0, 0x2c, 0xff,
    0xff, 0xff, 0xff, 0xe0, 0x0, 0x0, 0x0, 0x0,
    0x0, 0x0, 0x0, 0x0, 0x0, 0x0, 0x0, 0x0,
    0x0, 0x0, 0x0, 0x2c, 0xff, 0xff, 0xff, 0xff,
    0xe0, 0x0, 0x0, 0x0, 0x0, 0x0, 0x0, 0x0,
    0x0, 0x0, 0x0, 0x0, 0x0, 0x0, 0x0, 0x0,
    0x2c, 0xff, 0xff, 0xff, 0xff, 0xe0, 0x0, 0x0,
    0x0, 0x0, 0x0, 0x0, 0x0, 0x0, 0x0, 0x0,
    0x2, 0x0, 0x0, 0x0, 0x0, 0x2c, 0xff, 0xff,
    0xff, 0xff, 0xe0, 0x0, 0x0, 0x0, 0x0, 0x0,
    0x0, 0x0, 0x0, 0x0, 0x52, 0xd6, 0x22, 0x0,
    0x0, 0x0, 0x2c, 0xff, 0xff, 0xff, 0xff, 0xe0,
    0x0, 0x0, 0x0, 0x0, 0x0, 0x0, 0x0, 0x0,
    0x67, 0xfd, 0xff, 0xd8, 0x8, 0x0, 0x0, 0x2c,
    0xff, 0xff, 0xff, 0xff, 0xe0, 0x0, 0x0, 0x0,
    0x0, 0x0, 0x0, 0x0, 0x7d, 0xff, 0xff, 0xff,
    0xff, 0x3f, 0x0, 0x0, 0x2c, 0xff, 0xff, 0xff,
    0xff, 0xe0, 0x0, 0x0, 0x0, 0x0, 0x0, 0x2,
    0x93, 0xff, 0xff, 0xff, 0xff, 0xeb, 0x11, 0x0,
    0x0, 0x2c, 0xff, 0xff, 0xff, 0xff, 0xe0, 0x0,
    0x0, 0x0, 0x0, 0x6, 0xa8, 0xff, 0xff, 0xff,
    0xff, 0xf2, 0x39, 0x0, 0x0, 0x0, 0x2c, 0xff,
    0xff, 0xff, 0xff, 0xe0, 0x0, 0x0, 0x0, 0xc,
    0xbb, 0xff, 0xff, 0xff, 0xff, 0xe8, 0x32, 0x0,
    0x0, 0x0, 0x0, 0x2c, 0xff, 0xff, 0xff, 0xff,
    0xe0, 0x0, 0x0, 0x15, 0xcc, 0xff, 0xff, 0xff,
    0xff, 0xdd, 0x23, 0x0, 0x0, 0x0, 0x0, 0x0,
    0x2c, 0xff, 0xff, 0xff, 0xff, 0xe0, 0x0, 0x20,
    0xda, 0xff, 0xff, 0xff, 0xff, 0xce, 0x17, 0x0,
    0x0, 0x0, 0x0, 0x0, 0x0, 0x2c, 0xff, 0xff,
    0xff, 0xff, 0xe0, 0x2d, 0xe6, 0xff, 0xff, 0xff,
    0xff, 0xbd, 0xe, 0x0, 0x0, 0x0, 0x0, 0x0,
    0x0, 0x0, 0x2c, 0xff, 0xff, 0xff, 0xff, 0xf3,
    0xef, 0xff, 0xff, 0xff, 0xff, 0xff, 0x2e, 0x0,
    0x0, 0x0, 0x0, 0x0, 0x0, 0x0, 0x0, 0x2c,
    0xff, 0xff, 0xff, 0xff, 0xff, 0xff, 0xff, 0xff,
    0xff, 0xff, 0xff, 0xcc, 0x5, 0x0, 0x0, 0x0,
    0x0, 0x0, 0x0, 0x0, 0x2c, 0xff, 0xff, 0xff,
    0xff, 0xff, 0xff, 0xff, 0xff, 0xff, 0xff, 0xff,
    0xff, 0x85, 0x0, 0x0, 0x0, 0x0, 0x0, 0x0,
    0x0, 0x2c, 0xff, 0xff, 0xff, 0xff, 0xff, 0xff,
    0xff, 0x78, 0xb3, 0xff, 0xff, 0xff, 0xfd, 0x3c,
    0x0, 0x0, 0x0, 0x0, 0x0, 0x0, 0x2c, 0xff,
    0xff, 0xff, 0xff, 0xff, 0xfb, 0x61, 0x0, 0x19,
    0xee, 0xff, 0xff, 0xff, 0xdf, 0xe, 0x0, 0x0,
    0x0, 0x0, 0x0, 0x2c, 0xff, 0xff, 0xff, 0xff,
    0xf7, 0x4c, 0x0, 0x0, 0x0, 0x5c, 0xff, 0xff,
    0xff, 0xff, 0xa1, 0x0, 0x0, 0x0, 0x0, 0x0,
    0x2c, 0xff, 0xff, 0xff, 0xff, 0xd4, 0x0, 0x0,
    0x0, 0x0, 0x0, 0xb0, 0xff, 0xff, 0xff, 0xff,
    0x55, 0x0, 0x0, 0x0, 0x0, 0x2c, 0xff, 0xff,
    0xff, 0xff, 0xd4, 0x0, 0x0, 0x0, 0x0, 0x0,
    0x17, 0xec, 0xff, 0xff, 0xff, 0xed, 0x1b, 0x0,
    0x0, 0x0, 0x2c, 0xff, 0xff, 0xff, 0xff, 0xd4,
    0x0, 0x0, 0x0, 0x0, 0x0, 0x0, 0x59, 0xff,
    0xff, 0xff, 0xff, 0xbb, 0x1, 0x0, 0x0, 0x2c,
    0xff, 0xff, 0xff, 0xff, 0xd4, 0x0, 0x0, 0x0,
    0x0, 0x0, 0x0, 0x0, 0xac, 0xff, 0xff, 0xff,
    0xff, 0x71, 0x0, 0x0, 0x2c, 0xff, 0xff, 0xff,
    0xff, 0xd3, 0x0, 0x0, 0x0, 0x0, 0x0, 0x0,
    0x0, 0x16, 0xeb, 0xff, 0xff, 0xff, 0xf8, 0x2c,
    0x0, 0x2c, 0xff, 0xff, 0xff, 0xff, 0xbc, 0x0,
    0x0, 0x0, 0x0, 0x0, 0x0, 0x0, 0x0, 0x55,
    0xff, 0xff, 0xff, 0xff, 0xd1, 0x7, 0x2c, 0xff,
    0xff, 0xff, 0xfe, 0x55, 0x0, 0x0, 0x0, 0x0,
    0x0, 0x0, 0x0, 0x0, 0x0, 0xa5, 0xff, 0xff,
    0xff, 0xff, 0x68, 0x2b, 0xfa, 0xe3, 0xaf, 0x45,
    0x0, 0x0, 0x0, 0x0, 0x0, 0x0, 0x0, 0x0,
    0x0, 0x0, 0xa, 0x9f, 0xf3, 0xef, 0x98, 0x9,

    /* U+006C "l" */
    0x0, 0xc, 0x7c, 0xc9, 0xef, 0xb9, 0x0, 0x0,
    0x0, 0x0, 0x0, 0x0, 0x0, 0x2, 0xc8, 0xff,
    0xff, 0xff, 0xbc, 0x0, 0x0, 0x0, 0x0, 0x0,
    0x0, 0x0, 0x35, 0xff, 0xff, 0xff, 0xff, 0xbc,
    0x0, 0x0, 0x0, 0x0, 0x0, 0x0, 0x0, 0x4b,
    0xff, 0xff, 0xff, 0xff, 0xbc, 0x0, 0x0, 0x0,
    0x0, 0x0, 0x0, 0x0, 0x4c, 0xff, 0xff, 0xff,
    0xff, 0xbc, 0x0, 0x0, 0x0, 0x0, 0x0, 0x0,
    0x0, 0x4c, 0xff, 0xff, 0xff, 0xff, 0xbc, 0x0,
    0x0, 0x0, 0x0, 0x0, 0x0, 0x0, 0x4c, 0xff,
    0xff, 0xff, 0xff, 0xbc, 0x0, 0x0, 0x0, 0x0,
    0x0, 0x0, 0x0, 0x4c, 0xff, 0xff, 0xff, 0xff,
    0xbc, 0x0, 0x0, 0x0, 0x0, 0x0, 0x0, 0x0,
    0x4c, 0xff, 0xff, 0xff, 0xff, 0xbc, 0x0, 0x0,
    0x0, 0x0, 0x0, 0x0, 0x0, 0x4c, 0xff, 0xff,
    0xff, 0xff, 0xbc, 0x0, 0x0, 0x0, 0x0, 0x0,
    0x0, 0x0, 0x4c, 0xff, 0xff, 0xff, 0xff, 0xbc,
    0x0, 0x0, 0x0, 0x0, 0x0, 0x0, 0x0, 0x4c,
    0xff, 0xff, 0xff, 0xff, 0xbc, 0x0, 0x0, 0x0,
    0x0, 0x0, 0x0, 0x0, 0x4c, 0xff, 0xff, 0xff,
    0xff, 0xbc, 0x0, 0x0, 0x0, 0x0, 0x0, 0x0,
    0x0, 0x4c, 0xff, 0xff, 0xff, 0xff, 0xbc, 0x0,
    0x0, 0x0, 0x0, 0x0, 0x0, 0x0, 0x4c, 0xff,
    0xff, 0xff, 0xff, 0xbc, 0x0, 0x0, 0x0, 0x0,
    0x0, 0x0, 0x0, 0x4c, 0xff, 0xff, 0xff, 0xff,
    0xbc, 0x0, 0x0, 0x0, 0x0, 0x0, 0x0, 0x0,
    0x4c, 0xff, 0xff, 0xff, 0xff, 0xbc, 0x0, 0x0,
    0x0, 0x0, 0x0, 0x0, 0x0, 0x4c, 0xff, 0xff,
    0xff, 0xff, 0xbc, 0x0, 0x0, 0x0, 0x0, 0x0,
    0x0, 0x0, 0x4c, 0xff, 0xff, 0xff, 0xff, 0xbc,
    0x0, 0x0, 0x0, 0x0, 0x0, 0x0, 0x0, 0x4c,
    0xff, 0xff, 0xff, 0xff, 0xbc, 0x0, 0x0, 0x0,
    0x0, 0x0, 0x0, 0x0, 0x4c, 0xff, 0xff, 0xff,
    0xff, 0xbc, 0x0, 0x0, 0x0, 0x0, 0x0, 0x0,
    0x0, 0x4c, 0xff, 0xff, 0xff, 0xff, 0xbc, 0x0,
    0x0, 0x0, 0x0, 0x0, 0x0, 0x0, 0x4c, 0xff,
    0xff, 0xff, 0xff, 0xbc, 0x0, 0x0, 0x0, 0x0,
    0x0, 0x0, 0x0, 0x4c, 0xff, 0xff, 0xff, 0xff,
    0xbc, 0x0, 0x0, 0x0, 0x0, 0x0, 0x0, 0x0,
    0x4b, 0xff, 0xff, 0xff, 0xff, 0xbe, 0x0, 0x0,
    0x0, 0x0, 0x0, 0x0, 0x0, 0x40, 0xff, 0xff,
    0xff, 0xff, 0xd9, 0x0, 0x0, 0x0, 0x0, 0x0,
    0x0, 0x0, 0x23, 0xff, 0xff, 0xff, 0xff, 0xfe,
    0x39, 0x0, 0x0, 0x0, 0x0, 0x1a, 0x1, 0x0,
    0xe3, 0xff, 0xff, 0xff, 0xff, 0xf6, 0x99, 0x75,
    0x85, 0xb3, 0xfc, 0x65, 0x0, 0x7b, 0xff, 0xff,
    0xff, 0xff, 0xff, 0xff, 0xff, 0xff, 0xff, 0xff,
    0xb2, 0x0, 0x9, 0xd4, 0xff, 0xff, 0xff, 0xff,
    0xff, 0xff, 0xff, 0xff, 0xff, 0x9c, 0x0, 0x0,
    0x1b, 0xce, 0xff, 0xff, 0xff, 0xff, 0xff, 0xff,
    0xff, 0xe1, 0x1c, 0x0, 0x0, 0x0, 0x3, 0x5e,
    0xb1, 0xe4, 0xf8, 0xee, 0xce, 0x7c, 0xf, 0x0,

    /* U+006D "m" */
    0x0, 0x0, 0x4d, 0xb8, 0xeb, 0x99, 0x0, 0x0,
    0x47, 0xb0, 0xe8, 0xf9, 0xde, 0xa9, 0x34, 0x0,
    0x0, 0x0, 0x0, 0x0, 0x46, 0xa7, 0xe0, 0xf9,
    0xf1, 0xcc, 0x7b, 0xc, 0x0, 0x0, 0x0, 0x0,
    0x6a, 0xff, 0xff, 0xff, 0x9c, 0x7, 0xa3, 0xff,
    0xff, 0xff, 0xff, 0xff, 0xff, 0xfe, 0x67, 0x0,
    0x0, 0xc, 0xa9, 0xff, 0xff, 0xff, 0xff, 0xff,
    0xff, 0xff, 0xe2, 0x29, 0x0, 0x0, 0x3, 0xed,
    0xff, 0xff, 0xff, 0x9b, 0xb7, 0xff, 0xff, 0xff,
    0xff, 0xff, 0xff, 0xff, 0xff, 0xfe, 0x42, 0xb,
    0xcf, 0xff, 0xff, 0xff, 0xff, 0xff, 0xff, 0xff,
    0xff, 0xff, 0xe5, 0x11, 0x0, 0x22, 0xff, 0xff,
    0xff, 0xea, 0xaf, 0xff, 0xff, 0xff, 0xff, 0xff,
    0xff, 0xff, 0xff, 0xff, 0xff, 0xce, 0xa8, 0xff,
    0xff, 0xff, 0xff, 0xff, 0xff, 0xff, 0xff, 0xff,
    0xff, 0xff, 0x95, 0x0, 0x2c, 0xff, 0xff, 0xff,
    0xe8, 0xff, 0xff, 0xf5, 0x92, 0x58, 0x61, 0xa4,
    0xff, 0xff, 0xff, 0xff, 0xff, 0xff, 0xff, 0xff,
    0xb2, 0x63, 0x52, 0x7f, 0xee, 0xff, 0xff, 0xff,
    0xff, 0xf5, 0xd, 0x2c, 0xff, 0xff, 0xff, 0xff,
    0xff, 0xeb, 0x2a, 0x0, 0x0, 0x0, 0x0, 0x7a,
    0xff, 0xff, 0xff, 0xff, 0xff, 0xff, 0x5f, 0x0,
    0x0, 0x0, 0x0, 0x31, 0xfd, 0xff, 0xff, 0xff,
    0xff, 0x47, 0x2c, 0xff, 0xff, 0xff, 0xff, 0xff,
    0x5c, 0x0, 0x0, 0x0, 0x0, 0x0, 0xa, 0xf5,
    0xff, 0xff, 0xff, 0xff, 0xa7, 0x0, 0x0, 0x0,
    0x0, 0x0, 0x0, 0xb2, 0xff, 0xff, 0xff, 0xff,
    0x71, 0x2c, 0xff, 0xff, 0xff, 0xff, 0xf5, 0x5,
    0x0, 0x0, 0x0, 0x0, 0x0, 0x0, 0xd5, 0xff,
    0xff, 0xff, 0xff, 0x51, 0x0, 0x0, 0x0, 0x0,
    0x0, 0x0, 0x83, 0xff, 0xff, 0xff, 0xff, 0x83,
    0x2c, 0xff, 0xff, 0xff, 0xff, 0xd2, 0x0, 0x0,
    0x0, 0x0, 0x0, 0x0, 0x0, 0xc0, 0xff, 0xff,
    0xff, 0xff, 0x2f, 0x0, 0x0, 0x0, 0x0, 0x0,
    0x0, 0x6c, 0xff, 0xff, 0xff, 0xff, 0x88, 0x2c,
    0xff, 0xff, 0xff, 0xff, 0xc8, 0x0, 0x0, 0x0,
    0x0, 0x0, 0x0, 0x0, 0xc0, 0xff, 0xff, 0xff,
    0xff, 0x28, 0x0, 0x0, 0x0, 0x0, 0x0, 0x0,
    0x6c, 0xff, 0xff, 0xff, 0xff, 0x88, 0x2c, 0xff,
    0xff, 0xff, 0xff, 0xc8, 0x0, 0x0, 0x0, 0x0,
    0x0, 0x0, 0x0, 0xc0, 0xff, 0xff, 0xff, 0xff,
    0x28, 0x0, 0x0, 0x0, 0x0, 0x0, 0x0, 0x6c,
    0xff, 0xff, 0xff, 0xff, 0x88, 0x2c, 0xff, 0xff,
    0xff, 0xff, 0xc8, 0x0, 0x0, 0x0, 0x0, 0x0,
    0x0, 0x0, 0xc0, 0xff, 0xff, 0xff, 0xff, 0x28,
    0x0, 0x0, 0x0, 0x0, 0x0, 0x0, 0x6c, 0xff,
    0xff, 0xff, 0xff, 0x88, 0x2c, 0xff, 0xff, 0xff,
    0xff, 0xc8, 0x0, 0x0, 0x0, 0x0, 0x0, 0x0,
    0x0, 0xc0, 0xff, 0xff, 0xff, 0xff, 0x28, 0x0,
    0x0, 0x0, 0x0, 0x0, 0x0, 0x6c, 0xff, 0xff,
    0xff, 0xff, 0x88, 0x2c, 0xff, 0xff, 0xff, 0xff,
    0xc8, 0x0, 0x0, 0x0, 0x0, 0x0, 0x0, 0x0,
    0xc0, 0xff, 0xff, 0xff, 0xff, 0x28, 0x0, 0x0,
    0x0, 0x0, 0x0, 0x0, 0x6c, 0xff, 0xff, 0xff,
    0xff, 0x88, 0x2c, 0xff, 0xff, 0xff, 0xff, 0xc8,
    0x0, 0x0, 0x0, 0x0, 0x0, 0x0, 0x0, 0xc0,
    0xff, 0xff, 0xff, 0xff, 0x28, 0x0, 0x0, 0x0,
    0x0, 0x0, 0x0, 0x6c, 0xff, 0xff, 0xff, 0xff,
    0x88, 0x2c, 0xff, 0xff, 0xff, 0xff, 0xc8, 0x0,
    0x0, 0x0, 0x0, 0x0, 0x0, 0x0, 0xc0, 0xff,
    0xff, 0xff, 0xff, 0x28, 0x0, 0x0, 0x0, 0x0,
    0x0, 0x0, 0x6c, 0xff, 0xff, 0xff, 0xff, 0x88,
    0x2c, 0xff, 0xff, 0xff, 0xff, 0xc8, 0x0, 0x0,
    0x0, 0x0, 0x0, 0x0, 0x0, 0xc0, 0xff, 0xff,
    0xff, 0xff, 0x28, 0x0, 0x0, 0x0, 0x0, 0x0,
    0x0, 0x6c, 0xff, 0xff, 0xff, 0xff, 0x88, 0x2c,
    0xff, 0xff, 0xff, 0xff, 0xc8, 0x0, 0x0, 0x0,
    0x0, 0x0, 0x0, 0x0, 0xc0, 0xff, 0xff, 0xff,
    0xff, 0x28, 0x0, 0x0, 0x0, 0x0, 0x0, 0x0,
    0x6c, 0xff, 0xff, 0xff, 0xff, 0x88, 0x2c, 0xff,
    0xff, 0xff, 0xff, 0xc8, 0x0, 0x0, 0x0, 0x0,
    0x0, 0x0, 0x0, 0xc0, 0xff, 0xff, 0xff, 0xff,
    0x28, 0x0, 0x0, 0x0, 0x0, 0x0, 0x0, 0x6c,
    0xff, 0xff, 0xff, 0xff, 0x88, 0x2c, 0xff, 0xff,
    0xff, 0xff, 0xc7, 0x0, 0x0, 0x0, 0x0, 0x0,
    0x0, 0x0, 0xc0, 0xff, 0xff, 0xff, 0xff, 0x27,
    0x0, 0x0, 0x0, 0x0, 0x0, 0x0, 0x6c, 0xff,
    0xff, 0xff, 0xff, 0x87, 0x2c, 0xff, 0xff, 0xff,
    0xff, 0xb1, 0x0, 0x0, 0x0, 0x0, 0x0, 0x0,
    0x0, 0xc0, 0xff, 0xff, 0xff, 0xfe, 0x12, 0x0,
    0x0, 0x0, 0x0, 0x0, 0x0, 0x6c, 0xff, 0xff,
    0xff, 0xff, 0x71, 0x2c, 0xff, 0xff, 0xff, 0xfe,
    0x4c, 0x0, 0x0, 0x0, 0x0, 0x0, 0x0, 0x0,
    0xc0, 0xff, 0xff, 0xff, 0xaa, 0x0, 0x0, 0x0,
    0x0, 0x0, 0x0, 0x0, 0x6c, 0xff, 0xff, 0xff,
    0xee, 0x1b, 0x2b, 0xfa, 0xe2, 0xae, 0x41, 0x0,
    0x0, 0x0, 0x0, 0x0, 0x0, 0x0, 0x0, 0xbd,
    0xee, 0xc7, 0x74, 0x6, 0x0, 0x0, 0x0, 0x0,
    0x0, 0x0, 0x0, 0x6b, 0xf6, 0xd9, 0x99, 0x23,
    0x0,

    /* U+006E "n" */
    0x0, 0x0, 0x4b, 0xb6, 0xea, 0xa4, 0x0, 0x0,
    0x4, 0x57, 0xaa, 0xdf, 0xf7, 0xf1, 0xd4, 0xa2,
    0x3e, 0x0, 0x0, 0x0, 0x0, 0x0, 0x69, 0xff,
    0xff, 0xff, 0xa8, 0x0, 0x3b, 0xdc, 0xff, 0xff,
    0xff, 0xff, 0xff, 0xff, 0xff, 0xff, 0xb3, 0x11,
    0x0, 0x0, 0x3, 0xed, 0xff, 0xff, 0xff, 0xa2,
    0x78, 0xfc, 0xff, 0xff, 0xff, 0xff, 0xff, 0xff,
    0xff, 0xff, 0xff, 0xff, 0xd7, 0xc, 0x0, 0x22,
    0xff, 0xff, 0xff, 0xf4, 0x8a, 0xff, 0xff, 0xff,
    0xff, 0xff, 0xff, 0xff, 0xff, 0xff, 0xff, 0xff,
    0xff, 0xff, 0xa0, 0x0, 0x2c, 0xff, 0xff, 0xff,
    0xe7, 0xfa, 0xff, 0xff, 0xfc, 0xb4, 0x7a, 0x69,
    0x7d, 0xc5, 0xff, 0xff, 0xff, 0xff, 0xff, 0xfe,
    0x20, 0x2c, 0xff, 0xff, 0xff, 0xff, 0xff, 0xff,
    0xcc, 0x26, 0x0, 0x0, 0x0, 0x0, 0x0, 0x67,
    0xff, 0xff, 0xff, 0xff, 0xff, 0x7e, 0x2c, 0xff,
    0xff, 0xff, 0xff, 0xff, 0xd4, 0xe, 0x0, 0x0,
    0x0, 0x0, 0x0, 0x0, 0x0, 0xa8, 0xff, 0xff,
    0xff, 0xff, 0xab, 0x2c, 0xff, 0xff, 0xff, 0xff,
    0xff, 0x46, 0x0, 0x0, 0x0, 0x0, 0x0, 0x0,
    0x0, 0x0, 0x54, 0xff, 0xff, 0xff, 0xff, 0xc8,
    0x2c, 0xff, 0xff, 0xff, 0xff, 0xf5, 0x2, 0x0,
    0x0, 0x0, 0x0, 0x0, 0x0, 0x0, 0x0, 0x3a,
    0xff, 0xff, 0xff, 0xff, 0xd0, 0x2c, 0xff, 0xff,
    0xff, 0xff, 0xe1, 0x0, 0x0, 0x0, 0x0, 0x0,
    0x0, 0x0, 0x0, 0x0, 0x38, 0xff, 0xff, 0xff,
    0xff, 0xd0, 0x2c, 0xff, 0xff, 0xff, 0xff, 0xe0,
    0x0, 0x0, 0x0, 0x0, 0x0, 0x0, 0x0, 0x0,
    0x0, 0x38, 0xff, 0xff, 0xff, 0xff, 0xd0, 0x2c,
    0xff, 0xff, 0xff, 0xff, 0xe0, 0x0, 0x0, 0x0,
    0x0, 0x0, 0x0, 0x0, 0x0, 0x0, 0x38, 0xff,
    0xff, 0xff, 0xff, 0xd0, 0x2c, 0xff, 0xff, 0xff,
    0xff, 0xe0, 0x0, 0x0, 0x0, 0x0, 0x0, 0x0,
    0x0, 0x0, 0x0, 0x38, 0xff, 0xff, 0xff, 0xff,
    0xd0, 0x2c, 0xff, 0xff, 0xff, 0xff, 0xe0, 0x0,
    0x0, 0x0, 0x0, 0x0, 0x0, 0x0, 0x0, 0x0,
    0x38, 0xff, 0xff, 0xff, 0xff, 0xd0, 0x2c, 0xff,
    0xff, 0xff, 0xff, 0xe0, 0x0, 0x0, 0x0, 0x0,
    0x0, 0x0, 0x0, 0x0, 0x0, 0x38, 0xff, 0xff,
    0xff, 0xff, 0xd0, 0x2c, 0xff, 0xff, 0xff, 0xff,
    0xe0, 0x0, 0x0, 0x0, 0x0, 0x0, 0x0, 0x0,
    0x0, 0x0, 0x38, 0xff, 0xff, 0xff, 0xff, 0xd0,
    0x2c, 0xff, 0xff, 0xff, 0xff, 0xe0, 0x0, 0x0,
    0x0, 0x0, 0x0, 0x0, 0x0, 0x0, 0x0, 0x38,
    0xff, 0xff, 0xff, 0xff, 0xd0, 0x2c, 0xff, 0xff,
    0xff, 0xff, 0xe0, 0x0, 0x0, 0x0, 0x0, 0x0,
    0x0, 0x0, 0x0, 0x0, 0x38, 0xff, 0xff, 0xff,
    0xff, 0xd0, 0x2c, 0xff, 0xff, 0xff, 0xff, 0xe0,
    0x0, 0x0, 0x0, 0x0, 0x0, 0x0, 0x0, 0x0,
    0x0, 0x38, 0xff, 0xff, 0xff, 0xff, 0xd0, 0x2c,
    0xff, 0xff, 0xff, 0xff, 0xdf, 0x0, 0x0, 0x0,
    0x0, 0x0, 0x0, 0x0, 0x0, 0x0, 0x38, 0xff,
    0xff, 0xff, 0xff, 0xcf, 0x2c, 0xff, 0xff, 0xff,
    0xff, 0xc9, 0x0, 0x0, 0x0, 0x0, 0x0, 0x0,
    0x0, 0x0, 0x0, 0x38, 0xff, 0xff, 0xff, 0xff,
    0xb8, 0x2c, 0xff, 0xff, 0xff, 0xff, 0x61, 0x0,
    0x0, 0x0, 0x0, 0x0, 0x0, 0x0, 0x0, 0x0,
    0x38, 0xff, 0xff, 0xff, 0xfe, 0x4f, 0x2b, 0xfa,
    0xe4, 0xb2, 0x4b, 0x0, 0x0, 0x0, 0x0, 0x0,
    0x0, 0x0, 0x0, 0x0, 0x0, 0x37, 0xf8, 0xe1,
    0xab, 0x3e, 0x0,

    /* U+006F "o" */
    0x0, 0x0, 0x0, 0x0, 0x0, 0x0, 0x34, 0x88,
    0xc4, 0xe9, 0xf9, 0xf8, 0xe7, 0xc1, 0x83, 0x2d,
    0x0, 0x0, 0x0, 0x0, 0x0, 0x0, 0x0, 0x0,
    0x0, 0x0, 0x26, 0xbe, 0xff, 0xff, 0xff, 0xff,
    0xff, 0xff, 0xff, 0xff, 0xff, 0xff, 0xb9, 0x2a,
    0x0, 0x0, 0x0, 0x0, 0x0, 0x0, 0x0, 0x64,
    0xf7, 0xff, 0xff, 0xff, 0xff, 0xff, 0xff, 0xff,
    0xff, 0xff, 0xff, 0xff, 0xff, 0xf7, 0x5c, 0x0,
    0x0, 0x0, 0x0, 0x0, 0x57, 0xfd, 0xff, 0xff,
    0xff, 0xff, 0xff, 0xff, 0xff, 0xff, 0xff, 0xff,
    0xff, 0xff, 0xff, 0xff, 0xfe, 0x55, 0x0, 0x0,
    0x0, 0x25, 0xf9, 0xff, 0xff, 0xff, 0xff, 0xff,
    0xc8, 0x7e, 0x60, 0x61, 0x81, 0xce, 0xff, 0xff,
    0xff, 0xff, 0xff, 0xf2, 0x18, 0x0, 0x0, 0xa0,
    0xff, 0xff, 0xff, 0xff, 0xf6, 0x52, 0x0, 0x0,
    0x0, 0x0, 0x0, 0x0, 0x5f, 0xfb, 0xff, 0xff,
    0xff, 0xff, 0x8e, 0x0, 0x2, 0xf2, 0xff, 0xff,
    0xff, 0xff, 0x63, 0x0, 0x0, 0x0, 0x0, 0x0,
    0x0, 0x0, 0x0, 0x74, 0xff, 0xff, 0xff, 0xff,
    0xe3, 0x0, 0x23, 0xff, 0xff, 0xff, 0xff, 0xf1,
    0x5, 0x0, 0x0, 0x0, 0x0, 0x0, 0x0, 0x0,
    0x0, 0xd, 0xfa, 0xff, 0xff, 0xff, 0xff, 0x12,
    0x32, 0xff, 0xff, 0xff, 0xff, 0xd0, 0x0, 0x0,
    0x0, 0x0, 0x0, 0x0, 0x0, 0x0, 0x0, 0x0,
    0xe1, 0xff, 0xff, 0xff, 0xff, 0x22, 0x34, 0xff,
    0xff, 0xff, 0xff, 0xcc, 0x0, 0x0, 0x0, 0x0,
    0x0, 0x0, 0x0, 0x0, 0x0, 0x0, 0xdc, 0xff,
    0xff, 0xff, 0xff, 0x24, 0x34, 0xff, 0xff, 0xff,
    0xff, 0xcc, 0x0, 0x0, 0x0, 0x0, 0x0, 0x0,
    0x0, 0x0, 0x0, 0x0, 0xdc, 0xff, 0xff, 0xff,
    0xff, 0x24, 0x34, 0xff, 0xff, 0xff, 0xff, 0xcc,
    0x0, 0x0, 0x0, 0x0, 0x0, 0x0, 0x0, 0x0,
    0x0, 0x0, 0xdc, 0xff, 0xff, 0xff, 0xff, 0x24,
    0x34, 0xff, 0xff, 0xff, 0xff, 0xcc, 0x0, 0x0,
    0x0, 0x0, 0x0, 0x0, 0x0, 0x0, 0x0, 0x0,
    0xdc, 0xff, 0xff, 0xff, 0xff, 0x24, 0x34, 0xff,
    0xff, 0xff, 0xff, 0xcc, 0x0, 0x0, 0x0, 0x0,
    0x0, 0x0, 0x0, 0x0, 0x0, 0x0, 0xdc, 0xff,
    0xff, 0xff, 0xff, 0x24, 0x34, 0xff, 0xff, 0xff,
    0xff, 0xcd, 0x0, 0x0, 0x0, 0x0, 0x0, 0x0,
    0x0, 0x0, 0x0, 0x0, 0xde, 0xff, 0xff, 0xff,
    0xff, 0x23, 0x2a, 0xff, 0xff, 0xff, 0xff, 0xe8,
    0x1, 0x0, 0x0, 0x0, 0x0, 0x0, 0x0, 0x0,
    0x0, 0x5, 0xf5, 0xff, 0xff, 0xff, 0xff, 0x19,
    0xa, 0xfb, 0xff, 0xff, 0xff, 0xff, 0x4c, 0x0,
    0x0, 0x0, 0x0, 0x0, 0x0, 0x0, 0x0, 0x5c,
    0xff, 0xff, 0xff, 0xff, 0xf2, 0x2, 0x0, 0xb9,
    0xff, 0xff, 0xff, 0xff, 0xee, 0x43, 0x0, 0x0,
    0x0, 0x0, 0x0, 0x0, 0x4e, 0xf3, 0xff, 0xff,
    0xff, 0xff, 0xa8, 0x0, 0x0, 0x3e, 0xff, 0xff,
    0xff, 0xff, 0xff, 0xff, 0xc5, 0x82, 0x66, 0x67,
    0x85, 0xcb, 0xff, 0xff, 0xff, 0xff, 0xff, 0xfc,
    0x30, 0x0, 0x0, 0x0, 0x7a, 0xff, 0xff, 0xff,
    0xff, 0xff, 0xff, 0xff, 0xff, 0xff, 0xff, 0xff,
    0xff, 0xff, 0xff, 0xff, 0xff, 0x6b, 0x0, 0x0,
    0x0, 0x0, 0x0, 0x7d, 0xfd, 0xff, 0xff, 0xff,
    0xff, 0xff, 0xff, 0xff, 0xff, 0xff, 0xff, 0xff,
    0xff, 0xfb, 0x6e, 0x0, 0x0, 0x0, 0x0, 0x0,
    0x0, 0x0, 0x34, 0xc9, 0xff, 0xff, 0xff, 0xff,
    0xff, 0xff, 0xff, 0xff, 0xff, 0xff, 0xbf, 0x2b,
    0x0, 0x0, 0x0, 0x0, 0x0, 0x0, 0x0, 0x0,
    0x0, 0x0, 0x3c, 0x8d, 0xc6, 0xeb, 0xfa, 0xfa,
    0xe9, 0xc3, 0x88, 0x35, 0x0, 0x0, 0x0, 0x0,
    0x0, 0x0,

    /* U+0070 "p" */
    0x0, 0x0, 0x4b, 0xba, 0xed, 0x81, 0x0, 0x0,
    0x32, 0x93, 0xce, 0xe9, 0xf9, 0xe8, 0xc3, 0x82,
    0x1e, 0x0, 0x0, 0x0, 0x0, 0x0, 0x69, 0xff,
    0xff, 0xff, 0x84, 0xd, 0xa5, 0xff, 0xff, 0xff,
    0xff, 0xff, 0xff, 0xff, 0xff, 0xfa, 0x88, 0x4,
    0x0, 0x0, 0x7, 0xf1, 0xff, 0xff, 0xff, 0x7e,
    0xd7, 0xff, 0xff, 0xff, 0xff, 0xff, 0xff, 0xff,
    0xff, 0xff, 0xff, 0xff, 0xb7, 0x4, 0x0, 0x27,
    0xff, 0xff, 0xff, 0xe1, 0xcc, 0xff, 0xff, 0xff,
    0xff, 0xff, 0xff, 0xff, 0xff, 0xff, 0xff, 0xff,
    0xff, 0xff, 0x8b, 0x0, 0x2c, 0xff, 0xff, 0xff,
    0xff, 0xff, 0xff, 0xff, 0xcb, 0x85, 0x6a, 0x6d,
    0x8e, 0xd8, 0xff, 0xff, 0xff, 0xff, 0xff, 0xfa,
    0x20, 0x2c, 0xff, 0xff, 0xff, 0xff, 0xff, 0xf1,
    0x4e, 0x0, 0x0, 0x0, 0x0, 0x0, 0x1, 0x6f,
    0xfe, 0xff, 0xff, 0xff, 0xff, 0x74, 0x2c, 0xff,
    0xff, 0xff, 0xff, 0xff, 0x52, 0x0, 0x0, 0x0,
    0x0, 0x0, 0x0, 0x0, 0x0, 0x9f, 0xff, 0xff,
    0xff, 0xff, 0xae, 0x2c, 0xff, 0xff, 0xff, 0xff,
    0xf0, 0x1, 0x0, 0x0, 0x0, 0x0, 0x0, 0x0,
    0x0, 0x0, 0x4d, 0xff, 0xff, 0xff, 0xff, 0xc6,
    0x2c, 0xff, 0xff, 0xff, 0xff, 0xe0, 0x0, 0x0,
    0x0, 0x0, 0x0, 0x0, 0x0, 0x0, 0x0, 0x38,
    0xff, 0xff, 0xff, 0xff, 0xd0, 0x2c, 0xff, 0xff,
    0xff, 0xff, 0xe0, 0x0, 0x0, 0x0, 0x0, 0x0,
    0x0, 0x0, 0x0, 0x0, 0x38, 0xff, 0xff, 0xff,
    0xff, 0xd0, 0x2c, 0xff, 0xff, 0xff, 0xff, 0xe0,
    0x0, 0x0, 0x0, 0x0, 0x0, 0x0, 0x0, 0x0,
    0x0, 0x38, 0xff, 0xff, 0xff, 0xff, 0xd0, 0x2c,
    0xff, 0xff, 0xff, 0xff, 0xe0, 0x0, 0x0, 0x0,
    0x0, 0x0, 0x0, 0x0, 0x0, 0x0, 0x38, 0xff,
    0xff, 0xff, 0xff, 0xd0, 0x2c, 0xff, 0xff, 0xff,
    0xff, 0xe0, 0x0, 0x0, 0x0, 0x0, 0x0, 0x0,
    0x0, 0x0, 0x0, 0x38, 0xff, 0xff, 0xff, 0xff,
    0xd0, 0x2c, 0xff, 0xff, 0xff, 0xff, 0xe0, 0x0,
    0x0, 0x0, 0x0, 0x0, 0x0, 0x0, 0x0, 0x0,
    0x38, 0xff, 0xff, 0xff, 0xff, 0xd0, 0x2c, 0xff,
    0xff, 0xff, 0xff, 0xe0, 0x0, 0x0, 0x0, 0x0,
    0x0, 0x0, 0x0, 0x0, 0x0, 0x38, 0xff, 0xff,
    0xff, 0xff, 0xd0, 0x2c, 0xff, 0xff, 0xff, 0xff,
    0xef, 0x1, 0x0, 0x0, 0x0, 0x0, 0x0, 0x0,
    0x0, 0x0, 0x4c, 0xff, 0xff, 0xff, 0xff, 0xc8,
    0x2c, 0xff, 0xff, 0xff, 0xff, 0xff, 0x4f, 0x0,
    0x0, 0x0, 0x0, 0x0, 0x0, 0x0, 0x0, 0xa1,
    0xff, 0xff, 0xff, 0xff, 0xae, 0x2c, 0xff, 0xff,
    0xff, 0xff, 0xff, 0xef, 0x49, 0x0, 0x0, 0x0,
    0x0, 0x0, 0x2, 0x76, 0xfe, 0xff, 0xff, 0xff,
    0xff, 0x71, 0x2c, 0xff, 0xff, 0xff, 0xff, 0xff,
    0xff, 0xff, 0xcb, 0x8a, 0x71, 0x74, 0x95, 0xde,
    0xff, 0xff, 0xff, 0xff, 0xff, 0xf4, 0x16, 0x2c,
    0xff, 0xff, 0xff, 0xff, 0xff, 0xff, 0xff, 0xff,
    0xff, 0xff, 0xff, 0xff, 0xff, 0xff, 0xff, 0xff,
    0xff, 0xff, 0x69, 0x0, 0x2c, 0xff, 0xff, 0xff,
    0xff, 0xab, 0xff, 0xff, 0xff, 0xff, 0xff, 0xff,
    0xff, 0xff, 0xff, 0xff, 0xff, 0xff, 0x8a, 0x0,
    0x0, 0x2c, 0xff, 0xff, 0xff, 0xff, 0xd8, 0x4e,
    0xdb, 0xff, 0xff, 0xff, 0xff, 0xff, 0xff, 0xff,
    0xff, 0xe8, 0x55, 0x0, 0x0, 0x0, 0x2c, 0xff,
    0xff, 0xff, 0xff, 0xec, 0x0, 0x4, 0x56, 0xa8,
    0xde, 0xf7, 0xee, 0xd5, 0xa9, 0x56, 0xb, 0x0,
    0x0, 0x0, 0x0, 0x2c, 0xff, 0xff, 0xff, 0xff,
    0xec, 0x0, 0x0, 0x0, 0x0, 0x0, 0x0, 0x0,
    0x0, 0x0, 0x0, 0x0, 0x0, 0x0, 0x0, 0x0,
    0x2c, 0xff, 0xff, 0xff, 0xff, 0xec, 0x0, 0x0,
    0x0, 0x0, 0x0, 0x0, 0x0, 0x0, 0x0, 0x0,
    0x0, 0x0, 0x0, 0x0, 0x0, 0x2c, 0xff, 0xff,
    0xff, 0xff, 0xec, 0x0, 0x0, 0x0, 0x0, 0x0,
    0x0, 0x0, 0x0, 0x0, 0x0, 0x0, 0x0, 0x0,
    0x0, 0x0, 0x2c, 0xff, 0xff, 0xff, 0xff, 0xec,
    0x0, 0x0, 0x0, 0x0, 0x0, 0x0, 0x0, 0x0,
    0x0, 0x0, 0x0, 0x0, 0x0, 0x0, 0x0, 0x2c,
    0xff, 0xff, 0xff, 0xff, 0xec, 0x0, 0x0, 0x0,
    0x0, 0x0, 0x0, 0x0, 0x0, 0x0, 0x0, 0x0,
    0x0, 0x0, 0x0, 0x0, 0x2c, 0xff, 0xff, 0xff,
    0xff, 0xe8, 0x0, 0x0, 0x0, 0x0, 0x0, 0x0,
    0x0, 0x0, 0x0, 0x0, 0x0, 0x0, 0x0, 0x0,
    0x0, 0x2c, 0xff, 0xff, 0xff, 0xff, 0xc2, 0x0,
    0x0, 0x0, 0x0, 0x0, 0x0, 0x0, 0x0, 0x0,
    0x0, 0x0, 0x0, 0x0, 0x0, 0x0, 0x2c, 0xff,
    0xff, 0xff, 0xfa, 0x44, 0x0, 0x0, 0x0, 0x0,
    0x0, 0x0, 0x0, 0x0, 0x0, 0x0, 0x0, 0x0,
    0x0, 0x0, 0x0, 0x2b, 0xf8, 0xde, 0xa3, 0x32,
    0x0, 0x0, 0x0, 0x0, 0x0, 0x0, 0x0, 0x0,
    0x0, 0x0, 0x0, 0x0, 0x0, 0x0, 0x0, 0x0,

    /* U+0071 "q" */
    0x0, 0x0, 0x0, 0x0, 0x7, 0x54, 0xae, 0xd8,
    0xf4, 0xee, 0xd2, 0x9c, 0x3a, 0x0, 0x0, 0x0,
    0x31, 0xa4, 0xde, 0xf7, 0x47, 0x0, 0x0, 0x0,
    0x42, 0xe1, 0xff, 0xff, 0xff, 0xff, 0xff, 0xff,
    0xff, 0xff, 0xb4, 0x16, 0x24, 0xf6, 0xff, 0xff,
    0xff, 0x48, 0x0, 0x0, 0x6a, 0xfe, 0xff, 0xff,
    0xff, 0xff, 0xff, 0xff, 0xff, 0xff, 0xff, 0xff,
    0xe5, 0x71, 0xff, 0xff, 0xff, 0xff, 0x48, 0x0,
    0x48, 0xfc, 0xff, 0xff, 0xff, 0xff, 0xff, 0xff,
    0xff, 0xff, 0xff, 0xff, 0xff, 0xff, 0xdc, 0xd6,
    0xff, 0xff, 0xff, 0x48, 0x7, 0xe2, 0xff, 0xff,
    0xff, 0xff, 0xff, 0xe0, 0x94, 0x70, 0x69, 0x81,
    0xc2, 0xff, 0xff, 0xff, 0xff, 0xff, 0xff, 0xff,
    0x48, 0x52, 0xff, 0xff, 0xff, 0xff, 0xff, 0x82,
    0x4, 0x0, 0x0, 0x0, 0x0, 0x0, 0x3e, 0xe8,
    0xff, 0xff, 0xff, 0xff, 0xff, 0x48, 0x91, 0xff,
    0xff, 0xff, 0xff, 0xb9, 0x0, 0x0, 0x0, 0x0,
    0x0, 0x0, 0x0, 0x0, 0x38, 0xff, 0xff, 0xff,
    0xff, 0xff, 0x48, 0xad, 0xff, 0xff, 0xff, 0xff,
    0x68, 0x0, 0x0, 0x0, 0x0, 0x0, 0x0, 0x0,
    0x0, 0x0, 0xd7, 0xff, 0xff, 0xff, 0xff, 0x48,
    0xb4, 0xff, 0xff, 0xff, 0xff, 0x54, 0x0, 0x0,
    0x0, 0x0, 0x0, 0x0, 0x0, 0x0, 0x0, 0xc4,
    0xff, 0xff, 0xff, 0xff, 0x48, 0xb4, 0xff, 0xff,
    0xff, 0xff, 0x54, 0x0, 0x0, 0x0, 0x0, 0x0,
    0x0, 0x0, 0x0, 0x0, 0xc4, 0xff, 0xff, 0xff,
    0xff, 0x48, 0xb4, 0xff, 0xff, 0xff, 0xff, 0x54,
    0x0, 0x0, 0x0, 0x0, 0x0, 0x0, 0x0, 0x0,
    0x0, 0xc4, 0xff, 0xff, 0xff, 0xff, 0x48, 0xb4,
    0xff, 0xff, 0xff, 0xff, 0x54, 0x0, 0x0, 0x0,
    0x0, 0x0, 0x0, 0x0, 0x0, 0x0, 0xc4, 0xff,
    0xff, 0xff, 0xff, 0x48, 0xb4, 0xff, 0xff, 0xff,
    0xff, 0x54, 0x0, 0x0, 0x0, 0x0, 0x0, 0x0,
    0x0, 0x0, 0x0, 0xc4, 0xff, 0xff, 0xff, 0xff,
    0x48, 0xb4, 0xff, 0xff, 0xff, 0xff, 0x54, 0x0,
    0x0, 0x0, 0x0, 0x0, 0x0, 0x0, 0x0, 0x0,
    0xc4, 0xff, 0xff, 0xff, 0xff, 0x48, 0xb4, 0xff,
    0xff, 0xff, 0xff, 0x54, 0x0, 0x0, 0x0, 0x0,
    0x0, 0x0, 0x0, 0x0, 0x0, 0xc4, 0xff, 0xff,
    0xff, 0xff, 0x48, 0xab, 0xff, 0xff, 0xff, 0xff,
    0x67, 0x0, 0x0, 0x0, 0x0, 0x0, 0x0, 0x0,
    0x0, 0x0, 0xd8, 0xff, 0xff, 0xff, 0xff, 0x48,
    0x94, 0xff, 0xff, 0xff, 0xff, 0xbb, 0x0, 0x0,
    0x0, 0x0, 0x0, 0x0, 0x0, 0x0, 0x3f, 0xff,
    0xff, 0xff, 0xff, 0xff, 0x48, 0x5b, 0xff, 0xff,
    0xff, 0xff, 0xff, 0x8a, 0x5, 0x0, 0x0, 0x0,
    0x0, 0x0, 0x4b, 0xed, 0xff, 0xff, 0xff, 0xff,
    0xff, 0x48, 0xf, 0xef, 0xff, 0xff, 0xff, 0xff,
    0xff, 0xe5, 0x9a, 0x76, 0x70, 0x8a, 0xce, 0xff,
    0xff, 0xff, 0xff, 0xff, 0xff, 0xff, 0x48, 0x0,
    0x6f, 0xff, 0xff, 0xff, 0xff, 0xff, 0xff, 0xff,
    0xff, 0xff, 0xff, 0xff, 0xff, 0xff, 0xff, 0xff,
    0xff, 0xff, 0xff, 0x48, 0x0, 0x0, 0x9c, 0xff,
    0xff, 0xff, 0xff, 0xff, 0xff, 0xff, 0xff, 0xff,
    0xff, 0xff, 0xff, 0xaf, 0xf9, 0xff, 0xff, 0xff,
    0x48, 0x0, 0x0, 0x0, 0x70, 0xf4, 0xff, 0xff,
    0xff, 0xff, 0xff, 0xff, 0xff, 0xff, 0xd9, 0x56,
    0xbc, 0xff, 0xff, 0xff, 0xff, 0x48, 0x0, 0x0,
    0x0, 0x0, 0x11, 0x71, 0xb6, 0xe3, 0xf6, 0xf4,
    0xd8, 0x9e, 0x4e, 0x3, 0x0, 0xd0, 0xff, 0xff,
    0xff, 0xff, 0x48, 0x0, 0x0, 0x0, 0x0, 0x0,
    0x0, 0x0, 0x0, 0x0, 0x0, 0x0, 0x0, 0x0,
    0x0, 0x0, 0xd0, 0xff, 0xff, 0xff, 0xff, 0x48,
    0x0, 0x0, 0x0, 0x0, 0x0, 0x0, 0x0, 0x0,
    0x0, 0x0, 0x0, 0x0, 0x0, 0x0, 0x0, 0xd0,
    0xff, 0xff, 0xff, 0xff, 0x48, 0x0, 0x0, 0x0,
    0x0, 0x0, 0x0, 0x0, 0x0, 0x0, 0x0, 0x0,
    0x0, 0x0, 0x0, 0x0, 0xd0, 0xff, 0xff, 0xff,
    0xff, 0x48, 0x0, 0x0, 0x0, 0x0, 0x0, 0x0,
    0x0, 0x0, 0x0, 0x0, 0x0, 0x0, 0x0, 0x0,
    0x0, 0xd0, 0xff, 0xff, 0xff, 0xff, 0x48, 0x0,
    0x0, 0x0, 0x0, 0x0, 0x0, 0x0, 0x0, 0x0,
    0x0, 0x0, 0x0, 0x0, 0x0, 0x0, 0xd0, 0xff,
    0xff, 0xff, 0xff, 0x48, 0x0, 0x0, 0x0, 0x0,
    0x0, 0x0, 0x0, 0x0, 0x0, 0x0, 0x0, 0x0,
    0x0, 0x0, 0x0, 0xd0, 0xff, 0xff, 0xff, 0xff,
    0x44, 0x0, 0x0, 0x0, 0x0, 0x0, 0x0, 0x0,
    0x0, 0x0, 0x0, 0x0, 0x0, 0x0, 0x0, 0x0,
    0xd0, 0xff, 0xff, 0xff, 0xff, 0x20, 0x0, 0x0,
    0x0, 0x0, 0x0, 0x0, 0x0, 0x0, 0x0, 0x0,
    0x0, 0x0, 0x0, 0x0, 0x0, 0xd0, 0xff, 0xff,
    0xff, 0x9d, 0x0, 0x0, 0x0, 0x0, 0x0, 0x0,
    0x0, 0x0, 0x0, 0x0, 0x0, 0x0, 0x0, 0x0,
    0x0, 0x0, 0xcc, 0xeb, 0xbe, 0x62, 0x2, 0x0,

    /* U+0072 "r" */
    0x0, 0x0, 0x4b, 0xb6, 0xea, 0xa4, 0x0, 0x0,
    0x23, 0x8f, 0xd5, 0xf6, 0xed, 0xbc, 0x35, 0x0,
    0x0, 0x69, 0xff, 0xff, 0xff, 0xa8, 0x1, 0x7e,
    0xfb, 0xff, 0xff, 0xff, 0xff, 0xff, 0xf6, 0x28,
    0x3, 0xed, 0xff, 0xff, 0xff, 0xa2, 0xa2, 0xff,
    0xff, 0xff, 0xff, 0xff, 0xff, 0xff, 0xff, 0x8c,
    0x22, 0xff, 0xff, 0xff, 0xf3, 0xab, 0xff, 0xff,
    0xff, 0xff, 0xff, 0xff, 0xff, 0xff, 0xff, 0xa3,
    0x2c, 0xff, 0xff, 0xff, 0xe9, 0xfe, 0xff, 0xff,
    0xff, 0xc1, 0x83, 0x6a, 0x75, 0x90, 0xdd, 0x69,
    0x2c, 0xff, 0xff, 0xff, 0xff, 0xff, 0xff, 0xd3,
    0x31, 0x0, 0x0, 0x0, 0x0, 0x0, 0x0, 0x3,
    0x2c, 0xff, 0xff, 0xff, 0xff, 0xff, 0xd8, 0x11,
    0x0, 0x0, 0x0, 0x0, 0x0, 0x0, 0x0, 0x0,
    0x2c, 0xff, 0xff, 0xff, 0xff, 0xff, 0x49, 0x0,
    0x0, 0x0, 0x0, 0x0, 0x0, 0x0, 0x0, 0x0,
    0x2c, 0xff, 0xff, 0xff, 0xff, 0xf5, 0x3, 0x0,
    0x0, 0x0, 0x0, 0x0, 0x0, 0x0, 0x0, 0x0,
    0x2c, 0xff, 0xff, 0xff, 0xff, 0xe1, 0x0, 0x0,
    0x0, 0x0, 0x0, 0x0, 0x0, 0x0, 0x0, 0x0,
    0x2c, 0xff, 0xff, 0xff, 0xff, 0xe0, 0x0, 0x0,
    0x0, 0x0, 0x0, 0x0, 0x0, 0x0, 0x0, 0x0,
    0x2c, 0xff, 0xff, 0xff, 0xff, 0xe0, 0x0, 0x0,
    0x0, 0x0, 0x0, 0x0, 0x0, 0x0, 0x0, 0x0,
    0x2c, 0xff, 0xff, 0xff, 0xff, 0xe0, 0x0, 0x0,
    0x0, 0x0, 0x0, 0x0, 0x0, 0x0, 0x0, 0x0,
    0x2c, 0xff, 0xff, 0xff, 0xff, 0xe0, 0x0, 0x0,
    0x0, 0x0, 0x0, 0x0, 0x0, 0x0, 0x0, 0x0,
    0x2c, 0xff, 0xff, 0xff, 0xff, 0xe0, 0x0, 0x0,
    0x0, 0x0, 0x0, 0x0, 0x0, 0x0, 0x0, 0x0,
    0x2c, 0xff, 0xff, 0xff, 0xff, 0xe0, 0x0, 0x0,
    0x0, 0x0, 0x0, 0x0, 0x0, 0x0, 0x0, 0x0,
    0x2c, 0xff, 0xff, 0xff, 0xff, 0xe0, 0x0, 0x0,
    0x0, 0x0, 0x0, 0x0, 0x0, 0x0, 0x0, 0x0,
    0x2c, 0xff, 0xff, 0xff, 0xff, 0xe0, 0x0, 0x0,
    0x0, 0x0, 0x0, 0x0, 0x0, 0x0, 0x0, 0x0,
    0x2c, 0xff, 0xff, 0xff, 0xff, 0xe0, 0x0, 0x0,
    0x0, 0x0, 0x0, 0x0, 0x0, 0x0, 0x0, 0x0,
    0x2c, 0xff, 0xff, 0xff, 0xff, 0xdf, 0x0, 0x0,
    0x0, 0x0, 0x0, 0x0, 0x0, 0x0, 0x0, 0x0,
    0x2c, 0xff, 0xff, 0xff, 0xff, 0xc9, 0x0, 0x0,
    0x0, 0x0, 0x0, 0x0, 0x0, 0x0, 0x0, 0x0,
    0x2c, 0xff, 0xff, 0xff, 0xff, 0x61, 0x0, 0x0,
    0x0, 0x0, 0x0, 0x0, 0x0, 0x0, 0x0, 0x0,
    0x2b, 0xfa, 0xe4, 0xb2, 0x4b, 0x0, 0x0, 0x0,
    0x0, 0x0, 0x0, 0x0, 0x0, 0x0, 0x0, 0x0,

    /* U+0073 "s" */
    0x0, 0x0, 0x0, 0x0, 0x2a, 0x83, 0xbb, 0xe4,
    0xf4, 0xfb, 0xf0, 0xd9, 0xb1, 0x74, 0x24, 0x0,
    0x0, 0x0, 0x0, 0x0, 0x0, 0x0, 0x1b, 0xac,
    0xff, 0xff, 0xff, 0xff, 0xff, 0xff, 0xff, 0xff,
    0xff, 0xff, 0xfe, 0xb2, 0x23, 0x0, 0x0, 0x0,
    0x0, 0x28, 0xe4, 0xff, 0xff, 0xff, 0xff, 0xff,
    0xff, 0xff, 0xff, 0xff, 0xff, 0xff, 0xff, 0xff,
    0xf5, 0x43, 0x0, 0x0, 0x4, 0xd3, 0xff, 0xff,
    0xff, 0xff, 0xff, 0xff, 0xf1, 0xdf, 0xf5, 0xff,
    0xff, 0xff, 0xff, 0xff, 0xff, 0xef, 0xf, 0x0,
    0x4f, 0xff, 0xff, 0xff, 0xff, 0xf7, 0x7f, 0x1e,
    0x0, 0x0, 0x0, 0x19, 0x7a, 0xec, 0xff, 0xff,
    0xff, 0xff, 0x5a, 0x0, 0x88, 0xff, 0xff, 0xff,
    0xff, 0x60, 0x0, 0x0, 0x0, 0x0, 0x0, 0x0,
    0x0, 0x2f, 0xef, 0xff, 0xff, 0xff, 0x67, 0x0,
    0x91, 0xff, 0xff, 0xff, 0xff, 0x34, 0x0, 0x0,
    0x0, 0x0, 0x0, 0x0, 0x0, 0x0, 0x7d, 0xff,
    0xff, 0xe9, 0x1c, 0x0, 0x73, 0xff, 0xff, 0xff,
    0xff, 0xb1, 0xa, 0x0, 0x0, 0x0, 0x0, 0x0,
    0x0, 0x0, 0x1c, 0x8b, 0x68, 0x14, 0x0, 0x0,
    0x29, 0xfe, 0xff, 0xff, 0xff, 0xff, 0xea, 0x90,
    0x47, 0xd, 0x0, 0x0, 0x0, 0x0, 0x0, 0x0,
    0x0, 0x0, 0x0, 0x0, 0x0, 0x98, 0xff, 0xff,
    0xff, 0xff, 0xff, 0xff, 0xff, 0xfd, 0xcf, 0x90,
    0x4d, 0x7, 0x0, 0x0, 0x0, 0x0, 0x0, 0x0,
    0x0, 0x2, 0x91, 0xfd, 0xff, 0xff, 0xff, 0xff,
    0xff, 0xff, 0xff, 0xff, 0xff, 0xf2, 0x9d, 0x2c,
    0x0, 0x0, 0x0, 0x0, 0x0, 0x0, 0x0, 0x2f,
    0xaa, 0xf9, 0xff, 0xff, 0xff, 0xff, 0xff, 0xff,
    0xff, 0xff, 0xff, 0xfe, 0x9b, 0xf, 0x0, 0x0,
    0x0, 0x0, 0x0, 0x0, 0x0, 0xe, 0x56, 0x9d,
    0xdc, 0xff, 0xff, 0xff, 0xff, 0xff, 0xff, 0xff,
    0xff, 0xce, 0x11, 0x0, 0x0, 0x0, 0x0, 0x0,
    0x0, 0x0, 0x0, 0x0, 0x0, 0x19, 0x5a, 0xa5,
    0xf4, 0xff, 0xff, 0xff, 0xff, 0xff, 0xa0, 0x0,
    0x0, 0x0, 0x8, 0x16, 0x0, 0x0, 0x0, 0x0,
    0x0, 0x0, 0x0, 0x0, 0xd, 0x85, 0xfe, 0xff,
    0xff, 0xff, 0xfc, 0x15, 0xf, 0xb0, 0xfd, 0xe6,
    0x1, 0x0, 0x0, 0x0, 0x0, 0x0, 0x0, 0x0,
    0x0, 0x0, 0x98, 0xff, 0xff, 0xff, 0xff, 0x51,
    0x89, 0xff, 0xff, 0xff, 0x58, 0x0, 0x0, 0x0,
    0x0, 0x0, 0x0, 0x0, 0x0, 0x0, 0x61, 0xff,
    0xff, 0xff, 0xff, 0x65, 0xa9, 0xff, 0xff, 0xff,
    0xee, 0x34, 0x0, 0x0, 0x0, 0x0, 0x0, 0x0,
    0x0, 0x0, 0xad, 0xff, 0xff, 0xff, 0xff, 0x4f,
    0x80, 0xff, 0xff, 0xff, 0xff, 0xfa, 0x96, 0x3a,
    0xa, 0x0, 0x2, 0x1c, 0x54, 0xbd, 0xff, 0xff,
    0xff, 0xff, 0xf8, 0x12, 0x1d, 0xf4, 0xff, 0xff,
    0xff, 0xff, 0xff, 0xff, 0xff, 0xfa, 0xff, 0xff,
    0xff, 0xff, 0xff, 0xff, 0xff, 0xff, 0x8c, 0x0,
    0x0, 0x4d, 0xf6, 0xff, 0xff, 0xff, 0xff, 0xff,
    0xff, 0xff, 0xff, 0xff, 0xff, 0xff, 0xff, 0xff,
    0xff, 0xaf, 0x5, 0x0, 0x0, 0x0, 0x2a, 0xb8,
    0xff, 0xff, 0xff, 0xff, 0xff, 0xff, 0xff, 0xff,
    0xff, 0xff, 0xff, 0xea, 0x6d, 0x1, 0x0, 0x0,
    0x0, 0x0, 0x0, 0x0, 0x2a, 0x7a, 0xb5, 0xdd,
    0xf1, 0xfc, 0xf6, 0xe8, 0xc7, 0x99, 0x50, 0x9,
    0x0, 0x0, 0x0, 0x0,

    /* U+0074 "t" */
    0x0, 0x0, 0x0, 0x0, 0x0, 0x0, 0x4b, 0xb3,
    0xe5, 0xfa, 0xf, 0x0, 0x0, 0x0, 0x0, 0x0,
    0x0, 0x0, 0x0, 0x0, 0x0, 0x0, 0x61, 0xff,
    0xff, 0xff, 0xff, 0x10, 0x0, 0x0, 0x0, 0x0,
    0x0, 0x0, 0x0, 0x0, 0x0, 0x0, 0x0, 0xca,
    0xff, 0xff, 0xff, 0xff, 0x10, 0x0, 0x0, 0x0,
    0x0, 0x0, 0x0, 0x0, 0x0, 0x0, 0x0, 0x0,
    0xdf, 0xff, 0xff, 0xff, 0xff, 0x10, 0x0, 0x0,
    0x0, 0x0, 0x0, 0x0, 0x0, 0x0, 0x0, 0x0,
    0x0, 0xe0, 0xff, 0xff, 0xff, 0xff, 0x10, 0x0,
    0x0, 0x0, 0x0, 0x0, 0x0, 0x0, 0x0, 0x0,
    0x0, 0x0, 0xe0, 0xff, 0xff, 0xff, 0xff, 0x10,
    0x0, 0x0, 0x0, 0x0, 0x0, 0x0, 0x0, 0x0,
    0x0, 0x0, 0x0, 0xe0, 0xff, 0xff, 0xff, 0xff,
    0x10, 0x0, 0x0, 0x0, 0x0, 0x0, 0x0, 0x0,
    0x33, 0xcb, 0xfb, 0xff, 0xff, 0xff, 0xff, 0xff,
    0xff, 0xff, 0xff, 0xff, 0xff, 0xff, 0xff, 0x8,
    0x6, 0xe4, 0xff, 0xff, 0xff, 0xff, 0xff, 0xff,
    0xff, 0xff, 0xff, 0xff, 0xff, 0xff, 0xff, 0xe6,
    0x0, 0x44, 0xff, 0xff, 0xff, 0xff, 0xff, 0xff,
    0xff, 0xff, 0xff, 0xff, 0xff, 0xff, 0xff, 0xff,
    0x84, 0x0, 0x51, 0xd8, 0xd8, 0xd8, 0xd8, 0xfc,
    0xff, 0xff, 0xff, 0xff, 0xdc, 0xd8, 0xd6, 0xb9,
    0x6a, 0x1, 0x0, 0x0, 0x0, 0x0, 0x0, 0x0,
    0xec, 0xff, 0xff, 0xff, 0xff, 0x1c, 0x0, 0x0,
    0x0, 0x0, 0x0, 0x0, 0x0, 0x0, 0x0, 0x0,
    0x0, 0xec, 0xff, 0xff, 0xff, 0xff, 0x1c, 0x0,
    0x0, 0x0, 0x0, 0x0, 0x0, 0x0, 0x0, 0x0,
    0x0, 0x0, 0xec, 0xff, 0xff, 0xff, 0xff, 0x1c,
    0x0, 0x0, 0x0, 0x0, 0x0, 0x0, 0x0, 0x0,
    0x0, 0x0, 0x0, 0xec, 0xff, 0xff, 0xff, 0xff,
    0x1c, 0x0, 0x0, 0x0, 0x0, 0x0, 0x0, 0x0,
    0x0, 0x0, 0x0, 0x0, 0xec, 0xff, 0xff, 0xff,
    0xff, 0x1c, 0x0, 0x0, 0x0, 0x0, 0x0, 0x0,
    0x0, 0x0, 0x0, 0x0, 0x0, 0xec, 0xff, 0xff,
    0xff, 0xff, 0x1c, 0x0, 0x0, 0x0, 0x0, 0x0,
    0x0, 0x0, 0x0, 0x0, 0x0, 0x0, 0xec, 0xff,
    0xff, 0xff, 0xff, 0x1c, 0x0, 0x0, 0x0, 0x0,
    0x0, 0x0, 0x0, 0x0, 0x0, 0x0, 0x0, 0xec,
    0xff, 0xff, 0xff, 0xff, 0x1c, 0x0, 0x0, 0x0,
    0x0, 0x0, 0x0, 0x0, 0x0, 0x0, 0x0, 0x0,
    0xec, 0xff, 0xff, 0xff, 0xff, 0x1c, 0x0, 0x0,
    0x0, 0x0, 0x0, 0x0, 0x0, 0x0, 0x0, 0x0,
    0x0, 0xec, 0xff, 0xff, 0xff, 0xff, 0x1c, 0x0,
    0x0, 0x0, 0x0, 0x0, 0x0, 0x0, 0x0, 0x0,
    0x0, 0x0, 0xec, 0xff, 0xff, 0xff, 0xff, 0x1c,
    0x0, 0x0, 0x0, 0x0, 0x0, 0x0, 0x0, 0x0,
    0x0, 0x0, 0x0, 0xeb, 0xff, 0xff, 0xff, 0xff,
    0x1e, 0x0, 0x0, 0x0, 0x0, 0x0, 0x0, 0x0,
    0x0, 0x0, 0x0, 0x0, 0xdf, 0xff, 0xff, 0xff,
    0xff, 0x37, 0x0, 0x0, 0x0, 0x0, 0x0, 0x0,
    0x0, 0x0, 0x0, 0x0, 0x0, 0xc1, 0xff, 0xff,
    0xff, 0xff, 0x8d, 0x0, 0x0, 0x0, 0x0, 0x13,
    0xa, 0x0, 0x0, 0x0, 0x0, 0x0, 0x85, 0xff,
    0xff, 0xff, 0xff, 0xff, 0xb2, 0x7a, 0x7e, 0xaa,
    0xf7, 0x8a, 0x0, 0x0, 0x0, 0x0, 0x0, 0x24,
    0xfd, 0xff, 0xff, 0xff, 0xff, 0xff, 0xff, 0xff,
    0xff, 0xff, 0xcd, 0x0, 0x0, 0x0, 0x0, 0x0,
    0x0, 0x8d, 0xff, 0xff, 0xff, 0xff, 0xff, 0xff,
    0xff, 0xff, 0xff, 0xb3, 0x0, 0x0, 0x0, 0x0,
    0x0, 0x0, 0x4, 0xa3, 0xff, 0xff, 0xff, 0xff,
    0xff, 0xff, 0xff, 0xea, 0x28, 0x0, 0x0, 0x0,
    0x0, 0x0, 0x0, 0x0, 0x0, 0x46, 0xa8, 0xe1,
    0xf7, 0xef, 0xd1, 0x84, 0x14, 0x0,

    /* U+0075 "u" */
    0x0, 0x2a, 0x9c, 0xd9, 0xf5, 0x76, 0x0, 0x0,
    0x0, 0x0, 0x0, 0x0, 0x0, 0x0, 0x0, 0x0,
    0x37, 0xa6, 0xde, 0xf7, 0x4f, 0x28, 0xf5, 0xff,
    0xff, 0xff, 0x78, 0x0, 0x0, 0x0, 0x0, 0x0,
    0x0, 0x0, 0x0, 0x0, 0x3d, 0xfb, 0xff, 0xff,
    0xff, 0x50, 0x86, 0xff, 0xff, 0xff, 0xff, 0x78,
    0x0, 0x0, 0x0, 0x0, 0x0, 0x0, 0x0, 0x0,
    0x0, 0xa2, 0xff, 0xff, 0xff, 0xff, 0x50, 0x9b,
    0xff, 0xff, 0xff, 0xff, 0x78, 0x0, 0x0, 0x0,
    0x0, 0x0, 0x0, 0x0, 0x0, 0x0, 0xb7, 0xff,
    0xff, 0xff, 0xff, 0x50, 0x9c, 0xff, 0xff, 0xff,
    0xff, 0x78, 0x0, 0x0, 0x0, 0x0, 0x0, 0x0,
    0x0, 0x0, 0x0, 0xb8, 0xff, 0xff, 0xff, 0xff,
    0x50, 0x9c, 0xff, 0xff, 0xff, 0xff, 0x78, 0x0,
    0x0, 0x0, 0x0, 0x0, 0x0, 0x0, 0x0, 0x0,
    0xb8, 0xff, 0xff, 0xff, 0xff, 0x50, 0x9c, 0xff,
    0xff, 0xff, 0xff, 0x78, 0x0, 0x0, 0x0, 0x0,
    0x0, 0x0, 0x0, 0x0, 0x0, 0xb8, 0xff, 0xff,
    0xff, 0xff, 0x50, 0x9c, 0xff, 0xff, 0xff, 0xff,
    0x78, 0x0, 0x0, 0x0, 0x0, 0x0, 0x0, 0x0,
    0x0, 0x0, 0xb8, 0xff, 0xff, 0xff, 0xff, 0x50,
    0x9c, 0xff, 0xff, 0xff, 0xff, 0x78, 0x0, 0x0,
    0x0, 0x0, 0x0, 0x0, 0x0, 0x0, 0x0, 0xb8,
    0xff, 0xff, 0xff, 0xff, 0x50, 0x9c, 0xff, 0xff,
    0xff, 0xff, 0x78, 0x0, 0x0, 0x0, 0x0, 0x0,
    0x0, 0x0, 0x0, 0x0, 0xb8, 0xff, 0xff, 0xff,
    0xff, 0x50, 0x9c, 0xff, 0xff, 0xff, 0xff, 0x78,
    0x0, 0x0, 0x0, 0x0, 0x0, 0x0, 0x0, 0x0,
    0x0, 0xb8, 0xff, 0xff, 0xff, 0xff, 0x50, 0x9c,
    0xff, 0xff, 0xff, 0xff, 0x78, 0x0, 0x0, 0x0,
    0x0, 0x0, 0x0, 0x0, 0x0, 0x0, 0xb8, 0xff,
    0xff, 0xff, 0xff, 0x50, 0x9c, 0xff, 0xff, 0xff,
    0xff, 0x78, 0x0, 0x0, 0x0, 0x0, 0x0, 0x0,
    0x0, 0x0, 0x0, 0xb8, 0xff, 0xff, 0xff, 0xff,
    0x50, 0x9c, 0xff, 0xff, 0xff, 0xff, 0x78, 0x0,
    0x0, 0x0, 0x0, 0x0, 0x0, 0x0, 0x0, 0x0,
    0xb9, 0xff, 0xff, 0xff, 0xff, 0x50, 0x9b, 0xff,
    0xff, 0xff, 0xff, 0x7a, 0x0, 0x0, 0x0, 0x0,
    0x0, 0x0, 0x0, 0x0, 0x0, 0xd0, 0xff, 0xff,
    0xff, 0xff, 0x50, 0x94, 0xff, 0xff, 0xff, 0xff,
    0x93, 0x0, 0x0, 0x0, 0x0, 0x0, 0x0, 0x0,
    0x0, 0x1a, 0xfd, 0xff, 0xff, 0xff, 0xff, 0x50,
    0x76, 0xff, 0xff, 0xff, 0xff, 0xe1, 0x5, 0x0,
    0x0, 0x0, 0x0, 0x0, 0x0, 0x0, 0xa6, 0xff,
    0xff, 0xff, 0xff, 0xff, 0x50, 0x3a, 0xff, 0xff,
    0xff, 0xff, 0xff, 0xa1, 0x6, 0x0, 0x0, 0x0,
    0x0, 0xc, 0x9a, 0xff, 0xff, 0xff, 0xff, 0xff,
    0xff, 0x50, 0x1, 0xd8, 0xff, 0xff, 0xff, 0xff,
    0xff, 0xe3, 0x93, 0x72, 0x76, 0x9f, 0xed, 0xff,
    0xff, 0xff, 0xe4, 0xff, 0xff, 0xff, 0x50, 0x0,
    0x44, 0xfd, 0xff, 0xff, 0xff, 0xff, 0xff, 0xff,
    0xff, 0xff, 0xff, 0xff, 0xff, 0xff, 0xa4, 0xe0,
    0xff, 0xff, 0xff, 0x46, 0x0, 0x0, 0x7a, 0xff,
    0xff, 0xff, 0xff, 0xff, 0xff, 0xff, 0xff, 0xff,
    0xff, 0xff, 0xaa, 0x80, 0xff, 0xff, 0xff, 0xfc,
    0x16, 0x0, 0x0, 0x0, 0x58, 0xf2, 0xff, 0xff,
    0xff, 0xff, 0xff, 0xff, 0xff, 0xf8, 0x72, 0x0,
    0x80, 0xff, 0xff, 0xff, 0x88, 0x0, 0x0, 0x0,
    0x0, 0x0, 0x15, 0x7a, 0xc4, 0xef, 0xfc, 0xf0,
    0xc9, 0x81, 0x1c, 0x0, 0x0, 0x7e, 0xef, 0xc2,
    0x5f, 0x0, 0x0,

    /* U+0076 "v" */
    0xf, 0xce, 0xf3, 0xf0, 0xbb, 0x3d, 0x0, 0x0,
    0x0, 0x0, 0x0, 0x0, 0x0, 0x0, 0x0, 0x0,
    0x0, 0x9, 0x8a, 0xe0, 0xf8, 0xe2, 0x68, 0x0,
    0xc5, 0xff, 0xff, 0xff, 0xfb, 0x2d, 0x0, 0x0,
    0x0, 0x0, 0x0, 0x0, 0x0, 0x0, 0x0, 0x0,
    0xae, 0xff, 0xff, 0xff, 0xff, 0x3c, 0x0, 0x60,
    0xff, 0xff, 0xff, 0xff, 0x9c, 0x0, 0x0, 0x0,
    0x0, 0x0, 0x0, 0x0, 0x0, 0x0, 0x26, 0xff,
    0xff, 0xff, 0xff, 0xd7, 0x0, 0x0, 0xa, 0xf0,
    0xff, 0xff, 0xff, 0xee, 0x6, 0x0, 0x0, 0x0,
    0x0, 0x0, 0x0, 0x0, 0x0, 0x81, 0xff, 0xff,
    0xff, 0xff, 0x72, 0x0, 0x0, 0x0, 0x96, 0xff,
    0xff, 0xff, 0xff, 0x4d, 0x0, 0x0, 0x0, 0x0,
    0x0, 0x0, 0x0, 0x0, 0xdb, 0xff, 0xff, 0xff,
    0xf9, 0x14, 0x0, 0x0, 0x0, 0x31, 0xff, 0xff,
    0xff, 0xff, 0xa6, 0x0, 0x0, 0x0, 0x0, 0x0,
    0x0, 0x0, 0x38, 0xff, 0xff, 0xff, 0xff, 0xa8,
    0x0, 0x0, 0x0, 0x0, 0x0, 0xcc, 0xff, 0xff,
    0xff, 0xf4, 0xa, 0x0, 0x0, 0x0, 0x0, 0x0,
    0x0, 0x93, 0xff, 0xff, 0xff, 0xff, 0x43, 0x0,
    0x0, 0x0, 0x0, 0x0, 0x66, 0xff, 0xff, 0xff,
    0xff, 0x57, 0x0, 0x0, 0x0, 0x0, 0x0, 0x4,
    0xea, 0xff, 0xff, 0xff, 0xdc, 0x1, 0x0, 0x0,
    0x0, 0x0, 0x0, 0xd, 0xf4, 0xff, 0xff, 0xff,
    0xb0, 0x0, 0x0, 0x0, 0x0, 0x0, 0x4a, 0xff,
    0xff, 0xff, 0xff, 0x78, 0x0, 0x0, 0x0, 0x0,
    0x0, 0x0, 0x0, 0x9c, 0xff, 0xff, 0xff, 0xf9,
    0x10, 0x0, 0x0, 0x0, 0x0, 0xa5, 0xff, 0xff,
    0xff, 0xfb, 0x18, 0x0, 0x0, 0x0, 0x0, 0x0,
    0x0, 0x0, 0x37, 0xff, 0xff, 0xff, 0xff, 0x61,
    0x0, 0x0, 0x0, 0xb, 0xf4, 0xff, 0xff, 0xff,
    0xae, 0x0, 0x0, 0x0, 0x0, 0x0, 0x0, 0x0,
    0x0, 0x0, 0xd1, 0xff, 0xff, 0xff, 0xba, 0x0,
    0x0, 0x0, 0x5b, 0xff, 0xff, 0xff, 0xff, 0x49,
    0x0, 0x0, 0x0, 0x0, 0x0, 0x0, 0x0, 0x0,
    0x0, 0x6c, 0xff, 0xff, 0xff, 0xfc, 0x17, 0x0,
    0x0, 0xb7, 0xff, 0xff, 0xff, 0xe1, 0x2, 0x0,
    0x0, 0x0, 0x0, 0x0, 0x0, 0x0, 0x0, 0x0,
    0x10, 0xf6, 0xff, 0xff, 0xff, 0x6c, 0x0, 0x16,
    0xfb, 0xff, 0xff, 0xff, 0x7e, 0x0, 0x0, 0x0,
    0x0, 0x0, 0x0, 0x0, 0x0, 0x0, 0x0, 0x0,
    0xa2, 0xff, 0xff, 0xff, 0xc4, 0x0, 0x6d, 0xff,
    0xff, 0xff, 0xfc, 0x1c, 0x0, 0x0, 0x0, 0x0,
    0x0, 0x0, 0x0, 0x0, 0x0, 0x0, 0x0, 0x3d,
    0xff, 0xff, 0xff, 0xfe, 0x1e, 0xc8, 0xff, 0xff,
    0xff, 0xb4, 0x0, 0x0, 0x0, 0x0, 0x0, 0x0,
    0x0, 0x0, 0x0, 0x0, 0x0, 0x0, 0x0, 0xd7,
    0xff, 0xff, 0xff, 0x86, 0xff, 0xff, 0xff, 0xff,
    0x4f, 0x0, 0x0, 0x0, 0x0, 0x0, 0x0, 0x0,
    0x0, 0x0, 0x0, 0x0, 0x0, 0x0, 0x73, 0xff,
    0xff, 0xff, 0xa1, 0xff, 0xff, 0xff, 0xe6, 0x4,
    0x0, 0x0, 0x0, 0x0, 0x0, 0x0, 0x0, 0x0,
    0x0, 0x0, 0x0, 0x0, 0x0, 0x14, 0xf9, 0xff,
    0xee, 0xde, 0xff, 0xff, 0xff, 0x84, 0x0, 0x0,
    0x0, 0x0, 0x0, 0x0, 0x0, 0x0, 0x0, 0x0,
    0x0, 0x0, 0x0, 0x0, 0x0, 0xa8, 0xff, 0xff,
    0xff, 0xff, 0xff, 0xfe, 0x21, 0x0, 0x0, 0x0,
    0x0, 0x0, 0x0, 0x0, 0x0, 0x0, 0x0, 0x0,
    0x0, 0x0, 0x0, 0x0, 0x43, 0xff, 0xff, 0xff,
    0xff, 0xff, 0xba, 0x0, 0x0, 0x0, 0x0, 0x0,
    0x0, 0x0, 0x0, 0x0, 0x0, 0x0, 0x0, 0x0,
    0x0, 0x0, 0x0, 0x1, 0xd1, 0xff, 0xff, 0xff,
    0xff, 0x4a, 0x0, 0x0, 0x0, 0x0, 0x0, 0x0,
    0x0, 0x0, 0x0, 0x0, 0x0, 0x0, 0x0, 0x0,
    0x0, 0x0, 0x0, 0x22, 0xbb, 0xf6, 0xe2, 0x6c,
    0x0, 0x0, 0x0, 0x0, 0x0, 0x0, 0x0, 0x0,
    0x0,

    /* U+0077 "w" */
    0x14, 0xcb, 0xf1, 0xf1, 0xb3, 0x25, 0x0, 0x0,
    0x0, 0x0, 0x0, 0x0, 0x0, 0x19, 0xbb, 0xf6,
    0xdb, 0x50, 0x0, 0x0, 0x0, 0x0, 0x0, 0x0,
    0x0, 0x5, 0x89, 0xe4, 0xf7, 0xdc, 0x52, 0x1,
    0xe8, 0xff, 0xff, 0xff, 0xe2, 0x6, 0x0, 0x0,
    0x0, 0x0, 0x0, 0x0, 0xa8, 0xff, 0xff, 0xff,
    0xf9, 0x1b, 0x0, 0x0, 0x0, 0x0, 0x0, 0x0,
    0x90, 0xff, 0xff, 0xff, 0xff, 0x41, 0x0, 0xa3,
    0xff, 0xff, 0xff, 0xff, 0x45, 0x0, 0x0, 0x0,
    0x0, 0x0, 0x5, 0xf3, 0xff, 0xff, 0xff, 0xff,
    0x65, 0x0, 0x0, 0x0, 0x0, 0x0, 0x1, 0xed,
    0xff, 0xff, 0xff, 0xf4, 0x6, 0x0, 0x5c, 0xff,
    0xff, 0xff, 0xff, 0x81, 0x0, 0x0, 0x0, 0x0,
    0x0, 0x41, 0xff, 0xff, 0xff, 0xff, 0xff, 0xa8,
    0x0, 0x0, 0x0, 0x0, 0x0, 0x2e, 0xff, 0xff,
    0xff, 0xff, 0xb5, 0x0, 0x0, 0x17, 0xfe, 0xff,
    0xff, 0xff, 0xbd, 0x0, 0x0, 0x0, 0x0, 0x0,
    0x88, 0xff, 0xff, 0xee, 0xff, 0xff, 0xea, 0x1,
    0x0, 0x0, 0x0, 0x0, 0x6c, 0xff, 0xff, 0xff,
    0xff, 0x6f, 0x0, 0x0, 0x0, 0xcf, 0xff, 0xff,
    0xff, 0xf4, 0x4, 0x0, 0x0, 0x0, 0x0, 0xd0,
    0xff, 0xff, 0xc1, 0xff, 0xff, 0xff, 0x2f, 0x0,
    0x0, 0x0, 0x0, 0xaa, 0xff, 0xff, 0xff, 0xff,
    0x2a, 0x0, 0x0, 0x0, 0x89, 0xff, 0xff, 0xff,
    0xff, 0x35, 0x0, 0x0, 0x0, 0x18, 0xfe, 0xff,
    0xff, 0xb7, 0xff, 0xff, 0xff, 0x72, 0x0, 0x0,
    0x0, 0x0, 0xe7, 0xff, 0xff, 0xff, 0xe3, 0x0,
    0x0, 0x0, 0x0, 0x42, 0xff, 0xff, 0xff, 0xff,
    0x71, 0x0, 0x0, 0x0, 0x5e, 0xff, 0xff, 0xff,
    0x53, 0xf1, 0xff, 0xff, 0xb5, 0x0, 0x0, 0x0,
    0x26, 0xff, 0xff, 0xff, 0xff, 0x9e, 0x0, 0x0,
    0x0, 0x0, 0x6, 0xf5, 0xff, 0xff, 0xff, 0xad,
    0x0, 0x0, 0x0, 0xa6, 0xff, 0xff, 0xfa, 0xd,
    0xb2, 0xff, 0xff, 0xf3, 0x5, 0x0, 0x0, 0x64,
    0xff, 0xff, 0xff, 0xff, 0x58, 0x0, 0x0, 0x0,
    0x0, 0x0, 0xb5, 0xff, 0xff, 0xff, 0xe8, 0x0,
    0x0, 0x1, 0xeb, 0xff, 0xff, 0xc0, 0x0, 0x6e,
    0xff, 0xff, 0xff, 0x3c, 0x0, 0x0, 0xa2, 0xff,
    0xff, 0xff, 0xfe, 0x14, 0x0, 0x0, 0x0, 0x0,
    0x0, 0x6f, 0xff, 0xff, 0xff, 0xff, 0x24, 0x0,
    0x34, 0xff, 0xff, 0xff, 0x78, 0x0, 0x2a, 0xff,
    0xff, 0xff, 0x7f, 0x0, 0x0, 0xe1, 0xff, 0xff,
    0xff, 0xcc, 0x0, 0x0, 0x0, 0x0, 0x0, 0x0,
    0x28, 0xff, 0xff, 0xff, 0xff, 0x60, 0x0, 0x7c,
    0xff, 0xff, 0xff, 0x30, 0x0, 0x0, 0xe5, 0xff,
    0xff, 0xc2, 0x0, 0x1e, 0xff, 0xff, 0xff, 0xff,
    0x86, 0x0, 0x0, 0x0, 0x0, 0x0, 0x0, 0x0,
    0xe1, 0xff, 0xff, 0xff, 0x9c, 0x0, 0xc3, 0xff,
    0xff, 0xe8, 0x1, 0x0, 0x0, 0xa2, 0xff, 0xff,
    0xfa, 0xb, 0x5d, 0xff, 0xff, 0xff, 0xff, 0x40,
    0x0, 0x0, 0x0, 0x0, 0x0, 0x0, 0x0, 0x9b,
    0xff, 0xff, 0xff, 0xd8, 0xe, 0xfb, 0xff, 0xff,
    0xa1, 0x0, 0x0, 0x0, 0x5e, 0xff, 0xff, 0xff,
    0x49, 0x9b, 0xff, 0xff, 0xff, 0xf4, 0x6, 0x0,
    0x0, 0x0, 0x0, 0x0, 0x0, 0x0, 0x55, 0xff,
    0xff, 0xff, 0xff, 0x66, 0xff, 0xff, 0xff, 0x59,
    0x0, 0x0, 0x0, 0x1a, 0xff, 0xff, 0xff, 0x8c,
    0xd9, 0xff, 0xff, 0xff, 0xb4, 0x0, 0x0, 0x0,
    0x0, 0x0, 0x0, 0x0, 0x0, 0x11, 0xfc, 0xff,
    0xff, 0xfb, 0xa4, 0xff, 0xff, 0xfd, 0x13, 0x0,
    0x0, 0x0, 0x0, 0xd6, 0xff, 0xff, 0xb5, 0xff,
    0xff, 0xff, 0xff, 0x6e, 0x0, 0x0, 0x0, 0x0,
    0x0, 0x0, 0x0, 0x0, 0x0, 0xc7, 0xff, 0xff,
    0xc9, 0xe0, 0xff, 0xff, 0xca, 0x0, 0x0, 0x0,
    0x0, 0x0, 0x92, 0xff, 0xff, 0xb0, 0xff, 0xff,
    0xff, 0xff, 0x29, 0x0, 0x0, 0x0, 0x0, 0x0,
    0x0, 0x0, 0x0, 0x0, 0x81, 0xff, 0xff, 0xed,
    0xff, 0xff, 0xff, 0x82, 0x0, 0x0, 0x0, 0x0,
    0x0, 0x4e, 0xff, 0xff, 0xd3, 0xff, 0xff, 0xff,
    0xe2, 0x0, 0x0, 0x0, 0x0, 0x0, 0x0, 0x0,
    0x0, 0x0, 0x0, 0x3a, 0xff, 0xff, 0xff, 0xff,
    0xff, 0xff, 0x3a, 0x0, 0x0, 0x0, 0x0, 0x0,
    0xe, 0xfb, 0xff, 0xff, 0xff, 0xff, 0xff, 0x9d,
    0x0, 0x0, 0x0, 0x0, 0x0, 0x0, 0x0, 0x0,
    0x0, 0x0, 0x3, 0xf0, 0xff, 0xff, 0xff, 0xff,
    0xef, 0x3, 0x0, 0x0, 0x0, 0x0, 0x0, 0x0,
    0xc6, 0xff, 0xff, 0xff, 0xff, 0xff, 0x57, 0x0,
    0x0, 0x0, 0x0, 0x0, 0x0, 0x0, 0x0, 0x0,
    0x0, 0x0, 0x97, 0xff, 0xff, 0xff, 0xff, 0xab,
    0x0, 0x0, 0x0, 0x0, 0x0, 0x0, 0x0, 0x82,
    0xff, 0xff, 0xff, 0xff, 0xe9, 0xb, 0x0, 0x0,
    0x0, 0x0, 0x0, 0x0, 0x0, 0x0, 0x0, 0x0,
    0x0, 0x1b, 0xdc, 0xff, 0xff, 0xff, 0x63, 0x0,
    0x0, 0x0, 0x0, 0x0, 0x0, 0x0, 0x3e, 0xff,
    0xff, 0xff, 0xf5, 0x4e, 0x0, 0x0, 0x0, 0x0,
    0x0, 0x0, 0x0, 0x0, 0x0, 0x0, 0x0, 0x0,
    0x0, 0x14, 0x83, 0xd4, 0xf2, 0x1c, 0x0, 0x0,
    0x0, 0x0, 0x0, 0x0, 0x0, 0x5, 0xea, 0xda,
    0x96, 0x29, 0x0, 0x0, 0x0, 0x0, 0x0, 0x0,
    0x0,

    /* U+0078 "x" */
    0x0, 0x20, 0xb0, 0xe2, 0xf9, 0xdc, 0x7a, 0x1,
    0x0, 0x0, 0x0, 0x0, 0x0, 0x0, 0x0, 0x0,
    0x1c, 0xa5, 0xea, 0xf7, 0xd7, 0x84, 0x0, 0x0,
    0x8, 0xd5, 0xff, 0xff, 0xff, 0xff, 0x7e, 0x0,
    0x0, 0x0, 0x0, 0x0, 0x0, 0x0, 0xb, 0xd9,
    0xff, 0xff, 0xff, 0xff, 0x77, 0x0, 0x0, 0x0,
    0x30, 0xf9, 0xff, 0xff, 0xff, 0xfa, 0x2e, 0x0,
    0x0, 0x0, 0x0, 0x0, 0x0, 0x94, 0xff, 0xff,
    0xff, 0xff, 0xc0, 0x2, 0x0, 0x0, 0x0, 0x0,
    0x76, 0xff, 0xff, 0xff, 0xff, 0xcd, 0x4, 0x0,
    0x0, 0x0, 0x0, 0x42, 0xfe, 0xff, 0xff, 0xff,
    0xef, 0x1e, 0x0, 0x0, 0x0, 0x0, 0x0, 0x2,
    0xbf, 0xff, 0xff, 0xff, 0xff, 0x79, 0x0, 0x0,
    0x0, 0xd, 0xe0, 0xff, 0xff, 0xff, 0xff, 0x58,
    0x0, 0x0, 0x0, 0x0, 0x0, 0x0, 0x0, 0x1d,
    0xef, 0xff, 0xff, 0xff, 0xf8, 0x28, 0x0, 0x0,
    0x9b, 0xff, 0xff, 0xff, 0xff, 0xa3, 0x0, 0x0,
    0x0, 0x0, 0x0, 0x0, 0x0, 0x0, 0x0, 0x59,
    0xff, 0xff, 0xff, 0xff, 0xc5, 0x2, 0x48, 0xff,
    0xff, 0xff, 0xff, 0xdf, 0xe, 0x0, 0x0, 0x0,
    0x0, 0x0, 0x0, 0x0, 0x0, 0x0, 0x0, 0xa6,
    0xff, 0xff, 0xff, 0xff, 0x6f, 0xe4, 0xff, 0xff,
    0xff, 0xfc, 0x3c, 0x0, 0x0, 0x0, 0x0, 0x0,
    0x0, 0x0, 0x0, 0x0, 0x0, 0x0, 0xf, 0xe1,
    0xff, 0xff, 0xe5, 0xb5, 0xff, 0xff, 0xff, 0xff,
    0x83, 0x0, 0x0, 0x0, 0x0, 0x0, 0x0, 0x0,
    0x0, 0x0, 0x0, 0x0, 0x0, 0x0, 0x40, 0xfd,
    0xff, 0xfa, 0xff, 0xff, 0xff, 0xff, 0xca, 0x4,
    0x0, 0x0, 0x0, 0x0, 0x0, 0x0, 0x0, 0x0,
    0x0, 0x0, 0x0, 0x0, 0x0, 0x0, 0x8a, 0xff,
    0xff, 0xff, 0xff, 0xff, 0xf4, 0x25, 0x0, 0x0,
    0x0, 0x0, 0x0, 0x0, 0x0, 0x0, 0x0, 0x0,
    0x0, 0x0, 0x0, 0x0, 0x0, 0x77, 0xff, 0xff,
    0xff, 0xff, 0xff, 0xec, 0x1b, 0x0, 0x0, 0x0,
    0x0, 0x0, 0x0, 0x0, 0x0, 0x0, 0x0, 0x0,
    0x0, 0x0, 0x0, 0x38, 0xfb, 0xff, 0xff, 0xff,
    0xff, 0xff, 0xff, 0xc0, 0x3, 0x0, 0x0, 0x0,
    0x0, 0x0, 0x0, 0x0, 0x0, 0x0, 0x0, 0x0,
    0x0, 0x10, 0xe0, 0xff, 0xff, 0xff, 0xff, 0xff,
    0xff, 0xff, 0xff, 0x80, 0x0, 0x0, 0x0, 0x0,
    0x0, 0x0, 0x0, 0x0, 0x0, 0x0, 0x0, 0x0,
    0xad, 0xff, 0xff, 0xff, 0xff, 0x8a, 0xe0, 0xff,
    0xff, 0xff, 0xfd, 0x40, 0x0, 0x0, 0x0, 0x0,
    0x0, 0x0, 0x0, 0x0, 0x0, 0x0, 0x6b, 0xff,
    0xff, 0xff, 0xff, 0xca, 0x4, 0x3f, 0xfd, 0xff,
    0xff, 0xff, 0xe5, 0x14, 0x0, 0x0, 0x0, 0x0,
    0x0, 0x0, 0x0, 0x0, 0x2f, 0xf8, 0xff, 0xff,
    0xff, 0xf7, 0x28, 0x0, 0x0, 0x8c, 0xff, 0xff,
    0xff, 0xff, 0xb5, 0x1, 0x0, 0x0, 0x0, 0x0,
    0x0, 0x0, 0xb, 0xd8, 0xff, 0xff, 0xff, 0xff,
    0x70, 0x0, 0x0, 0x0, 0x7, 0xd4, 0xff, 0xff,
    0xff, 0xff, 0x74, 0x0, 0x0, 0x0, 0x0, 0x0,
    0x0, 0xa2, 0xff, 0xff, 0xff, 0xff, 0xbf, 0x1,
    0x0, 0x0, 0x0, 0x0, 0x30, 0xfa, 0xff, 0xff,
    0xff, 0xfa, 0x36, 0x0, 0x0, 0x0, 0x0, 0x5f,
    0xff, 0xff, 0xff, 0xff, 0xf2, 0x20, 0x0, 0x0,
    0x0, 0x0, 0x0, 0x0, 0x7a, 0xff, 0xff, 0xff,
    0xff, 0xde, 0xf, 0x0, 0x0, 0x27, 0xf4, 0xff,
    0xff, 0xff, 0xff, 0x62, 0x0, 0x0, 0x0, 0x0,
    0x0, 0x0, 0x0, 0x3, 0xc6, 0xff, 0xff, 0xff,
    0xff, 0xaa, 0x0, 0x7, 0xd0, 0xff, 0xff, 0xff,
    0xff, 0xb3, 0x0, 0x0, 0x0, 0x0, 0x0, 0x0,
    0x0, 0x0, 0x0, 0x24, 0xf3, 0xff, 0xff, 0xff,
    0xff, 0x67, 0x3, 0x71, 0xcc, 0xf3, 0xea, 0x98,
    0xc, 0x0, 0x0, 0x0, 0x0, 0x0, 0x0, 0x0,
    0x0, 0x0, 0x0, 0x38, 0xbc, 0xf4, 0xeb, 0xb7,
    0x36,

    /* U+0079 "y" */
    0xe, 0xcd, 0xf2, 0xf1, 0xb9, 0x3a, 0x0, 0x0,
    0x0, 0x0, 0x0, 0x0, 0x0, 0x0, 0x0, 0x0,
    0x0, 0x0, 0x3b, 0xbb, 0xf2, 0xf0, 0xc9, 0xa,
    0x0, 0xc0, 0xff, 0xff, 0xff, 0xfb, 0x32, 0x0,
    0x0, 0x0, 0x0, 0x0, 0x0, 0x0, 0x0, 0x0,
    0x0, 0x36, 0xfb, 0xff, 0xff, 0xff, 0xb8, 0x0,
    0x0, 0x55, 0xff, 0xff, 0xff, 0xff, 0xae, 0x0,
    0x0, 0x0, 0x0, 0x0, 0x0, 0x0, 0x0, 0x0,
    0x0, 0xb8, 0xff, 0xff, 0xff, 0xff, 0x4e, 0x0,
    0x0, 0x4, 0xe5, 0xff, 0xff, 0xff, 0xfa, 0x16,
    0x0, 0x0, 0x0, 0x0, 0x0, 0x0, 0x0, 0x0,
    0x1f, 0xfd, 0xff, 0xff, 0xff, 0xe1, 0x2, 0x0,
    0x0, 0x0, 0x80, 0xff, 0xff, 0xff, 0xff, 0x74,
    0x0, 0x0, 0x0, 0x0, 0x0, 0x0, 0x0, 0x0,
    0x83, 0xff, 0xff, 0xff, 0xff, 0x7a, 0x0, 0x0,
    0x0, 0x0, 0x1a, 0xfb, 0xff, 0xff, 0xff, 0xd7,
    0x0, 0x0, 0x0, 0x0, 0x0, 0x0, 0x0, 0x3,
    0xe4, 0xff, 0xff, 0xff, 0xf9, 0x16, 0x0, 0x0,
    0x0, 0x0, 0x0, 0xaa, 0xff, 0xff, 0xff, 0xff,
    0x3b, 0x0, 0x0, 0x0, 0x0, 0x0, 0x0, 0x4f,
    0xff, 0xff, 0xff, 0xff, 0xa5, 0x0, 0x0, 0x0,
    0x0, 0x0, 0x0, 0x40, 0xff, 0xff, 0xff, 0xff,
    0x9f, 0x0, 0x0, 0x0, 0x0, 0x0, 0x0, 0xb5,
    0xff, 0xff, 0xff, 0xff, 0x3b, 0x0, 0x0, 0x0,
    0x0, 0x0, 0x0, 0x0, 0xd4, 0xff, 0xff, 0xff,
    0xf4, 0xd, 0x0, 0x0, 0x0, 0x0, 0x1d, 0xfd,
    0xff, 0xff, 0xff, 0xd1, 0x0, 0x0, 0x0, 0x0,
    0x0, 0x0, 0x0, 0x0, 0x6a, 0xff, 0xff, 0xff,
    0xff, 0x66, 0x0, 0x0, 0x0, 0x0, 0x80, 0xff,
    0xff, 0xff, 0xff, 0x67, 0x0, 0x0, 0x0, 0x0,
    0x0, 0x0, 0x0, 0x0, 0xd, 0xf2, 0xff, 0xff,
    0xff, 0xc9, 0x0, 0x0, 0x0, 0x2, 0xe2, 0xff,
    0xff, 0xff, 0xf1, 0xc, 0x0, 0x0, 0x0, 0x0,
    0x0, 0x0, 0x0, 0x0, 0x0, 0x95, 0xff, 0xff,
    0xff, 0xff, 0x2c, 0x0, 0x0, 0x4c, 0xff, 0xff,
    0xff, 0xff, 0x93, 0x0, 0x0, 0x0, 0x0, 0x0,
    0x0, 0x0, 0x0, 0x0, 0x0, 0x2b, 0xff, 0xff,
    0xff, 0xff, 0x90, 0x0, 0x0, 0xb1, 0xff, 0xff,
    0xff, 0xff, 0x2a, 0x0, 0x0, 0x0, 0x0, 0x0,
    0x0, 0x0, 0x0, 0x0, 0x0, 0x0, 0xc0, 0xff,
    0xff, 0xff, 0xec, 0x7, 0x1a, 0xfc, 0xff, 0xff,
    0xff, 0xbf, 0x0, 0x0, 0x0, 0x0, 0x0, 0x0,
    0x0, 0x0, 0x0, 0x0, 0x0, 0x0, 0x55, 0xff,
    0xff, 0xff, 0xff, 0x57, 0x7d, 0xff, 0xff, 0xff,
    0xff, 0x55, 0x0, 0x0, 0x0, 0x0, 0x0, 0x0,
    0x0, 0x0, 0x0, 0x0, 0x0, 0x0, 0x4, 0xe5,
    0xff, 0xff, 0xff, 0x9a, 0xe0, 0xff, 0xff, 0xff,
    0xe6, 0x5, 0x0, 0x0, 0x0, 0x0, 0x0, 0x0,
    0x0, 0x0, 0x0, 0x0, 0x0, 0x0, 0x0, 0x80,
    0xff, 0xff, 0xff, 0x96, 0xff, 0xff, 0xff, 0xff,
    0x81, 0x0, 0x0, 0x0, 0x0, 0x0, 0x0, 0x0,
    0x0, 0x0, 0x0, 0x0, 0x0, 0x0, 0x0, 0x1a,
    0xfb, 0xff, 0xff, 0xd8, 0xff, 0xff, 0xff, 0xfb,
    0x1b, 0x0, 0x0, 0x0, 0x0, 0x0, 0x0, 0x0,
    0x0, 0x0, 0x0, 0x0, 0x0, 0x0, 0x0, 0x0,
    0xaa, 0xff, 0xff, 0xff, 0xff, 0xff, 0xff, 0xad,
    0x0, 0x0, 0x0, 0x0, 0x0, 0x0, 0x0, 0x0,
    0x0, 0x0, 0x0, 0x0, 0x0, 0x0, 0x0, 0x0,
    0x40, 0xff, 0xff, 0xff, 0xff, 0xff, 0xff, 0x43,
    0x0, 0x0, 0x0, 0x0, 0x0, 0x0, 0x0, 0x0,
    0x0, 0x0, 0x0, 0x0, 0x0, 0x0, 0x0, 0x0,
    0x0, 0xd4, 0xff, 0xff, 0xff, 0xff, 0xd8, 0x0,
    0x0, 0x0, 0x0, 0x0, 0x0, 0x0, 0x0, 0x0,
    0x0, 0x0, 0x0, 0x0, 0x0, 0x0, 0x0, 0x0,
    0x0, 0x88, 0xff, 0xff, 0xff, 0xff, 0x6f, 0x0,
    0x0, 0x0, 0x0, 0x0, 0x0, 0x0, 0x0, 0x0,
    0x0, 0x0, 0x0, 0x0, 0x0, 0x0, 0x0, 0x0,
    0x3, 0xdf, 0xff, 0xff, 0xff, 0xf5, 0x10, 0x0,
    0x0, 0x0, 0x0, 0x0, 0x0, 0x0, 0x0, 0x0,
    0x0, 0x0, 0x0, 0x0, 0x0, 0x0, 0x0, 0x0,
    0x5a, 0xff, 0xff, 0xff, 0xff, 0x9b, 0x0, 0x0,
    0x0, 0x0, 0x0, 0x0, 0x0, 0x0, 0x0, 0x0,
    0x0, 0x0, 0x0, 0x0, 0x0, 0x0, 0x0, 0x2,
    0xd4, 0xff, 0xff, 0xff, 0xff, 0x31, 0x0, 0x0,
    0x0, 0x0, 0x0, 0x0, 0x0, 0x0, 0x0, 0x0,
    0x0, 0x0, 0x0, 0x0, 0x0, 0x0, 0x0, 0x66,
    0xff, 0xff, 0xff, 0xff, 0xbf, 0x0, 0x0, 0x0,
    0x0, 0x0, 0x0, 0x0, 0x0, 0x0, 0x0, 0x0,
    0x0, 0x0, 0x0, 0x0, 0x0, 0x0, 0x28, 0xf1,
    0xff, 0xff, 0xff, 0xff, 0x47, 0x0, 0x0, 0x0,
    0x0, 0x0, 0x0, 0x0, 0x0, 0x0, 0x0, 0x0,
    0x0, 0x19, 0x18, 0x9, 0x26, 0x6e, 0xef, 0xff,
    0xff, 0xff, 0xff, 0xbb, 0x0, 0x0, 0x0, 0x0,
    0x0, 0x0, 0x0, 0x0, 0x0, 0x0, 0x0, 0x0,
    0x0, 0x6e, 0xff, 0xff, 0xff, 0xff, 0xff, 0xff,
    0xff, 0xff, 0xf4, 0x24, 0x0, 0x0, 0x0, 0x0,
    0x0, 0x0, 0x0, 0x0, 0x0, 0x0, 0x0, 0x0,
    0x0, 0x41, 0xff, 0xff, 0xff, 0xff, 0xff, 0xff,
    0xff, 0xfd, 0x55, 0x0, 0x0, 0x0, 0x0, 0x0,
    0x0, 0x0, 0x0, 0x0, 0x0, 0x0, 0x0, 0x0,
    0x0, 0x1, 0xcd, 0xff, 0xff, 0xff, 0xff, 0xff,
    0xf4, 0x58, 0x0, 0x0, 0x0, 0x0, 0x0, 0x0,
    0x0, 0x0, 0x0, 0x0, 0x0, 0x0, 0x0, 0x0,
    0x0, 0x0, 0x1f, 0xb3, 0xf5, 0xf5, 0xd4, 0x8b,
    0x1c, 0x0, 0x0, 0x0, 0x0, 0x0, 0x0, 0x0,
    0x0, 0x0, 0x0, 0x0, 0x0, 0x0, 0x0, 0x0,

    /* U+007A "z" */
    0x0, 0x6c, 0xff, 0xff, 0xff, 0xff, 0xff, 0xff,
    0xff, 0xff, 0xff, 0xff, 0xff, 0xff, 0xff, 0xff,
    0xff, 0xff, 0xfe, 0xd3, 0x29, 0x0, 0x42, 0xff,
    0xff, 0xff, 0xff, 0xff, 0xff, 0xff, 0xff, 0xff,
    0xff, 0xff, 0xff, 0xff, 0xff, 0xff, 0xff, 0xff,
    0xff, 0xa4, 0x0, 0x1, 0xd1, 0xff, 0xff, 0xff,
    0xff, 0xff, 0xff, 0xff, 0xff, 0xff, 0xff, 0xff,
    0xe4, 0xef, 0xff, 0xff, 0xff, 0xff, 0x9f, 0x0,
    0x0, 0x1d, 0xa4, 0xd3, 0xd8, 0xd8, 0xd8, 0xd8,
    0xd8, 0xd8, 0xd8, 0xd8, 0xd2, 0x9c, 0xff, 0xff,
    0xff, 0xff, 0xf2, 0x27, 0x0, 0x0, 0x0, 0x0,
    0x0, 0x0, 0x0, 0x0, 0x0, 0x0, 0x0, 0x0,
    0x0, 0x45, 0xfc, 0xff, 0xff, 0xff, 0xfd, 0x4c,
    0x0, 0x0, 0x0, 0x0, 0x0, 0x0, 0x0, 0x0,
    0x0, 0x0, 0x0, 0x0, 0x0, 0x25, 0xef, 0xff,
    0xff, 0xff, 0xff, 0x76, 0x0, 0x0, 0x0, 0x0,
    0x0, 0x0, 0x0, 0x0, 0x0, 0x0, 0x0, 0x0,
    0x0, 0x10, 0xd8, 0xff, 0xff, 0xff, 0xff, 0xa3,
    0x0, 0x0, 0x0, 0x0, 0x0, 0x0, 0x0, 0x0,
    0x0, 0x0, 0x0, 0x0, 0x0, 0x3, 0xb8, 0xff,
    0xff, 0xff, 0xff, 0xc8, 0x7, 0x0, 0x0, 0x0,
    0x0, 0x0, 0x0, 0x0, 0x0, 0x0, 0x0, 0x0,
    0x0, 0x0, 0x8f, 0xff, 0xff, 0xff, 0xff, 0xe3,
    0x18, 0x0, 0x0, 0x0, 0x0, 0x0, 0x0, 0x0,
    0x0, 0x0, 0x0, 0x0, 0x0, 0x0, 0x62, 0xff,
    0xff, 0xff, 0xff, 0xf6, 0x32, 0x0, 0x0, 0x0,
    0x0, 0x0, 0x0, 0x0, 0x0, 0x0, 0x0, 0x0,
    0x0, 0x0, 0x3b, 0xf9, 0xff, 0xff, 0xff, 0xff,
    0x56, 0x0, 0x0, 0x0, 0x0, 0x0, 0x0, 0x0,
    0x0, 0x0, 0x0, 0x0, 0x0, 0x0, 0x1e, 0xe9,
    0xff, 0xff, 0xff, 0xff, 0x81, 0x0, 0x0, 0x0,
    0x0, 0x0, 0x0, 0x0, 0x0, 0x0, 0x0, 0x0,
    0x0, 0x0, 0xb, 0xd0, 0xff, 0xff, 0xff, 0xff,
    0xad, 0x1, 0x0, 0x0, 0x0, 0x0, 0x0, 0x0,
    0x0, 0x0, 0x0, 0x0, 0x0, 0x0, 0x1, 0xad,
    0xff, 0xff, 0xff, 0xff, 0xcf, 0xb, 0x0, 0x0,
    0x0, 0x0, 0x0, 0x0, 0x0, 0x0, 0x0, 0x0,
    0x0, 0x0, 0x0, 0x82, 0xff, 0xff, 0xff, 0xff,
    0xe8, 0x1d, 0x0, 0x0, 0x0, 0x0, 0x0, 0x0,
    0x0, 0x0, 0x0, 0x0, 0x0, 0x0, 0x0, 0x56,
    0xff, 0xff, 0xff, 0xff, 0xf9, 0x3a, 0x0, 0x0,
    0x0, 0x0, 0x0, 0x0, 0x0, 0x0, 0x0, 0x0,
    0x0, 0x0, 0x0, 0x32, 0xf6, 0xff, 0xff, 0xff,
    0xff, 0x60, 0x0, 0x0, 0x0, 0x0, 0x0, 0x0,
    0x0, 0x0, 0x0, 0x0, 0x0, 0x0, 0x0, 0x18,
    0xe3, 0xff, 0xff, 0xff, 0xff, 0x8c, 0x0, 0x0,
    0x0, 0x0, 0x0, 0x0, 0x0, 0x0, 0x0, 0x0,
    0x0, 0x0, 0x0, 0x7, 0xc7, 0xff, 0xff, 0xff,
    0xff, 0xb6, 0x2, 0x0, 0x0, 0x0, 0x0, 0x0,
    0x0, 0x0, 0x0, 0x0, 0x0, 0x0, 0x0, 0x0,
    0x9e, 0xff, 0xff, 0xff, 0xff, 0xd6, 0x99, 0xd8,
    0xd8, 0xd8, 0xd8, 0xd8, 0xd8, 0xd8, 0xd8, 0xd8,
    0xd7, 0xbd, 0x48, 0x0, 0x21, 0xff, 0xff, 0xff,
    0xff, 0xff, 0xce, 0xff, 0xff, 0xff, 0xff, 0xff,
    0xff, 0xff, 0xff, 0xff, 0xff, 0xff, 0xff, 0xfb,
    0x27, 0x14, 0xfb, 0xff, 0xff, 0xff, 0xff, 0xff,
    0xff, 0xff, 0xff, 0xff, 0xff, 0xff, 0xff, 0xff,
    0xff, 0xff, 0xff, 0xff, 0xff, 0x8f, 0x0, 0x6e,
    0xf1, 0xff, 0xff, 0xff, 0xff, 0xff, 0xff, 0xff,
    0xff, 0xff, 0xff, 0xff, 0xff, 0xff, 0xff, 0xff,
    0xff, 0xff, 0xb8,

    /* U+007B "{" */
    0x0, 0x0, 0x0, 0x0, 0x0, 0x0, 0x0, 0x17,
    0x63, 0x86, 0x90, 0x90, 0x90, 0x90, 0x8f, 0x0,
    0x0, 0x0, 0x0, 0x0, 0x0, 0x0, 0x65, 0xf5,
    0xff, 0xff, 0xff, 0xff, 0xff, 0xff, 0xf5, 0x0,
    0x0, 0x0, 0x0, 0x0, 0x0, 0x42, 0xfe, 0xff,
    0xff, 0xff, 0xff, 0xff, 0xff, 0xff, 0xcf, 0x0,
    0x0, 0x0, 0x0, 0x0, 0x0, 0xbe, 0xff, 0xff,
    0xff, 0xff, 0xff, 0xff, 0xff, 0xff, 0x7e, 0x0,
    0x0, 0x0, 0x0, 0x0, 0x9, 0xfb, 0xff, 0xff,
    0xff, 0xff, 0xff, 0xff, 0xf7, 0xa8, 0x9, 0x0,
    0x0, 0x0, 0x0, 0x0, 0x25, 0xff, 0xff, 0xff,
    0xff, 0xff, 0x94, 0x6, 0x0, 0x0, 0x0, 0x0,
    0x0, 0x0, 0x0, 0x0, 0x2f, 0xff, 0xff, 0xff,
    0xff, 0xff, 0x42, 0x0, 0x0, 0x0, 0x0, 0x0,
    0x0, 0x0, 0x0, 0x0, 0x30, 0xff, 0xff, 0xff,
    0xff, 0xff, 0x40, 0x0, 0x0, 0x0, 0x0, 0x0,
    0x0, 0x0, 0x0, 0x0, 0x30, 0xff, 0xff, 0xff,
    0xff, 0xff, 0x40, 0x0, 0x0, 0x0, 0x0, 0x0,
    0x0, 0x0, 0x0, 0x0, 0x30, 0xff, 0xff, 0xff,
    0xff, 0xff, 0x40, 0x0, 0x0, 0x0, 0x0, 0x0,
    0x0, 0x0, 0x0, 0x0, 0x30, 0xff, 0xff, 0xff,
    0xff, 0xff, 0x40, 0x0, 0x0, 0x0, 0x0, 0x0,
    0x0, 0x0, 0x0, 0x0, 0x30, 0xff, 0xff, 0xff,
    0xff, 0xff, 0x40, 0x0, 0x0, 0x0, 0x0, 0x0,
    0x0, 0x0, 0x0, 0x0, 0x30, 0xff, 0xff, 0xff,
    0xff, 0xff, 0x40, 0x0, 0x0, 0x0, 0x0, 0x0,
    0x0, 0x0, 0x0, 0x0, 0x30, 0xff, 0xff, 0xff,
    0xff, 0xff, 0x40, 0x0, 0x0, 0x0, 0x0, 0x0,
    0x0, 0x0, 0x0, 0x0, 0x33, 0xff, 0xff, 0xff,
    0xff, 0xff, 0x3a, 0x0, 0x0, 0x0, 0x0, 0x0,
    0x0, 0x0, 0x0, 0x0, 0x4d, 0xff, 0xff, 0xff,
    0xff, 0xff, 0x25, 0x0, 0x0, 0x0, 0x0, 0x0,
    0x0, 0x0, 0x0, 0x0, 0xaa, 0xff, 0xff, 0xff,
    0xff, 0xf1, 0x5, 0x0, 0x0, 0x0, 0x0, 0x0,
    0x0, 0x1b, 0x78, 0xbb, 0xff, 0xff, 0xff, 0xff,
    0xff, 0xa2, 0x0, 0x0, 0x0, 0x0, 0x0, 0x0,
    0x5, 0xdd, 0xff, 0xff, 0xff, 0xff, 0xff, 0xff,
    0xed, 0x1a, 0x0, 0x0, 0x0, 0x0, 0x0, 0x0,
    0x28, 0xff, 0xff, 0xff, 0xff, 0xff, 0xff, 0xeb,
    0x25, 0x0, 0x0, 0x0, 0x0, 0x0, 0x0, 0x0,
    0x15, 0xfd, 0xff, 0xff, 0xff, 0xff, 0xff, 0xff,
    0x99, 0x1, 0x0, 0x0, 0x0, 0x0, 0x0, 0x0,
    0x0, 0x78, 0xf2, 0xff, 0xff, 0xff, 0xff, 0xff,
    0xff, 0x66, 0x0, 0x0, 0x0, 0x0, 0x0, 0x0,
    0x0, 0x0, 0x2, 0x36, 0xe3, 0xff, 0xff, 0xff,
    0xff, 0xd6, 0x0, 0x0, 0x0, 0x0, 0x0, 0x0,
    0x0, 0x0, 0x0, 0x0, 0x6b, 0xff, 0xff, 0xff,
    0xff, 0xff, 0x18, 0x0, 0x0, 0x0, 0x0, 0x0,
    0x0, 0x0, 0x0, 0x0, 0x3c, 0xff, 0xff, 0xff,
    0xff, 0xff, 0x30, 0x0, 0x0, 0x0, 0x0, 0x0,
    0x0, 0x0, 0x0, 0x0, 0x30, 0xff, 0xff, 0xff,
    0xff, 0xff, 0x3f, 0x0, 0x0, 0x0, 0x0, 0x0,
    0x0, 0x0, 0x0, 0x0, 0x30, 0xff, 0xff, 0xff,
    0xff, 0xff, 0x40, 0x0, 0x0, 0x0, 0x0, 0x0,
    0x0, 0x0, 0x0, 0x0, 0x30, 0xff, 0xff, 0xff,
    0xff, 0xff, 0x40, 0x0, 0x0, 0x0, 0x0, 0x0,
    0x0, 0x0, 0x0, 0x0, 0x30, 0xff, 0xff, 0xff,
    0xff, 0xff, 0x40, 0x0, 0x0, 0x0, 0x0, 0x0,
    0x0, 0x0, 0x0, 0x0, 0x30, 0xff, 0xff, 0xff,
    0xff, 0xff, 0x40, 0x0, 0x0, 0x0, 0x0, 0x0,
    0x0, 0x0, 0x0, 0x0, 0x30, 0xff, 0xff, 0xff,
    0xff, 0xff, 0x40, 0x0, 0x0, 0x0, 0x0, 0x0,
    0x0, 0x0, 0x0, 0x0, 0x30, 0xff, 0xff, 0xff,
    0xff, 0xff, 0x40, 0x0, 0x0, 0x0, 0x0, 0x0,
    0x0, 0x0, 0x0, 0x0, 0x30, 0xff, 0xff, 0xff,
    0xff, 0xff, 0x40, 0x0, 0x0, 0x0, 0x0, 0x0,
    0x0, 0x0, 0x0, 0x0, 0x2b, 0xff, 0xff, 0xff,
    0xff, 0xff, 0x59, 0x0, 0x0, 0x0, 0x0, 0x0,
    0x0, 0x0, 0x0, 0x0, 0x16, 0xff, 0xff, 0xff,
    0xff, 0xff, 0xe9, 0x95, 0x86, 0x39, 0x0, 0x0,
    0x0, 0x0, 0x0, 0x0, 0x0, 0xe0, 0xff, 0xff,
    0xff, 0xff, 0xff, 0xff, 0xff, 0xfd, 0x40, 0x0,
    0x0, 0x0, 0x0, 0x0, 0x0, 0x7e, 0xff, 0xff,
    0xff, 0xff, 0xff, 0xff, 0xff, 0xff, 0xb2, 0x0,
    0x0, 0x0, 0x0, 0x0, 0x0, 0x8, 0xc7, 0xff,
    0xff, 0xff, 0xff, 0xff, 0xff, 0xff, 0xe9, 0x0,
    0x0, 0x0, 0x0, 0x0, 0x0, 0x0, 0xa, 0x7d,
    0xd4, 0xf7, 0xff, 0xff, 0xff, 0xff, 0xfd, 0x0,

    /* U+007C "|" */
    0x0, 0x0, 0x1f, 0x92, 0xd6, 0xf6, 0x23, 0x0,
    0x3e, 0xf3, 0xff, 0xff, 0xff, 0x24, 0x0, 0xda,
    0xff, 0xff, 0xff, 0xff, 0x24, 0x1d, 0xff, 0xff,
    0xff, 0xff, 0xff, 0x24, 0x2b, 0xff, 0xff, 0xff,
    0xff, 0xff, 0x24, 0x2c, 0xff, 0xff, 0xff, 0xff,
    0xff, 0x24, 0x2c, 0xff, 0xff, 0xff, 0xff, 0xff,
    0x24, 0x2c, 0xff, 0xff, 0xff, 0xff, 0xff, 0x24,
    0x2c, 0xff, 0xff, 0xff, 0xff, 0xff, 0x24, 0x2c,
    0xff, 0xff, 0xff, 0xff, 0xff, 0x24, 0x2c, 0xff,
    0xff, 0xff, 0xff, 0xff, 0x24, 0x2c, 0xff, 0xff,
    0xff, 0xff, 0xff, 0x24, 0x2c, 0xff, 0xff, 0xff,
    0xff, 0xff, 0x24, 0x2c, 0xff, 0xff, 0xff, 0xff,
    0xff, 0x24, 0x2c, 0xff, 0xff, 0xff, 0xff, 0xff,
    0x24, 0x2c, 0xff, 0xff, 0xff, 0xff, 0xff, 0x24,
    0x2c, 0xff, 0xff, 0xff, 0xff, 0xff, 0x24, 0x2c,
    0xff, 0xff, 0xff, 0xff, 0xff, 0x24, 0x2c, 0xff,
    0xff, 0xff, 0xff, 0xff, 0x24, 0x2c, 0xff, 0xff,
    0xff, 0xff, 0xff, 0x24, 0x2c, 0xff, 0xff, 0xff,
    0xff, 0xff, 0x24, 0x2c, 0xff, 0xff, 0xff, 0xff,
    0xff, 0x24, 0x2c, 0xff, 0xff, 0xff, 0xff, 0xff,
    0x24, 0x2c, 0xff, 0xff, 0xff, 0xff, 0xff, 0x24,
    0x2c, 0xff, 0xff, 0xff, 0xff, 0xff, 0x24, 0x2c,
    0xff, 0xff, 0xff, 0xff, 0xff, 0x24, 0x2c, 0xff,
    0xff, 0xff, 0xff, 0xff, 0x24, 0x2c, 0xff, 0xff,
    0xff, 0xff, 0xff, 0x24, 0x2c, 0xff, 0xff, 0xff,
    0xff, 0xff, 0x24, 0x2c, 0xff, 0xff, 0xff, 0xff,
    0xff, 0x24, 0x2c, 0xff, 0xff, 0xff, 0xff, 0xff,
    0x24, 0x2c, 0xff, 0xff, 0xff, 0xff, 0xff, 0x24,
    0x2c, 0xff, 0xff, 0xff, 0xff, 0xff, 0x24, 0x2c,
    0xff, 0xff, 0xff, 0xff, 0xff, 0x24, 0x2c, 0xff,
    0xff, 0xff, 0xff, 0xff, 0x24, 0x2c, 0xff, 0xff,
    0xff, 0xff, 0xff, 0x24, 0x2c, 0xff, 0xff, 0xff,
    0xff, 0xff, 0x24, 0x2c, 0xff, 0xff, 0xff, 0xff,
    0xff, 0x23, 0x2c, 0xff, 0xff, 0xff, 0xff, 0xff,
    0x15, 0x2c, 0xff, 0xff, 0xff, 0xff, 0xd7, 0x0,
    0x2c, 0xff, 0xff, 0xff, 0xf5, 0x3f, 0x0, 0x2b,
    0xf7, 0xd9, 0x95, 0x23, 0x0, 0x0,

    /* U+007D "}" */
    0x1b, 0x90, 0x90, 0x90, 0x90, 0x8f, 0x82, 0x56,
    0xb, 0x0, 0x0, 0x0, 0x0, 0x0, 0x0, 0x0,
    0x26, 0xff, 0xff, 0xff, 0xff, 0xff, 0xff, 0xff,
    0xe6, 0x3a, 0x0, 0x0, 0x0, 0x0, 0x0, 0x0,
    0x7, 0xf9, 0xff, 0xff, 0xff, 0xff, 0xff, 0xff,
    0xff, 0xed, 0x18, 0x0, 0x0, 0x0, 0x0, 0x0,
    0x0, 0xaf, 0xff, 0xff, 0xff, 0xff, 0xff, 0xff,
    0xff, 0xff, 0x84, 0x0, 0x0, 0x0, 0x0, 0x0,
    0x0, 0x1c, 0xc0, 0xfa, 0xff, 0xff, 0xff, 0xff,
    0xff, 0xff, 0xca, 0x0, 0x0, 0x0, 0x0, 0x0,
    0x0, 0x0, 0x0, 0x0, 0xd, 0xbf, 0xff, 0xff,
    0xff, 0xff, 0xec, 0x0, 0x0, 0x0, 0x0, 0x0,
    0x0, 0x0, 0x0, 0x0, 0x0, 0x73, 0xff, 0xff,
    0xff, 0xff, 0xf7, 0x0, 0x0, 0x0, 0x0, 0x0,
    0x0, 0x0, 0x0, 0x0, 0x0, 0x70, 0xff, 0xff,
    0xff, 0xff, 0xf8, 0x0, 0x0, 0x0, 0x0, 0x0,
    0x0, 0x0, 0x0, 0x0, 0x0, 0x70, 0xff, 0xff,
    0xff, 0xff, 0xf8, 0x0, 0x0, 0x0, 0x0, 0x0,
    0x0, 0x0, 0x0, 0x0, 0x0, 0x70, 0xff, 0xff,
    0xff, 0xff, 0xf8, 0x0, 0x0, 0x0, 0x0, 0x0,
    0x0, 0x0, 0x0, 0x0, 0x0, 0x70, 0xff, 0xff,
    0xff, 0xff, 0xf8, 0x0, 0x0, 0x0, 0x0, 0x0,
    0x0, 0x0, 0x0, 0x0, 0x0, 0x70, 0xff, 0xff,
    0xff, 0xff, 0xf8, 0x0, 0x0, 0x0, 0x0, 0x0,
    0x0, 0x0, 0x0, 0x0, 0x0, 0x70, 0xff, 0xff,
    0xff, 0xff, 0xf8, 0x0, 0x0, 0x0, 0x0, 0x0,
    0x0, 0x0, 0x0, 0x0, 0x0, 0x70, 0xff, 0xff,
    0xff, 0xff, 0xf8, 0x0, 0x0, 0x0, 0x0, 0x0,
    0x0, 0x0, 0x0, 0x0, 0x0, 0x6a, 0xff, 0xff,
    0xff, 0xff, 0xfa, 0x0, 0x0, 0x0, 0x0, 0x0,
    0x0, 0x0, 0x0, 0x0, 0x0, 0x57, 0xff, 0xff,
    0xff, 0xff, 0xff, 0x14, 0x0, 0x0, 0x0, 0x0,
    0x0, 0x0, 0x0, 0x0, 0x0, 0x29, 0xff, 0xff,
    0xff, 0xff, 0xff, 0x6f, 0x0, 0x0, 0x0, 0x0,
    0x0, 0x0, 0x0, 0x0, 0x0, 0x0, 0xd6, 0xff,
    0xff, 0xff, 0xff, 0xfc, 0xa5, 0x6d, 0xb, 0x0,
    0x0, 0x0, 0x0, 0x0, 0x0, 0x0, 0x3e, 0xfb,
    0xff, 0xff, 0xff, 0xff, 0xff, 0xff, 0xb0, 0x0,
    0x0, 0x0, 0x0, 0x0, 0x0, 0x0, 0x0, 0x42,
    0xfb, 0xff, 0xff, 0xff, 0xff, 0xff, 0xf7, 0x0,
    0x0, 0x0, 0x0, 0x0, 0x0, 0x0, 0xd, 0xbc,
    0xff, 0xff, 0xff, 0xff, 0xff, 0xff, 0xe1, 0x0,
    0x0, 0x0, 0x0, 0x0, 0x0, 0x0, 0x99, 0xff,
    0xff, 0xff, 0xff, 0xff, 0xff, 0xe9, 0x4f, 0x0,
    0x0, 0x0, 0x0, 0x0, 0x0, 0xe, 0xfa, 0xff,
    0xff, 0xff, 0xff, 0xc1, 0x21, 0x0, 0x0, 0x0,
    0x0, 0x0, 0x0, 0x0, 0x0, 0x49, 0xff, 0xff,
    0xff, 0xff, 0xff, 0x31, 0x0, 0x0, 0x0, 0x0,
    0x0, 0x0, 0x0, 0x0, 0x0, 0x62, 0xff, 0xff,
    0xff, 0xff, 0xfe, 0x5, 0x0, 0x0, 0x0, 0x0,
    0x0, 0x0, 0x0, 0x0, 0x0, 0x6f, 0xff, 0xff,
    0xff, 0xff, 0xf8, 0x0, 0x0, 0x0, 0x0, 0x0,
    0x0, 0x0, 0x0, 0x0, 0x0, 0x70, 0xff, 0xff,
    0xff, 0xff, 0xf8, 0x0, 0x0, 0x0, 0x0, 0x0,
    0x0, 0x0, 0x0, 0x0, 0x0, 0x70, 0xff, 0xff,
    0xff, 0xff, 0xf8, 0x0, 0x0, 0x0, 0x0, 0x0,
    0x0, 0x0, 0x0, 0x0, 0x0, 0x70, 0xff, 0xff,
    0xff, 0xff, 0xf8, 0x0, 0x0, 0x0, 0x0, 0x0,
    0x0, 0x0, 0x0, 0x0, 0x0, 0x70, 0xff, 0xff,
    0xff, 0xff, 0xf8, 0x0, 0x0, 0x0, 0x0, 0x0,
    0x0, 0x0, 0x0, 0x0, 0x0, 0x70, 0xff, 0xff,
    0xff, 0xff, 0xf8, 0x0, 0x0, 0x0, 0x0, 0x0,
    0x0, 0x0, 0x0, 0x0, 0x0, 0x70, 0xff, 0xff,
    0xff, 0xff, 0xf8, 0x0, 0x0, 0x0, 0x0, 0x0,
    0x0, 0x0, 0x0, 0x0, 0x0, 0x70, 0xff, 0xff,
    0xff, 0xff, 0xf8, 0x0, 0x0, 0x0, 0x0, 0x0,
    0x0, 0x0, 0x0, 0x0, 0x0, 0x8b, 0xff, 0xff,
    0xff, 0xff, 0xf2, 0x0, 0x0, 0x0, 0x0, 0x0,
    0x0, 0x0, 0x4e, 0x8a, 0x9c, 0xf7, 0xff, 0xff,
    0xff, 0xff, 0xde, 0x0, 0x0, 0x0, 0x0, 0x0,
    0x0, 0x6e, 0xff, 0xff, 0xff, 0xff, 0xff, 0xff,
    0xff, 0xff, 0xab, 0x0, 0x0, 0x0, 0x0, 0x0,
    0x0, 0xe2, 0xff, 0xff, 0xff, 0xff, 0xff, 0xff,
    0xff, 0xff, 0x4b, 0x0, 0x0, 0x0, 0x0, 0x0,
    0x19, 0xff, 0xff, 0xff, 0xff, 0xff, 0xff, 0xff,
    0xff, 0xa2, 0x0, 0x0, 0x0, 0x0, 0x0, 0x0,
    0x2f, 0xff, 0xff, 0xff, 0xff, 0xff, 0xf4, 0xc9,
    0x68, 0x2, 0x0, 0x0, 0x0, 0x0, 0x0, 0x0,

    /* U+007E "~" */
    0x0, 0x0, 0x0, 0x1e, 0x6b, 0x96, 0xa3, 0x99,
    0x7b, 0x46, 0x7, 0x0, 0x0, 0x0, 0x0, 0x0,
    0x0, 0x0, 0x0, 0x0, 0x0, 0x0, 0xf, 0x34,
    0x0, 0x0, 0x0, 0x5, 0x90, 0xfc, 0xff, 0xff,
    0xff, 0xff, 0xff, 0xff, 0xf3, 0xa6, 0x49, 0x4,
    0x0, 0x0, 0x0, 0x0, 0x0, 0x0, 0x0, 0x3,
    0xb3, 0xfb, 0x4d, 0x0, 0x0, 0x97, 0xff, 0xff,
    0xff, 0xff, 0xff, 0xff, 0xff, 0xff, 0xff, 0xff,
    0xff, 0xe7, 0x8a, 0x33, 0x0, 0x0, 0x0, 0x0,
    0x29, 0xbf, 0xff, 0xff, 0xdf, 0x0, 0xd, 0xfb,
    0xff, 0xff, 0xff, 0xff, 0xff, 0xff, 0xff, 0xff,
    0xff, 0xff, 0xff, 0xff, 0xff, 0xff, 0xed, 0xc3,
    0xbb, 0xd8, 0xff, 0xff, 0xff, 0xff, 0xfe, 0x5,
    0x1f, 0xff, 0xff, 0xff, 0xff, 0xff, 0xff, 0xff,
    0xff, 0xff, 0xff, 0xff, 0xff, 0xff, 0xff, 0xff,
    0xff, 0xff, 0xff, 0xff, 0xff, 0xff, 0xff, 0xff,
    0xcd, 0x0, 0x2, 0xe6, 0xff, 0xef, 0x70, 0x1f,
    0x6, 0x13, 0x43, 0x8b, 0xdd, 0xff, 0xff, 0xff,
    0xff, 0xff, 0xff, 0xff, 0xff, 0xff, 0xff, 0xff,
    0xff, 0xf9, 0x3f, 0x0, 0x0, 0x66, 0xdd, 0x20,
    0x0, 0x0, 0x0, 0x0, 0x0, 0x0, 0x1, 0x3c,
    0x9a, 0xef, 0xff, 0xff, 0xff, 0xff, 0xff, 0xff,
    0xff, 0xff, 0xe6, 0x48, 0x0, 0x0, 0x0, 0x0,
    0x12, 0x0, 0x0, 0x0, 0x0, 0x0, 0x0, 0x0,
    0x0, 0x0, 0x0, 0x7, 0x4c, 0x98, 0xd1, 0xf1,
    0xfa, 0xe5, 0xbb, 0x6c, 0xc, 0x0, 0x0, 0x0
};


/*---------------------
 *  GLYPH DESCRIPTION
 *--------------------*/

static const lv_font_fmt_txt_glyph_dsc_t glyph_dsc[] = {
    {.bitmap_index = 0, .adv_w = 0, .box_w = 0, .box_h = 0, .ofs_x = 0, .ofs_y = 0} /* id = 0 reserved */,
    {.bitmap_index = 0, .adv_w = 186, .box_w = 0, .box_h = 0, .ofs_x = 0, .ofs_y = 0},
    {.bitmap_index = 0, .adv_w = 212, .box_w = 9, .box_h = 32, .ofs_x = 2, .ofs_y = 0},
    {.bitmap_index = 288, .adv_w = 292, .box_w = 16, .box_h = 11, .ofs_x = 1, .ofs_y = 22},
    {.bitmap_index = 464, .adv_w = 587, .box_w = 34, .box_h = 32, .ofs_x = 1, .ofs_y = 0},
    {.bitmap_index = 1552, .adv_w = 468, .box_w = 27, .box_h = 42, .ofs_x = 1, .ofs_y = -5},
    {.bitmap_index = 2686, .adv_w = 663, .box_w = 39, .box_h = 35, .ofs_x = 1, .ofs_y = -1},
    {.bitmap_index = 4051, .adv_w = 528, .box_w = 31, .box_h = 32, .ofs_x = 1, .ofs_y = 0},
    {.bitmap_index = 5043, .adv_w = 181, .box_w = 9, .box_h = 11, .ofs_x = 1, .ofs_y = 22},
    {.bitmap_index = 5142, .adv_w = 243, .box_w = 13, .box_h = 39, .ofs_x = 1, .ofs_y = -5},
    {.bitmap_index = 5649, .adv_w = 243, .box_w = 13, .box_h = 39, .ofs_x = 1, .ofs_y = -5},
    {.bitmap_index = 6156, .adv_w = 361, .box_w = 20, .box_h = 20, .ofs_x = 1, .ofs_y = 14},
    {.bitmap_index = 6556, .adv_w = 457, .box_w = 26, .box_h = 23, .ofs_x = 1, .ofs_y = 2},
    {.bitmap_index = 7154, .adv_w = 180, .box_w = 9, .box_h = 14, .ofs_x = 1, .ofs_y = -6},
    {.bitmap_index = 7280, .adv_w = 340, .box_w = 19, .box_h = 5, .ofs_x = 1, .ofs_y = 11},
    {.bitmap_index = 7375, .adv_w = 165, .box_w = 8, .box_h = 7, .ofs_x = 1, .ofs_y = 0},
    {.bitmap_index = 7431, .adv_w = 410, .box_w = 23, .box_h = 35, .ofs_x = 1, .ofs_y = -2},
    {.bitmap_index = 8236, .adv_w = 478, .box_w = 26, .box_h = 32, .ofs_x = 2, .ofs_y = 0},
    {.bitmap_index = 9068, .adv_w = 256, .box_w = 13, .box_h = 32, .ofs_x = 1, .ofs_y = 0},
    {.bitmap_index = 9484, .adv_w = 451, .box_w = 26, .box_h = 32, .ofs_x = 1, .ofs_y = 0},
    {.bitmap_index = 10316, .adv_w = 459, .box_w = 26, .box_h = 32, .ofs_x = 1, .ofs_y = 0},
    {.bitmap_index = 11148, .adv_w = 469, .box_w = 27, .box_h = 32, .ofs_x = 1, .ofs_y = 0},
    {.bitmap_index = 12012, .adv_w = 451, .box_w = 26, .box_h = 32, .ofs_x = 1, .ofs_y = 0},
    {.bitmap_index = 12844, .adv_w = 469, .box_w = 27, .box_h = 32, .ofs_x = 1, .ofs_y = 0},
    {.bitmap_index = 13708, .adv_w = 436, .box_w = 25, .box_h = 32, .ofs_x = 1, .ofs_y = 0},
    {.bitmap_index = 14508, .adv_w = 464, .box_w = 27, .box_h = 32, .ofs_x = 1, .ofs_y = 0},
    {.bitmap_index = 15372, .adv_w = 469, .box_w = 27, .box_h = 32, .ofs_x = 1, .ofs_y = 0},
    {.bitmap_index = 16236, .adv_w = 179, .box_w = 9, .box_h = 23, .ofs_x = 1, .ofs_y = 0},
    {.bitmap_index = 16443, .adv_w = 180, .box_w = 9, .box_h = 29, .ofs_x = 1, .ofs_y = -6},
    {.bitmap_index = 16704, .adv_w = 480, .box_w = 28, .box_h = 26, .ofs_x = 1, .ofs_y = 0},
    {.bitmap_index = 17432, .adv_w = 456, .box_w = 26, .box_h = 14, .ofs_x = 1, .ofs_y = 7},
    {.bitmap_index = 17796, .adv_w = 480, .box_w = 28, .box_h = 26, .ofs_x = 1, .ofs_y = 0},
    {.bitmap_index = 18524, .adv_w = 400, .box_w = 23, .box_h = 32, .ofs_x = 1, .ofs_y = 0},
    {.bitmap_index = 19260, .adv_w = 597, .box_w = 35, .box_h = 32, .ofs_x = 1, .ofs_y = 0},
    {.bitmap_index = 20380, .adv_w = 495, .box_w = 29, .box_h = 33, .ofs_x = 1, .ofs_y = -1},
    {.bitmap_index = 21337, .adv_w = 482, .box_w = 27, .box_h = 32, .ofs_x = 2, .ofs_y = 0},
    {.bitmap_index = 22201, .adv_w = 493, .box_w = 28, .box_h = 32, .ofs_x = 2, .ofs_y = 0},
    {.bitmap_index = 23097, .adv_w = 500, .box_w = 28, .box_h = 32, .ofs_x = 2, .ofs_y = 0},
    {.bitmap_index = 23993, .adv_w = 453, .box_w = 25, .box_h = 32, .ofs_x = 2, .ofs_y = 0},
    {.bitmap_index = 24793, .adv_w = 438, .box_w = 24, .box_h = 32, .ofs_x = 2, .ofs_y = 0},
    {.bitmap_index = 25561, .adv_w = 497, .box_w = 28, .box_h = 32, .ofs_x = 2, .ofs_y = 0},
    {.bitmap_index = 26457, .adv_w = 492, .box_w = 26, .box_h = 32, .ofs_x = 2, .ofs_y = 0},
    {.bitmap_index = 27289, .adv_w = 206, .box_w = 7, .box_h = 32, .ofs_x = 3, .ofs_y = 0},
    {.bitmap_index = 27513, .adv_w = 444, .box_w = 25, .box_h = 32, .ofs_x = 1, .ofs_y = 0},
    {.bitmap_index = 28313, .adv_w = 470, .box_w = 26, .box_h = 32, .ofs_x = 2, .ofs_y = 0},
    {.bitmap_index = 29145, .adv_w = 420, .box_w = 23, .box_h = 32, .ofs_x = 2, .ofs_y = 0},
    {.bitmap_index = 29881, .adv_w = 583, .box_w = 32, .box_h = 32, .ofs_x = 2, .ofs_y = 0},
    {.bitmap_index = 30905, .adv_w = 491, .box_w = 26, .box_h = 32, .ofs_x = 2, .ofs_y = 0},
    {.bitmap_index = 31737, .adv_w = 482, .box_w = 28, .box_h = 32, .ofs_x = 1, .ofs_y = 0},
    {.bitmap_index = 32633, .adv_w = 492, .box_w = 27, .box_h = 32, .ofs_x = 2, .ofs_y = 0},
    {.bitmap_index = 33497, .adv_w = 496, .box_w = 29, .box_h = 33, .ofs_x = 1, .ofs_y = -1},
    {.bitmap_index = 34454, .adv_w = 481, .box_w = 26, .box_h = 32, .ofs_x = 2, .ofs_y = 0},
    {.bitmap_index = 35286, .adv_w = 468, .box_w = 27, .box_h = 32, .ofs_x = 1, .ofs_y = 0},
    {.bitmap_index = 36150, .adv_w = 479, .box_w = 28, .box_h = 32, .ofs_x = 1, .ofs_y = 0},
    {.bitmap_index = 37046, .adv_w = 500, .box_w = 27, .box_h = 32, .ofs_x = 2, .ofs_y = 0},
    {.bitmap_index = 37910, .adv_w = 510, .box_w = 30, .box_h = 32, .ofs_x = 1, .ofs_y = 0},
    {.bitmap_index = 38870, .adv_w = 664, .box_w = 39, .box_h = 32, .ofs_x = 1, .ofs_y = 0},
    {.bitmap_index = 40118, .adv_w = 503, .box_w = 29, .box_h = 32, .ofs_x = 1, .ofs_y = 0},
    {.bitmap_index = 41046, .adv_w = 502, .box_w = 29, .box_h = 32, .ofs_x = 1, .ofs_y = 0},
    {.bitmap_index = 41974, .adv_w = 498, .box_w = 29, .box_h = 32, .ofs_x = 1, .ofs_y = 0},
    {.bitmap_index = 42902, .adv_w = 270, .box_w = 14, .box_h = 42, .ofs_x = 2, .ofs_y = -6},
    {.bitmap_index = 43490, .adv_w = 410, .box_w = 23, .box_h = 35, .ofs_x = 1, .ofs_y = -2},
    {.bitmap_index = 44295, .adv_w = 270, .box_w = 14, .box_h = 42, .ofs_x = 1, .ofs_y = -6},
    {.bitmap_index = 44883, .adv_w = 459, .box_w = 26, .box_h = 23, .ofs_x = 1, .ofs_y = 11},
    {.bitmap_index = 45481, .adv_w = 435, .box_w = 25, .box_h = 5, .ofs_x = 1, .ofs_y = -7},
    {.bitmap_index = 45606, .adv_w = 248, .box_w = 13, .box_h = 10, .ofs_x = 1, .ofs_y = 24},
    {.bitmap_index = 45736, .adv_w = 388, .box_w = 21, .box_h = 23, .ofs_x = 1, .ofs_y = 0},
    {.bitmap_index = 46219, .adv_w = 405, .box_w = 21, .box_h = 32, .ofs_x = 2, .ofs_y = 0},
    {.bitmap_index = 46891, .adv_w = 372, .box_w = 20, .box_h = 23, .ofs_x = 2, .ofs_y = 0},
    {.bitmap_index = 47351, .adv_w = 405, .box_w = 21, .box_h = 32, .ofs_x = 2, .ofs_y = 0},
    {.bitmap_index = 48023, .adv_w = 381, .box_w = 20, .box_h = 23, .ofs_x = 2, .ofs_y = 0},
    {.bitmap_index = 48483, .adv_w = 294, .box_w = 17, .box_h = 32, .ofs_x = 1, .ofs_y = 0},
    {.bitmap_index = 49027, .adv_w = 400, .box_w = 21, .box_h = 32, .ofs_x = 2, .ofs_y = -9},
    {.bitmap_index = 49699, .adv_w = 403, .box_w = 21, .box_h = 32, .ofs_x = 2, .ofs_y = 0},
    {.bitmap_index = 50371, .adv_w = 202, .box_w = 8, .box_h = 32, .ofs_x = 2, .ofs_y = 0},
    {.bitmap_index = 50627, .adv_w = 290, .box_w = 15, .box_h = 41, .ofs_x = 1, .ofs_y = -9},
    {.bitmap_index = 51242, .adv_w = 390, .box_w = 21, .box_h = 32, .ofs_x = 2, .ofs_y = 0},
    {.bitmap_index = 51914, .adv_w = 258, .box_w = 13, .box_h = 32, .ofs_x = 2, .ofs_y = 0},
    {.bitmap_index = 52330, .adv_w = 560, .box_w = 31, .box_h = 23, .ofs_x = 2, .ofs_y = 0},
    {.bitmap_index = 53043, .adv_w = 405, .box_w = 21, .box_h = 23, .ofs_x = 2, .ofs_y = 0},
    {.bitmap_index = 53526, .adv_w = 383, .box_w = 22, .box_h = 23, .ofs_x = 1, .ofs_y = 0},
    {.bitmap_index = 54032, .adv_w = 399, .box_w = 21, .box_h = 32, .ofs_x = 2, .ofs_y = -9},
    {.bitmap_index = 54704, .adv_w = 400, .box_w = 21, .box_h = 32, .ofs_x = 2, .ofs_y = -9},
    {.bitmap_index = 55376, .adv_w = 305, .box_w = 16, .box_h = 23, .ofs_x = 2, .ofs_y = 0},
    {.bitmap_index = 55744, .adv_w = 369, .box_w = 20, .box_h = 23, .ofs_x = 2, .ofs_y = 0},
    {.bitmap_index = 56204, .adv_w = 311, .box_w = 17, .box_h = 30, .ofs_x = 1, .ofs_y = 0},
    {.bitmap_index = 56714, .adv_w = 402, .box_w = 21, .box_h = 23, .ofs_x = 2, .ofs_y = 0},
    {.bitmap_index = 57197, .adv_w = 408, .box_w = 23, .box_h = 23, .ofs_x = 1, .ofs_y = 0},
    {.bitmap_index = 57726, .adv_w = 534, .box_w = 31, .box_h = 23, .ofs_x = 1, .ofs_y = 0},
    {.bitmap_index = 58439, .adv_w = 409, .box_w = 23, .box_h = 23, .ofs_x = 1, .ofs_y = 0},
    {.bitmap_index = 58968, .adv_w = 415, .box_w = 24, .box_h = 32, .ofs_x = 1, .ofs_y = -9},
    {.bitmap_index = 59736, .adv_w = 377, .box_w = 21, .box_h = 23, .ofs_x = 1, .ofs_y = 0},
    {.bitmap_index = 60219, .adv_w = 285, .box_w = 16, .box_h = 39, .ofs_x = 1, .ofs_y = -6},
    {.bitmap_index = 60843, .adv_w = 175, .box_w = 7, .box_h = 42, .ofs_x = 2, .ofs_y = -7},
    {.bitmap_index = 61137, .adv_w = 285, .box_w = 16, .box_h = 39, .ofs_x = 1, .ofs_y = -6},
    {.bitmap_index = 61761, .adv_w = 446, .box_w = 26, .box_h = 8, .ofs_x = 1, .ofs_y = 11}
};

/*---------------------
 *  CHARACTER MAPPING
 *--------------------*/



/*Collect the unicode lists and glyph_id offsets*/
static const lv_font_fmt_txt_cmap_t cmaps[] =
{
    {
        .range_start = 32, .range_length = 95, .glyph_id_start = 1,
        .unicode_list = NULL, .glyph_id_ofs_list = NULL, .list_length = 0, .type = LV_FONT_FMT_TXT_CMAP_FORMAT0_TINY
    }
};

/*-----------------
 *    KERNING
 *----------------*/


/*Map glyph_ids to kern left classes*/
static const uint8_t kern_left_class_mapping[] =
{
    0, 0, 0, 0, 0, 0, 0, 0,
    0, 0, 0, 0, 0, 1, 0, 2,
    0, 0, 0, 0, 0, 0, 0, 0,
    3, 0, 0, 0, 0, 0, 0, 0,
    0, 0, 4, 5, 6, 7, 8, 9,
    6, 10, 11, 12, 13, 14, 15, 16,
    17, 18, 17, 19, 20, 21, 22, 23,
    24, 25, 26, 27, 0, 0, 0, 0,
    0, 0, 28, 29, 30, 31, 30, 32,
    31, 33, 34, 35, 36, 37, 33, 33,
    38, 29, 31, 39, 40, 41, 42, 43,
    44, 45, 46, 47, 0, 0, 0, 0
};

/*Map glyph_ids to kern right classes*/
static const uint8_t kern_right_class_mapping[] =
{
    0, 0, 0, 0, 0, 0, 0, 0,
    0, 0, 0, 0, 0, 1, 0, 2,
    0, 0, 3, 0, 0, 4, 0, 0,
    0, 0, 0, 0, 0, 0, 0, 0,
    0, 0, 5, 6, 7, 8, 9, 0,
    7, 10, 0, 11, 0, 0, 12, 13,
    14, 0, 14, 0, 15, 16, 17, 18,
    19, 20, 21, 22, 0, 0, 0, 0,
    0, 0, 23, 24, 25, 26, 25, 27,
    26, 28, 29, 30, 31, 32, 28, 28,
    33, 24, 26, 34, 35, 36, 37, 38,
    39, 40, 41, 42, 0, 0, 0, 0
};

/*Kern values between classes*/
static const int8_t kern_class_values[] =
{
    0, 0, -42, 0, 0, 0, 0, 0,
    0, 0, 0, 0, 0, 0, 0, -42,
    0, -35, -29, 0, -29, 0, 0, 0,
    0, 0, 0, 0, 0, 0, 0, 0,
    0, 0, 0, 0, 0, 0, 0, 0,
    0, 0, 0, 0, -48, -29, 0, 0,
    0, 0, 0, 0, 0, 0, 0, 0,
    0, -54, 0, -29, -29, 0, -42, 0,
    0, 0, 0, 0, 0, 0, 0, 0,
    0, 0, 0, 0, 0, 0, 0, -42,
    0, 0, 0, 0, -42, -42, 0, 0,
    0, 0, 0, 0, 0, 0, 0, 0,
    0, 0, 0, 0, 0, 0, 0, 0,
    0, 0, 0, 0, 0, 0, 0, 0,
    0, 0, 0, 0, 0, 0, 0, 0,
    0, 0, 0, 0, 0, 0, 0, 0,
    0, 0, 0, 0, -16, 0, 0, 0,
    -29, 0, 0, -22, -16, -70, -16, -80,
    -54, -16, -70, 0, 0, 0, -22, -19,
    -29, 0, 0, -54, 0, 0, -29, 0,
    0, -42, 0, -42, -45, -16, -42, 0,
    0, 0, 0, 0, -29, 0, 0, 0,
    0, 0, -16, 0, 0, -8, 0, -29,
    0, -38, -16, -16, -29, 0, -8, 0,
    0, 0, 0, 0, 0, -61, 0, 0,
    -16, 0, 0, -22, 0, -22, -19, -22,
    -15, -8, 0, 0, 0, 0, 0, 0,
    -16, 0, 0, 0, 0, 0, 0, 0,
    0, -29, 0, -16, -16, -16, -29, 0,
    -16, 0, -16, -16, 0, 0, 0, -61,
    0, 0, -16, 0, -10, -8, 0, -16,
    -16, -16, -16, 0, -29, 0, 0, 0,
    -22, 0, 0, 0, 0, 0, -29, 0,
    0, 0, 0, -42, 0, -16, -16, -29,
    -35, -16, -8, 0, 0, 0, 0, 0,
    0, -64, 0, 0, -16, 0, -16, 0,
    0, -16, -16, -16, -16, 0, 0, 0,
    0, 0, -16, 0, -29, 0, 0, 0,
    -29, 0, 0, -29, -16, 0, 0, -20,
    -16, -16, -16, 0, -29, 0, -29, -16,
    -35, 0, 0, -54, 0, 0, -42, 0,
    -22, -35, -15, -42, -35, -29, -26, 0,
    -54, -80, 0, 0, -80, 0, -29, 0,
    -29, 0, -118, 0, 0, -38, -29, -16,
    0, -16, -16, -16, -22, -16, -80, -54,
    -93, -80, -77, -48, -42, -96, 0, 0,
    -93, -80, -80, -80, -74, -80, -80, -80,
    -80, -80, 0, 0, 0, 0, 0, 0,
    0, 0, 0, 0, 0, 0, 0, 0,
    0, 0, 0, 0, 0, 0, -16, 0,
    0, 0, 0, 0, 0, 0, 0, -48,
    0, 0, -16, 0, 0, 0, 0, -29,
    -16, -29, -16, 0, 0, 0, 0, 0,
    0, 0, 0, 0, 0, 0, 0, 0,
    0, 0, 0, 0, 0, 0, 0, 0,
    0, 0, 0, 0, 0, 0, 0, 0,
    0, -54, 0, 0, 0, 0, 0, 0,
    0, 0, 0, 0, 0, 0, 0, 0,
    0, 0, 0, 0, 0, 0, 0, 0,
    0, 0, 0, 0, 0, 0, 0, 0,
    0, 0, 0, 0, 0, 0, 0, 0,
    0, 0, 0, -29, 0, 0, 0, 0,
    0, 0, 0, 0, 0, 0, -29, 0,
    0, 0, 0, 0, -26, 0, -22, 0,
    0, 0, -42, 0, 0, -35, -22, -29,
    0, -29, -29, -29, -29, -15, -15, 0,
    -15, -15, -22, 0, 0, -61, 0, 0,
    -22, 0, -26, -28, 0, -38, -32, -22,
    -29, -15, 0, 0, 0, 0, -16, 0,
    -42, 0, 0, 0, -29, 0, 0, -42,
    -29, -106, -29, -93, -61, -16, -106, 0,
    -29, 0, -29, -29, 0, 0, 0, -42,
    0, 0, -29, 0, -29, -42, -29, -54,
    -54, -29, -54, 0, 0, 0, 0, 0,
    0, 0, 0, 0, 0, 0, -16, 0,
    0, 0, 0, -16, 0, -16, -10, -10,
    -16, 0, 0, 0, 0, 0, 0, 0,
    0, -54, 0, 0, 0, 0, 0, 0,
    0, 0, 0, 0, 0, 0, 0, 0,
    0, 0, 0, 0, -3, 0, 0, 0,
    -16, 0, 0, 0, 0, -16, 0, -16,
    -10, -16, -16, 0, 0, 0, 0, 0,
    0, 0, 0, -54, 0, 0, -16, 0,
    0, 0, 0, -29, -22, -29, -29, 0,
    0, 0, 0, 0, -22, 0, 0, 0,
    0, 0, -22, 0, 0, 0, -5, -29,
    0, -38, -35, -35, -48, -29, -16, 0,
    -16, -16, -16, 0, 0, -54, 0, 0,
    -16, 0, -16, -8, 0, -19, -19, -26,
    -19, -19, -48, -80, 0, 0, -67, 0,
    -16, 0, 0, 0, -86, 0, 0, -16,
    -16, -29, 0, -42, -29, -48, -42, -42,
    -42, -22, -42, -29, -35, -22, -22, -90,
    -22, -22, -45, -22, -29, -15, -29, -29,
    -29, -42, -29, -15, 0, 0, 0, 0,
    0, 0, 0, 0, 0, 0, -29, 0,
    0, -5, 0, -22, 0, -22, -22, -29,
    -35, 0, -16, 0, -16, -16, -22, 0,
    0, -54, 0, 0, -16, 0, -16, -16,
    0, -29, -22, -22, -29, 0, 0, 0,
    0, 0, -16, 0, 0, 0, 0, 0,
    -16, 0, 0, -5, 0, -29, 0, -35,
    -29, -16, -38, -16, 0, 0, 0, 0,
    0, 0, 0, -48, 0, 0, 0, 0,
    0, -15, 0, -29, -29, -15, -15, 0,
    -42, -54, 0, 0, -70, -16, -42, -16,
    0, 0, -112, -16, -16, -35, -29, -16,
    0, -16, -16, -16, -26, 0, -98, -38,
    -98, -98, -48, -40, -38, -92, 0, 0,
    -90, -77, -90, -54, -77, -90, -77, -90,
    -76, -90, 0, 0, 0, 0, -16, 0,
    0, 0, 0, 0, -16, 0, 0, 0,
    0, 0, 0, 0, 0, 0, 0, 0,
    0, 0, 0, 0, 0, 0, 0, -54,
    0, 0, 0, 0, 0, 0, 0, -29,
    -22, -29, -29, 0, -35, -29, 0, 0,
    -80, -16, -16, 0, 0, 0, -54, -16,
    -16, -38, -35, -16, 0, -16, -16, -29,
    -29, -29, -61, -29, -61, -42, -21, -29,
    -15, -74, -29, 0, -61, -42, -42, -28,
    -29, -42, -35, -48, -48, -42, -29, -29,
    0, 0, -54, -10, -16, 0, 0, 0,
    -42, -10, -10, -35, -29, 0, 0, -16,
    0, -16, 0, -16, -48, -22, -42, -42,
    -29, -29, -29, -60, 0, 0, -54, -29,
    -29, -29, -29, -42, -35, -42, -42, -22,
    0, 0, 0, 0, -16, -10, -16, 0,
    0, 0, -29, -10, -16, -35, -16, -16,
    0, -29, -16, -16, -29, 0, -16, 0,
    -16, -29, 0, 0, 0, -53, 0, 0,
    -29, 0, -29, -29, 0, -42, -42, -29,
    -42, -15, -29, -42, 0, 0, -70, 0,
    -29, 0, 0, -16, -48, -16, -16, -48,
    -35, -29, 0, -29, 0, -29, -16, -29,
    -86, -48, -93, -83, -54, -42, -42, -101,
    0, 0, -86, -67, -74, -54, -67, -67,
    -61, -67, -67, -61, 0, 0, 0, 0,
    0, 0, -16, 0, 0, 0, -29, 0,
    0, -29, -16, 0, 0, -29, -16, 0,
    -29, 0, -29, 0, -29, -29, 0, 0,
    0, -42, 0, 0, -42, 0, -29, -21,
    0, -42, -42, -35, -42, 0, 0, 0,
    0, 0, 0, 0, 0, 0, 0, 0,
    0, 0, 0, 0, 0, -48, 0, 0,
    -22, 0, -54, 0, -10, 0, -10, 0,
    0, 0, 0, -58, 0, 0, -13, 0,
    -10, -29, 0, -35, -29, -35, -42, 0,
    0, 0, 0, 0, 0, 0, 0, 0,
    0, 0, 0, 0, 0, 0, 0, -54,
    0, -29, -29, -29, -54, 0, 0, 0,
    0, 0, -16, 0, 0, -70, 0, 0,
    -13, 0, -16, -22, 0, -42, -29, -29,
    -29, -16, 0, 0, 0, 0, 0, 0,
    0, 0, 0, 0, 0, 0, 0, 0,
    0, -54, 0, -29, -29, 0, -54, 0,
    -10, 0, 0, 0, 0, 0, 0, -67,
    0, 0, -16, 0, 0, -19, 0, -29,
    -29, -29, -29, -16, 0, 0, 0, 0,
    0, 0, 0, 0, 0, 0, 0, 0,
    0, 0, 0, -32, 0, 0, -29, 0,
    -48, 0, 0, 0, 0, 0, 0, 0,
    0, -54, 0, 0, -8, 0, 0, -16,
    0, -29, -22, -16, -10, 0, -48, -29,
    0, 0, -42, 0, 0, 0, 0, 0,
    -54, 0, 0, -16, 0, 0, 0, 0,
    0, 0, -29, 0, -45, -29, -48, -48,
    -42, -22, -29, -74, 0, 0, -48, -29,
    -42, -29, -29, -42, -29, -42, -29, -42,
    0, 0, 0, 0, 0, 0, 0, 0,
    0, 0, 0, 0, 0, 0, 0, -48,
    0, -35, -22, 0, -42, 0, 0, 0,
    0, 0, 0, 0, 0, -70, 0, 0,
    -8, 0, 0, -8, 0, -22, -16, -22,
    -22, -16, 0, 0, 0, 0, 0, 0,
    0, 0, 0, 0, 0, 0, 0, 0,
    0, -38, 0, 0, -29, 0, -42, 0,
    0, 0, 0, 0, 0, 0, 0, -58,
    0, 0, -16, 0, 0, -15, 0, -16,
    -16, -16, -16, 0, 0, 0, 0, 0,
    0, 0, 0, 0, 0, 0, 0, 0,
    0, 0, 0, -32, 0, 0, 0, 0,
    0, 0, 0, 0, -16, 0, 0, 0,
    0, -26, 0, 0, 0, 0, 0, 0,
    0, -29, -29, -29, -15, 0, 0, 0,
    0, 0, 0, 0, 0, 0, 0, 0,
    0, 0, 0, 0, 0, -48, 0, -35,
    0, 0, 0, 0, -26, 0, -29, 0,
    0, 0, 0, -64, 0, 0, -29, 0,
    -29, -15, 0, -29, -22, -22, -26, 0,
    0, 0, 0, 0, 0, 0, 0, 0,
    0, 0, 0, 0, 0, 0, 0, 0,
    0, 0, 0, 0, 0, 0, -16, 0,
    -16, -22, -16, 0, 0, -61, 0, -16,
    -16, 0, -10, -48, 0, -42, -35, -15,
    -35, 0, 0, 0, 0, 0, -29, 0,
    0, 0, 0, -16, 0, 0, -16, -16,
    0, -90, 0, -54, -54, -29, -86, 0,
    -18, -8, -13, -13, -29, -8, -16, -70,
    0, 0, -13, 0, -16, -22, -13, -42,
    -29, -35, -42, -22, -42, -42, 0, 0,
    -42, 0, 0, 0, 0, 0, -54, 0,
    0, 0, 0, -54, 0, 0, -29, -42,
    -61, 0, -29, 0, -29, -29, -16, 0,
    -16, -67, 0, 0, -42, -16, -16, -16,
    -16, -16, -16, -29, -29, -16, 0, 0,
    0, 0, 0, 0, 0, 0, 0, 0,
    0, 0, 0, -16, 0, -90, 0, -42,
    -29, -29, -74, 0, -16, 0, 0, 0,
    0, 0, 0, -61, 0, 0, -16, 0,
    0, -29, 0, -29, -29, -29, -29, -8,
    0, 0, 0, 0, 0, 0, 0, 0,
    0, 0, 0, 0, 0, -8, 0, -54,
    0, -28, -29, 0, -54, 0, -16, 0,
    -12, -16, 0, 0, 0, -67, 0, 0,
    -16, 0, 0, -29, 0, -22, -19, -16,
    -16, 0, 0, 0, 0, 0, 0, 0,
    0, 0, 0, 0, 0, 0, 0, 0,
    0, -54, 0, -29, -29, 0, -67, 0,
    0, 0, 0, 0, 0, 0, 0, -61,
    0, 0, -8, 0, 0, -8, 0, -16,
    -10, -16, -16, 0, -29, -42, 0, 0,
    -35, 0, 0, 0, 0, -29, 0, 0,
    -29, -19, -15, -90, -29, -42, -42, -42,
    -67, 0, -35, -16, -42, -35, -16, -16,
    -16, -86, 0, 0, -42, 0, -29, -16,
    -16, -29, -29, -29, -29, -22, -16, 0,
    0, 0, -29, -10, 0, 0, 0, -16,
    0, 0, -22, -19, -15, -77, -22, -35,
    -35, -42, -61, 0, -29, -16, -42, -32,
    -16, -10, -16, -80, 0, 0, -29, 0,
    -16, -19, -10, -29, -16, -29, -29, -16,
    0, 0, 0, 0, -16, 0, -16, 0,
    0, -29, 0, 0, -29, -26, -15, -90,
    -29, -48, -42, -29, -67, 0, -42, -16,
    -42, -29, -29, -16, -16, -61, 0, 0,
    -35, 0, -29, -22, -16, -29, -29, -16,
    -29, -16, 0, 0, 0, 0, -42, 0,
    -16, 0, 0, -29, 0, 0, -29, -19,
    -15, -70, -29, -48, -42, -42, -67, -21,
    -42, -16, -42, -38, -16, -22, -16, -74,
    -16, 0, -42, -22, -29, -29, -16, -29,
    -29, -29, -29, -29, 0, 0, 0, 0,
    0, 0, 0, 0, 0, 0, 0, 0,
    0, -19, 0, -54, 0, -42, -22, -15,
    -61, 0, -16, 0, -22, -29, -10, 0,
    0, -42, 0, 0, -22, 0, 0, -16,
    0, -22, -16, -16, -16, 0
};


/*Collect the kern class' data in one place*/
static const lv_font_fmt_txt_kern_classes_t kern_classes =
{
    .class_pair_values   = kern_class_values,
    .left_class_mapping  = kern_left_class_mapping,
    .right_class_mapping = kern_right_class_mapping,
    .left_class_cnt      = 47,
    .right_class_cnt     = 42,
};

/*--------------------
 *  ALL CUSTOM DATA
 *--------------------*/

#if LVGL_VERSION_MAJOR == 8
/*Store all the custom data of the font*/
static  lv_font_fmt_txt_glyph_cache_t cache;
#endif

#if LVGL_VERSION_MAJOR >= 8
static const lv_font_fmt_txt_dsc_t font_dsc = {
#else
static lv_font_fmt_txt_dsc_t font_dsc = {
#endif
    .glyph_bitmap = glyph_bitmap,
    .glyph_dsc = glyph_dsc,
    .cmaps = cmaps,
    .kern_dsc = &kern_classes,
    .kern_scale = 18,
    .cmap_num = 1,
    .bpp = 8,
    .kern_classes = 1,
    .bitmap_format = 0,
#if LVGL_VERSION_MAJOR == 8
    .cache = &cache
#endif
};



/*-----------------
 *  PUBLIC FONT
 *----------------*/

/*Initialize a public general font descriptor*/
#if LVGL_VERSION_MAJOR >= 8
const lv_font_t ui_font_k2d_45 = {
#else
lv_font_t ui_font_k2d_45 = {
#endif
    .get_glyph_dsc = lv_font_get_glyph_dsc_fmt_txt,    /*Function pointer to get glyph's data*/
    .get_glyph_bitmap = lv_font_get_bitmap_fmt_txt,    /*Function pointer to get glyph's bitmap*/
    .line_height = 46,          /*The maximum line height required by the font*/
    .base_line = 9,             /*Baseline measured from the bottom of the line*/
#if !(LVGL_VERSION_MAJOR == 6 && LVGL_VERSION_MINOR == 0)
    .subpx = LV_FONT_SUBPX_NONE,
#endif
#if LV_VERSION_CHECK(7, 4, 0) || LVGL_VERSION_MAJOR >= 8
    .underline_position = -3,
    .underline_thickness = 2,
#endif
    .dsc = &font_dsc,          /*The custom font data. Will be accessed by `get_glyph_bitmap/dsc` */
#if LV_VERSION_CHECK(8, 2, 0) || LVGL_VERSION_MAJOR >= 9
    .fallback = NULL,
#endif
    .user_data = NULL,
};



#endif /*#if UI_FONT_K2D_45*/

