#ifdef __has_include
    #if __has_include("lvgl.h")
        #ifndef LV_LVGL_H_INCLUDE_SIMPLE
            #define LV_LVGL_H_INCLUDE_SIMPLE
        #endif
    #endif
#endif
#ifdef __has_include
    #if __has_include("lvgl.h")
        #ifndef LV_LVGL_H_INCLUDE_SIMPLE
            #define LV_LVGL_H_INCLUDE_SIMPLE
        #endif
    #endif
#endif

#if defined(LV_LVGL_H_INCLUDE_SIMPLE)
    #include "lvgl.h"
#else
    #include "lvgl/lvgl.h"
#endif


#ifndef LV_ATTRIBUTE_MEM_ALIGN
#define LV_ATTRIBUTE_MEM_ALIGN
#endif

#ifndef LV_ATTRIBUTE_IMG_IMG_IMG_NEEDLE
#define LV_ATTRIBUTE_IMG_IMG_IMG_NEEDLE
#endif

const LV_ATTRIBUTE_MEM_ALIGN LV_ATTRIBUTE_LARGE_CONST LV_ATTRIBUTE_IMG_IMG_IMG_NEEDLE uint8_t img_img_needle_map[] = {
#if LV_COLOR_DEPTH == 1 || LV_COLOR_DEPTH == 8
  /*Pixel format: Alpha 8 bit, Red: 3 bit, Green: 3 bit, Blue: 2 bit*/
  0x00, 0x00, 0x00, 0x00, 0x00, 0x00, 0x00, 0x00, 0xe0, 0x01, 0xe0, 0x01, 0xe0, 0x01, 0xe0, 0x01, 0xe0, 0x01, 0xe0, 0x01, 0xe0, 0x01, 0xe0, 0x01, 0xff, 0x01, 0xe0, 0x01, 0x00, 0x00, 0x00, 0x00, 
  0x00, 0x00, 0xff, 0x01, 0xe0, 0x03, 0xe0, 0x06, 0xe0, 0x08, 0xe0, 0x08, 0xe0, 0x09, 0xe0, 0x0b, 0xe0, 0x0b, 0xe0, 0x0a, 0xe0, 0x0a, 0xe0, 0x08, 0xe9, 0x05, 0xe0, 0x03, 0xe0, 0x01, 0x00, 0x00, 
  0x00, 0x01, 0xe9, 0x05, 0xe0, 0x0a, 0xe0, 0x12, 0xe0, 0x19, 0xe0, 0x1e, 0xe4, 0x20, 0xe0, 0x22, 0xe0, 0x23, 0xe0, 0x21, 0xe0, 0x1c, 0xe0, 0x18, 0xe0, 0x11, 0xe0, 0x0a, 0xe0, 0x05, 0xe0, 0x01, 
  0xe0, 0x03, 0xe4, 0x0a, 0xe0, 0x14, 0xe0, 0x23, 0xe0, 0x33, 0xe0, 0x40, 0xe4, 0x47, 0xe4, 0x4d, 0xe4, 0x4d, 0xe4, 0x47, 0xe0, 0x3e, 0xe0, 0x32, 0xe0, 0x23, 0xe0, 0x15, 0xe0, 0x0a, 0xe0, 0x03, 
  0xe0, 0x04, 0xe0, 0x0f, 0xe0, 0x23, 0xe0, 0x3c, 0xe0, 0x57, 0xe4, 0x6f, 0xe4, 0x7f, 0xe9, 0x8a, 0xe5, 0x89, 0xe4, 0x7f, 0xe4, 0x6f, 0xe0, 0x57, 0xe0, 0x3d, 0xe0, 0x23, 0xe4, 0x10, 0xe0, 0x04, 
  0xe0, 0x06, 0xe0, 0x16, 0xe0, 0x31, 0xe0, 0x56, 0xe0, 0x7d, 0xe4, 0x9e, 0xe9, 0xb5, 0xe9, 0xc3, 0xe9, 0xc3, 0xe9, 0xb7, 0xe4, 0x9d, 0xe0, 0x7c, 0xe0, 0x56, 0xe0, 0x32, 0xe0, 0x17, 0xe0, 0x06, 
  0xe0, 0x08, 0xe0, 0x1c, 0xe0, 0x3c, 0xe0, 0x69, 0xe0, 0x99, 0xe5, 0xc0, 0xe9, 0xda, 0xed, 0xe7, 0xed, 0xe7, 0xe9, 0xda, 0xe5, 0xbf, 0xe0, 0x97, 0xe0, 0x69, 0xe0, 0x3e, 0xe0, 0x1c, 0xe0, 0x07, 
  0xe0, 0x08, 0xe0, 0x1e, 0xe0, 0x42, 0xe0, 0x74, 0xe0, 0xa9, 0xe5, 0xd3, 0xe9, 0xed, 0xed, 0xf8, 0xed, 0xf6, 0xe9, 0xed, 0xe5, 0xd4, 0xe0, 0xa9, 0xe0, 0x75, 0xe0, 0x45, 0xe0, 0x1f, 0xe0, 0x08, 
  0xe0, 0x09, 0xe0, 0x20, 0xe0, 0x45, 0xe0, 0x79, 0xe0, 0xb2, 0xe5, 0xdc, 0xe9, 0xf3, 0xed, 0xfe, 0xed, 0xfd, 0xe9, 0xf4, 0xe5, 0xda, 0xe0, 0xb0, 0xe0, 0x7a, 0xe0, 0x46, 0xe0, 0x20, 0xe0, 0x08, 
  0xe0, 0x09, 0xe0, 0x20, 0xe0, 0x46, 0xe0, 0x79, 0xe0, 0xb2, 0xe5, 0xdd, 0xe9, 0xf4, 0xed, 0xfe, 0xed, 0xfd, 0xe9, 0xf4, 0xe5, 0xdb, 0xe0, 0xb1, 0xe0, 0x7b, 0xe0, 0x48, 0xe0, 0x21, 0xe0, 0x08, 
  0xe0, 0x08, 0xe0, 0x20, 0xe0, 0x46, 0xe0, 0x79, 0xe0, 0xb0, 0xe5, 0xdc, 0xe9, 0xf4, 0xed, 0xfe, 0xed, 0xfd, 0xe9, 0xf4, 0xe5, 0xdd, 0xe0, 0xb1, 0xe0, 0x7a, 0xe0, 0x47, 0xe0, 0x21, 0xe0, 0x08, 
  0xe0, 0x08, 0xe0, 0x20, 0xe0, 0x46, 0xe0, 0x79, 0xe0, 0xb1, 0xe5, 0xdd, 0xe9, 0xf3, 0xed, 0xfe, 0xed, 0xfd, 0xe9, 0xf3, 0xe5, 0xdc, 0xe0, 0xb0, 0xe0, 0x79, 0xe0, 0x46, 0xe0, 0x21, 0xe0, 0x09, 
  0xe0, 0x09, 0xe0, 0x1f, 0xe0, 0x45, 0xe0, 0x79, 0xe0, 0xb2, 0xe5, 0xdd, 0xe9, 0xf4, 0xed, 0xfe, 0xed, 0xfd, 0xe9, 0xf3, 0xe5, 0xdc, 0xe0, 0xb0, 0xe0, 0x7b, 0xe0, 0x47, 0xe0, 0x20, 0xe0, 0x08, 
  0xe0, 0x08, 0xe0, 0x1e, 0xe0, 0x43, 0xe0, 0x78, 0xe0, 0xb1, 0xe5, 0xdc, 0xe9, 0xf3, 0xed, 0xfc, 0xed, 0xfd, 0xe9, 0xf3, 0xe5, 0xdb, 0xe0, 0xb0, 0xe0, 0x7a, 0xe0, 0x46, 0xe0, 0x20, 0xe0, 0x08, 
  0xe0, 0x08, 0xe0, 0x1e, 0xe0, 0x43, 0xe0, 0x79, 0xe0, 0xb1, 0xe5, 0xdc, 0xe9, 0xf4, 0xed, 0xfe, 0xed, 0xfd, 0xe9, 0xf4, 0xe5, 0xda, 0xe0, 0xae, 0xe0, 0x78, 0xe0, 0x46, 0xe0, 0x20, 0xe0, 0x08, 
  0xe0, 0x08, 0xe0, 0x1d, 0xe0, 0x42, 0xe0, 0x76, 0xe0, 0xae, 0xe5, 0xdc, 0xe9, 0xf3, 0xed, 0xfd, 0xed, 0xfd, 0xe9, 0xf3, 0xe5, 0xda, 0xe0, 0xae, 0xe0, 0x77, 0xe0, 0x45, 0xe0, 0x1f, 0xe0, 0x09, 
  0xe0, 0x07, 0xe0, 0x1d, 0xe0, 0x40, 0xe0, 0x73, 0xe0, 0xae, 0xe5, 0xdb, 0xe9, 0xf3, 0xed, 0xfc, 0xed, 0xfd, 0xe9, 0xf3, 0xe5, 0xd9, 0xe0, 0xac, 0xe0, 0x75, 0xe0, 0x44, 0xe0, 0x1f, 0xe5, 0x07, 
  0xe0, 0x07, 0xe0, 0x1c, 0xe0, 0x40, 0xe0, 0x73, 0xe0, 0xae, 0xe5, 0xdb, 0xe9, 0xf3, 0xed, 0xfe, 0xed, 0xfd, 0xed, 0xf2, 0xe5, 0xd8, 0xe0, 0xab, 0xe0, 0x74, 0xe0, 0x43, 0xe0, 0x1e, 0xe5, 0x07, 
  0xe0, 0x07, 0xe4, 0x1b, 0xe0, 0x3e, 0xe0, 0x72, 0xe0, 0xad, 0xe5, 0xdb, 0xe9, 0xf3, 0xed, 0xfd, 0xed, 0xfc, 0xe9, 0xf3, 0xe5, 0xd7, 0xe0, 0xaa, 0xe0, 0x73, 0xe0, 0x41, 0xe0, 0x1c, 0xe0, 0x07, 
  0xe0, 0x06, 0xe0, 0x1a, 0xe0, 0x3e, 0xe0, 0x72, 0xe0, 0xac, 0xe5, 0xda, 0xe9, 0xf3, 0xed, 0xfc, 0xed, 0xfc, 0xe9, 0xf3, 0xe5, 0xd8, 0xe0, 0xaa, 0xe0, 0x72, 0xe0, 0x40, 0xe0, 0x1c, 0xe0, 0x07, 
  0xe0, 0x05, 0xe0, 0x1a, 0xe0, 0x3e, 0xe0, 0x72, 0xe0, 0xac, 0xe5, 0xd9, 0xe9, 0xf3, 0xed, 0xfd, 0xed, 0xfc, 0xe9, 0xf2, 0xe5, 0xd7, 0xe0, 0xaa, 0xe0, 0x72, 0xe0, 0x41, 0xe0, 0x1d, 0xe0, 0x07, 
  0xe0, 0x06, 0xe0, 0x1a, 0xe0, 0x3e, 0xe0, 0x72, 0xe0, 0xac, 0xe5, 0xdb, 0xe9, 0xf3, 0xed, 0xfd, 0xed, 0xfc, 0xe9, 0xf2, 0xe5, 0xd8, 0xe0, 0xaa, 0xe0, 0x72, 0xe0, 0x41, 0xe0, 0x1d, 0xe0, 0x06, 
  0xe0, 0x06, 0xe0, 0x1b, 0xe0, 0x3e, 0xe0, 0x72, 0xe0, 0xac, 0xe5, 0xd9, 0xe9, 0xf3, 0xed, 0xfc, 0xed, 0xfc, 0xe9, 0xf3, 0xe5, 0xd8, 0xe0, 0xaa, 0xe0, 0x72, 0xe0, 0x41, 0xe0, 0x1d, 0xe0, 0x06, 
  0xe0, 0x06, 0xe0, 0x1a, 0xe0, 0x3e, 0xe0, 0x72, 0xe0, 0xac, 0xe5, 0xda, 0xe9, 0xf3, 0xed, 0xfc, 0xed, 0xfc, 0xe9, 0xf2, 0xe5, 0xd7, 0xe0, 0xaa, 0xe0, 0x72, 0xe0, 0x41, 0xe0, 0x1d, 0xe5, 0x06, 
  0xe0, 0x06, 0xe0, 0x1b, 0xe0, 0x3e, 0xe0, 0x71, 0xe0, 0xac, 0xe5, 0xdb, 0xe9, 0xf3, 0xed, 0xfc, 0xed, 0xfc, 0xe9, 0xf2, 0xe5, 0xd7, 0xe0, 0xaa, 0xe0, 0x72, 0xe0, 0x40, 0xe0, 0x1d, 0xe0, 0x07, 
  0xe0, 0x06, 0xe0, 0x1b, 0xe0, 0x3e, 0xe0, 0x70, 0xe0, 0xac, 0xe5, 0xd9, 0xe9, 0xf4, 0xed, 0xfe, 0xed, 0xfc, 0xe9, 0xf3, 0xe5, 0xd8, 0xe0, 0xa9, 0xe0, 0x72, 0xe0, 0x41, 0xe0, 0x1d, 0xe5, 0x06, 
  0xe0, 0x06, 0xe0, 0x1b, 0xe0, 0x3e, 0xe0, 0x72, 0xe0, 0xac, 0xe5, 0xd9, 0xe9, 0xf3, 0xed, 0xfe, 0xed, 0xfc, 0xe9, 0xf2, 0xe5, 0xd8, 0xe0, 0xaa, 0xe0, 0x72, 0xe0, 0x41, 0xe0, 0x1d, 0xe0, 0x06, 
  0xe0, 0x05, 0xe0, 0x1a, 0xe0, 0x3e, 0xe0, 0x72, 0xe0, 0xab, 0xe5, 0xd9, 0xe9, 0xf3, 0xed, 0xfc, 0xed, 0xfc, 0xe9, 0xf2, 0xe5, 0xd7, 0xe0, 0xaa, 0xe0, 0x72, 0xe0, 0x40, 0xe0, 0x1d, 0xe0, 0x07, 
  0xe0, 0x06, 0xe0, 0x1b, 0xe0, 0x3e, 0xe0, 0x71, 0xe0, 0xac, 0xe5, 0xdb, 0xe9, 0xf4, 0xed, 0xfe, 0xed, 0xfc, 0xe9, 0xf2, 0xe5, 0xd7, 0xe0, 0xaa, 0xe0, 0x72, 0xe0, 0x40, 0xe0, 0x1d, 0xe0, 0x07, 
  0xe0, 0x06, 0xe0, 0x1a, 0xe0, 0x3e, 0xe0, 0x72, 0xe0, 0xac, 0xe5, 0xda, 0xe9, 0xf4, 0xed, 0xfe, 0xed, 0xfc, 0xe9, 0xf2, 0xe5, 0xd8, 0xe0, 0xaa, 0xe0, 0x72, 0xe0, 0x40, 0xe0, 0x1d, 0xe0, 0x07, 
  0xe0, 0x06, 0xe0, 0x1a, 0xe0, 0x3e, 0xe0, 0x72, 0xe0, 0xac, 0xe5, 0xd9, 0xe9, 0xf4, 0xed, 0xfe, 0xed, 0xfc, 0xe9, 0xf2, 0xe5, 0xd7, 0xe0, 0xa9, 0xe0, 0x72, 0xe0, 0x40, 0xe0, 0x1c, 0xe5, 0x07, 
  0xe0, 0x06, 0xe0, 0x1a, 0xe0, 0x3e, 0xe0, 0x71, 0xe0, 0xac, 0xe5, 0xdb, 0xe9, 0xf4, 0xed, 0xfe, 0xed, 0xfc, 0xe9, 0xf2, 0xe5, 0xd7, 0xe0, 0xa9, 0xe0, 0x72, 0xe0, 0x41, 0xe0, 0x1d, 0xe0, 0x07, 
  0xe0, 0x05, 0xe0, 0x1b, 0xe0, 0x3e, 0xe0, 0x70, 0xe0, 0xac, 0xe5, 0xda, 0xe9, 0xf3, 0xed, 0xfe, 0xed, 0xfc, 0xe9, 0xf2, 0xe5, 0xd7, 0xe0, 0xaa, 0xe0, 0x72, 0xe0, 0x41, 0xe0, 0x1d, 0xe5, 0x07, 
  0xe0, 0x06, 0xe0, 0x1b, 0xe0, 0x3e, 0xe0, 0x72, 0xe0, 0xad, 0xe5, 0xd9, 0xe9, 0xf3, 0xed, 0xfe, 0xed, 0xfc, 0xe9, 0xf2, 0xe5, 0xd7, 0xe0, 0xa9, 0xe0, 0x72, 0xe0, 0x41, 0xe0, 0x1d, 0xe0, 0x06, 
  0xe0, 0x06, 0xe0, 0x1a, 0xe0, 0x3e, 0xe0, 0x72, 0xe0, 0xac, 0xe5, 0xd9, 0xe9, 0xf4, 0xed, 0xfd, 0xed, 0xfc, 0xe9, 0xf3, 0xe5, 0xd8, 0xe0, 0xa9, 0xe0, 0x72, 0xe0, 0x41, 0xe0, 0x1d, 0xe0, 0x07, 
  0xe0, 0x06, 0xe0, 0x1b, 0xe0, 0x3e, 0xe0, 0x71, 0xe0, 0xab, 0xe5, 0xd9, 0xe9, 0xf3, 0xed, 0xfc, 0xed, 0xfc, 0xe9, 0xf3, 0xe5, 0xd8, 0xe0, 0xa9, 0xe0, 0x72, 0xe0, 0x41, 0xe0, 0x1d, 0xe5, 0x07, 
  0xe0, 0x06, 0xe0, 0x1a, 0xe0, 0x3e, 0xe0, 0x70, 0xe0, 0xac, 0xe5, 0xd9, 0xe9, 0xf4, 0xed, 0xfe, 0xed, 0xfc, 0xe9, 0xf2, 0xe5, 0xd8, 0xe0, 0xa9, 0xe0, 0x72, 0xe0, 0x41, 0xe0, 0x1d, 0xe0, 0x06, 
  0xe0, 0x05, 0xe0, 0x1a, 0xe0, 0x3e, 0xe0, 0x72, 0xe0, 0xac, 0xe5, 0xd9, 0xe9, 0xf3, 0xed, 0xfe, 0xed, 0xfc, 0xe9, 0xf2, 0xe5, 0xd7, 0xe0, 0xaa, 0xe0, 0x72, 0xe0, 0x41, 0xe0, 0x1d, 0xe0, 0x06, 
  0xe0, 0x07, 0xe0, 0x1b, 0xe0, 0x3d, 0xe0, 0x70, 0xe0, 0xac, 0xe5, 0xd9, 0xe9, 0xf4, 0xed, 0xfe, 0xed, 0xfc, 0xe9, 0xf2, 0xe5, 0xd7, 0xe0, 0xaa, 0xe0, 0x72, 0xe0, 0x41, 0xe0, 0x1d, 0xe0, 0x06, 
  0xe0, 0x06, 0xe0, 0x1a, 0xe0, 0x3e, 0xe0, 0x72, 0xe0, 0xac, 0xe5, 0xd9, 0xe9, 0xf3, 0xed, 0xfe, 0xed, 0xfc, 0xe9, 0xf2, 0xe5, 0xd8, 0xe0, 0xa9, 0xe0, 0x72, 0xe0, 0x40, 0xe0, 0x1c, 0xe0, 0x07, 
  0xe0, 0x06, 0xe0, 0x1a, 0xe0, 0x3d, 0xe0, 0x71, 0xe0, 0xab, 0xe5, 0xd9, 0xe9, 0xf3, 0xed, 0xfe, 0xed, 0xfc, 0xe9, 0xf2, 0xe5, 0xd8, 0xe0, 0xa8, 0xe0, 0x70, 0xe0, 0x40, 0xe0, 0x1c, 0xe5, 0x07, 
  0xe0, 0x06, 0xe0, 0x1a, 0xe0, 0x3d, 0xe0, 0x70, 0xe0, 0xaa, 0xe5, 0xd8, 0xe9, 0xf2, 0xed, 0xfd, 0xed, 0xfc, 0xe9, 0xf2, 0xe5, 0xd7, 0xe0, 0xa7, 0xe0, 0x70, 0xe0, 0x3f, 0xe0, 0x1b, 0xe0, 0x06, 
  0xe0, 0x06, 0xe0, 0x19, 0xe0, 0x3c, 0xe0, 0x6e, 0xe0, 0xa8, 0xe5, 0xd7, 0xe9, 0xf1, 0xed, 0xfc, 0xed, 0xfc, 0xe9, 0xf2, 0xe5, 0xd7, 0xe0, 0xa7, 0xe0, 0x6f, 0xe0, 0x3d, 0xe0, 0x1a, 0xe0, 0x06, 
  0xe0, 0x05, 0xe0, 0x19, 0xe0, 0x3b, 0xe0, 0x6c, 0xe0, 0xa7, 0xe5, 0xd6, 0xe9, 0xf1, 0xed, 0xfc, 0xed, 0xfc, 0xe9, 0xf1, 0xe5, 0xd5, 0xe0, 0xa5, 0xe0, 0x6d, 0xe0, 0x3d, 0xe0, 0x1a, 0xe0, 0x06, 
  0xe0, 0x05, 0xe0, 0x18, 0xe0, 0x3a, 0xe0, 0x6b, 0xe0, 0xa6, 0xe5, 0xd5, 0xe9, 0xf1, 0xed, 0xfc, 0xed, 0xfb, 0xe9, 0xf1, 0xe5, 0xd3, 0xe0, 0xa3, 0xe0, 0x6c, 0xe0, 0x3b, 0xe0, 0x1a, 0xe5, 0x06, 
  0xe0, 0x05, 0xe0, 0x17, 0xe0, 0x39, 0xe0, 0x6a, 0xe0, 0xa5, 0xe5, 0xd4, 0xe9, 0xf1, 0xed, 0xfc, 0xed, 0xfb, 0xe9, 0xf0, 0xe5, 0xd3, 0xe0, 0xa3, 0xe0, 0x6c, 0xe0, 0x3b, 0xe0, 0x19, 0xe9, 0x05, 
  0xe0, 0x05, 0xe0, 0x18, 0xe0, 0x39, 0xe0, 0x6a, 0xe0, 0xa5, 0xe5, 0xd4, 0xe9, 0xf1, 0xed, 0xfc, 0xed, 0xfb, 0xe9, 0xf0, 0xe5, 0xd3, 0xe0, 0xa3, 0xe0, 0x6b, 0xe0, 0x3b, 0xe0, 0x18, 0xe0, 0x05, 
  0xe0, 0x05, 0xe0, 0x18, 0xe0, 0x39, 0xe0, 0x6b, 0xe0, 0xa5, 0xe5, 0xd4, 0xe9, 0xf0, 0xed, 0xfc, 0xed, 0xfb, 0xe9, 0xef, 0xe5, 0xd4, 0xe0, 0xa3, 0xe0, 0x6a, 0xe0, 0x3a, 0xe0, 0x18, 0xe0, 0x05, 
  0xe0, 0x05, 0xe0, 0x17, 0xe0, 0x39, 0xe0, 0x6a, 0xe0, 0xa4, 0xe5, 0xd5, 0xe9, 0xf1, 0xed, 0xfc, 0xed, 0xfb, 0xe9, 0xf0, 0xe5, 0xd5, 0xe0, 0xa3, 0xe0, 0x6b, 0xe0, 0x3b, 0xe0, 0x19, 0xe0, 0x05, 
  0xe0, 0x05, 0xe0, 0x17, 0xe0, 0x38, 0xe0, 0x6a, 0xe0, 0xa5, 0xe5, 0xd5, 0xe9, 0xf1, 0xed, 0xfc, 0xed, 0xfb, 0xe9, 0xf0, 0xe5, 0xd4, 0xe0, 0xa3, 0xe0, 0x6c, 0xe0, 0x3b, 0xe0, 0x19, 0xe0, 0x05, 
  0xe0, 0x05, 0xe0, 0x18, 0xe0, 0x39, 0xe0, 0x6a, 0xe0, 0xa5, 0xe5, 0xd5, 0xe9, 0xf1, 0xed, 0xfb, 0xed, 0xfb, 0xe9, 0xf0, 0xe5, 0xd3, 0xe0, 0xa2, 0xe0, 0x6b, 0xe0, 0x3b, 0xe0, 0x19, 0xe0, 0x05, 
  0xe0, 0x06, 0xe0, 0x19, 0xe0, 0x39, 0xe0, 0x6a, 0xe0, 0xa5, 0xe5, 0xd4, 0xe9, 0xf1, 0xed, 0xfc, 0xed, 0xfb, 0xe9, 0xf0, 0xe5, 0xd3, 0xe0, 0xa2, 0xe0, 0x6b, 0xe0, 0x3b, 0xe0, 0x18, 0xe9, 0x05, 
  0xe0, 0x05, 0xe0, 0x17, 0xe0, 0x38, 0xe0, 0x6a, 0xe0, 0xa5, 0xe5, 0xd5, 0xe9, 0xf1, 0xed, 0xfc, 0xed, 0xfb, 0xe9, 0xf0, 0xe5, 0xd4, 0xe0, 0xa2, 0xe0, 0x6b, 0xe0, 0x3a, 0xe0, 0x18, 0xe9, 0x05, 
  0xe0, 0x06, 0xe0, 0x19, 0xe0, 0x3a, 0xe0, 0x6a, 0xe0, 0xa5, 0xe5, 0xd4, 0xe9, 0xf0, 0xed, 0xfc, 0xed, 0xfb, 0xe9, 0xf0, 0xe5, 0xd5, 0xe0, 0xa2, 0xe0, 0x6b, 0xe0, 0x3b, 0xe0, 0x19, 0xe0, 0x05, 
  0xe0, 0x05, 0xe0, 0x19, 0xe0, 0x39, 0xe0, 0x6a, 0xe0, 0xa5, 0xe5, 0xd4, 0xe9, 0xf0, 0xed, 0xfd, 0xed, 0xfb, 0xe9, 0xf0, 0xe5, 0xd3, 0xe0, 0xa3, 0xe0, 0x6b, 0xe0, 0x3a, 0xe0, 0x18, 0xe0, 0x05, 
  0xe0, 0x05, 0xe0, 0x18, 0xe0, 0x39, 0xe0, 0x6a, 0xe0, 0xa5, 0xe5, 0xd5, 0xe9, 0xf1, 0xed, 0xfc, 0xed, 0xfb, 0xe9, 0xf0, 0xe5, 0xd3, 0xe0, 0xa3, 0xe0, 0x6b, 0xe0, 0x3b, 0xe0, 0x19, 0xe9, 0x05, 
  0xe0, 0x05, 0xe0, 0x17, 0xe0, 0x38, 0xe0, 0x6b, 0xe0, 0xa6, 0xe5, 0xd3, 0xe9, 0xf1, 0xed, 0xfc, 0xed, 0xfb, 0xe9, 0xf0, 0xe5, 0xd3, 0xe0, 0xa3, 0xe0, 0x6c, 0xe0, 0x3b, 0xe0, 0x19, 0xe0, 0x05, 
  0xe0, 0x05, 0xe0, 0x17, 0xe0, 0x39, 0xe0, 0x6b, 0xe0, 0xa5, 0xe5, 0xd4, 0xe9, 0xf1, 0xed, 0xfd, 0xed, 0xfb, 0xe9, 0xf0, 0xe5, 0xd3, 0xe0, 0xa2, 0xe0, 0x6b, 0xe0, 0x3b, 0xe0, 0x19, 0xe0, 0x05, 
  0xe0, 0x05, 0xe0, 0x18, 0xe0, 0x3a, 0xe0, 0x6a, 0xe0, 0xa4, 0xe5, 0xd5, 0xe9, 0xf1, 0xed, 0xfc, 0xed, 0xfb, 0xe9, 0xf0, 0xe5, 0xd3, 0xe0, 0xa2, 0xe0, 0x6b, 0xe0, 0x3b, 0xe0, 0x19, 0xe9, 0x05, 
  0xe0, 0x05, 0xe0, 0x18, 0xe0, 0x3a, 0xe0, 0x6a, 0xe0, 0xa5, 0xe5, 0xd4, 0xe9, 0xf1, 0xed, 0xfc, 0xed, 0xfb, 0xe9, 0xf0, 0xe5, 0xd3, 0xe0, 0xa3, 0xe0, 0x6a, 0xe0, 0x3a, 0xe0, 0x18, 0xe9, 0x05, 
  0xe0, 0x05, 0xe0, 0x17, 0xe0, 0x39, 0xe0, 0x6b, 0xe0, 0xa5, 0xe5, 0xd4, 0xe9, 0xf1, 0xed, 0xfc, 0xed, 0xfb, 0xe9, 0xf0, 0xe5, 0xd4, 0xe0, 0xa3, 0xe0, 0x6b, 0xe0, 0x3b, 0xe0, 0x19, 0xe0, 0x06, 
  0xe0, 0x05, 0xe0, 0x18, 0xe0, 0x39, 0xe0, 0x6a, 0xe0, 0xa5, 0xe5, 0xd4, 0xe9, 0xf0, 0xed, 0xfc, 0xed, 0xfb, 0xe9, 0xf0, 0xe5, 0xd3, 0xe0, 0xa2, 0xe0, 0x6c, 0xe0, 0x3a, 0xe0, 0x18, 0xe0, 0x05, 
  0xe0, 0x05, 0xe0, 0x19, 0xe0, 0x39, 0xe0, 0x6a, 0xe0, 0xa5, 0xe5, 0xd4, 0xe9, 0xf1, 0xed, 0xfc, 0xed, 0xfb, 0xe9, 0xf0, 0xe5, 0xd4, 0xe0, 0xa3, 0xe0, 0x6b, 0xe0, 0x3a, 0xe0, 0x18, 0xe0, 0x05, 
  0xe0, 0x06, 0xe0, 0x19, 0xe0, 0x39, 0xe0, 0x6a, 0xe0, 0xa5, 0xe5, 0xd5, 0xe9, 0xf1, 0xed, 0xfc, 0xed, 0xfb, 0xe9, 0xf0, 0xe5, 0xd3, 0xe0, 0xa3, 0xe0, 0x6b, 0xe0, 0x3a, 0xe0, 0x19, 0xe9, 0x05, 
  0xe0, 0x05, 0xe0, 0x17, 0xe0, 0x38, 0xe0, 0x6a, 0xe0, 0xa5, 0xe5, 0xd4, 0xe9, 0xf0, 0xed, 0xfc, 0xed, 0xfb, 0xe9, 0xef, 0xe5, 0xd2, 0xe0, 0xa1, 0xe0, 0x6a, 0xe0, 0x3a, 0xe0, 0x19, 0xe0, 0x05, 
  0xe0, 0x05, 0xe0, 0x17, 0xe0, 0x38, 0xe0, 0x6a, 0xe0, 0xa3, 0xe5, 0xd3, 0xe9, 0xf0, 0xed, 0xfc, 0xed, 0xfc, 0xe9, 0xef, 0xe5, 0xd1, 0xe0, 0xa0, 0xe0, 0x69, 0xe0, 0x39, 0xe0, 0x18, 0xe0, 0x05, 
  0xe0, 0x05, 0xe0, 0x16, 0xe0, 0x38, 0xe0, 0x69, 0xe0, 0xa3, 0xe5, 0xd2, 0xe9, 0xef, 0xed, 0xfd, 0xed, 0xfb, 0xe9, 0xee, 0xe5, 0xd1, 0xe0, 0xa0, 0xe0, 0x67, 0xe0, 0x38, 0xe0, 0x18, 0xe0, 0x05, 
  0xe0, 0x04, 0xe0, 0x16, 0xe0, 0x37, 0xe0, 0x67, 0xe0, 0xa2, 0xe5, 0xd3, 0xe9, 0xee, 0xed, 0xfc, 0xed, 0xfa, 0xe9, 0xee, 0xe5, 0xd0, 0xe0, 0x9e, 0xe0, 0x66, 0xe0, 0x37, 0xe0, 0x17, 0xe0, 0x04, 
  0xe0, 0x04, 0xe0, 0x15, 0xe0, 0x36, 0xe0, 0x65, 0xe0, 0x9f, 0xe5, 0xd1, 0xe9, 0xee, 0xed, 0xfb, 0xed, 0xfb, 0xe9, 0xee, 0xe5, 0xd0, 0xe0, 0x9d, 0xe0, 0x65, 0xe0, 0x36, 0xe0, 0x16, 0xe0, 0x04, 
  0xe0, 0x04, 0xe0, 0x15, 0xe0, 0x35, 0xe0, 0x64, 0xe0, 0x9e, 0xe5, 0xcf, 0xe9, 0xee, 0xed, 0xfc, 0xed, 0xfc, 0xed, 0xee, 0xe5, 0xcf, 0xe4, 0x9e, 0xe0, 0x64, 0xe0, 0x35, 0xe0, 0x15, 0xe0, 0x04, 
  0xe0, 0x04, 0xe0, 0x15, 0xe0, 0x35, 0xe0, 0x64, 0xe0, 0x9d, 0xe5, 0xcf, 0xe9, 0xee, 0xed, 0xfb, 0xed, 0xfb, 0xe9, 0xee, 0xe5, 0xcf, 0xe4, 0x9c, 0xe0, 0x63, 0xe0, 0x35, 0xe0, 0x15, 0xe0, 0x04, 
  0xe0, 0x04, 0xe0, 0x15, 0xe0, 0x35, 0xe0, 0x64, 0xe0, 0x9c, 0xe5, 0xcf, 0xe9, 0xed, 0xed, 0xfb, 0xed, 0xfb, 0xe9, 0xee, 0xe5, 0xcf, 0xe0, 0x9b, 0xe0, 0x63, 0xe0, 0x35, 0xe0, 0x15, 0xe0, 0x04, 
  0xe0, 0x04, 0xe0, 0x15, 0xe0, 0x35, 0xe0, 0x64, 0xe0, 0x9d, 0xe5, 0xce, 0xe9, 0xed, 0xed, 0xfc, 0xed, 0xfb, 0xed, 0xee, 0xe5, 0xcf, 0xe0, 0x9b, 0xe0, 0x63, 0xe0, 0x35, 0xe0, 0x16, 0xe0, 0x05, 
  0xe0, 0x04, 0xe0, 0x15, 0xe0, 0x35, 0xe0, 0x63, 0xe0, 0x9d, 0xe5, 0xcf, 0xe9, 0xed, 0xed, 0xfc, 0xed, 0xfb, 0xe9, 0xee, 0xe5, 0xcf, 0xe0, 0x9c, 0xe0, 0x63, 0xe0, 0x35, 0xe0, 0x15, 0xe0, 0x04, 
  0xe0, 0x04, 0xe0, 0x15, 0xe0, 0x34, 0xe0, 0x63, 0xe0, 0x9d, 0xe5, 0xcf, 0xe9, 0xed, 0xed, 0xfb, 0xed, 0xfc, 0xe9, 0xed, 0xe5, 0xce, 0xe0, 0x9c, 0xe0, 0x64, 0xe0, 0x35, 0xe0, 0x15, 0xe0, 0x04, 
  0xe0, 0x04, 0xe0, 0x15, 0xe0, 0x34, 0xe0, 0x64, 0xe0, 0x9d, 0xe5, 0xcf, 0xe9, 0xed, 0xed, 0xfb, 0xed, 0xfb, 0xed, 0xee, 0xe5, 0xcf, 0xe0, 0x9b, 0xe0, 0x64, 0xe0, 0x36, 0xe0, 0x15, 0xe0, 0x04, 
  0xe0, 0x04, 0xe0, 0x15, 0xe0, 0x35, 0xe0, 0x64, 0xe0, 0x9c, 0xe5, 0xcf, 0xe9, 0xed, 0xed, 0xfb, 0xed, 0xfb, 0xed, 0xee, 0xe5, 0xcf, 0xe0, 0x9c, 0xe0, 0x64, 0xe0, 0x35, 0xe0, 0x14, 0xe0, 0x04, 
  0xe0, 0x04, 0xe0, 0x15, 0xe0, 0x35, 0xe0, 0x64, 0xe0, 0x9c, 0xe5, 0xce, 0xe9, 0xed, 0xed, 0xfb, 0xed, 0xfb, 0xed, 0xee, 0xe5, 0xcf, 0xe0, 0x9c, 0xe0, 0x64, 0xe0, 0x35, 0xe0, 0x15, 0xe0, 0x04, 
  0xe0, 0x03, 0xe0, 0x14, 0xe0, 0x35, 0xe0, 0x64, 0xe0, 0x9c, 0xe5, 0xcf, 0xe9, 0xed, 0xed, 0xfb, 0xed, 0xfa, 0xed, 0xed, 0xe5, 0xcf, 0xe0, 0x9b, 0xe0, 0x63, 0xe0, 0x35, 0xe0, 0x15, 0xe0, 0x04, 
  0xe0, 0x03, 0xe0, 0x15, 0xe0, 0x34, 0xe0, 0x64, 0xe0, 0x9d, 0xe5, 0xcf, 0xe9, 0xed, 0xed, 0xfb, 0xed, 0xfb, 0xe9, 0xed, 0xe5, 0xce, 0xe0, 0x9b, 0xe0, 0x63, 0xe0, 0x35, 0xe0, 0x15, 0xe0, 0x04, 
  0xe0, 0x04, 0xe0, 0x15, 0xe0, 0x34, 0xe0, 0x64, 0xe0, 0x9d, 0xe5, 0xcf, 0xe9, 0xed, 0xed, 0xfb, 0xed, 0xfc, 0xe9, 0xee, 0xe5, 0xcf, 0xe0, 0x9c, 0xe0, 0x63, 0xe0, 0x35, 0xe0, 0x15, 0xe0, 0x04, 
  0xe0, 0x03, 0xe0, 0x15, 0xe0, 0x35, 0xe0, 0x64, 0xe0, 0x9d, 0xe5, 0xd0, 0xe9, 0xee, 0xed, 0xfb, 0xed, 0xfb, 0xed, 0xed, 0xe5, 0xcf, 0xe0, 0x9c, 0xe0, 0x63, 0xe0, 0x35, 0xe0, 0x15, 0xe0, 0x04, 
  0xe0, 0x03, 0xe0, 0x15, 0xe0, 0x35, 0xe0, 0x64, 0xe0, 0x9d, 0xe5, 0xd0, 0xe9, 0xee, 0xed, 0xfa, 0xed, 0xfa, 0xe9, 0xee, 0xe5, 0xcf, 0xe0, 0x9b, 0xe0, 0x63, 0xe0, 0x35, 0xe0, 0x15, 0xe0, 0x05, 
  0xe0, 0x04, 0xe0, 0x15, 0xe0, 0x34, 0xe0, 0x63, 0xe0, 0x9d, 0xe5, 0xcf, 0xe9, 0xee, 0xed, 0xfa, 0xed, 0xfb, 0xed, 0xee, 0xe5, 0xcf, 0xe4, 0x9c, 0xe0, 0x63, 0xe0, 0x36, 0xe0, 0x15, 0xe0, 0x04, 
  0xe0, 0x04, 0xe0, 0x15, 0xe0, 0x34, 0xe0, 0x63, 0xe0, 0x9d, 0xe5, 0xcf, 0xe9, 0xee, 0xed, 0xfb, 0xed, 0xfb, 0xe9, 0xee, 0xe5, 0xcf, 0xe0, 0x9c, 0xe0, 0x63, 0xe0, 0x36, 0xe0, 0x16, 0xe0, 0x04, 
  0xe0, 0x04, 0xe0, 0x15, 0xe0, 0x34, 0xe0, 0x64, 0xe0, 0x9d, 0xe5, 0xcf, 0xe9, 0xed, 0xed, 0xfb, 0xed, 0xfa, 0xed, 0xed, 0xe5, 0xcf, 0xe0, 0x9c, 0xe0, 0x63, 0xe0, 0x35, 0xe0, 0x15, 0xe0, 0x04, 
  0xe0, 0x04, 0xe0, 0x15, 0xe0, 0x35, 0xe0, 0x63, 0xe0, 0x9d, 0xe5, 0xcf, 0xe9, 0xed, 0xed, 0xfb, 0xed, 0xfa, 0xed, 0xee, 0xe5, 0xcf, 0xe0, 0x9c, 0xe0, 0x64, 0xe0, 0x35, 0xe0, 0x15, 0xe0, 0x04, 
  0xe0, 0x04, 0xe0, 0x15, 0xe0, 0x34, 0xe0, 0x64, 0xe0, 0x9d, 0xe5, 0xcf, 0xe9, 0xee, 0xed, 0xfb, 0xed, 0xfb, 0xe9, 0xee, 0xe5, 0xcf, 0xe0, 0x9b, 0xe0, 0x63, 0xe0, 0x35, 0xe0, 0x15, 0xe0, 0x04, 
  0xe0, 0x03, 0xe0, 0x15, 0xe0, 0x34, 0xe0, 0x63, 0xe0, 0x9d, 0xe5, 0xcf, 0xe9, 0xed, 0xed, 0xfa, 0xed, 0xfb, 0xe9, 0xed, 0xe5, 0xcf, 0xe4, 0x9a, 0xe0, 0x63, 0xe0, 0x35, 0xe0, 0x15, 0xe0, 0x04, 
  0xe0, 0x03, 0xe0, 0x14, 0xe0, 0x34, 0xe0, 0x63, 0xe0, 0x9b, 0xe5, 0xcd, 0xe9, 0xed, 0xed, 0xfa, 0xed, 0xfa, 0xed, 0xed, 0xe5, 0xce, 0xe0, 0x9a, 0xe0, 0x61, 0xe0, 0x33, 0xe0, 0x14, 0xe0, 0x04, 
  0xe0, 0x03, 0xe0, 0x14, 0xe0, 0x33, 0xe0, 0x61, 0xe0, 0x99, 0xe5, 0xcc, 0xe9, 0xec, 0xed, 0xfb, 0xed, 0xfa, 0xe9, 0xed, 0xe5, 0xcd, 0xe0, 0x99, 0xe0, 0x60, 0xe0, 0x31, 0xe0, 0x14, 0xe0, 0x04, 
  0xe0, 0x03, 0xe0, 0x14, 0xe0, 0x32, 0xe0, 0x60, 0xe0, 0x99, 0xe5, 0xcb, 0xe9, 0xeb, 0xed, 0xfb, 0xed, 0xfb, 0xed, 0xed, 0xe5, 0xcd, 0xe0, 0x97, 0xe0, 0x5e, 0xe0, 0x31, 0xe0, 0x13, 0xe0, 0x03, 
  0xe0, 0x03, 0xe0, 0x13, 0xe0, 0x31, 0xe0, 0x5e, 0xe0, 0x96, 0xe5, 0xcb, 0xe9, 0xeb, 0xed, 0xfa, 0xed, 0xfa, 0xed, 0xec, 0xe5, 0xcd, 0xe0, 0x97, 0xe0, 0x5e, 0xe0, 0x30, 0xe0, 0x12, 0xe0, 0x03, 
  0xe0, 0x03, 0xe0, 0x13, 0xe0, 0x30, 0xe0, 0x5e, 0xe0, 0x96, 0xe5, 0xca, 0xe9, 0xeb, 0xed, 0xfa, 0xed, 0xf9, 0xed, 0xec, 0xe5, 0xcc, 0xe0, 0x97, 0xe0, 0x5d, 0xe0, 0x2f, 0xe0, 0x11, 0xe0, 0x03, 
  0xe0, 0x02, 0xe0, 0x12, 0xe0, 0x30, 0xe0, 0x5e, 0xe0, 0x97, 0xe5, 0xc9, 0xe9, 0xeb, 0xed, 0xfa, 0xed, 0xfa, 0xed, 0xeb, 0xe5, 0xcb, 0xe4, 0x96, 0xe0, 0x5c, 0xe0, 0x2f, 0xe0, 0x12, 0xe0, 0x03, 
  0xe0, 0x02, 0xe4, 0x12, 0xe0, 0x30, 0xe0, 0x5d, 0xe0, 0x96, 0xe5, 0xc9, 0xe9, 0xeb, 0xed, 0xfa, 0xed, 0xfa, 0xed, 0xec, 0xe5, 0xcb, 0xe4, 0x97, 0xe0, 0x5c, 0xe0, 0x2f, 0xe0, 0x12, 0xe0, 0x03, 
  0xe0, 0x02, 0xe0, 0x13, 0xe0, 0x30, 0xe0, 0x5d, 0xe0, 0x95, 0xe5, 0xca, 0xe9, 0xeb, 0xed, 0xfa, 0xed, 0xf9, 0xed, 0xec, 0xe5, 0xcd, 0xe0, 0x95, 0xe0, 0x5c, 0xe0, 0x2f, 0xe0, 0x11, 0xe0, 0x03, 
  0x80, 0x02, 0xe0, 0x13, 0xe0, 0x30, 0xe0, 0x5e, 0xe0, 0x96, 0xe5, 0xca, 0xe9, 0xea, 0xed, 0xfa, 0xed, 0xf9, 0xed, 0xec, 0xe5, 0xcc, 0xe0, 0x95, 0xe0, 0x5c, 0xe0, 0x2f, 0xe0, 0x11, 0xe0, 0x03, 
  0xe0, 0x02, 0xe0, 0x12, 0xe0, 0x31, 0xe0, 0x5e, 0xe0, 0x96, 0xe5, 0xc9, 0xe9, 0xeb, 0xed, 0xfa, 0xed, 0xf9, 0xed, 0xec, 0xe5, 0xcc, 0xe0, 0x95, 0xe0, 0x5c, 0xe0, 0x2f, 0xe0, 0x12, 0xe0, 0x03, 
  0xe0, 0x02, 0xe0, 0x12, 0xe0, 0x30, 0xe0, 0x5d, 0xe0, 0x96, 0xe5, 0xca, 0xe9, 0xea, 0xed, 0xfa, 0xed, 0xf9, 0xed, 0xec, 0xe5, 0xcd, 0xe0, 0x95, 0xe0, 0x5c, 0xe0, 0x2f, 0xe0, 0x11, 0xe0, 0x03, 
  0xe0, 0x02, 0xe0, 0x12, 0xe0, 0x30, 0xe0, 0x5d, 0xe0, 0x96, 0xe5, 0xc9, 0xe9, 0xeb, 0xed, 0xfa, 0xed, 0xf9, 0xed, 0xec, 0xe5, 0xcd, 0xe4, 0x96, 0xe0, 0x5c, 0xe0, 0x2f, 0xe0, 0x12, 0xe0, 0x03, 
  0x80, 0x02, 0xe0, 0x13, 0xe0, 0x30, 0xe0, 0x5d, 0xe0, 0x96, 0xe5, 0xc9, 0xe9, 0xe9, 0xed, 0xfa, 0xed, 0xf9, 0xed, 0xec, 0xe5, 0xcd, 0xe4, 0x95, 0xe0, 0x5d, 0xe0, 0x2f, 0xe0, 0x11, 0xe0, 0x03, 
  0xe0, 0x02, 0xe0, 0x12, 0xe0, 0x30, 0xe0, 0x5d, 0xe0, 0x95, 0xe5, 0xc9, 0xe9, 0xeb, 0xed, 0xfa, 0xed, 0xf9, 0xed, 0xec, 0xe5, 0xcc, 0xe4, 0x95, 0xe0, 0x5c, 0xe0, 0x2f, 0xe0, 0x11, 0xe0, 0x03, 
  0x80, 0x02, 0xe0, 0x13, 0xe0, 0x30, 0xe0, 0x5d, 0xe0, 0x97, 0xe5, 0xca, 0xe9, 0xea, 0xed, 0xfa, 0xed, 0xf9, 0xed, 0xec, 0xe5, 0xcc, 0xe0, 0x95, 0xe0, 0x5c, 0xe0, 0x2e, 0xe0, 0x11, 0xe0, 0x03, 
  0xe0, 0x02, 0xe0, 0x12, 0xe0, 0x30, 0xe0, 0x5d, 0xe0, 0x95, 0xe5, 0xc9, 0xe9, 0xeb, 0xed, 0xfa, 0xed, 0xf9, 0xed, 0xec, 0xe5, 0xcc, 0xe0, 0x95, 0xe0, 0x5c, 0xe0, 0x2f, 0xe0, 0x11, 0xe0, 0x03, 
  0xe0, 0x03, 0xe0, 0x13, 0xe0, 0x30, 0xe0, 0x5d, 0xe0, 0x95, 0xe5, 0xc9, 0xed, 0xea, 0xed, 0xf9, 0xed, 0xf9, 0xed, 0xec, 0xe5, 0xcd, 0xe0, 0x95, 0xe0, 0x5c, 0xe0, 0x2f, 0xe0, 0x12, 0xe0, 0x03, 
  0xe0, 0x03, 0xe0, 0x13, 0xe0, 0x30, 0xe0, 0x5d, 0xe0, 0x96, 0xe5, 0xca, 0xe9, 0xea, 0xed, 0xf9, 0xed, 0xf9, 0xed, 0xec, 0xe5, 0xcc, 0xe0, 0x96, 0xe0, 0x5c, 0xe0, 0x2f, 0xe0, 0x11, 0xe0, 0x03, 
  0xe0, 0x02, 0xe0, 0x12, 0xe0, 0x30, 0xe0, 0x5d, 0xe0, 0x96, 0xe5, 0xc9, 0xe9, 0xeb, 0xed, 0xfa, 0xed, 0xf9, 0xed, 0xec, 0xe5, 0xcc, 0xe0, 0x96, 0xe0, 0x5c, 0xe0, 0x2f, 0xe0, 0x11, 0xe0, 0x03, 
  0x80, 0x02, 0xe0, 0x13, 0xe0, 0x30, 0xe0, 0x5c, 0xe0, 0x96, 0xe5, 0xc9, 0xe9, 0xeb, 0xed, 0xfa, 0xed, 0xf9, 0xed, 0xec, 0xe5, 0xcc, 0xe0, 0x96, 0xe0, 0x5c, 0xe0, 0x2f, 0xe0, 0x11, 0xe0, 0x03, 
  0x80, 0x02, 0xe0, 0x13, 0xe0, 0x30, 0xe0, 0x5d, 0xe0, 0x96, 0xe5, 0xc9, 0xe9, 0xeb, 0xed, 0xfa, 0xed, 0xf9, 0xed, 0xec, 0xe5, 0xcc, 0xe0, 0x96, 0xe0, 0x5c, 0xe0, 0x2f, 0xe0, 0x11, 0xe0, 0x03, 
  0xe0, 0x02, 0xe0, 0x12, 0xe0, 0x30, 0xe0, 0x5d, 0xe0, 0x96, 0xe5, 0xc9, 0xe9, 0xea, 0xed, 0xfa, 0xed, 0xf9, 0xed, 0xec, 0xe5, 0xcc, 0xe0, 0x95, 0xe0, 0x5c, 0xe0, 0x2f, 0xe0, 0x11, 0xe0, 0x03, 
  0xe0, 0x03, 0xe0, 0x12, 0xe0, 0x2f, 0xe0, 0x5d, 0xe0, 0x95, 0xe5, 0xc9, 0xe9, 0xea, 0xed, 0xf9, 0xed, 0xf9, 0xed, 0xec, 0xe5, 0xcc, 0xe0, 0x95, 0xe0, 0x5c, 0xe0, 0x2f, 0xe0, 0x12, 0xe0, 0x03, 
  0x80, 0x02, 0xe0, 0x12, 0xe0, 0x2f, 0xe0, 0x5c, 0xe0, 0x95, 0xe5, 0xca, 0xed, 0xea, 0xed, 0xf9, 0xed, 0xf9, 0xed, 0xec, 0xe5, 0xcc, 0xe0, 0x95, 0xe0, 0x5b, 0xe0, 0x2e, 0xe0, 0x11, 0xe0, 0x03, 
  0x00, 0x01, 0xe0, 0x11, 0xe0, 0x2f, 0xe0, 0x5b, 0xe4, 0x94, 0xe5, 0xc8, 0xe9, 0xe9, 0xed, 0xfa, 0xed, 0xfa, 0xed, 0xeb, 0xe5, 0xcb, 0xe0, 0x94, 0xe0, 0x5a, 0xe0, 0x2d, 0xe0, 0x11, 0xe0, 0x03, 
  0xe0, 0x02, 0xe0, 0x11, 0xe0, 0x2e, 0xe0, 0x5b, 0xe0, 0x92, 0xe5, 0xc8, 0xe9, 0xe9, 0xed, 0xfa, 0xed, 0xfa, 0xed, 0xeb, 0xe5, 0xc9, 0xe0, 0x92, 0xe0, 0x5a, 0xe0, 0x2d, 0xe0, 0x0f, 0xe0, 0x02, 
  0xa0, 0x03, 0xe0, 0x11, 0xe0, 0x2c, 0xe0, 0x59, 0xe4, 0x92, 0xe5, 0xc7, 0xed, 0xe9, 0xed, 0xfa, 0xed, 0xfa, 0xed, 0xeb, 0xe5, 0xc9, 0xe4, 0x91, 0xe0, 0x58, 0xe0, 0x2b, 0xe0, 0x0f, 0x80, 0x02, 
  0xe0, 0x02, 0xe0, 0x10, 0xe0, 0x2c, 0xe0, 0x57, 0xe0, 0x8f, 0xe5, 0xc7, 0xed, 0xe8, 0xed, 0xf9, 0xed, 0xfa, 0xed, 0xeb, 0xe5, 0xc8, 0xe4, 0x90, 0xe0, 0x56, 0xe0, 0x2a, 0xe4, 0x0f, 0x80, 0x02, 
  0xe0, 0x02, 0xe0, 0x10, 0xe0, 0x2c, 0xe0, 0x57, 0xe0, 0x8f, 0xe5, 0xc6, 0xed, 0xe8, 0xed, 0xf9, 0xed, 0xf9, 0xed, 0xea, 0xe5, 0xc8, 0xe4, 0x90, 0xe0, 0x56, 0xe0, 0x29, 0xe0, 0x0e, 0x00, 0x01, 
  0xe0, 0x02, 0xe0, 0x10, 0xe0, 0x2b, 0xe0, 0x57, 0xe0, 0x8f, 0xe5, 0xc5, 0xed, 0xe8, 0xed, 0xf9, 0xed, 0xf8, 0xed, 0xea, 0xe5, 0xc8, 0xe4, 0x8f, 0xe0, 0x55, 0xe0, 0x29, 0xe0, 0x0d, 0x00, 0x01, 
  0xe0, 0x02, 0xe0, 0x10, 0xe0, 0x2b, 0xe0, 0x57, 0xe0, 0x8f, 0xe5, 0xc5, 0xed, 0xe8, 0xed, 0xf9, 0xed, 0xf9, 0xed, 0xea, 0xe5, 0xc8, 0xe4, 0x8f, 0xe0, 0x55, 0xe0, 0x29, 0xe0, 0x0d, 0x00, 0x01, 
  0xe0, 0x01, 0xe0, 0x10, 0xe0, 0x2c, 0xe0, 0x57, 0xe0, 0x8e, 0xe5, 0xc5, 0xe9, 0xe7, 0xed, 0xf9, 0xed, 0xf9, 0xed, 0xea, 0xe5, 0xc8, 0xe4, 0x8e, 0xe0, 0x55, 0xe0, 0x29, 0xe0, 0x0d, 0x00, 0x01, 
  0xe0, 0x01, 0xe0, 0x10, 0xe0, 0x2b, 0xe0, 0x57, 0xe0, 0x8e, 0xe5, 0xc5, 0xe9, 0xe8, 0xed, 0xf9, 0xed, 0xf9, 0xed, 0xea, 0xe5, 0xc8, 0xe4, 0x8e, 0xe0, 0x54, 0xe0, 0x29, 0xe4, 0x0d, 0x00, 0x01, 
  0xe0, 0x02, 0xe0, 0x10, 0xe0, 0x2b, 0xe0, 0x57, 0xe0, 0x8f, 0xe5, 0xc5, 0xe9, 0xe7, 0xed, 0xf9, 0xed, 0xfa, 0xed, 0xea, 0xe5, 0xc8, 0xe4, 0x8f, 0xe0, 0x55, 0xe0, 0x29, 0xe5, 0x0d, 0x00, 0x01, 
  0xe0, 0x02, 0xe0, 0x10, 0xe0, 0x2b, 0xe0, 0x57, 0xe4, 0x8f, 0xe5, 0xc5, 0xe9, 0xe7, 0xed, 0xf9, 0xed, 0xf9, 0xed, 0xea, 0xe5, 0xc8, 0xe4, 0x8f, 0xe0, 0x55, 0xe0, 0x29, 0xe4, 0x0d, 0x00, 0x01, 
  0xe0, 0x02, 0xe0, 0x10, 0xe0, 0x2b, 0xe0, 0x56, 0xe0, 0x8f, 0xe5, 0xc6, 0xed, 0xe8, 0xed, 0xf9, 0xed, 0xf8, 0xed, 0xea, 0xe5, 0xc8, 0xe4, 0x8f, 0xe0, 0x55, 0xe0, 0x29, 0xe4, 0x0d, 0x00, 0x01, 
  0x00, 0x01, 0xe4, 0x10, 0xe0, 0x2b, 0xe0, 0x56, 0xe0, 0x8e, 0xe5, 0xc6, 0xe9, 0xe7, 0xed, 0xf9, 0xed, 0xf9, 0xed, 0xea, 0xe5, 0xc7, 0xe0, 0x8f, 0xe0, 0x55, 0xe0, 0x29, 0xe0, 0x0d, 0x00, 0x01, 
  0xe0, 0x02, 0xe0, 0x10, 0xe0, 0x2a, 0xe0, 0x57, 0xe4, 0x90, 0xe5, 0xc5, 0xe9, 0xe7, 0xed, 0xf9, 0xed, 0xf9, 0xed, 0xea, 0xe5, 0xc8, 0xe4, 0x8f, 0xe0, 0x55, 0xe0, 0x29, 0xe0, 0x0d, 0x00, 0x01, 
  0xe0, 0x02, 0xe4, 0x10, 0xe0, 0x2b, 0xe0, 0x57, 0xe4, 0x8f, 0xe5, 0xc5, 0xed, 0xe8, 0xed, 0xf9, 0xed, 0xf9, 0xed, 0xea, 0xe5, 0xc7, 0xe4, 0x8e, 0xe0, 0x55, 0xe0, 0x29, 0xe0, 0x0d, 0x00, 0x01, 
  0xe0, 0x02, 0xe0, 0x10, 0xe0, 0x2c, 0xe0, 0x57, 0xe4, 0x8f, 0xe5, 0xc5, 0xe9, 0xe8, 0xed, 0xf9, 0xed, 0xfa, 0xed, 0xea, 0xe5, 0xc7, 0xe4, 0x8f, 0xe0, 0x55, 0xe0, 0x29, 0xe4, 0x0d, 0x00, 0x01, 
  0xe0, 0x02, 0xe0, 0x10, 0xe0, 0x2c, 0xe0, 0x57, 0xe0, 0x8f, 0xe5, 0xc5, 0xed, 0xe8, 0xed, 0xf9, 0xed, 0xf9, 0xed, 0xea, 0xe5, 0xc7, 0xe4, 0x8f, 0xe0, 0x55, 0xe0, 0x29, 0xe4, 0x0e, 0x00, 0x01, 
  0xe0, 0x02, 0xe0, 0x10, 0xe0, 0x2b, 0xe0, 0x57, 0xe0, 0x8f, 0xe5, 0xc5, 0xe9, 0xe7, 0xed, 0xf9, 0xed, 0xf9, 0xed, 0xea, 0xe5, 0xc8, 0xe4, 0x8f, 0xe0, 0x55, 0xe0, 0x29, 0xe0, 0x0d, 0x00, 0x00, 
  0xe0, 0x02, 0xe0, 0x0f, 0xe0, 0x2b, 0xe0, 0x57, 0xe0, 0x8f, 0xe5, 0xc5, 0xe9, 0xe8, 0xed, 0xf9, 0xed, 0xf9, 0xed, 0xea, 0xe5, 0xc8, 0xe4, 0x8f, 0xe0, 0x55, 0xe0, 0x29, 0xe0, 0x0d, 0x00, 0x01, 
  0xe0, 0x02, 0xe0, 0x0f, 0xe0, 0x2b, 0xe0, 0x57, 0xe0, 0x8f, 0xe5, 0xc5, 0xed, 0xe8, 0xed, 0xf9, 0xed, 0xf9, 0xed, 0xea, 0xe5, 0xc8, 0xe4, 0x8f, 0xe0, 0x55, 0xe0, 0x29, 0xe0, 0x0e, 0x00, 0x01, 
  0xe0, 0x02, 0xe0, 0x10, 0xe0, 0x2b, 0xe0, 0x57, 0xe0, 0x8f, 0xe5, 0xc6, 0xed, 0xe8, 0xed, 0xf9, 0xed, 0xf9, 0xed, 0xea, 0xe5, 0xc8, 0xe4, 0x8f, 0xe0, 0x55, 0xe0, 0x29, 0xe0, 0x0d, 0x00, 0x01, 
  0xe0, 0x02, 0xe4, 0x10, 0xe0, 0x2b, 0xe0, 0x57, 0xe4, 0x8f, 0xe5, 0xc5, 0xe9, 0xe7, 0xed, 0xf9, 0xed, 0xf9, 0xed, 0xea, 0xe5, 0xc8, 0xe4, 0x8f, 0xe0, 0x55, 0xe0, 0x29, 0xe0, 0x0d, 0x00, 0x01, 
  0xe0, 0x02, 0xe4, 0x10, 0xe0, 0x2b, 0xe0, 0x57, 0xe0, 0x8f, 0xe5, 0xc4, 0xe9, 0xe7, 0xed, 0xf9, 0xed, 0xf9, 0xed, 0xeb, 0xe5, 0xc8, 0xe4, 0x8e, 0xe0, 0x55, 0xe0, 0x29, 0xe4, 0x0d, 0x00, 0x01, 
  0x80, 0x02, 0xe4, 0x10, 0xe0, 0x2b, 0xe0, 0x57, 0xe0, 0x8f, 0xe5, 0xc5, 0xed, 0xe8, 0xed, 0xf9, 0xed, 0xf9, 0xed, 0xea, 0xe5, 0xc9, 0xe4, 0x8e, 0xe0, 0x54, 0xe0, 0x29, 0xe0, 0x0d, 0x00, 0x01, 
  0xe0, 0x01, 0xe0, 0x10, 0xe0, 0x2b, 0xe0, 0x57, 0xe0, 0x8f, 0xe5, 0xc5, 0xe9, 0xe8, 0xed, 0xf9, 0xed, 0xf9, 0xed, 0xea, 0xe5, 0xc8, 0xe4, 0x8f, 0xe0, 0x56, 0xe0, 0x29, 0xe0, 0x0d, 0x00, 0x01, 
  0xe0, 0x02, 0xe0, 0x10, 0xe0, 0x2b, 0xe0, 0x57, 0xe0, 0x8f, 0xe5, 0xc5, 0xed, 0xe8, 0xed, 0xf9, 0xed, 0xf9, 0xed, 0xea, 0xe5, 0xc7, 0xe4, 0x8e, 0xe0, 0x55, 0xe0, 0x29, 0xe0, 0x0d, 0x00, 0x01, 
  0x00, 0x01, 0xe0, 0x10, 0xe0, 0x2b, 0xe0, 0x57, 0xe0, 0x8e, 0xe5, 0xc4, 0xed, 0xe8, 0xed, 0xf9, 0xed, 0xf9, 0xed, 0xea, 0xe5, 0xc7, 0xe4, 0x8e, 0xe0, 0x54, 0xe0, 0x29, 0xe0, 0x0d, 0x00, 0x01, 
  0xe0, 0x02, 0xe0, 0x10, 0xe0, 0x2a, 0xe0, 0x56, 0xe4, 0x8d, 0xe5, 0xc4, 0xed, 0xe8, 0xed, 0xf9, 0xed, 0xf8, 0xed, 0xea, 0xe5, 0xc7, 0xe4, 0x8e, 0xe0, 0x53, 0xe0, 0x28, 0xe4, 0x0e, 0x00, 0x01, 
  0xe0, 0x01, 0xe0, 0x0f, 0xe0, 0x2a, 0xe0, 0x54, 0xe0, 0x8c, 0xe5, 0xc3, 0xed, 0xe7, 0xed, 0xf9, 0xed, 0xf8, 0xed, 0xea, 0xe5, 0xc7, 0xe4, 0x8c, 0xe0, 0x52, 0xe0, 0x28, 0xe4, 0x0d, 0x00, 0x01, 
  0xe0, 0x01, 0xe0, 0x0e, 0xe0, 0x28, 0xe0, 0x52, 0xe0, 0x8a, 0xe5, 0xc1, 0xed, 0xe7, 0xed, 0xf8, 0xed, 0xf8, 0xed, 0xe8, 0xe9, 0xc5, 0xe4, 0x8b, 0xe0, 0x51, 0xe0, 0x26, 0xe0, 0x0c, 0x00, 0x01, 
  0xe0, 0x02, 0xe4, 0x0e, 0xe0, 0x28, 0xe0, 0x52, 0xe0, 0x89, 0xe5, 0xc1, 0xed, 0xe6, 0xed, 0xf7, 0xed, 0xf8, 0xed, 0xe8, 0xe5, 0xc3, 0xe4, 0x89, 0xe0, 0x50, 0xe0, 0x26, 0xe0, 0x0c, 0x00, 0x00, 
  0xe0, 0x01, 0xe4, 0x0d, 0xe0, 0x27, 0xe0, 0x52, 0xe0, 0x88, 0xe5, 0xc1, 0xed, 0xe6, 0xed, 0xf8, 0xed, 0xf7, 0xed, 0xe7, 0xe5, 0xc3, 0xe4, 0x88, 0xe0, 0x50, 0xe0, 0x26, 0xe4, 0x0b, 0x00, 0x00, 
  0xe0, 0x01, 0xe0, 0x0d, 0xe0, 0x26, 0xe0, 0x50, 0xe0, 0x87, 0xe5, 0xbf, 0xed, 0xe6, 0xed, 0xf8, 0xed, 0xf7, 0xed, 0xe7, 0xe5, 0xc2, 0xe4, 0x89, 0xe0, 0x50, 0xe0, 0x25, 0xe0, 0x0b, 0x00, 0x01, 
  0xe0, 0x02, 0xe0, 0x0d, 0xe0, 0x26, 0xe0, 0x4f, 0xe0, 0x87, 0xe5, 0xc0, 0xed, 0xe5, 0xed, 0xf8, 0xed, 0xf7, 0xed, 0xe7, 0xe5, 0xc2, 0xe4, 0x87, 0xe0, 0x4f, 0xe0, 0x25, 0xe0, 0x0c, 0x00, 0x01, 
  0xe0, 0x01, 0xe0, 0x0d, 0xe0, 0x26, 0xe0, 0x50, 0xe0, 0x87, 0xe5, 0xc0, 0xed, 0xe5, 0xed, 0xf7, 0xed, 0xf7, 0xed, 0xe6, 0xe9, 0xc2, 0xe4, 0x87, 0xe0, 0x4f, 0xe0, 0x25, 0xe0, 0x0b, 0x00, 0x00, 
  0xe0, 0x01, 0xe0, 0x0d, 0xe0, 0x27, 0xe0, 0x50, 0xe0, 0x86, 0xe5, 0xbf, 0xed, 0xe6, 0xed, 0xf6, 0xed, 0xf7, 0xed, 0xe7, 0xe9, 0xc1, 0xe4, 0x87, 0xe0, 0x4f, 0xe0, 0x25, 0xe0, 0x0b, 0x00, 0x00, 
  0xe0, 0x01, 0xe0, 0x0d, 0xe0, 0x27, 0xe0, 0x4f, 0xe0, 0x86, 0xe5, 0xbf, 0xed, 0xe5, 0xed, 0xf7, 0xed, 0xf7, 0xed, 0xe7, 0xe5, 0xc1, 0xe4, 0x87, 0xe0, 0x4f, 0xe0, 0x25, 0xe0, 0x0b, 0x00, 0x00, 
  0xe0, 0x01, 0xe4, 0x0d, 0xe0, 0x26, 0xe0, 0x4f, 0xe0, 0x87, 0xe5, 0xbf, 0xed, 0xe5, 0xed, 0xf7, 0xed, 0xf7, 0xed, 0xe6, 0xe5, 0xc2, 0xe4, 0x88, 0xe0, 0x4f, 0xe0, 0x25, 0xe0, 0x0c, 0x00, 0x01, 
  0x00, 0x01, 0xe0, 0x0d, 0xe0, 0x26, 0xe0, 0x4f, 0xe4, 0x87, 0xe5, 0xbf, 0xed, 0xe6, 0xed, 0xf8, 0xed, 0xf7, 0xed, 0xe7, 0xe9, 0xc1, 0xe4, 0x88, 0xe0, 0x4f, 0xe0, 0x25, 0xe4, 0x0c, 0x00, 0x01, 
  0xe0, 0x02, 0xe0, 0x0d, 0xe0, 0x26, 0xe0, 0x4f, 0xe4, 0x87, 0xe5, 0xbf, 0xed, 0xe4, 0xed, 0xf7, 0xed, 0xf7, 0xed, 0xe6, 0xe5, 0xc2, 0xe0, 0x86, 0xe0, 0x4e, 0xe0, 0x25, 0xe0, 0x0c, 0x00, 0x01, 
  0xe0, 0x01, 0xe4, 0x0d, 0xe0, 0x26, 0xe0, 0x4f, 0xe0, 0x87, 0xe5, 0xbf, 0xed, 0xe4, 0xed, 0xf7, 0xed, 0xf7, 0xed, 0xe6, 0xe9, 0xc1, 0xe4, 0x86, 0xe0, 0x4e, 0xe0, 0x25, 0xe0, 0x0c, 0x00, 0x01, 
  0x00, 0x00, 0xe4, 0x0d, 0xe0, 0x26, 0xe0, 0x4f, 0xe0, 0x87, 0xe5, 0xc0, 0xed, 0xe4, 0xed, 0xf7, 0xed, 0xf7, 0xed, 0xe6, 0xe9, 0xc1, 0xe4, 0x86, 0xe0, 0x4e, 0xe0, 0x25, 0xe0, 0x0c, 0x00, 0x01, 
  0xe0, 0x01, 0xe4, 0x0d, 0xe0, 0x26, 0xe0, 0x50, 0xe0, 0x87, 0xe5, 0xbf, 0xed, 0xe5, 0xed, 0xf6, 0xed, 0xf7, 0xed, 0xe6, 0xe5, 0xc2, 0xe4, 0x87, 0xe0, 0x50, 0xe0, 0x25, 0xe0, 0x0b, 0x00, 0x00, 
  0xe0, 0x02, 0xe0, 0x0e, 0xe0, 0x27, 0xe0, 0x51, 0xe4, 0x87, 0xe5, 0xbf, 0xed, 0xe6, 0xed, 0xf7, 0xed, 0xf7, 0xed, 0xe7, 0xe5, 0xc2, 0xe4, 0x86, 0xe0, 0x4f, 0xe0, 0x26, 0xe4, 0x0b, 0x00, 0x00, 
  0xe0, 0x01, 0xe0, 0x0e, 0xe0, 0x26, 0xe0, 0x4f, 0xe0, 0x87, 0xe5, 0xbf, 0xed, 0xe6, 0xed, 0xf7, 0xed, 0xf7, 0xed, 0xe7, 0xe5, 0xc2, 0xe0, 0x88, 0xe0, 0x4f, 0xe0, 0x25, 0xe0, 0x0b, 0x00, 0x00, 
  0xe0, 0x01, 0xe4, 0x0c, 0xe0, 0x26, 0xe0, 0x50, 0xe0, 0x87, 0xe5, 0xbf, 0xed, 0xe5, 0xed, 0xf6, 0xed, 0xf7, 0xed, 0xe6, 0xe9, 0xc1, 0xe4, 0x88, 0xe0, 0x4f, 0xe0, 0x24, 0xe0, 0x0b, 0x00, 0x01, 
  0xe0, 0x02, 0xe0, 0x0c, 0xe0, 0x26, 0xe0, 0x50, 0xe0, 0x87, 0xe5, 0xbf, 0xed, 0xe5, 0xed, 0xf6, 0xed, 0xf7, 0xed, 0xe7, 0xe9, 0xc1, 0xe4, 0x87, 0xe0, 0x4f, 0xe0, 0x25, 0xe4, 0x0b, 0x00, 0x00, 
  0xe0, 0x01, 0xe0, 0x0d, 0xe0, 0x27, 0xe0, 0x50, 0xe0, 0x87, 0xe5, 0xbf, 0xed, 0xe6, 0xed, 0xf7, 0xed, 0xf7, 0xed, 0xe7, 0xe9, 0xc1, 0xe4, 0x87, 0xe0, 0x4f, 0xe0, 0x25, 0xe4, 0x0b, 0x00, 0x00, 
  0xe0, 0x01, 0xe4, 0x0d, 0xe0, 0x26, 0xe0, 0x50, 0xe0, 0x87, 0xe5, 0xbf, 0xed, 0xe6, 0xed, 0xf7, 0xed, 0xf7, 0xed, 0xe6, 0xe9, 0xc2, 0xe4, 0x87, 0xe0, 0x4f, 0xe0, 0x25, 0xe0, 0x0b, 0x00, 0x00, 
  0xe0, 0x02, 0xe4, 0x0d, 0xe0, 0x25, 0xe0, 0x4f, 0xe0, 0x87, 0xe5, 0xbf, 0xed, 0xe5, 0xed, 0xf6, 0xed, 0xf7, 0xed, 0xe6, 0xe9, 0xc1, 0xe4, 0x87, 0xe0, 0x4f, 0xe0, 0x25, 0xe0, 0x0b, 0x00, 0x00, 
  0x00, 0x01, 0xe0, 0x0e, 0xe0, 0x26, 0xe0, 0x4f, 0xe0, 0x88, 0xe5, 0xbf, 0xed, 0xe5, 0xed, 0xf7, 0xed, 0xf6, 0xed, 0xe5, 0xe9, 0xc1, 0xe4, 0x87, 0xe0, 0x4f, 0xe0, 0x25, 0xe0, 0x0c, 0x00, 0x01, 
  0xe0, 0x01, 0xe0, 0x0d, 0xe0, 0x26, 0xe0, 0x4e, 0xe0, 0x86, 0xe5, 0xbf, 0xed, 0xe5, 0xed, 0xf7, 0xed, 0xf5, 0xed, 0xe6, 0xe9, 0xc1, 0xe0, 0x86, 0xe0, 0x4d, 0xe0, 0x25, 0xe4, 0x0b, 0x00, 0x00, 
  0xe0, 0x01, 0xe4, 0x0c, 0xe0, 0x25, 0xe0, 0x4e, 0xe4, 0x85, 0xe5, 0xbe, 0xed, 0xe4, 0xed, 0xf6, 0xed, 0xf6, 0xed, 0xe5, 0xe9, 0xbe, 0xe4, 0x85, 0xe0, 0x4c, 0xe0, 0x24, 0xe0, 0x0b, 0x00, 0x00, 
  0xe0, 0x01, 0xe0, 0x0c, 0xe0, 0x23, 0xe0, 0x4d, 0xe4, 0x85, 0xe5, 0xbd, 0xed, 0xe4, 0xed, 0xf5, 0xed, 0xf5, 0xed, 0xe5, 0xe9, 0xbe, 0xe4, 0x82, 0xe0, 0x4b, 0xe0, 0x22, 0xe0, 0x0a, 0x00, 0x00, 
  0xe0, 0x01, 0xe4, 0x0b, 0xe0, 0x22, 0xe0, 0x4b, 0xe4, 0x82, 0xe5, 0xbc, 0xed, 0xe3, 0xed, 0xf4, 0xed, 0xf4, 0xed, 0xe4, 0xe5, 0xbc, 0xe4, 0x81, 0xe0, 0x4a, 0xe0, 0x22, 0xe4, 0x0a, 0x00, 0x00, 
  0x00, 0x00, 0xe0, 0x0b, 0xe0, 0x22, 0xe0, 0x4a, 0xe4, 0x81, 0xe5, 0xbc, 0xed, 0xe3, 0xed, 0xf5, 0xed, 0xf5, 0xed, 0xe3, 0xe9, 0xbb, 0xe4, 0x81, 0xe0, 0x49, 0xe0, 0x22, 0xe4, 0x0a, 0x00, 0x00, 
  0x00, 0x00, 0xe4, 0x0b, 0xe0, 0x22, 0xe0, 0x4a, 0xe4, 0x81, 0xe5, 0xbc, 0xed, 0xe3, 0xed, 0xf5, 0xed, 0xf5, 0xed, 0xe4, 0xe9, 0xbb, 0xe4, 0x80, 0xe0, 0x49, 0xe0, 0x22, 0xe4, 0x0a, 0x00, 0x00, 
  0x00, 0x00, 0xe9, 0x0a, 0xe0, 0x22, 0xe0, 0x4a, 0xe4, 0x81, 0xe9, 0xba, 0xed, 0xe3, 0xed, 0xf4, 0xed, 0xf5, 0xed, 0xe4, 0xe9, 0xba, 0xe4, 0x80, 0xe0, 0x48, 0xe0, 0x21, 0xe0, 0x0a, 0x00, 0x00, 
  0x00, 0x00, 0xe4, 0x0b, 0xe0, 0x22, 0xe0, 0x49, 0xe4, 0x80, 0xe9, 0xba, 0xed, 0xe2, 0xed, 0xf4, 0xed, 0xf5, 0xed, 0xe3, 0xe9, 0xbb, 0xe4, 0x80, 0xe0, 0x49, 0xe0, 0x21, 0xe0, 0x0a, 0x00, 0x00, 
  0x00, 0x00, 0xe4, 0x0b, 0xe0, 0x22, 0xe0, 0x48, 0xe4, 0x80, 0xe9, 0xba, 0xed, 0xe3, 0xed, 0xf5, 0xed, 0xf5, 0xed, 0xe3, 0xe9, 0xbc, 0xe4, 0x80, 0xe0, 0x49, 0xe0, 0x22, 0xe0, 0x0a, 0x00, 0x00, 
  0x00, 0x00, 0xe0, 0x0a, 0xe0, 0x22, 0xe0, 0x49, 0xe4, 0x80, 0xe9, 0xbb, 0xed, 0xe3, 0xed, 0xf6, 0xed, 0xf5, 0xed, 0xe3, 0xe9, 0xbb, 0xe4, 0x80, 0xe0, 0x49, 0xe0, 0x21, 0xe0, 0x0a, 0x00, 0x00, 
  0x00, 0x00, 0xe0, 0x0a, 0xe0, 0x22, 0xe0, 0x49, 0xe4, 0x80, 0xe9, 0xba, 0xed, 0xe2, 0xed, 0xf5, 0xed, 0xf5, 0xed, 0xe3, 0xe9, 0xba, 0xe4, 0x81, 0xe0, 0x49, 0xe0, 0x21, 0xe0, 0x0a, 0x00, 0x00, 
  0x00, 0x00, 0xe4, 0x0a, 0xe0, 0x21, 0xe0, 0x49, 0xe4, 0x81, 0xe9, 0xba, 0xed, 0xe2, 0xed, 0xf4, 0xed, 0xf5, 0xed, 0xe4, 0xe5, 0xbc, 0xe4, 0x80, 0xe0, 0x48, 0xe0, 0x22, 0xe0, 0x0a, 0x00, 0x00, 
  0x00, 0x00, 0xe4, 0x0b, 0xe0, 0x22, 0xe0, 0x49, 0xe4, 0x80, 0xe9, 0xba, 0xed, 0xe2, 0xed, 0xf5, 0xed, 0xf5, 0xed, 0xe4, 0xe9, 0xbb, 0xe4, 0x80, 0xe0, 0x49, 0xe0, 0x22, 0xe0, 0x0a, 0x00, 0x00, 
  0x00, 0x00, 0xe9, 0x0a, 0xe0, 0x22, 0xe0, 0x49, 0xe4, 0x80, 0xe5, 0xb9, 0xe9, 0xe2, 0xed, 0xf5, 0xed, 0xf4, 0xed, 0xe2, 0xe9, 0xbb, 0xe4, 0x7f, 0xe0, 0x49, 0xe0, 0x22, 0xe0, 0x09, 0x00, 0x00, 
  0x00, 0x00, 0xe4, 0x0a, 0xe0, 0x22, 0xe0, 0x48, 0xe0, 0x7f, 0xe5, 0xb9, 0xe9, 0xe1, 0xed, 0xf3, 0xed, 0xf3, 0xe9, 0xe0, 0xe5, 0xba, 0xe4, 0x80, 0xe0, 0x49, 0xe0, 0x21, 0xe0, 0x0a, 0x00, 0x00, 
  0x00, 0x00, 0xe0, 0x0b, 0xe0, 0x22, 0xe0, 0x48, 0xe0, 0x7e, 0xe4, 0xb6, 0xe9, 0xde, 0xe9, 0xf0, 0xe9, 0xf1, 0xe9, 0xdd, 0xe4, 0xb7, 0xe0, 0x7e, 0xe0, 0x49, 0xe0, 0x22, 0xe0, 0x0a, 0x00, 0x00, 
  0x00, 0x00, 0xe0, 0x0a, 0xe0, 0x22, 0xe0, 0x48, 0xe0, 0x7d, 0xe4, 0xb4, 0xe4, 0xdb, 0xe5, 0xee, 0xe5, 0xef, 0xe4, 0xda, 0xe4, 0xb3, 0xe0, 0x7d, 0xe0, 0x48, 0xe0, 0x21, 0xe0, 0x0a, 0x00, 0x00, 
  0x00, 0x00, 0xe0, 0x0a, 0xe0, 0x22, 0xe0, 0x48, 0xe0, 0x7a, 0xe0, 0xaf, 0xe0, 0xd7, 0xe4, 0xec, 0xe4, 0xeb, 0xe4, 0xd6, 0xe0, 0xaf, 0xe0, 0x7b, 0xe0, 0x48, 0xe0, 0x22, 0xe4, 0x0a, 0x00, 0x00, 
  0x00, 0x00, 0xe0, 0x09, 0xe0, 0x20, 0xe0, 0x46, 0xe0, 0x79, 0xe0, 0xac, 0xe0, 0xd4, 0xe0, 0xea, 0xe0, 0xe9, 0xe0, 0xd4, 0xe0, 0xac, 0xe0, 0x78, 0xe0, 0x45, 0xe0, 0x20, 0xe0, 0x09, 0x00, 0x00, 
  0x00, 0x00, 0xe0, 0x08, 0xe0, 0x1d, 0xe0, 0x41, 0xe0, 0x72, 0xe0, 0xa4, 0xe0, 0xcc, 0xe0, 0xe3, 0xe0, 0xe3, 0xe0, 0xcd, 0xe0, 0xa3, 0xe0, 0x71, 0xe0, 0x42, 0xe0, 0x1d, 0xe5, 0x08, 0x00, 0x00, 
  0x00, 0x00, 0xe5, 0x06, 0xe0, 0x19, 0xe0, 0x38, 0xe0, 0x65, 0xe0, 0x96, 0xe0, 0xbd, 0xe0, 0xd3, 0xe0, 0xd3, 0xe0, 0xbd, 0xe0, 0x96, 0xe0, 0x66, 0xe0, 0x39, 0xe0, 0x18, 0xe0, 0x07, 0x00, 0x00, 
  0x00, 0x00, 0xf2, 0x04, 0xe0, 0x12, 0xe0, 0x2c, 0xe0, 0x52, 0xe0, 0x7f, 0xe0, 0xa2, 0xe0, 0xb7, 0xe0, 0xb6, 0xe0, 0xa2, 0xe0, 0x7e, 0xe0, 0x53, 0xe0, 0x2e, 0xe0, 0x13, 0xe0, 0x04, 0x00, 0x00, 
  0x00, 0x00, 0xe0, 0x02, 0xe0, 0x0c, 0xe0, 0x20, 0xe0, 0x3c, 0xe0, 0x60, 0xe0, 0x7d, 0xe0, 0x8e, 0xe0, 0x8d, 0xe0, 0x7d, 0xe0, 0x5e, 0xe0, 0x3c, 0xe0, 0x20, 0xe0, 0x0c, 0xe0, 0x02, 0x00, 0x00, 
  0x00, 0x00, 0x00, 0x01, 0xe5, 0x07, 0xe0, 0x13, 0xe0, 0x25, 0xe0, 0x3e, 0xe0, 0x53, 0xe0, 0x5f, 0xe0, 0x5f, 0xe0, 0x53, 0xe0, 0x3d, 0xe0, 0x26, 0xe0, 0x13, 0xe0, 0x06, 0xe0, 0x01, 0x00, 0x00, 
  0x00, 0x00, 0x00, 0x00, 0xf2, 0x02, 0xe0, 0x09, 0xe0, 0x15, 0xe0, 0x21, 0xe0, 0x2e, 0xe0, 0x37, 0xe0, 0x36, 0xe0, 0x2f, 0xe0, 0x22, 0xe0, 0x14, 0xe0, 0x09, 0xed, 0x03, 0x00, 0x00, 0x00, 0x00, 
  0x00, 0x00, 0x00, 0x00, 0x00, 0x00, 0xed, 0x03, 0xe0, 0x08, 0xe0, 0x0e, 0xe0, 0x15, 0xe0, 0x19, 0xe0, 0x19, 0xe0, 0x16, 0xe0, 0x11, 0xe0, 0x0a, 0xe0, 0x04, 0xff, 0x01, 0x00, 0x00, 0x00, 0x00, 
  0x00, 0x00, 0x00, 0x00, 0x00, 0x00, 0x00, 0x00, 0xf2, 0x02, 0xc0, 0x05, 0xe0, 0x06, 0xe0, 0x08, 0xe0, 0x08, 0xe0, 0x07, 0xe0, 0x05, 0xe0, 0x03, 0xe0, 0x01, 0x00, 0x00, 0x00, 0x00, 0x00, 0x00, 
  0x00, 0x00, 0x00, 0x00, 0x00, 0x00, 0x00, 0x00, 0x00, 0x00, 0x00, 0x00, 0xff, 0x01, 0xe0, 0x02, 0xe0, 0x01, 0xff, 0x01, 0x00, 0x00, 0xff, 0x01, 0x00, 0x00, 0x00, 0x00, 0x00, 0x00, 0x00, 0x00, 
#endif
#if LV_COLOR_DEPTH == 16 && LV_COLOR_16_SWAP == 0
  /*Pixel format: Alpha 8 bit, Red: 5 bit, Green: 6 bit, Blue: 5 bit*/
  0x00, 0x00, 0x00, 0x00, 0x00, 0x00, 0x00, 0x00, 0x00, 0x00, 0x00, 0x00, 0x00, 0xf8, 0x01, 0x00, 0xf8, 0x01, 0x00, 0xf8, 0x01, 0x00, 0xf8, 0x01, 0x00, 0xf8, 0x01, 0x00, 0xf8, 0x01, 0x00, 0xf8, 0x01, 0x00, 0xf8, 0x01, 0xff, 0xff, 0x01, 0x00, 0xf8, 0x01, 0x00, 0x00, 0x00, 0x00, 0x00, 0x00, 
  0x00, 0x00, 0x00, 0xff, 0xff, 0x01, 0x00, 0xf8, 0x03, 0x00, 0xd8, 0x06, 0x00, 0xf8, 0x08, 0x00, 0xf8, 0x08, 0x00, 0xf8, 0x09, 0x00, 0xf8, 0x0b, 0x00, 0xf8, 0x0b, 0x00, 0xf8, 0x0a, 0x00, 0xf8, 0x0a, 0x00, 0xf8, 0x08, 0xa6, 0xf9, 0x05, 0x00, 0xf8, 0x03, 0x00, 0xf8, 0x01, 0x00, 0x00, 0x00, 
  0x00, 0x00, 0x01, 0xa6, 0xf9, 0x05, 0x00, 0xf8, 0x0a, 0x82, 0xf8, 0x12, 0x00, 0xf8, 0x19, 0x41, 0xf8, 0x1e, 0x82, 0xf8, 0x20, 0x82, 0xf8, 0x22, 0x82, 0xf8, 0x23, 0x82, 0xf8, 0x21, 0x00, 0xf8, 0x1c, 0x61, 0xf8, 0x18, 0x82, 0xf8, 0x11, 0x00, 0xf8, 0x0a, 0x00, 0xf8, 0x05, 0x00, 0xf8, 0x01, 
  0x00, 0xf8, 0x03, 0xe3, 0xf8, 0x0a, 0x00, 0xf8, 0x14, 0x41, 0xf8, 0x23, 0x21, 0xf8, 0x33, 0x62, 0xf8, 0x40, 0xc3, 0xf8, 0x47, 0x04, 0xf9, 0x4d, 0xc3, 0xf8, 0x4d, 0xa2, 0xf8, 0x47, 0x62, 0xf8, 0x3e, 0x61, 0xf8, 0x32, 0x00, 0xf8, 0x23, 0x00, 0xf8, 0x15, 0x00, 0xf8, 0x0a, 0x00, 0xf8, 0x03, 
  0x00, 0xf8, 0x04, 0x00, 0xf8, 0x0f, 0x00, 0xf8, 0x23, 0x21, 0xf8, 0x3c, 0x41, 0xf8, 0x57, 0xa2, 0xf8, 0x6f, 0x24, 0xf9, 0x7f, 0xa5, 0xf9, 0x8a, 0x85, 0xf9, 0x89, 0x24, 0xf9, 0x7f, 0xa2, 0xf8, 0x6f, 0x41, 0xf8, 0x57, 0x00, 0xf8, 0x3d, 0x00, 0xf8, 0x23, 0x82, 0xf8, 0x10, 0x00, 0xf8, 0x04, 
  0x00, 0xf8, 0x06, 0x00, 0xf8, 0x16, 0x00, 0xf8, 0x31, 0x00, 0xf8, 0x56, 0x61, 0xf8, 0x7d, 0xe3, 0xf8, 0x9e, 0xa6, 0xf9, 0xb5, 0x28, 0xfa, 0xc3, 0x48, 0xfa, 0xc3, 0xc6, 0xf9, 0xb7, 0xe3, 0xf8, 0x9d, 0x61, 0xf8, 0x7c, 0x20, 0xf8, 0x56, 0x00, 0xf8, 0x32, 0x00, 0xf8, 0x17, 0x00, 0xf8, 0x06, 
  0x00, 0xf8, 0x08, 0x41, 0xf8, 0x1c, 0x00, 0xf8, 0x3c, 0x00, 0xf8, 0x69, 0x61, 0xf8, 0x99, 0x24, 0xf9, 0xc0, 0x27, 0xfa, 0xda, 0xca, 0xfa, 0xe7, 0xea, 0xfa, 0xe7, 0x27, 0xfa, 0xda, 0x24, 0xf9, 0xbf, 0x61, 0xf8, 0x97, 0x00, 0xf8, 0x69, 0x00, 0xf8, 0x3e, 0x00, 0xf8, 0x1c, 0x00, 0xf8, 0x07, 
  0x00, 0xf8, 0x08, 0x41, 0xf8, 0x1e, 0x00, 0xf8, 0x42, 0x00, 0xf8, 0x74, 0x62, 0xf8, 0xa9, 0x44, 0xf9, 0xd3, 0x68, 0xfa, 0xed, 0x4b, 0xfb, 0xf8, 0x4b, 0xfb, 0xf6, 0x68, 0xfa, 0xed, 0x65, 0xf9, 0xd4, 0x81, 0xf8, 0xa9, 0x20, 0xf8, 0x75, 0x01, 0xf8, 0x45, 0x00, 0xf8, 0x1f, 0x00, 0xf8, 0x08, 
  0x00, 0xf8, 0x09, 0x00, 0xf8, 0x20, 0x00, 0xf8, 0x45, 0x00, 0xf8, 0x79, 0x61, 0xf8, 0xb2, 0x44, 0xf9, 0xdc, 0x68, 0xfa, 0xf3, 0x4b, 0xfb, 0xfe, 0x4c, 0xfb, 0xfd, 0x68, 0xfa, 0xf4, 0x65, 0xf9, 0xda, 0x82, 0xf8, 0xb0, 0x00, 0xf8, 0x7a, 0x00, 0xf8, 0x46, 0x00, 0xf8, 0x20, 0x00, 0xf8, 0x08, 
  0x00, 0xf8, 0x09, 0x00, 0xf8, 0x20, 0x00, 0xf8, 0x46, 0x00, 0xf8, 0x79, 0x61, 0xf8, 0xb2, 0x44, 0xf9, 0xdd, 0x68, 0xfa, 0xf4, 0x4b, 0xfb, 0xfe, 0x6c, 0xfb, 0xfd, 0x89, 0xfa, 0xf4, 0x65, 0xf9, 0xdb, 0x82, 0xf8, 0xb1, 0x00, 0xf8, 0x7b, 0x21, 0xf8, 0x48, 0x00, 0xf8, 0x21, 0x00, 0xf8, 0x08, 
  0x00, 0xf8, 0x08, 0x41, 0xf8, 0x20, 0x00, 0xf8, 0x46, 0x00, 0xf8, 0x79, 0x61, 0xf8, 0xb0, 0x44, 0xf9, 0xdc, 0x68, 0xfa, 0xf4, 0x4b, 0xfb, 0xfe, 0x4b, 0xfb, 0xfd, 0x89, 0xfa, 0xf4, 0x65, 0xf9, 0xdd, 0x82, 0xf8, 0xb1, 0x00, 0xf8, 0x7a, 0x00, 0xf8, 0x47, 0x00, 0xf8, 0x21, 0x00, 0xf8, 0x08, 
  0x00, 0xf8, 0x08, 0x41, 0xf8, 0x20, 0x21, 0xf8, 0x46, 0x00, 0xf8, 0x79, 0x61, 0xf8, 0xb1, 0x45, 0xf9, 0xdd, 0x68, 0xfa, 0xf3, 0x4b, 0xfb, 0xfe, 0x4b, 0xfb, 0xfd, 0x89, 0xfa, 0xf3, 0x65, 0xf9, 0xdc, 0x62, 0xf8, 0xb0, 0x00, 0xf8, 0x79, 0x00, 0xf8, 0x46, 0x41, 0xf8, 0x21, 0x00, 0xf8, 0x09, 
  0x00, 0xf8, 0x09, 0x00, 0xf8, 0x1f, 0x00, 0xf8, 0x45, 0x00, 0xf8, 0x79, 0x61, 0xf8, 0xb2, 0x44, 0xf9, 0xdd, 0x68, 0xfa, 0xf4, 0x4b, 0xfb, 0xfe, 0x6b, 0xfb, 0xfd, 0x89, 0xfa, 0xf3, 0x65, 0xf9, 0xdc, 0x62, 0xf8, 0xb0, 0x00, 0xf8, 0x7b, 0x00, 0xf8, 0x47, 0x00, 0xf8, 0x20, 0x00, 0xf8, 0x08, 
  0x00, 0xf8, 0x08, 0x41, 0xf8, 0x1e, 0x21, 0xf8, 0x43, 0x00, 0xf8, 0x78, 0x61, 0xf8, 0xb1, 0x45, 0xf9, 0xdc, 0x68, 0xfa, 0xf3, 0x4b, 0xfb, 0xfc, 0x6b, 0xfb, 0xfd, 0x89, 0xfa, 0xf3, 0x65, 0xf9, 0xdb, 0x82, 0xf8, 0xb0, 0x00, 0xf8, 0x7a, 0x00, 0xf8, 0x46, 0x41, 0xf8, 0x20, 0x00, 0xf8, 0x08, 
  0x00, 0xf8, 0x08, 0x00, 0xf8, 0x1e, 0x21, 0xf8, 0x43, 0x00, 0xf8, 0x79, 0x61, 0xf8, 0xb1, 0x44, 0xf9, 0xdc, 0x68, 0xfa, 0xf4, 0x4b, 0xfb, 0xfe, 0x4b, 0xfb, 0xfd, 0x69, 0xfa, 0xf4, 0x65, 0xf9, 0xda, 0x62, 0xf8, 0xae, 0x00, 0xf8, 0x78, 0x00, 0xf8, 0x46, 0x41, 0xf8, 0x20, 0x00, 0xf8, 0x08, 
  0x00, 0xf8, 0x08, 0x00, 0xf8, 0x1d, 0x00, 0xf8, 0x42, 0x00, 0xf8, 0x76, 0x61, 0xf8, 0xae, 0x45, 0xf9, 0xdc, 0x68, 0xfa, 0xf3, 0x4b, 0xfb, 0xfd, 0x6b, 0xfb, 0xfd, 0x89, 0xfa, 0xf3, 0x65, 0xf9, 0xda, 0x62, 0xf8, 0xae, 0x00, 0xf8, 0x77, 0x00, 0xf8, 0x45, 0x41, 0xf8, 0x1f, 0x00, 0xf8, 0x09, 
  0x00, 0xf8, 0x07, 0x41, 0xf8, 0x1d, 0x00, 0xf8, 0x40, 0x00, 0xf8, 0x73, 0x61, 0xf8, 0xae, 0x44, 0xf9, 0xdb, 0x88, 0xfa, 0xf3, 0x4b, 0xfb, 0xfc, 0x6b, 0xfb, 0xfd, 0x89, 0xfa, 0xf3, 0x65, 0xf9, 0xd9, 0x62, 0xf8, 0xac, 0x20, 0xf8, 0x75, 0x00, 0xf8, 0x44, 0x00, 0xf8, 0x1f, 0x25, 0xf9, 0x07, 
  0x00, 0xf8, 0x07, 0x41, 0xf8, 0x1c, 0x00, 0xf8, 0x40, 0x00, 0xf8, 0x73, 0x62, 0xf8, 0xae, 0x44, 0xf9, 0xdb, 0x68, 0xfa, 0xf3, 0x4b, 0xfb, 0xfe, 0x4c, 0xfb, 0xfd, 0x88, 0xfa, 0xf2, 0x65, 0xf9, 0xd8, 0x82, 0xf8, 0xab, 0x20, 0xf8, 0x74, 0x00, 0xf8, 0x43, 0x00, 0xf8, 0x1e, 0x25, 0xf9, 0x07, 
  0x00, 0xf8, 0x07, 0xa2, 0xf8, 0x1b, 0x00, 0xf8, 0x3e, 0x00, 0xf8, 0x72, 0x62, 0xf8, 0xad, 0x44, 0xf9, 0xdb, 0x68, 0xfa, 0xf3, 0x4b, 0xfb, 0xfd, 0x4b, 0xfb, 0xfc, 0x88, 0xfa, 0xf3, 0x65, 0xf9, 0xd7, 0x82, 0xf8, 0xaa, 0x00, 0xf8, 0x73, 0x00, 0xf8, 0x41, 0x00, 0xf8, 0x1c, 0x00, 0xf8, 0x07, 
  0x00, 0xf8, 0x06, 0x61, 0xf8, 0x1a, 0x00, 0xf8, 0x3e, 0x00, 0xf8, 0x72, 0x62, 0xf8, 0xac, 0x45, 0xf9, 0xda, 0x68, 0xfa, 0xf3, 0x4b, 0xfb, 0xfc, 0x4b, 0xfb, 0xfc, 0x68, 0xfa, 0xf3, 0x65, 0xf9, 0xd8, 0x82, 0xf8, 0xaa, 0x00, 0xf8, 0x72, 0x21, 0xf8, 0x40, 0x41, 0xf8, 0x1c, 0x00, 0xf8, 0x07, 
  0x00, 0xf8, 0x05, 0x00, 0xf8, 0x1a, 0x00, 0xf8, 0x3e, 0x00, 0xf8, 0x72, 0x61, 0xf8, 0xac, 0x45, 0xf9, 0xd9, 0x68, 0xfa, 0xf3, 0x4b, 0xfb, 0xfd, 0x4b, 0xfb, 0xfc, 0x88, 0xfa, 0xf2, 0x65, 0xf9, 0xd7, 0x82, 0xf8, 0xaa, 0x00, 0xf8, 0x72, 0x21, 0xf8, 0x41, 0x00, 0xf8, 0x1d, 0x00, 0xf8, 0x07, 
  0x00, 0xf8, 0x06, 0x00, 0xf8, 0x1a, 0x00, 0xf8, 0x3e, 0x00, 0xf8, 0x72, 0x61, 0xf8, 0xac, 0x45, 0xf9, 0xdb, 0x68, 0xfa, 0xf3, 0x4b, 0xfb, 0xfd, 0x4b, 0xfb, 0xfc, 0x88, 0xfa, 0xf2, 0x65, 0xf9, 0xd8, 0x82, 0xf8, 0xaa, 0x00, 0xf8, 0x72, 0x00, 0xf8, 0x41, 0x00, 0xf8, 0x1d, 0x00, 0xf8, 0x06, 
  0x00, 0xf8, 0x06, 0x00, 0xf8, 0x1b, 0x00, 0xf8, 0x3e, 0x20, 0xf8, 0x72, 0x61, 0xf8, 0xac, 0x44, 0xf9, 0xd9, 0x68, 0xfa, 0xf3, 0x4b, 0xfb, 0xfc, 0x4b, 0xfb, 0xfc, 0x68, 0xfa, 0xf3, 0x65, 0xf9, 0xd8, 0x82, 0xf8, 0xaa, 0x00, 0xf8, 0x72, 0x00, 0xf8, 0x41, 0x00, 0xf8, 0x1d, 0x00, 0xf8, 0x06, 
  0x00, 0xf8, 0x06, 0x00, 0xf8, 0x1a, 0x00, 0xf8, 0x3e, 0x00, 0xf8, 0x72, 0x61, 0xf8, 0xac, 0x44, 0xf9, 0xda, 0x68, 0xfa, 0xf3, 0x4b, 0xfb, 0xfc, 0x4b, 0xfb, 0xfc, 0x88, 0xfa, 0xf2, 0x65, 0xf9, 0xd7, 0x82, 0xf8, 0xaa, 0x20, 0xf8, 0x72, 0x00, 0xf8, 0x41, 0x00, 0xf8, 0x1d, 0x65, 0xf9, 0x06, 
  0x00, 0xf8, 0x06, 0x00, 0xf8, 0x1b, 0x21, 0xf8, 0x3e, 0x00, 0xf8, 0x71, 0x61, 0xf8, 0xac, 0x45, 0xf9, 0xdb, 0x68, 0xfa, 0xf3, 0x4b, 0xfb, 0xfc, 0x4b, 0xfb, 0xfc, 0x88, 0xfa, 0xf2, 0x65, 0xf9, 0xd7, 0x82, 0xf8, 0xaa, 0x00, 0xf8, 0x72, 0x00, 0xf8, 0x40, 0x00, 0xf8, 0x1d, 0x00, 0xf8, 0x07, 
  0x00, 0xf8, 0x06, 0x00, 0xf8, 0x1b, 0x00, 0xf8, 0x3e, 0x00, 0xf8, 0x70, 0x61, 0xf8, 0xac, 0x45, 0xf9, 0xd9, 0x68, 0xfa, 0xf4, 0x4b, 0xfb, 0xfe, 0x4b, 0xfb, 0xfc, 0x89, 0xfa, 0xf3, 0x65, 0xf9, 0xd8, 0x82, 0xf8, 0xa9, 0x00, 0xf8, 0x72, 0x00, 0xf8, 0x41, 0x00, 0xf8, 0x1d, 0x65, 0xf9, 0x06, 
  0x00, 0xf8, 0x06, 0x41, 0xf8, 0x1b, 0x00, 0xf8, 0x3e, 0x00, 0xf8, 0x72, 0x61, 0xf8, 0xac, 0x45, 0xf9, 0xd9, 0x68, 0xfa, 0xf3, 0x4b, 0xfb, 0xfe, 0x6b, 0xfb, 0xfc, 0x88, 0xfa, 0xf2, 0x45, 0xf9, 0xd8, 0x62, 0xf8, 0xaa, 0x00, 0xf8, 0x72, 0x00, 0xf8, 0x41, 0x00, 0xf8, 0x1d, 0x00, 0xf8, 0x06, 
  0x00, 0xf8, 0x05, 0x61, 0xf8, 0x1a, 0x00, 0xf8, 0x3e, 0x00, 0xf8, 0x72, 0x61, 0xf8, 0xab, 0x44, 0xf9, 0xd9, 0x68, 0xfa, 0xf3, 0x4b, 0xfb, 0xfc, 0x4b, 0xfb, 0xfc, 0x88, 0xfa, 0xf2, 0x45, 0xf9, 0xd7, 0x62, 0xf8, 0xaa, 0x20, 0xf8, 0x72, 0x00, 0xf8, 0x40, 0x41, 0xf8, 0x1d, 0x00, 0xf8, 0x07, 
  0x00, 0xf8, 0x06, 0x41, 0xf8, 0x1b, 0x00, 0xf8, 0x3e, 0x00, 0xf8, 0x71, 0x61, 0xf8, 0xac, 0x45, 0xf9, 0xdb, 0x68, 0xfa, 0xf4, 0x4b, 0xfb, 0xfe, 0x4b, 0xfb, 0xfc, 0x88, 0xfa, 0xf2, 0x65, 0xf9, 0xd7, 0x82, 0xf8, 0xaa, 0x00, 0xf8, 0x72, 0x00, 0xf8, 0x40, 0x00, 0xf8, 0x1d, 0x00, 0xf8, 0x07, 
  0x00, 0xf8, 0x06, 0x61, 0xf8, 0x1a, 0x00, 0xf8, 0x3e, 0x00, 0xf8, 0x72, 0x62, 0xf8, 0xac, 0x44, 0xf9, 0xda, 0x68, 0xfa, 0xf4, 0x4b, 0xfb, 0xfe, 0x4b, 0xfb, 0xfc, 0x88, 0xfa, 0xf2, 0x65, 0xf9, 0xd8, 0x82, 0xf8, 0xaa, 0x20, 0xf8, 0x72, 0x00, 0xf8, 0x40, 0x00, 0xf8, 0x1d, 0x00, 0xf8, 0x07, 
  0x00, 0xf8, 0x06, 0x00, 0xf8, 0x1a, 0x21, 0xf8, 0x3e, 0x20, 0xf8, 0x72, 0x62, 0xf8, 0xac, 0x44, 0xf9, 0xd9, 0x68, 0xfa, 0xf4, 0x4b, 0xfb, 0xfe, 0x4b, 0xfb, 0xfc, 0x88, 0xfa, 0xf2, 0x65, 0xf9, 0xd7, 0x81, 0xf8, 0xa9, 0x00, 0xf8, 0x72, 0x21, 0xf8, 0x40, 0x00, 0xf8, 0x1c, 0x25, 0xf9, 0x07, 
  0x00, 0xf8, 0x06, 0x61, 0xf8, 0x1a, 0x00, 0xf8, 0x3e, 0x00, 0xf8, 0x71, 0x61, 0xf8, 0xac, 0x45, 0xf9, 0xdb, 0x68, 0xfa, 0xf4, 0x4b, 0xfb, 0xfe, 0x4b, 0xfb, 0xfc, 0x88, 0xfa, 0xf2, 0x65, 0xf9, 0xd7, 0x82, 0xf8, 0xa9, 0x00, 0xf8, 0x72, 0x00, 0xf8, 0x41, 0x00, 0xf8, 0x1d, 0x00, 0xf8, 0x07, 
  0x00, 0xf8, 0x05, 0x41, 0xf8, 0x1b, 0x00, 0xf8, 0x3e, 0x00, 0xf8, 0x70, 0x61, 0xf8, 0xac, 0x44, 0xf9, 0xda, 0x68, 0xfa, 0xf3, 0x4b, 0xfb, 0xfe, 0x4c, 0xfb, 0xfc, 0x88, 0xfa, 0xf2, 0x65, 0xf9, 0xd7, 0x82, 0xf8, 0xaa, 0x20, 0xf8, 0x72, 0x00, 0xf8, 0x41, 0x00, 0xf8, 0x1d, 0x25, 0xf9, 0x07, 
  0x00, 0xf8, 0x06, 0x00, 0xf8, 0x1b, 0x00, 0xf8, 0x3e, 0x00, 0xf8, 0x72, 0x62, 0xf8, 0xad, 0x44, 0xf9, 0xd9, 0x68, 0xfa, 0xf3, 0x4b, 0xfb, 0xfe, 0x4b, 0xfb, 0xfc, 0x89, 0xfa, 0xf2, 0x65, 0xf9, 0xd7, 0x82, 0xf8, 0xa9, 0x20, 0xf8, 0x72, 0x21, 0xf8, 0x41, 0x00, 0xf8, 0x1d, 0x00, 0xf8, 0x06, 
  0x00, 0xf8, 0x06, 0x00, 0xf8, 0x1a, 0x00, 0xf8, 0x3e, 0x00, 0xf8, 0x72, 0x61, 0xf8, 0xac, 0x44, 0xf9, 0xd9, 0x68, 0xfa, 0xf4, 0x4b, 0xfb, 0xfd, 0x6b, 0xfb, 0xfc, 0x89, 0xfa, 0xf3, 0x65, 0xf9, 0xd8, 0x82, 0xf8, 0xa9, 0x00, 0xf8, 0x72, 0x00, 0xf8, 0x41, 0x00, 0xf8, 0x1d, 0x00, 0xf8, 0x07, 
  0x00, 0xf8, 0x06, 0x00, 0xf8, 0x1b, 0x00, 0xf8, 0x3e, 0x00, 0xf8, 0x71, 0x61, 0xf8, 0xab, 0x44, 0xf9, 0xd9, 0x68, 0xfa, 0xf3, 0x4b, 0xfb, 0xfc, 0x4b, 0xfb, 0xfc, 0x88, 0xfa, 0xf3, 0x45, 0xf9, 0xd8, 0x62, 0xf8, 0xa9, 0x20, 0xf8, 0x72, 0x00, 0xf8, 0x41, 0x00, 0xf8, 0x1d, 0x25, 0xf9, 0x07, 
  0x00, 0xf8, 0x06, 0x61, 0xf8, 0x1a, 0x00, 0xf8, 0x3e, 0x00, 0xf8, 0x70, 0x61, 0xf8, 0xac, 0x44, 0xf9, 0xd9, 0x68, 0xfa, 0xf4, 0x4b, 0xfb, 0xfe, 0x4c, 0xfb, 0xfc, 0x88, 0xfa, 0xf2, 0x45, 0xf9, 0xd8, 0x82, 0xf8, 0xa9, 0x00, 0xf8, 0x72, 0x00, 0xf8, 0x41, 0x00, 0xf8, 0x1d, 0x00, 0xf8, 0x06, 
  0x00, 0xf8, 0x05, 0x00, 0xf8, 0x1a, 0x00, 0xf8, 0x3e, 0x00, 0xf8, 0x72, 0x61, 0xf8, 0xac, 0x44, 0xf9, 0xd9, 0x68, 0xfa, 0xf3, 0x4b, 0xfb, 0xfe, 0x4b, 0xfb, 0xfc, 0x88, 0xfa, 0xf2, 0x65, 0xf9, 0xd7, 0x82, 0xf8, 0xaa, 0x20, 0xf8, 0x72, 0x21, 0xf8, 0x41, 0x41, 0xf8, 0x1d, 0x00, 0xf8, 0x06, 
  0x00, 0xf8, 0x07, 0x41, 0xf8, 0x1b, 0x00, 0xf8, 0x3d, 0x00, 0xf8, 0x70, 0x62, 0xf8, 0xac, 0x44, 0xf9, 0xd9, 0x68, 0xfa, 0xf4, 0x4b, 0xfb, 0xfe, 0x4b, 0xfb, 0xfc, 0x88, 0xfa, 0xf2, 0x65, 0xf9, 0xd7, 0x82, 0xf8, 0xaa, 0x00, 0xf8, 0x72, 0x00, 0xf8, 0x41, 0x00, 0xf8, 0x1d, 0x00, 0xf8, 0x06, 
  0x00, 0xf8, 0x06, 0x61, 0xf8, 0x1a, 0x00, 0xf8, 0x3e, 0x20, 0xf8, 0x72, 0x61, 0xf8, 0xac, 0x45, 0xf9, 0xd9, 0x68, 0xfa, 0xf3, 0x4b, 0xfb, 0xfe, 0x4b, 0xfb, 0xfc, 0x89, 0xfa, 0xf2, 0x65, 0xf9, 0xd8, 0x82, 0xf8, 0xa9, 0x00, 0xf8, 0x72, 0x00, 0xf8, 0x40, 0x00, 0xf8, 0x1c, 0x00, 0xf8, 0x07, 
  0x00, 0xf8, 0x06, 0x00, 0xf8, 0x1a, 0x00, 0xf8, 0x3d, 0x00, 0xf8, 0x71, 0x61, 0xf8, 0xab, 0x44, 0xf9, 0xd9, 0x68, 0xfa, 0xf3, 0x4b, 0xfb, 0xfe, 0x6b, 0xfb, 0xfc, 0x89, 0xfa, 0xf2, 0x65, 0xf9, 0xd8, 0x82, 0xf8, 0xa8, 0x00, 0xf8, 0x70, 0x00, 0xf8, 0x40, 0x00, 0xf8, 0x1c, 0x25, 0xf9, 0x07, 
  0x00, 0xf8, 0x06, 0x00, 0xf8, 0x1a, 0x00, 0xf8, 0x3d, 0x00, 0xf8, 0x70, 0x61, 0xf8, 0xaa, 0x44, 0xf9, 0xd8, 0x68, 0xfa, 0xf2, 0x4b, 0xfb, 0xfd, 0x4b, 0xfb, 0xfc, 0x88, 0xfa, 0xf2, 0x65, 0xf9, 0xd7, 0x82, 0xf8, 0xa7, 0x00, 0xf8, 0x70, 0x00, 0xf8, 0x3f, 0x41, 0xf8, 0x1b, 0x00, 0xf8, 0x06, 
  0x00, 0xf8, 0x06, 0x00, 0xf8, 0x19, 0x21, 0xf8, 0x3c, 0x00, 0xf8, 0x6e, 0x81, 0xf8, 0xa8, 0x65, 0xf9, 0xd7, 0x68, 0xfa, 0xf1, 0x4b, 0xfb, 0xfc, 0x4b, 0xfb, 0xfc, 0x88, 0xfa, 0xf2, 0x65, 0xf9, 0xd7, 0x82, 0xf8, 0xa7, 0x00, 0xf8, 0x6f, 0x00, 0xf8, 0x3d, 0x00, 0xf8, 0x1a, 0x00, 0xf8, 0x06, 
  0x00, 0xf8, 0x05, 0x61, 0xf8, 0x19, 0x00, 0xf8, 0x3b, 0x00, 0xf8, 0x6c, 0x62, 0xf8, 0xa7, 0x65, 0xf9, 0xd6, 0x68, 0xfa, 0xf1, 0x4b, 0xfb, 0xfc, 0x4b, 0xfb, 0xfc, 0x69, 0xfa, 0xf1, 0x65, 0xf9, 0xd5, 0x82, 0xf8, 0xa5, 0x00, 0xf8, 0x6d, 0x00, 0xf8, 0x3d, 0x61, 0xf8, 0x1a, 0x00, 0xf8, 0x06, 
  0x00, 0xf8, 0x05, 0x00, 0xf8, 0x18, 0x00, 0xf8, 0x3a, 0x00, 0xf8, 0x6b, 0x82, 0xf8, 0xa6, 0x45, 0xf9, 0xd5, 0x68, 0xfa, 0xf1, 0x4b, 0xfb, 0xfc, 0x6b, 0xfb, 0xfb, 0x89, 0xfa, 0xf1, 0x65, 0xf9, 0xd3, 0x81, 0xf8, 0xa3, 0x00, 0xf8, 0x6c, 0x00, 0xf8, 0x3b, 0x00, 0xf8, 0x1a, 0x65, 0xf9, 0x06, 
  0x00, 0xf8, 0x05, 0x00, 0xf8, 0x17, 0x00, 0xf8, 0x39, 0x00, 0xf8, 0x6a, 0x81, 0xf8, 0xa5, 0x45, 0xf9, 0xd4, 0x68, 0xfa, 0xf1, 0x4b, 0xfb, 0xfc, 0x6b, 0xfb, 0xfb, 0x89, 0xfa, 0xf0, 0x65, 0xf9, 0xd3, 0x81, 0xf8, 0xa3, 0x00, 0xf8, 0x6c, 0x00, 0xf8, 0x3b, 0x00, 0xf8, 0x19, 0xa6, 0xf9, 0x05, 
  0x00, 0xf8, 0x05, 0x61, 0xf8, 0x18, 0x00, 0xf8, 0x39, 0x00, 0xf8, 0x6a, 0x61, 0xf8, 0xa5, 0x45, 0xf9, 0xd4, 0x68, 0xfa, 0xf1, 0x4b, 0xfb, 0xfc, 0x6b, 0xfb, 0xfb, 0x89, 0xfa, 0xf0, 0x45, 0xf9, 0xd3, 0x82, 0xf8, 0xa3, 0x00, 0xf8, 0x6b, 0x00, 0xf8, 0x3b, 0x00, 0xf8, 0x18, 0x00, 0xf8, 0x05, 
  0x00, 0xf8, 0x05, 0x00, 0xf8, 0x18, 0x00, 0xf8, 0x39, 0x00, 0xf8, 0x6b, 0x82, 0xf8, 0xa5, 0x45, 0xf9, 0xd4, 0x68, 0xfa, 0xf0, 0x4b, 0xfb, 0xfc, 0x6b, 0xfb, 0xfb, 0x89, 0xfa, 0xef, 0x65, 0xf9, 0xd4, 0x82, 0xf8, 0xa3, 0x00, 0xf8, 0x6a, 0x00, 0xf8, 0x3a, 0x00, 0xf8, 0x18, 0x00, 0xf8, 0x05, 
  0x00, 0xf8, 0x05, 0x00, 0xf8, 0x17, 0x00, 0xf8, 0x39, 0x00, 0xf8, 0x6a, 0x61, 0xf8, 0xa4, 0x65, 0xf9, 0xd5, 0x68, 0xfa, 0xf1, 0x4b, 0xfb, 0xfc, 0x6b, 0xfb, 0xfb, 0x89, 0xfa, 0xf0, 0x65, 0xf9, 0xd5, 0x82, 0xf8, 0xa3, 0x00, 0xf8, 0x6b, 0x00, 0xf8, 0x3b, 0x61, 0xf8, 0x19, 0x00, 0xf8, 0x05, 
  0x00, 0xf8, 0x05, 0x61, 0xf8, 0x17, 0x00, 0xf8, 0x38, 0x00, 0xf8, 0x6a, 0x61, 0xf8, 0xa5, 0x45, 0xf9, 0xd5, 0x68, 0xfa, 0xf1, 0x4b, 0xfb, 0xfc, 0x6b, 0xfb, 0xfb, 0x89, 0xfa, 0xf0, 0x65, 0xf9, 0xd4, 0x81, 0xf8, 0xa3, 0x00, 0xf8, 0x6c, 0x00, 0xf8, 0x3b, 0x61, 0xf8, 0x19, 0x00, 0xf8, 0x05, 
  0x00, 0xf8, 0x05, 0x61, 0xf8, 0x18, 0x00, 0xf8, 0x39, 0x00, 0xf8, 0x6a, 0x61, 0xf8, 0xa5, 0x45, 0xf9, 0xd5, 0x68, 0xfa, 0xf1, 0x6b, 0xfb, 0xfb, 0x6b, 0xfb, 0xfb, 0x89, 0xfa, 0xf0, 0x65, 0xf9, 0xd3, 0x61, 0xf8, 0xa2, 0x20, 0xf8, 0x6b, 0x00, 0xf8, 0x3b, 0x00, 0xf8, 0x19, 0x00, 0xf8, 0x05, 
  0x00, 0xf8, 0x06, 0x61, 0xf8, 0x19, 0x00, 0xf8, 0x39, 0x20, 0xf8, 0x6a, 0x61, 0xf8, 0xa5, 0x65, 0xf9, 0xd4, 0x68, 0xfa, 0xf1, 0x4b, 0xfb, 0xfc, 0x6b, 0xfb, 0xfb, 0x89, 0xfa, 0xf0, 0x45, 0xf9, 0xd3, 0x81, 0xf8, 0xa2, 0x00, 0xf8, 0x6b, 0x00, 0xf8, 0x3b, 0x00, 0xf8, 0x18, 0xa6, 0xf9, 0x05, 
  0x00, 0xf8, 0x05, 0x00, 0xf8, 0x17, 0x00, 0xf8, 0x38, 0x00, 0xf8, 0x6a, 0x61, 0xf8, 0xa5, 0x65, 0xf9, 0xd5, 0x68, 0xfa, 0xf1, 0x4b, 0xfb, 0xfc, 0x6b, 0xfb, 0xfb, 0x89, 0xfa, 0xf0, 0x65, 0xf9, 0xd4, 0x81, 0xf8, 0xa2, 0x20, 0xf8, 0x6b, 0x00, 0xf8, 0x3a, 0x00, 0xf8, 0x18, 0xa6, 0xf9, 0x05, 
  0x00, 0xf8, 0x06, 0x61, 0xf8, 0x19, 0x00, 0xf8, 0x3a, 0x00, 0xf8, 0x6a, 0x61, 0xf8, 0xa5, 0x45, 0xf9, 0xd4, 0x68, 0xfa, 0xf0, 0x4b, 0xfb, 0xfc, 0x6b, 0xfb, 0xfb, 0x89, 0xfa, 0xf0, 0x65, 0xf9, 0xd5, 0x81, 0xf8, 0xa2, 0x20, 0xf8, 0x6b, 0x00, 0xf8, 0x3b, 0x00, 0xf8, 0x19, 0x00, 0xf8, 0x05, 
  0x00, 0xf8, 0x05, 0x00, 0xf8, 0x19, 0x00, 0xf8, 0x39, 0x20, 0xf8, 0x6a, 0x81, 0xf8, 0xa5, 0x45, 0xf9, 0xd4, 0x68, 0xfa, 0xf0, 0x4b, 0xfb, 0xfd, 0x6b, 0xfb, 0xfb, 0x89, 0xfa, 0xf0, 0x65, 0xf9, 0xd3, 0x82, 0xf8, 0xa3, 0x00, 0xf8, 0x6b, 0x00, 0xf8, 0x3a, 0x00, 0xf8, 0x18, 0x00, 0xf8, 0x05, 
  0x00, 0xf8, 0x05, 0x00, 0xf8, 0x18, 0x00, 0xf8, 0x39, 0x20, 0xf8, 0x6a, 0x82, 0xf8, 0xa5, 0x45, 0xf9, 0xd5, 0x68, 0xfa, 0xf1, 0x4b, 0xfb, 0xfc, 0x6b, 0xfb, 0xfb, 0x89, 0xfa, 0xf0, 0x65, 0xf9, 0xd3, 0x82, 0xf8, 0xa3, 0x00, 0xf8, 0x6b, 0x00, 0xf8, 0x3b, 0x00, 0xf8, 0x19, 0xa6, 0xf9, 0x05, 
  0x00, 0xf8, 0x05, 0x61, 0xf8, 0x17, 0x00, 0xf8, 0x38, 0x00, 0xf8, 0x6b, 0x62, 0xf8, 0xa6, 0x45, 0xf9, 0xd3, 0x68, 0xfa, 0xf1, 0x4b, 0xfb, 0xfc, 0x6b, 0xfb, 0xfb, 0x89, 0xfa, 0xf0, 0x65, 0xf9, 0xd3, 0x81, 0xf8, 0xa3, 0x00, 0xf8, 0x6c, 0x00, 0xf8, 0x3b, 0x00, 0xf8, 0x19, 0x00, 0xf8, 0x05, 
  0x00, 0xf8, 0x05, 0x00, 0xf8, 0x17, 0x00, 0xf8, 0x39, 0x00, 0xf8, 0x6b, 0x61, 0xf8, 0xa5, 0x45, 0xf9, 0xd4, 0x68, 0xfa, 0xf1, 0x4b, 0xfb, 0xfd, 0x6b, 0xfb, 0xfb, 0x89, 0xfa, 0xf0, 0x65, 0xf9, 0xd3, 0x82, 0xf8, 0xa2, 0x00, 0xf8, 0x6b, 0x00, 0xf8, 0x3b, 0x00, 0xf8, 0x19, 0x00, 0xf8, 0x05, 
  0x00, 0xf8, 0x05, 0x00, 0xf8, 0x18, 0x00, 0xf8, 0x3a, 0x00, 0xf8, 0x6a, 0x61, 0xf8, 0xa4, 0x65, 0xf9, 0xd5, 0x68, 0xfa, 0xf1, 0x4b, 0xfb, 0xfc, 0x6b, 0xfb, 0xfb, 0x89, 0xfa, 0xf0, 0x65, 0xf9, 0xd3, 0x82, 0xf8, 0xa2, 0x00, 0xf8, 0x6b, 0x21, 0xf8, 0x3b, 0x00, 0xf8, 0x19, 0xa6, 0xf9, 0x05, 
  0x00, 0xf8, 0x05, 0x00, 0xf8, 0x18, 0x00, 0xf8, 0x3a, 0x00, 0xf8, 0x6a, 0x82, 0xf8, 0xa5, 0x45, 0xf9, 0xd4, 0x68, 0xfa, 0xf1, 0x4b, 0xfb, 0xfc, 0x6b, 0xfb, 0xfb, 0x89, 0xfa, 0xf0, 0x65, 0xf9, 0xd3, 0x81, 0xf8, 0xa3, 0x20, 0xf8, 0x6a, 0x00, 0xf8, 0x3a, 0x00, 0xf8, 0x18, 0xa6, 0xf9, 0x05, 
  0x00, 0xf8, 0x05, 0x00, 0xf8, 0x17, 0x00, 0xf8, 0x39, 0x00, 0xf8, 0x6b, 0x82, 0xf8, 0xa5, 0x45, 0xf9, 0xd4, 0x68, 0xfa, 0xf1, 0x4b, 0xfb, 0xfc, 0x6b, 0xfb, 0xfb, 0x89, 0xfa, 0xf0, 0x65, 0xf9, 0xd4, 0x81, 0xf8, 0xa3, 0x00, 0xf8, 0x6b, 0x00, 0xf8, 0x3b, 0x00, 0xf8, 0x19, 0x00, 0xf8, 0x06, 
  0x00, 0xf8, 0x05, 0x00, 0xf8, 0x18, 0x21, 0xf8, 0x39, 0x00, 0xf8, 0x6a, 0x61, 0xf8, 0xa5, 0x65, 0xf9, 0xd4, 0x68, 0xfa, 0xf0, 0x4b, 0xfb, 0xfc, 0x6b, 0xfb, 0xfb, 0x89, 0xfa, 0xf0, 0x65, 0xf9, 0xd3, 0x81, 0xf8, 0xa2, 0x20, 0xf8, 0x6c, 0x00, 0xf8, 0x3a, 0x61, 0xf8, 0x18, 0x00, 0xf8, 0x05, 
  0x00, 0xf8, 0x05, 0x00, 0xf8, 0x19, 0x00, 0xf8, 0x39, 0x00, 0xf8, 0x6a, 0x61, 0xf8, 0xa5, 0x65, 0xf9, 0xd4, 0x68, 0xfa, 0xf1, 0x4b, 0xfb, 0xfc, 0x6b, 0xfb, 0xfb, 0x89, 0xfa, 0xf0, 0x65, 0xf9, 0xd4, 0x82, 0xf8, 0xa3, 0x20, 0xf8, 0x6b, 0x00, 0xf8, 0x3a, 0x00, 0xf8, 0x18, 0x00, 0xf8, 0x05, 
  0x00, 0xf8, 0x06, 0x00, 0xf8, 0x19, 0x00, 0xf8, 0x39, 0x20, 0xf8, 0x6a, 0x61, 0xf8, 0xa5, 0x45, 0xf9, 0xd5, 0x68, 0xfa, 0xf1, 0x4b, 0xfb, 0xfc, 0x6b, 0xfb, 0xfb, 0x89, 0xfa, 0xf0, 0x65, 0xf9, 0xd3, 0x81, 0xf8, 0xa3, 0x00, 0xf8, 0x6b, 0x00, 0xf8, 0x3a, 0x00, 0xf8, 0x19, 0xa6, 0xf9, 0x05, 
  0x00, 0xf8, 0x05, 0x00, 0xf8, 0x17, 0x00, 0xf8, 0x38, 0x00, 0xf8, 0x6a, 0x61, 0xf8, 0xa5, 0x45, 0xf9, 0xd4, 0x88, 0xfa, 0xf0, 0x4b, 0xfb, 0xfc, 0x6b, 0xfb, 0xfb, 0x89, 0xfa, 0xef, 0x45, 0xf9, 0xd2, 0x81, 0xf8, 0xa1, 0x00, 0xf8, 0x6a, 0x00, 0xf8, 0x3a, 0x61, 0xf8, 0x19, 0x00, 0xf8, 0x05, 
  0x00, 0xf8, 0x05, 0x61, 0xf8, 0x17, 0x00, 0xf8, 0x38, 0x20, 0xf8, 0x6a, 0x61, 0xf8, 0xa3, 0x65, 0xf9, 0xd3, 0x89, 0xfa, 0xf0, 0x4b, 0xfb, 0xfc, 0x6b, 0xfb, 0xfc, 0x89, 0xfa, 0xef, 0x45, 0xf9, 0xd1, 0x81, 0xf8, 0xa0, 0x00, 0xf8, 0x69, 0x00, 0xf8, 0x39, 0x00, 0xf8, 0x18, 0x00, 0xf8, 0x05, 
  0x00, 0xf8, 0x05, 0x00, 0xf8, 0x16, 0x21, 0xf8, 0x38, 0x00, 0xf8, 0x69, 0x61, 0xf8, 0xa3, 0x65, 0xf9, 0xd2, 0x89, 0xfa, 0xef, 0x4b, 0xfb, 0xfd, 0x6b, 0xfb, 0xfb, 0x89, 0xfa, 0xee, 0x65, 0xf9, 0xd1, 0x81, 0xf8, 0xa0, 0x00, 0xf8, 0x67, 0x00, 0xf8, 0x38, 0x00, 0xf8, 0x18, 0x00, 0xf8, 0x05, 
  0x00, 0xf8, 0x04, 0x00, 0xf8, 0x16, 0x00, 0xf8, 0x37, 0x20, 0xf8, 0x67, 0x81, 0xf8, 0xa2, 0x65, 0xf9, 0xd3, 0x89, 0xfa, 0xee, 0x4b, 0xfb, 0xfc, 0x6c, 0xfb, 0xfa, 0x89, 0xfa, 0xee, 0x65, 0xf9, 0xd0, 0x82, 0xf8, 0x9e, 0x00, 0xf8, 0x66, 0x00, 0xf8, 0x37, 0x00, 0xf8, 0x17, 0x00, 0xf8, 0x04, 
  0x00, 0xf8, 0x04, 0x00, 0xf8, 0x15, 0x00, 0xf8, 0x36, 0x00, 0xf8, 0x65, 0x82, 0xf8, 0x9f, 0x65, 0xf9, 0xd1, 0x68, 0xfa, 0xee, 0x6b, 0xfb, 0xfb, 0x6b, 0xfb, 0xfb, 0x89, 0xfa, 0xee, 0x65, 0xf9, 0xd0, 0x82, 0xf8, 0x9d, 0x00, 0xf8, 0x65, 0x00, 0xf8, 0x36, 0x00, 0xf8, 0x16, 0x00, 0xf8, 0x04, 
  0x00, 0xf8, 0x04, 0x62, 0xf8, 0x15, 0x00, 0xf8, 0x35, 0x00, 0xf8, 0x64, 0x61, 0xf8, 0x9e, 0x65, 0xf9, 0xcf, 0x88, 0xfa, 0xee, 0x4b, 0xfb, 0xfc, 0x6b, 0xfb, 0xfc, 0x89, 0xfa, 0xee, 0x65, 0xf9, 0xcf, 0x82, 0xf8, 0x9e, 0x20, 0xf8, 0x64, 0x00, 0xf8, 0x35, 0x00, 0xf8, 0x15, 0x00, 0xf8, 0x04, 
  0x00, 0xf8, 0x04, 0x00, 0xf8, 0x15, 0x00, 0xf8, 0x35, 0x00, 0xf8, 0x64, 0x62, 0xf8, 0x9d, 0x65, 0xf9, 0xcf, 0x68, 0xfa, 0xee, 0x6b, 0xfb, 0xfb, 0x6c, 0xfb, 0xfb, 0x89, 0xfa, 0xee, 0x65, 0xf9, 0xcf, 0x82, 0xf8, 0x9c, 0x20, 0xf8, 0x63, 0x00, 0xf8, 0x35, 0x62, 0xf8, 0x15, 0x00, 0xf8, 0x04, 
  0x00, 0xf8, 0x04, 0x00, 0xf8, 0x15, 0x00, 0xf8, 0x35, 0x00, 0xf8, 0x64, 0x62, 0xf8, 0x9c, 0x65, 0xf9, 0xcf, 0x68, 0xfa, 0xed, 0x6b, 0xfb, 0xfb, 0x6b, 0xfb, 0xfb, 0x89, 0xfa, 0xee, 0x65, 0xf9, 0xcf, 0x82, 0xf8, 0x9b, 0x00, 0xf8, 0x63, 0x00, 0xf8, 0x35, 0x00, 0xf8, 0x15, 0x00, 0xf8, 0x04, 
  0x00, 0xf8, 0x04, 0x62, 0xf8, 0x15, 0x00, 0xf8, 0x35, 0x00, 0xf8, 0x64, 0x82, 0xf8, 0x9d, 0x65, 0xf9, 0xce, 0x68, 0xfa, 0xed, 0x4b, 0xfb, 0xfc, 0x6b, 0xfb, 0xfb, 0x89, 0xfa, 0xee, 0x65, 0xf9, 0xcf, 0x62, 0xf8, 0x9b, 0x00, 0xf8, 0x63, 0x00, 0xf8, 0x35, 0x00, 0xf8, 0x16, 0x00, 0xf8, 0x05, 
  0x00, 0xf8, 0x04, 0x00, 0xf8, 0x15, 0x00, 0xf8, 0x35, 0x00, 0xf8, 0x63, 0x82, 0xf8, 0x9d, 0x65, 0xf9, 0xcf, 0x89, 0xfa, 0xed, 0x4b, 0xfb, 0xfc, 0x6b, 0xfb, 0xfb, 0x89, 0xfa, 0xee, 0x65, 0xf9, 0xcf, 0x62, 0xf8, 0x9c, 0x20, 0xf8, 0x63, 0x00, 0xf8, 0x35, 0x00, 0xf8, 0x15, 0x00, 0xf8, 0x04, 
  0x00, 0xf8, 0x04, 0x00, 0xf8, 0x15, 0x00, 0xf8, 0x34, 0x20, 0xf8, 0x63, 0x61, 0xf8, 0x9d, 0x45, 0xf9, 0xcf, 0x89, 0xfa, 0xed, 0x6b, 0xfb, 0xfb, 0x4b, 0xfb, 0xfc, 0x89, 0xfa, 0xed, 0x65, 0xf9, 0xce, 0x82, 0xf8, 0x9c, 0x00, 0xf8, 0x64, 0x00, 0xf8, 0x35, 0x00, 0xf8, 0x15, 0x00, 0xf8, 0x04, 
  0x00, 0xf8, 0x04, 0x62, 0xf8, 0x15, 0x00, 0xf8, 0x34, 0x00, 0xf8, 0x64, 0x82, 0xf8, 0x9d, 0x65, 0xf9, 0xcf, 0x68, 0xfa, 0xed, 0x6b, 0xfb, 0xfb, 0x6b, 0xfb, 0xfb, 0x89, 0xfa, 0xee, 0x65, 0xf9, 0xcf, 0x82, 0xf8, 0x9b, 0x00, 0xf8, 0x64, 0x00, 0xf8, 0x36, 0x62, 0xf8, 0x15, 0x00, 0xf8, 0x04, 
  0x00, 0xf8, 0x04, 0x00, 0xf8, 0x15, 0x00, 0xf8, 0x35, 0x00, 0xf8, 0x64, 0x82, 0xf8, 0x9c, 0x65, 0xf9, 0xcf, 0x68, 0xfa, 0xed, 0x6b, 0xfb, 0xfb, 0x6c, 0xfb, 0xfb, 0x89, 0xfa, 0xee, 0x65, 0xf9, 0xcf, 0x82, 0xf8, 0x9c, 0x20, 0xf8, 0x64, 0x21, 0xf8, 0x35, 0x00, 0xf8, 0x14, 0x00, 0xf8, 0x04, 
  0x00, 0xf8, 0x04, 0x00, 0xf8, 0x15, 0x00, 0xf8, 0x35, 0x00, 0xf8, 0x64, 0x61, 0xf8, 0x9c, 0x45, 0xf9, 0xce, 0x68, 0xfa, 0xed, 0x6b, 0xfb, 0xfb, 0x6b, 0xfb, 0xfb, 0x89, 0xfa, 0xee, 0x65, 0xf9, 0xcf, 0x82, 0xf8, 0x9c, 0x00, 0xf8, 0x64, 0x00, 0xf8, 0x35, 0x00, 0xf8, 0x15, 0x00, 0xf8, 0x04, 
  0x00, 0xf8, 0x03, 0x62, 0xf8, 0x14, 0x00, 0xf8, 0x35, 0x00, 0xf8, 0x64, 0x61, 0xf8, 0x9c, 0x65, 0xf9, 0xcf, 0x89, 0xfa, 0xed, 0x6b, 0xfb, 0xfb, 0x6c, 0xfb, 0xfa, 0x89, 0xfa, 0xed, 0x65, 0xf9, 0xcf, 0x62, 0xf8, 0x9b, 0x00, 0xf8, 0x63, 0x00, 0xf8, 0x35, 0x00, 0xf8, 0x15, 0x00, 0xf8, 0x04, 
  0x00, 0xf8, 0x03, 0x00, 0xf8, 0x15, 0x00, 0xf8, 0x34, 0x00, 0xf8, 0x64, 0x81, 0xf8, 0x9d, 0x65, 0xf9, 0xcf, 0x68, 0xfa, 0xed, 0x6b, 0xfb, 0xfb, 0x6b, 0xfb, 0xfb, 0x89, 0xfa, 0xed, 0x65, 0xf9, 0xce, 0x82, 0xf8, 0x9b, 0x00, 0xf8, 0x63, 0x00, 0xf8, 0x35, 0x00, 0xf8, 0x15, 0x00, 0xf8, 0x04, 
  0x00, 0xf8, 0x04, 0x00, 0xf8, 0x15, 0x21, 0xf8, 0x34, 0x00, 0xf8, 0x64, 0x82, 0xf8, 0x9d, 0x65, 0xf9, 0xcf, 0x68, 0xfa, 0xed, 0x6b, 0xfb, 0xfb, 0x6b, 0xfb, 0xfc, 0x89, 0xfa, 0xee, 0x65, 0xf9, 0xcf, 0x82, 0xf8, 0x9c, 0x00, 0xf8, 0x63, 0x00, 0xf8, 0x35, 0x00, 0xf8, 0x15, 0x00, 0xf8, 0x04, 
  0x00, 0xf8, 0x03, 0x00, 0xf8, 0x15, 0x00, 0xf8, 0x35, 0x00, 0xf8, 0x64, 0x61, 0xf8, 0x9d, 0x65, 0xf9, 0xd0, 0x89, 0xfa, 0xee, 0x6b, 0xfb, 0xfb, 0x6b, 0xfb, 0xfb, 0x89, 0xfa, 0xed, 0x65, 0xf9, 0xcf, 0x82, 0xf8, 0x9c, 0x00, 0xf8, 0x63, 0x00, 0xf8, 0x35, 0x00, 0xf8, 0x15, 0x00, 0xf8, 0x04, 
  0x00, 0xf8, 0x03, 0x00, 0xf8, 0x15, 0x00, 0xf8, 0x35, 0x00, 0xf8, 0x64, 0x61, 0xf8, 0x9d, 0x65, 0xf9, 0xd0, 0x89, 0xfa, 0xee, 0x4b, 0xfb, 0xfa, 0x4c, 0xfb, 0xfa, 0x89, 0xfa, 0xee, 0x65, 0xf9, 0xcf, 0x82, 0xf8, 0x9b, 0x20, 0xf8, 0x63, 0x00, 0xf8, 0x35, 0x00, 0xf8, 0x15, 0x00, 0xf8, 0x05, 
  0x00, 0xf8, 0x04, 0x00, 0xf8, 0x15, 0x00, 0xf8, 0x34, 0x00, 0xf8, 0x63, 0x61, 0xf8, 0x9d, 0x65, 0xf9, 0xcf, 0x89, 0xfa, 0xee, 0x6b, 0xfb, 0xfa, 0x6c, 0xfb, 0xfb, 0x89, 0xfa, 0xee, 0x65, 0xf9, 0xcf, 0x82, 0xf8, 0x9c, 0x20, 0xf8, 0x63, 0x00, 0xf8, 0x36, 0x62, 0xf8, 0x15, 0x00, 0xf8, 0x04, 
  0x00, 0xf8, 0x04, 0x00, 0xf8, 0x15, 0x00, 0xf8, 0x34, 0x00, 0xf8, 0x63, 0x62, 0xf8, 0x9d, 0x65, 0xf9, 0xcf, 0x89, 0xfa, 0xee, 0x6b, 0xfb, 0xfb, 0x6c, 0xfb, 0xfb, 0x89, 0xfa, 0xee, 0x65, 0xf9, 0xcf, 0x82, 0xf8, 0x9c, 0x20, 0xf8, 0x63, 0x00, 0xf8, 0x36, 0x62, 0xf8, 0x16, 0x00, 0xf8, 0x04, 
  0x00, 0xf8, 0x04, 0x00, 0xf8, 0x15, 0x21, 0xf8, 0x34, 0x00, 0xf8, 0x64, 0x61, 0xf8, 0x9d, 0x65, 0xf9, 0xcf, 0x68, 0xfa, 0xed, 0x6b, 0xfb, 0xfb, 0x4b, 0xfb, 0xfa, 0x89, 0xfa, 0xed, 0x65, 0xf9, 0xcf, 0x62, 0xf8, 0x9c, 0x20, 0xf8, 0x63, 0x00, 0xf8, 0x35, 0x00, 0xf8, 0x15, 0x00, 0xf8, 0x04, 
  0x00, 0xf8, 0x04, 0x00, 0xf8, 0x15, 0x00, 0xf8, 0x35, 0x20, 0xf8, 0x63, 0x61, 0xf8, 0x9d, 0x65, 0xf9, 0xcf, 0x68, 0xfa, 0xed, 0x6b, 0xfb, 0xfb, 0x6c, 0xfb, 0xfa, 0x89, 0xfa, 0xee, 0x65, 0xf9, 0xcf, 0x82, 0xf8, 0x9c, 0x00, 0xf8, 0x64, 0x00, 0xf8, 0x35, 0x00, 0xf8, 0x15, 0x00, 0xf8, 0x04, 
  0x00, 0xf8, 0x04, 0x62, 0xf8, 0x15, 0x00, 0xf8, 0x34, 0x00, 0xf8, 0x64, 0x62, 0xf8, 0x9d, 0x65, 0xf9, 0xcf, 0x89, 0xfa, 0xee, 0x6b, 0xfb, 0xfb, 0x6b, 0xfb, 0xfb, 0x89, 0xfa, 0xee, 0x65, 0xf9, 0xcf, 0x62, 0xf8, 0x9b, 0x00, 0xf8, 0x63, 0x00, 0xf8, 0x35, 0x62, 0xf8, 0x15, 0x00, 0xf8, 0x04, 
  0x00, 0xf8, 0x03, 0x00, 0xf8, 0x15, 0x21, 0xf8, 0x34, 0x00, 0xf8, 0x63, 0x62, 0xf8, 0x9d, 0x65, 0xf9, 0xcf, 0x89, 0xfa, 0xed, 0x6c, 0xfb, 0xfa, 0x6c, 0xfb, 0xfb, 0x89, 0xfa, 0xed, 0x65, 0xf9, 0xcf, 0x82, 0xf8, 0x9a, 0x00, 0xf8, 0x63, 0x00, 0xf8, 0x35, 0x00, 0xf8, 0x15, 0x00, 0xf8, 0x04, 
  0x00, 0xf8, 0x03, 0x00, 0xf8, 0x14, 0x00, 0xf8, 0x34, 0x20, 0xf8, 0x63, 0x82, 0xf8, 0x9b, 0x65, 0xf9, 0xcd, 0x68, 0xfa, 0xed, 0x6b, 0xfb, 0xfa, 0x6b, 0xfb, 0xfa, 0x89, 0xfa, 0xed, 0x85, 0xf9, 0xce, 0x82, 0xf8, 0x9a, 0x00, 0xf8, 0x61, 0x00, 0xf8, 0x33, 0x00, 0xf8, 0x14, 0x00, 0xf8, 0x04, 
  0x00, 0xf8, 0x03, 0x62, 0xf8, 0x14, 0x00, 0xf8, 0x33, 0x00, 0xf8, 0x61, 0x82, 0xf8, 0x99, 0x65, 0xf9, 0xcc, 0x89, 0xfa, 0xec, 0x6b, 0xfb, 0xfb, 0x6b, 0xfb, 0xfa, 0x89, 0xfa, 0xed, 0x65, 0xf9, 0xcd, 0x82, 0xf8, 0x99, 0x20, 0xf8, 0x60, 0x00, 0xf8, 0x31, 0x00, 0xf8, 0x14, 0x00, 0xf8, 0x04, 
  0x00, 0xf8, 0x03, 0x00, 0xf8, 0x14, 0x00, 0xf8, 0x32, 0x00, 0xf8, 0x60, 0x82, 0xf8, 0x99, 0x65, 0xf9, 0xcb, 0x89, 0xfa, 0xeb, 0x6b, 0xfb, 0xfb, 0x6b, 0xfb, 0xfb, 0x89, 0xfa, 0xed, 0x65, 0xf9, 0xcd, 0x82, 0xf8, 0x97, 0x00, 0xf8, 0x5e, 0x00, 0xf8, 0x31, 0x00, 0xf8, 0x13, 0x00, 0xf8, 0x03, 
  0x00, 0xf8, 0x03, 0x00, 0xf8, 0x13, 0x00, 0xf8, 0x31, 0x20, 0xf8, 0x5e, 0x82, 0xf8, 0x96, 0x65, 0xf9, 0xcb, 0x88, 0xfa, 0xeb, 0x4b, 0xfb, 0xfa, 0x4c, 0xfb, 0xfa, 0x89, 0xfa, 0xec, 0x65, 0xf9, 0xcd, 0x82, 0xf8, 0x97, 0x00, 0xf8, 0x5e, 0x00, 0xf8, 0x30, 0x00, 0xf8, 0x12, 0x00, 0xf8, 0x03, 
  0x00, 0xf8, 0x03, 0x00, 0xf8, 0x13, 0x00, 0xf8, 0x30, 0x20, 0xf8, 0x5e, 0x82, 0xf8, 0x96, 0x65, 0xf9, 0xca, 0x89, 0xfa, 0xeb, 0x4b, 0xfb, 0xfa, 0x4b, 0xfb, 0xf9, 0xa9, 0xfa, 0xec, 0x85, 0xf9, 0xcc, 0x82, 0xf8, 0x97, 0x00, 0xf8, 0x5d, 0x00, 0xf8, 0x2f, 0x82, 0xf8, 0x11, 0x00, 0xf8, 0x03, 
  0x00, 0xf8, 0x02, 0x00, 0xf8, 0x12, 0x00, 0xf8, 0x30, 0x20, 0xf8, 0x5e, 0x82, 0xf8, 0x97, 0x65, 0xf9, 0xc9, 0x88, 0xfa, 0xeb, 0x4b, 0xfb, 0xfa, 0x4b, 0xfb, 0xfa, 0x89, 0xfa, 0xeb, 0x65, 0xf9, 0xcb, 0x82, 0xf8, 0x96, 0x20, 0xf8, 0x5c, 0x00, 0xf8, 0x2f, 0x00, 0xf8, 0x12, 0x00, 0xf8, 0x03, 
  0x00, 0xf8, 0x02, 0xe4, 0xf8, 0x12, 0x00, 0xf8, 0x30, 0x00, 0xf8, 0x5d, 0x82, 0xf8, 0x96, 0x65, 0xf9, 0xc9, 0x88, 0xfa, 0xeb, 0x4b, 0xfb, 0xfa, 0x4b, 0xfb, 0xfa, 0x89, 0xfa, 0xec, 0x65, 0xf9, 0xcb, 0x82, 0xf8, 0x97, 0x20, 0xf8, 0x5c, 0x00, 0xf8, 0x2f, 0x00, 0xf8, 0x12, 0x00, 0xf8, 0x03, 
  0x00, 0xf8, 0x02, 0x62, 0xf8, 0x13, 0x00, 0xf8, 0x30, 0x00, 0xf8, 0x5d, 0x82, 0xf8, 0x95, 0x65, 0xf9, 0xca, 0x88, 0xfa, 0xeb, 0x4b, 0xfb, 0xfa, 0x4b, 0xfb, 0xf9, 0x89, 0xfa, 0xec, 0x65, 0xf9, 0xcd, 0x82, 0xf8, 0x95, 0x00, 0xf8, 0x5c, 0x00, 0xf8, 0x2f, 0x00, 0xf8, 0x11, 0x00, 0xf8, 0x03, 
  0x00, 0x80, 0x02, 0x00, 0xf8, 0x13, 0x00, 0xf8, 0x30, 0x20, 0xf8, 0x5e, 0x82, 0xf8, 0x96, 0x65, 0xf9, 0xca, 0x89, 0xfa, 0xea, 0x4b, 0xfb, 0xfa, 0x4b, 0xfb, 0xf9, 0x89, 0xfa, 0xec, 0x65, 0xf9, 0xcc, 0x82, 0xf8, 0x95, 0x00, 0xf8, 0x5c, 0x21, 0xf8, 0x2f, 0x00, 0xf8, 0x11, 0x00, 0xf8, 0x03, 
  0x00, 0xf8, 0x02, 0x00, 0xf8, 0x12, 0x00, 0xf8, 0x31, 0x00, 0xf8, 0x5e, 0x82, 0xf8, 0x96, 0x65, 0xf9, 0xc9, 0x89, 0xfa, 0xeb, 0x4b, 0xfb, 0xfa, 0x6b, 0xfb, 0xf9, 0x89, 0xfa, 0xec, 0x65, 0xf9, 0xcc, 0x82, 0xf8, 0x95, 0x00, 0xf8, 0x5c, 0x00, 0xf8, 0x2f, 0x00, 0xf8, 0x12, 0x00, 0xf8, 0x03, 
  0x00, 0xf8, 0x02, 0x82, 0xf8, 0x12, 0x00, 0xf8, 0x30, 0x00, 0xf8, 0x5d, 0x82, 0xf8, 0x96, 0x65, 0xf9, 0xca, 0x89, 0xfa, 0xea, 0x4b, 0xfb, 0xfa, 0x4b, 0xfb, 0xf9, 0x89, 0xfa, 0xec, 0x85, 0xf9, 0xcd, 0x82, 0xf8, 0x95, 0x00, 0xf8, 0x5c, 0x00, 0xf8, 0x2f, 0x82, 0xf8, 0x11, 0x00, 0xf8, 0x03, 
  0x00, 0xf8, 0x02, 0x00, 0xf8, 0x12, 0x00, 0xf8, 0x30, 0x00, 0xf8, 0x5d, 0x82, 0xf8, 0x96, 0x65, 0xf9, 0xc9, 0x88, 0xfa, 0xeb, 0x4b, 0xfb, 0xfa, 0x4b, 0xfb, 0xf9, 0x89, 0xfa, 0xec, 0x85, 0xf9, 0xcd, 0x82, 0xf8, 0x96, 0x00, 0xf8, 0x5c, 0x00, 0xf8, 0x2f, 0x00, 0xf8, 0x12, 0x00, 0xf8, 0x03, 
  0x00, 0x80, 0x02, 0x00, 0xf8, 0x13, 0x00, 0xf8, 0x30, 0x00, 0xf8, 0x5d, 0x82, 0xf8, 0x96, 0x65, 0xf9, 0xc9, 0x89, 0xfa, 0xe9, 0x4b, 0xfb, 0xfa, 0x4b, 0xfb, 0xf9, 0x89, 0xfa, 0xec, 0x85, 0xf9, 0xcd, 0x82, 0xf8, 0x95, 0x00, 0xf8, 0x5d, 0x00, 0xf8, 0x2f, 0x00, 0xf8, 0x11, 0x00, 0xf8, 0x03, 
  0x00, 0xf8, 0x02, 0x00, 0xf8, 0x12, 0x21, 0xf8, 0x30, 0x20, 0xf8, 0x5d, 0x82, 0xf8, 0x95, 0x65, 0xf9, 0xc9, 0x89, 0xfa, 0xeb, 0x4b, 0xfb, 0xfa, 0x6b, 0xfb, 0xf9, 0x89, 0xfa, 0xec, 0x65, 0xf9, 0xcc, 0x82, 0xf8, 0x95, 0x00, 0xf8, 0x5c, 0x00, 0xf8, 0x2f, 0x00, 0xf8, 0x11, 0x00, 0xf8, 0x03, 
  0x00, 0x80, 0x02, 0x62, 0xf8, 0x13, 0x00, 0xf8, 0x30, 0x00, 0xf8, 0x5d, 0x82, 0xf8, 0x97, 0x65, 0xf9, 0xca, 0x89, 0xfa, 0xea, 0x4b, 0xfb, 0xfa, 0x4b, 0xfb, 0xf9, 0x89, 0xfa, 0xec, 0x85, 0xf9, 0xcc, 0x82, 0xf8, 0x95, 0x20, 0xf8, 0x5c, 0x00, 0xf8, 0x2e, 0x00, 0xf8, 0x11, 0x00, 0xf8, 0x03, 
  0x00, 0xf8, 0x02, 0x00, 0xf8, 0x12, 0x00, 0xf8, 0x30, 0x00, 0xf8, 0x5d, 0x82, 0xf8, 0x95, 0x65, 0xf9, 0xc9, 0x88, 0xfa, 0xeb, 0x4b, 0xfb, 0xfa, 0x4b, 0xfb, 0xf9, 0x89, 0xfa, 0xec, 0x65, 0xf9, 0xcc, 0x82, 0xf8, 0x95, 0x00, 0xf8, 0x5c, 0x00, 0xf8, 0x2f, 0x82, 0xf8, 0x11, 0x00, 0xf8, 0x03, 
  0x00, 0xf8, 0x03, 0x00, 0xf8, 0x13, 0x00, 0xf8, 0x30, 0x00, 0xf8, 0x5d, 0x82, 0xf8, 0x95, 0x65, 0xf9, 0xc9, 0x89, 0xfa, 0xea, 0x4b, 0xfb, 0xf9, 0x4b, 0xfb, 0xf9, 0xa9, 0xfa, 0xec, 0x65, 0xf9, 0xcd, 0x82, 0xf8, 0x95, 0x00, 0xf8, 0x5c, 0x00, 0xf8, 0x2f, 0x00, 0xf8, 0x12, 0x00, 0xf8, 0x03, 
  0x00, 0xf8, 0x03, 0x62, 0xf8, 0x13, 0x00, 0xf8, 0x30, 0x20, 0xf8, 0x5d, 0x81, 0xf8, 0x96, 0x65, 0xf9, 0xca, 0x89, 0xfa, 0xea, 0x4b, 0xfb, 0xf9, 0x4b, 0xfb, 0xf9, 0x89, 0xfa, 0xec, 0x65, 0xf9, 0xcc, 0x82, 0xf8, 0x96, 0x00, 0xf8, 0x5c, 0x00, 0xf8, 0x2f, 0x82, 0xf8, 0x11, 0x00, 0xf8, 0x03, 
  0x00, 0xf8, 0x02, 0x00, 0xf8, 0x12, 0x00, 0xf8, 0x30, 0x00, 0xf8, 0x5d, 0x82, 0xf8, 0x96, 0x65, 0xf9, 0xc9, 0x89, 0xfa, 0xeb, 0x4b, 0xfb, 0xfa, 0x4b, 0xfb, 0xf9, 0x89, 0xfa, 0xec, 0x65, 0xf9, 0xcc, 0x82, 0xf8, 0x96, 0x20, 0xf8, 0x5c, 0x00, 0xf8, 0x2f, 0x00, 0xf8, 0x11, 0x00, 0xf8, 0x03, 
  0x00, 0x80, 0x02, 0x62, 0xf8, 0x13, 0x00, 0xf8, 0x30, 0x00, 0xf8, 0x5c, 0x82, 0xf8, 0x96, 0x65, 0xf9, 0xc9, 0x89, 0xfa, 0xeb, 0x4b, 0xfb, 0xfa, 0x4b, 0xfb, 0xf9, 0xa9, 0xfa, 0xec, 0x65, 0xf9, 0xcc, 0x82, 0xf8, 0x96, 0x20, 0xf8, 0x5c, 0x00, 0xf8, 0x2f, 0x00, 0xf8, 0x11, 0x00, 0xf8, 0x03, 
  0x00, 0x80, 0x02, 0x00, 0xf8, 0x13, 0x00, 0xf8, 0x30, 0x20, 0xf8, 0x5d, 0x82, 0xf8, 0x96, 0x65, 0xf9, 0xc9, 0x89, 0xfa, 0xeb, 0x4b, 0xfb, 0xfa, 0x4b, 0xfb, 0xf9, 0xa9, 0xfa, 0xec, 0x65, 0xf9, 0xcc, 0x82, 0xf8, 0x96, 0x00, 0xf8, 0x5c, 0x00, 0xf8, 0x2f, 0x00, 0xf8, 0x11, 0x00, 0xf8, 0x03, 
  0x00, 0xf8, 0x02, 0x00, 0xf8, 0x12, 0x00, 0xf8, 0x30, 0x20, 0xf8, 0x5d, 0x82, 0xf8, 0x96, 0x65, 0xf9, 0xc9, 0x89, 0xfa, 0xea, 0x4b, 0xfb, 0xfa, 0x4b, 0xfb, 0xf9, 0x89, 0xfa, 0xec, 0x65, 0xf9, 0xcc, 0x82, 0xf8, 0x95, 0x00, 0xf8, 0x5c, 0x00, 0xf8, 0x2f, 0x00, 0xf8, 0x11, 0x00, 0xf8, 0x03, 
  0x00, 0xf8, 0x03, 0x82, 0xf8, 0x12, 0x00, 0xf8, 0x2f, 0x00, 0xf8, 0x5d, 0x82, 0xf8, 0x95, 0x65, 0xf9, 0xc9, 0x89, 0xfa, 0xea, 0x4b, 0xfb, 0xf9, 0x4b, 0xfb, 0xf9, 0x89, 0xfa, 0xec, 0x65, 0xf9, 0xcc, 0x82, 0xf8, 0x95, 0x00, 0xf8, 0x5c, 0x00, 0xf8, 0x2f, 0x00, 0xf8, 0x12, 0x00, 0xf8, 0x03, 
  0x00, 0x80, 0x02, 0x00, 0xf8, 0x12, 0x21, 0xf8, 0x2f, 0x00, 0xf8, 0x5c, 0x82, 0xf8, 0x95, 0x65, 0xf9, 0xca, 0x89, 0xfa, 0xea, 0x6b, 0xfb, 0xf9, 0x4b, 0xfb, 0xf9, 0x89, 0xfa, 0xec, 0x65, 0xf9, 0xcc, 0x82, 0xf8, 0x95, 0x00, 0xf8, 0x5b, 0x00, 0xf8, 0x2e, 0x00, 0xf8, 0x11, 0x00, 0xf8, 0x03, 
  0x00, 0x00, 0x01, 0x82, 0xf8, 0x11, 0x00, 0xf8, 0x2f, 0x00, 0xf8, 0x5b, 0x82, 0xf8, 0x94, 0x65, 0xf9, 0xc8, 0x89, 0xfa, 0xe9, 0x4b, 0xfb, 0xfa, 0x4b, 0xfb, 0xfa, 0x89, 0xfa, 0xeb, 0x65, 0xf9, 0xcb, 0x82, 0xf8, 0x94, 0x00, 0xf8, 0x5a, 0x00, 0xf8, 0x2d, 0x00, 0xf8, 0x11, 0x00, 0xf8, 0x03, 
  0x00, 0xf8, 0x02, 0x00, 0xf8, 0x11, 0x41, 0xf8, 0x2e, 0x00, 0xf8, 0x5b, 0x82, 0xf8, 0x92, 0x65, 0xf9, 0xc8, 0x89, 0xfa, 0xe9, 0x4b, 0xfb, 0xfa, 0x4b, 0xfb, 0xfa, 0x89, 0xfa, 0xeb, 0x65, 0xf9, 0xc9, 0x62, 0xf8, 0x92, 0x20, 0xf8, 0x5a, 0x00, 0xf8, 0x2d, 0x00, 0xf8, 0x0f, 0x00, 0xf8, 0x02, 
  0x00, 0xa8, 0x03, 0x82, 0xf8, 0x11, 0x00, 0xf8, 0x2c, 0x00, 0xf8, 0x59, 0x82, 0xf8, 0x92, 0x65, 0xf9, 0xc7, 0x89, 0xfa, 0xe9, 0x4b, 0xfb, 0xfa, 0x4b, 0xfb, 0xfa, 0x89, 0xfa, 0xeb, 0x85, 0xf9, 0xc9, 0x82, 0xf8, 0x91, 0x20, 0xf8, 0x58, 0x00, 0xf8, 0x2b, 0x00, 0xf8, 0x0f, 0x00, 0x80, 0x02, 
  0x00, 0xf8, 0x02, 0x00, 0xf8, 0x10, 0x00, 0xf8, 0x2c, 0x00, 0xf8, 0x57, 0x82, 0xf8, 0x8f, 0x65, 0xf9, 0xc7, 0x89, 0xfa, 0xe8, 0x6b, 0xfb, 0xf9, 0x4b, 0xfb, 0xfa, 0x89, 0xfa, 0xeb, 0x85, 0xf9, 0xc8, 0x82, 0xf8, 0x90, 0x00, 0xf8, 0x56, 0x00, 0xf8, 0x2a, 0x82, 0xf8, 0x0f, 0x00, 0x80, 0x02, 
  0x00, 0xf8, 0x02, 0x00, 0xf8, 0x10, 0x00, 0xf8, 0x2c, 0x00, 0xf8, 0x57, 0x82, 0xf8, 0x8f, 0x65, 0xf9, 0xc6, 0x89, 0xfa, 0xe8, 0x6b, 0xfb, 0xf9, 0x6b, 0xfb, 0xf9, 0xa9, 0xfa, 0xea, 0x85, 0xf9, 0xc8, 0x82, 0xf8, 0x90, 0x00, 0xf8, 0x56, 0x00, 0xf8, 0x29, 0x00, 0xf8, 0x0e, 0x00, 0x00, 0x01, 
  0x00, 0xf8, 0x02, 0x00, 0xf8, 0x10, 0x00, 0xf8, 0x2b, 0x00, 0xf8, 0x57, 0x82, 0xf8, 0x8f, 0x65, 0xf9, 0xc5, 0x89, 0xfa, 0xe8, 0x6b, 0xfb, 0xf9, 0x6b, 0xfb, 0xf8, 0xa9, 0xfa, 0xea, 0x85, 0xf9, 0xc8, 0x82, 0xf8, 0x8f, 0x00, 0xf8, 0x55, 0x00, 0xf8, 0x29, 0x00, 0xf8, 0x0d, 0x00, 0x00, 0x01, 
  0x00, 0xf8, 0x02, 0x00, 0xf8, 0x10, 0x00, 0xf8, 0x2b, 0x20, 0xf8, 0x57, 0x82, 0xf8, 0x8f, 0x65, 0xf9, 0xc5, 0x89, 0xfa, 0xe8, 0x6b, 0xfb, 0xf9, 0x6b, 0xfb, 0xf9, 0xa9, 0xfa, 0xea, 0x85, 0xf9, 0xc8, 0x82, 0xf8, 0x8f, 0x20, 0xf8, 0x55, 0x00, 0xf8, 0x29, 0x00, 0xf8, 0x0d, 0x00, 0x00, 0x01, 
  0x00, 0xf8, 0x01, 0x00, 0xf8, 0x10, 0x00, 0xf8, 0x2c, 0x21, 0xf8, 0x57, 0x82, 0xf8, 0x8e, 0x65, 0xf9, 0xc5, 0x89, 0xfa, 0xe7, 0x6b, 0xfb, 0xf9, 0x6b, 0xfb, 0xf9, 0xa9, 0xfa, 0xea, 0x85, 0xf9, 0xc8, 0x82, 0xf8, 0x8e, 0x00, 0xf8, 0x55, 0x00, 0xf8, 0x29, 0x00, 0xf8, 0x0d, 0x00, 0x00, 0x01, 
  0x00, 0xf8, 0x01, 0x00, 0xf8, 0x10, 0x41, 0xf8, 0x2b, 0x00, 0xf8, 0x57, 0x82, 0xf8, 0x8e, 0x65, 0xf9, 0xc5, 0x89, 0xfa, 0xe8, 0x6b, 0xfb, 0xf9, 0x6b, 0xfb, 0xf9, 0xa9, 0xfa, 0xea, 0x85, 0xf9, 0xc8, 0xa2, 0xf8, 0x8e, 0x00, 0xf8, 0x54, 0x00, 0xf8, 0x29, 0xa3, 0xf8, 0x0d, 0x00, 0x00, 0x01, 
  0x00, 0xf8, 0x02, 0x00, 0xf8, 0x10, 0x41, 0xf8, 0x2b, 0x00, 0xf8, 0x57, 0x82, 0xf8, 0x8f, 0x65, 0xf9, 0xc5, 0x89, 0xfa, 0xe7, 0x6b, 0xfb, 0xf9, 0x6b, 0xfb, 0xfa, 0xa9, 0xfa, 0xea, 0x85, 0xf9, 0xc8, 0xa2, 0xf8, 0x8f, 0x00, 0xf8, 0x55, 0x00, 0xf8, 0x29, 0x45, 0xf9, 0x0d, 0x00, 0x00, 0x01, 
  0x00, 0xf8, 0x02, 0x00, 0xf8, 0x10, 0x00, 0xf8, 0x2b, 0x00, 0xf8, 0x57, 0x82, 0xf8, 0x8f, 0x65, 0xf9, 0xc5, 0x89, 0xfa, 0xe7, 0x6b, 0xfb, 0xf9, 0x6b, 0xfb, 0xf9, 0xa9, 0xfa, 0xea, 0x85, 0xf9, 0xc8, 0x82, 0xf8, 0x8f, 0x00, 0xf8, 0x55, 0x00, 0xf8, 0x29, 0xa3, 0xf8, 0x0d, 0x00, 0x00, 0x01, 
  0x00, 0xf8, 0x02, 0x00, 0xf8, 0x10, 0x00, 0xf8, 0x2b, 0x20, 0xf8, 0x56, 0x82, 0xf8, 0x8f, 0x65, 0xf9, 0xc6, 0x89, 0xfa, 0xe8, 0x6b, 0xfb, 0xf9, 0x6b, 0xfb, 0xf8, 0x89, 0xfa, 0xea, 0x85, 0xf9, 0xc8, 0x82, 0xf8, 0x8f, 0x00, 0xf8, 0x55, 0x00, 0xf8, 0x29, 0xa3, 0xf8, 0x0d, 0x00, 0x00, 0x01, 
  0x00, 0x00, 0x01, 0x82, 0xf8, 0x10, 0x00, 0xf8, 0x2b, 0x20, 0xf8, 0x56, 0x81, 0xf8, 0x8e, 0x65, 0xf9, 0xc6, 0x89, 0xfa, 0xe7, 0x6b, 0xfb, 0xf9, 0x6b, 0xfb, 0xf9, 0x89, 0xfa, 0xea, 0x65, 0xf9, 0xc7, 0x82, 0xf8, 0x8f, 0x00, 0xf8, 0x55, 0x00, 0xf8, 0x29, 0x00, 0xf8, 0x0d, 0x00, 0x00, 0x01, 
  0x00, 0xf8, 0x02, 0x00, 0xf8, 0x10, 0x00, 0xf8, 0x2a, 0x00, 0xf8, 0x57, 0x82, 0xf8, 0x90, 0x65, 0xf9, 0xc5, 0x89, 0xfa, 0xe7, 0x6b, 0xfb, 0xf9, 0x6b, 0xfb, 0xf9, 0x89, 0xfa, 0xea, 0x85, 0xf9, 0xc8, 0x82, 0xf8, 0x8f, 0x20, 0xf8, 0x55, 0x00, 0xf8, 0x29, 0x00, 0xf8, 0x0d, 0x00, 0x00, 0x01, 
  0x00, 0xf8, 0x02, 0x82, 0xf8, 0x10, 0x00, 0xf8, 0x2b, 0x20, 0xf8, 0x57, 0x82, 0xf8, 0x8f, 0x65, 0xf9, 0xc5, 0x89, 0xfa, 0xe8, 0x6b, 0xfb, 0xf9, 0x6b, 0xfb, 0xf9, 0x89, 0xfa, 0xea, 0x85, 0xf9, 0xc7, 0x82, 0xf8, 0x8e, 0x40, 0xf8, 0x55, 0x00, 0xf8, 0x29, 0x00, 0xf8, 0x0d, 0x00, 0x00, 0x01, 
  0x00, 0xf8, 0x02, 0x00, 0xf8, 0x10, 0x41, 0xf8, 0x2c, 0x00, 0xf8, 0x57, 0x82, 0xf8, 0x8f, 0x65, 0xf9, 0xc5, 0x89, 0xfa, 0xe8, 0x6b, 0xfb, 0xf9, 0x6b, 0xfb, 0xfa, 0xa9, 0xfa, 0xea, 0x85, 0xf9, 0xc7, 0x82, 0xf8, 0x8f, 0x20, 0xf8, 0x55, 0x00, 0xf8, 0x29, 0xa3, 0xf8, 0x0d, 0x00, 0x00, 0x01, 
  0x00, 0xf8, 0x02, 0x00, 0xf8, 0x10, 0x00, 0xf8, 0x2c, 0x00, 0xf8, 0x57, 0x81, 0xf8, 0x8f, 0x65, 0xf9, 0xc5, 0x89, 0xfa, 0xe8, 0x6b, 0xfb, 0xf9, 0x6b, 0xfb, 0xf9, 0xa9, 0xfa, 0xea, 0x65, 0xf9, 0xc7, 0x82, 0xf8, 0x8f, 0x20, 0xf8, 0x55, 0x00, 0xf8, 0x29, 0xa2, 0xf8, 0x0e, 0x00, 0x00, 0x01, 
  0x00, 0xf8, 0x02, 0x00, 0xf8, 0x10, 0x41, 0xf8, 0x2b, 0x00, 0xf8, 0x57, 0x82, 0xf8, 0x8f, 0x65, 0xf9, 0xc5, 0x89, 0xfa, 0xe7, 0x6b, 0xfb, 0xf9, 0x6b, 0xfb, 0xf9, 0x89, 0xfa, 0xea, 0x85, 0xf9, 0xc8, 0x82, 0xf8, 0x8f, 0x40, 0xf8, 0x55, 0x00, 0xf8, 0x29, 0x00, 0xf8, 0x0d, 0x00, 0x00, 0x00, 
  0x00, 0xf8, 0x02, 0x00, 0xf8, 0x0f, 0x00, 0xf8, 0x2b, 0x00, 0xf8, 0x57, 0x82, 0xf8, 0x8f, 0x65, 0xf9, 0xc5, 0x89, 0xfa, 0xe8, 0x6b, 0xfb, 0xf9, 0x6b, 0xfb, 0xf9, 0xa9, 0xfa, 0xea, 0x85, 0xf9, 0xc8, 0xa2, 0xf8, 0x8f, 0x20, 0xf8, 0x55, 0x00, 0xf8, 0x29, 0x00, 0xf8, 0x0d, 0x00, 0x00, 0x01, 
  0x00, 0xf8, 0x02, 0x00, 0xf8, 0x0f, 0x00, 0xf8, 0x2b, 0x00, 0xf8, 0x57, 0x82, 0xf8, 0x8f, 0x65, 0xf9, 0xc5, 0x89, 0xfa, 0xe8, 0x6b, 0xfb, 0xf9, 0x6b, 0xfb, 0xf9, 0xa9, 0xfa, 0xea, 0x85, 0xf9, 0xc8, 0x82, 0xf8, 0x8f, 0x00, 0xf8, 0x55, 0x00, 0xf8, 0x29, 0x00, 0xf8, 0x0e, 0x00, 0x00, 0x01, 
  0x00, 0xf8, 0x02, 0x00, 0xf8, 0x10, 0x00, 0xf8, 0x2b, 0x00, 0xf8, 0x57, 0x82, 0xf8, 0x8f, 0x65, 0xf9, 0xc6, 0x89, 0xfa, 0xe8, 0x6b, 0xfb, 0xf9, 0x6b, 0xfb, 0xf9, 0x89, 0xfa, 0xea, 0x85, 0xf9, 0xc8, 0x82, 0xf8, 0x8f, 0x00, 0xf8, 0x55, 0x00, 0xf8, 0x29, 0x00, 0xf8, 0x0d, 0x00, 0x00, 0x01, 
  0x00, 0xf8, 0x02, 0x82, 0xf8, 0x10, 0x00, 0xf8, 0x2b, 0x20, 0xf8, 0x57, 0x82, 0xf8, 0x8f, 0x65, 0xf9, 0xc5, 0x89, 0xfa, 0xe7, 0x6b, 0xfb, 0xf9, 0x6b, 0xfb, 0xf9, 0x89, 0xfa, 0xea, 0x85, 0xf9, 0xc8, 0xa2, 0xf8, 0x8f, 0x20, 0xf8, 0x55, 0x00, 0xf8, 0x29, 0x00, 0xf8, 0x0d, 0x00, 0x00, 0x01, 
  0x00, 0xf8, 0x02, 0x82, 0xf8, 0x10, 0x00, 0xf8, 0x2b, 0x20, 0xf8, 0x57, 0x81, 0xf8, 0x8f, 0x85, 0xf9, 0xc4, 0x89, 0xfa, 0xe7, 0x4b, 0xfb, 0xf9, 0x6b, 0xfb, 0xf9, 0x89, 0xfa, 0xeb, 0x85, 0xf9, 0xc8, 0xa2, 0xf8, 0x8e, 0x00, 0xf8, 0x55, 0x00, 0xf8, 0x29, 0xa3, 0xf8, 0x0d, 0x00, 0x00, 0x01, 
  0x00, 0x80, 0x02, 0x82, 0xf8, 0x10, 0x00, 0xf8, 0x2b, 0x00, 0xf8, 0x57, 0x82, 0xf8, 0x8f, 0x65, 0xf9, 0xc5, 0x89, 0xfa, 0xe8, 0x6b, 0xfb, 0xf9, 0x6b, 0xfb, 0xf9, 0x89, 0xfa, 0xea, 0x85, 0xf9, 0xc9, 0xa2, 0xf8, 0x8e, 0x00, 0xf8, 0x54, 0x00, 0xf8, 0x29, 0x00, 0xf8, 0x0d, 0x00, 0x00, 0x01, 
  0x00, 0xf8, 0x01, 0x00, 0xf8, 0x10, 0x00, 0xf8, 0x2b, 0x20, 0xf8, 0x57, 0x82, 0xf8, 0x8f, 0x65, 0xf9, 0xc5, 0x89, 0xfa, 0xe8, 0x6b, 0xfb, 0xf9, 0x6b, 0xfb, 0xf9, 0x89, 0xfa, 0xea, 0x85, 0xf9, 0xc8, 0x82, 0xf8, 0x8f, 0x00, 0xf8, 0x56, 0x00, 0xf8, 0x29, 0x00, 0xf8, 0x0d, 0x00, 0x00, 0x01, 
  0x00, 0xf8, 0x02, 0x00, 0xf8, 0x10, 0x41, 0xf8, 0x2b, 0x00, 0xf8, 0x57, 0x81, 0xf8, 0x8f, 0x65, 0xf9, 0xc5, 0x89, 0xfa, 0xe8, 0x4b, 0xfb, 0xf9, 0x6b, 0xfb, 0xf9, 0x89, 0xfa, 0xea, 0x65, 0xf9, 0xc7, 0x82, 0xf8, 0x8e, 0x00, 0xf8, 0x55, 0x41, 0xf8, 0x29, 0x00, 0xf8, 0x0d, 0x00, 0x00, 0x01, 
  0x00, 0x00, 0x01, 0x00, 0xf8, 0x10, 0x00, 0xf8, 0x2b, 0x20, 0xf8, 0x57, 0x81, 0xf8, 0x8e, 0x85, 0xf9, 0xc4, 0x89, 0xfa, 0xe8, 0x6b, 0xfb, 0xf9, 0x6b, 0xfb, 0xf9, 0x89, 0xfa, 0xea, 0x85, 0xf9, 0xc7, 0x82, 0xf8, 0x8e, 0x20, 0xf8, 0x54, 0x00, 0xf8, 0x29, 0x00, 0xf8, 0x0d, 0x00, 0x00, 0x01, 
  0x00, 0xf8, 0x02, 0x00, 0xf8, 0x10, 0x00, 0xf8, 0x2a, 0x40, 0xf8, 0x56, 0x81, 0xf8, 0x8d, 0x85, 0xf9, 0xc4, 0x89, 0xfa, 0xe8, 0x6b, 0xfb, 0xf9, 0x6b, 0xfb, 0xf8, 0x89, 0xfa, 0xea, 0x85, 0xf9, 0xc7, 0xa2, 0xf8, 0x8e, 0x00, 0xf8, 0x53, 0x00, 0xf8, 0x28, 0xa2, 0xf8, 0x0e, 0x00, 0x00, 0x01, 
  0x00, 0xf8, 0x01, 0x00, 0xf8, 0x0f, 0x00, 0xf8, 0x2a, 0x20, 0xf8, 0x54, 0x81, 0xf8, 0x8c, 0x85, 0xf9, 0xc3, 0x89, 0xfa, 0xe7, 0x6b, 0xfb, 0xf9, 0x6c, 0xfb, 0xf8, 0xa9, 0xfa, 0xea, 0x85, 0xf9, 0xc7, 0xa2, 0xf8, 0x8c, 0x00, 0xf8, 0x52, 0x00, 0xf8, 0x28, 0xa3, 0xf8, 0x0d, 0x00, 0x00, 0x01, 
  0x00, 0xf8, 0x01, 0x00, 0xf8, 0x0e, 0x41, 0xf8, 0x28, 0x00, 0xf8, 0x52, 0x82, 0xf8, 0x8a, 0x85, 0xf9, 0xc1, 0x89, 0xfa, 0xe7, 0x6c, 0xfb, 0xf8, 0x6c, 0xfb, 0xf8, 0x89, 0xfa, 0xe8, 0x85, 0xf9, 0xc5, 0xa2, 0xf8, 0x8b, 0x20, 0xf8, 0x51, 0x00, 0xf8, 0x26, 0x00, 0xf8, 0x0c, 0x00, 0x00, 0x01, 
  0x00, 0xf8, 0x02, 0xa2, 0xf8, 0x0e, 0x00, 0xf8, 0x28, 0x00, 0xf8, 0x52, 0x82, 0xf8, 0x89, 0x65, 0xf9, 0xc1, 0x89, 0xfa, 0xe6, 0x6c, 0xfb, 0xf7, 0x6c, 0xfb, 0xf8, 0x89, 0xfa, 0xe8, 0x85, 0xf9, 0xc3, 0x82, 0xf8, 0x89, 0x00, 0xf8, 0x50, 0x41, 0xf8, 0x26, 0x00, 0xf8, 0x0c, 0x00, 0x00, 0x00, 
  0x00, 0xf8, 0x01, 0xa3, 0xf8, 0x0d, 0x00, 0xf8, 0x27, 0x00, 0xf8, 0x52, 0x82, 0xf8, 0x88, 0x65, 0xf9, 0xc1, 0x89, 0xfa, 0xe6, 0x6c, 0xfb, 0xf8, 0x6c, 0xfb, 0xf7, 0xa9, 0xfa, 0xe7, 0x85, 0xf9, 0xc3, 0x82, 0xf8, 0x88, 0x00, 0xf8, 0x50, 0x00, 0xf8, 0x26, 0xc3, 0xf8, 0x0b, 0x00, 0x00, 0x00, 
  0x00, 0xf8, 0x01, 0x00, 0xf8, 0x0d, 0x00, 0xf8, 0x26, 0x00, 0xf8, 0x50, 0x82, 0xf8, 0x87, 0x85, 0xf9, 0xbf, 0x89, 0xfa, 0xe6, 0x6c, 0xfb, 0xf8, 0x6c, 0xfb, 0xf7, 0xa9, 0xfa, 0xe7, 0x85, 0xf9, 0xc2, 0xa2, 0xf8, 0x89, 0x20, 0xf8, 0x50, 0x00, 0xf8, 0x25, 0x00, 0xf8, 0x0b, 0x00, 0x00, 0x01, 
  0x00, 0xf8, 0x02, 0x00, 0xf8, 0x0d, 0x00, 0xf8, 0x26, 0x00, 0xf8, 0x4f, 0x82, 0xf8, 0x87, 0x85, 0xf9, 0xc0, 0x89, 0xfa, 0xe5, 0x6c, 0xfb, 0xf8, 0x6c, 0xfb, 0xf7, 0xa9, 0xfa, 0xe7, 0x85, 0xf9, 0xc2, 0xa2, 0xf8, 0x87, 0x20, 0xf8, 0x4f, 0x00, 0xf8, 0x25, 0x00, 0xf8, 0x0c, 0x00, 0x00, 0x01, 
  0x00, 0xf8, 0x01, 0x00, 0xf8, 0x0d, 0x00, 0xf8, 0x26, 0x00, 0xf8, 0x50, 0x82, 0xf8, 0x87, 0x85, 0xf9, 0xc0, 0x89, 0xfa, 0xe5, 0x6c, 0xfb, 0xf7, 0x6c, 0xfb, 0xf7, 0xa9, 0xfa, 0xe6, 0x85, 0xf9, 0xc2, 0x82, 0xf8, 0x87, 0x20, 0xf8, 0x4f, 0x00, 0xf8, 0x25, 0x00, 0xf8, 0x0b, 0x00, 0x00, 0x00, 
  0x00, 0xf8, 0x01, 0x00, 0xf8, 0x0d, 0x41, 0xf8, 0x27, 0x00, 0xf8, 0x50, 0x82, 0xf8, 0x86, 0x65, 0xf9, 0xbf, 0x89, 0xfa, 0xe6, 0x6b, 0xfb, 0xf6, 0x6c, 0xfb, 0xf7, 0xa9, 0xfa, 0xe7, 0x85, 0xf9, 0xc1, 0x82, 0xf8, 0x87, 0x20, 0xf8, 0x4f, 0x00, 0xf8, 0x25, 0x00, 0xf8, 0x0b, 0x00, 0x00, 0x00, 
  0x00, 0xf8, 0x01, 0x00, 0xf8, 0x0d, 0x00, 0xf8, 0x27, 0x41, 0xf8, 0x4f, 0x81, 0xf8, 0x86, 0x65, 0xf9, 0xbf, 0xa9, 0xfa, 0xe5, 0x6b, 0xfb, 0xf7, 0x6b, 0xfb, 0xf7, 0xa9, 0xfa, 0xe7, 0x65, 0xf9, 0xc1, 0xa2, 0xf8, 0x87, 0x20, 0xf8, 0x4f, 0x00, 0xf8, 0x25, 0x00, 0xf8, 0x0b, 0x00, 0x00, 0x00, 
  0x00, 0xf8, 0x01, 0xa3, 0xf8, 0x0d, 0x00, 0xf8, 0x26, 0x20, 0xf8, 0x4f, 0x82, 0xf8, 0x87, 0x85, 0xf9, 0xbf, 0x89, 0xfa, 0xe5, 0x6b, 0xfb, 0xf7, 0x6c, 0xfb, 0xf7, 0xa9, 0xfa, 0xe6, 0x85, 0xf9, 0xc2, 0x82, 0xf8, 0x88, 0x20, 0xf8, 0x4f, 0x00, 0xf8, 0x25, 0x00, 0xf8, 0x0c, 0x00, 0x00, 0x01, 
  0x00, 0x00, 0x01, 0x00, 0xf8, 0x0d, 0x41, 0xf8, 0x26, 0x00, 0xf8, 0x4f, 0x82, 0xf8, 0x87, 0x85, 0xf9, 0xbf, 0x89, 0xfa, 0xe6, 0x6c, 0xfb, 0xf8, 0x6b, 0xfb, 0xf7, 0xa9, 0xfa, 0xe7, 0x85, 0xf9, 0xc1, 0x82, 0xf8, 0x88, 0x00, 0xf8, 0x4f, 0x00, 0xf8, 0x25, 0xa3, 0xf8, 0x0c, 0x00, 0x00, 0x01, 
  0x00, 0xf8, 0x02, 0x00, 0xf8, 0x0d, 0x00, 0xf8, 0x26, 0x20, 0xf8, 0x4f, 0x82, 0xf8, 0x87, 0x65, 0xf9, 0xbf, 0x89, 0xfa, 0xe4, 0x6c, 0xfb, 0xf7, 0x6c, 0xfb, 0xf7, 0xa9, 0xfa, 0xe6, 0x85, 0xf9, 0xc2, 0x82, 0xf8, 0x86, 0x00, 0xf8, 0x4e, 0x00, 0xf8, 0x25, 0x00, 0xf8, 0x0c, 0x00, 0x00, 0x01, 
  0x00, 0xf8, 0x01, 0xa3, 0xf8, 0x0d, 0x00, 0xf8, 0x26, 0x00, 0xf8, 0x4f, 0x82, 0xf8, 0x87, 0x85, 0xf9, 0xbf, 0x89, 0xfa, 0xe4, 0x6b, 0xfb, 0xf7, 0x6b, 0xfb, 0xf7, 0xa9, 0xfa, 0xe6, 0x85, 0xf9, 0xc1, 0x82, 0xf8, 0x86, 0x00, 0xf8, 0x4e, 0x00, 0xf8, 0x25, 0x00, 0xf8, 0x0c, 0x00, 0x00, 0x01, 
  0x00, 0x00, 0x00, 0xa3, 0xf8, 0x0d, 0x00, 0xf8, 0x26, 0x00, 0xf8, 0x4f, 0x82, 0xf8, 0x87, 0x85, 0xf9, 0xc0, 0x89, 0xfa, 0xe4, 0x6b, 0xfb, 0xf7, 0x6c, 0xfb, 0xf7, 0xa9, 0xfa, 0xe6, 0x85, 0xf9, 0xc1, 0x82, 0xf8, 0x86, 0x20, 0xf8, 0x4e, 0x00, 0xf8, 0x25, 0x00, 0xf8, 0x0c, 0x00, 0x00, 0x01, 
  0x00, 0xf8, 0x01, 0xa3, 0xf8, 0x0d, 0x00, 0xf8, 0x26, 0x00, 0xf8, 0x50, 0x82, 0xf8, 0x87, 0x85, 0xf9, 0xbf, 0x89, 0xfa, 0xe5, 0x6b, 0xfb, 0xf6, 0x6c, 0xfb, 0xf7, 0xa9, 0xfa, 0xe6, 0x85, 0xf9, 0xc2, 0x82, 0xf8, 0x87, 0x00, 0xf8, 0x50, 0x00, 0xf8, 0x25, 0x00, 0xf8, 0x0b, 0x00, 0x00, 0x00, 
  0x00, 0xf8, 0x02, 0x00, 0xf8, 0x0e, 0x00, 0xf8, 0x27, 0x00, 0xf8, 0x51, 0x82, 0xf8, 0x87, 0x85, 0xf9, 0xbf, 0x89, 0xfa, 0xe6, 0x6c, 0xfb, 0xf7, 0x6c, 0xfb, 0xf7, 0xa9, 0xfa, 0xe7, 0x85, 0xf9, 0xc2, 0x82, 0xf8, 0x86, 0x00, 0xf8, 0x4f, 0x00, 0xf8, 0x26, 0xc3, 0xf8, 0x0b, 0x00, 0x00, 0x00, 
  0x00, 0xf8, 0x01, 0x00, 0xf8, 0x0e, 0x00, 0xf8, 0x26, 0x20, 0xf8, 0x4f, 0x82, 0xf8, 0x87, 0x85, 0xf9, 0xbf, 0x89, 0xfa, 0xe6, 0x6b, 0xfb, 0xf7, 0x6b, 0xfb, 0xf7, 0xa9, 0xfa, 0xe7, 0x85, 0xf9, 0xc2, 0x82, 0xf8, 0x88, 0x20, 0xf8, 0x4f, 0x00, 0xf8, 0x25, 0x00, 0xf8, 0x0b, 0x00, 0x00, 0x00, 
  0x00, 0xf8, 0x01, 0xa3, 0xf8, 0x0c, 0x00, 0xf8, 0x26, 0x20, 0xf8, 0x50, 0x81, 0xf8, 0x87, 0x85, 0xf9, 0xbf, 0x89, 0xfa, 0xe5, 0x6b, 0xfb, 0xf6, 0x6c, 0xfb, 0xf7, 0xa9, 0xfa, 0xe6, 0x85, 0xf9, 0xc1, 0x82, 0xf8, 0x88, 0x41, 0xf8, 0x4f, 0x00, 0xf8, 0x24, 0x00, 0xf8, 0x0b, 0x00, 0x00, 0x01, 
  0x00, 0xf8, 0x02, 0x00, 0xf8, 0x0c, 0x00, 0xf8, 0x26, 0x00, 0xf8, 0x50, 0x82, 0xf8, 0x87, 0x85, 0xf9, 0xbf, 0x89, 0xfa, 0xe5, 0x6c, 0xfb, 0xf6, 0x6c, 0xfb, 0xf7, 0xa9, 0xfa, 0xe7, 0x85, 0xf9, 0xc1, 0x82, 0xf8, 0x87, 0x00, 0xf8, 0x4f, 0x00, 0xf8, 0x25, 0xc3, 0xf8, 0x0b, 0x00, 0x00, 0x00, 
  0x00, 0xf8, 0x01, 0x00, 0xf8, 0x0d, 0x41, 0xf8, 0x27, 0x00, 0xf8, 0x50, 0x82, 0xf8, 0x87, 0x85, 0xf9, 0xbf, 0x89, 0xfa, 0xe6, 0x6b, 0xfb, 0xf7, 0x6b, 0xfb, 0xf7, 0xa9, 0xfa, 0xe7, 0x85, 0xf9, 0xc1, 0x82, 0xf8, 0x87, 0x00, 0xf8, 0x4f, 0x00, 0xf8, 0x25, 0xc3, 0xf8, 0x0b, 0x00, 0x00, 0x00, 
  0x00, 0xf8, 0x01, 0xa3, 0xf8, 0x0d, 0x00, 0xf8, 0x26, 0x00, 0xf8, 0x50, 0x82, 0xf8, 0x87, 0x85, 0xf9, 0xbf, 0xa9, 0xfa, 0xe6, 0x6b, 0xfb, 0xf7, 0x6b, 0xfb, 0xf7, 0xa9, 0xfa, 0xe6, 0x85, 0xf9, 0xc2, 0x82, 0xf8, 0x87, 0x20, 0xf8, 0x4f, 0x00, 0xf8, 0x25, 0x00, 0xf8, 0x0b, 0x00, 0x00, 0x00, 
  0x00, 0xf8, 0x02, 0xa3, 0xf8, 0x0d, 0x00, 0xf8, 0x25, 0x00, 0xf8, 0x4f, 0x82, 0xf8, 0x87, 0x85, 0xf9, 0xbf, 0xa9, 0xfa, 0xe5, 0x6b, 0xfb, 0xf6, 0x6b, 0xfb, 0xf7, 0xa9, 0xfa, 0xe6, 0x85, 0xf9, 0xc1, 0x82, 0xf8, 0x87, 0x20, 0xf8, 0x4f, 0x00, 0xf8, 0x25, 0x00, 0xf8, 0x0b, 0x00, 0x00, 0x00, 
  0x00, 0x00, 0x01, 0x00, 0xf8, 0x0e, 0x41, 0xf8, 0x26, 0x00, 0xf8, 0x4f, 0x82, 0xf8, 0x88, 0x85, 0xf9, 0xbf, 0x89, 0xfa, 0xe5, 0x6b, 0xfb, 0xf7, 0x6c, 0xfb, 0xf6, 0xa9, 0xfa, 0xe5, 0x85, 0xf9, 0xc1, 0x82, 0xf8, 0x87, 0x00, 0xf8, 0x4f, 0x00, 0xf8, 0x25, 0x00, 0xf8, 0x0c, 0x00, 0x00, 0x01, 
  0x00, 0xf8, 0x01, 0x00, 0xf8, 0x0d, 0x00, 0xf8, 0x26, 0x00, 0xf8, 0x4e, 0x81, 0xf8, 0x86, 0x85, 0xf9, 0xbf, 0xa9, 0xfa, 0xe5, 0x6c, 0xfb, 0xf7, 0x6c, 0xfb, 0xf5, 0xa9, 0xfa, 0xe6, 0x85, 0xf9, 0xc1, 0x82, 0xf8, 0x86, 0x00, 0xf8, 0x4d, 0x00, 0xf8, 0x25, 0xc3, 0xf8, 0x0b, 0x00, 0x00, 0x00, 
  0x00, 0xf8, 0x01, 0xa3, 0xf8, 0x0c, 0x00, 0xf8, 0x25, 0x00, 0xf8, 0x4e, 0x82, 0xf8, 0x85, 0x85, 0xf9, 0xbe, 0x89, 0xfa, 0xe4, 0x6c, 0xfb, 0xf6, 0x6c, 0xfb, 0xf6, 0xa9, 0xfa, 0xe5, 0x85, 0xf9, 0xbe, 0x82, 0xf8, 0x85, 0x00, 0xf8, 0x4c, 0x00, 0xf8, 0x24, 0x00, 0xf8, 0x0b, 0x00, 0x00, 0x00, 
  0x00, 0xf8, 0x01, 0x00, 0xf8, 0x0c, 0x00, 0xf8, 0x23, 0x00, 0xf8, 0x4d, 0x82, 0xf8, 0x85, 0x85, 0xf9, 0xbd, 0xa9, 0xfa, 0xe4, 0x6c, 0xfb, 0xf5, 0x6c, 0xfb, 0xf5, 0xa9, 0xfa, 0xe5, 0xa5, 0xf9, 0xbe, 0xa2, 0xf8, 0x82, 0x00, 0xf8, 0x4b, 0x00, 0xf8, 0x22, 0x00, 0xf8, 0x0a, 0x00, 0x00, 0x00, 
  0x00, 0xf8, 0x01, 0xc3, 0xf8, 0x0b, 0x00, 0xf8, 0x22, 0x20, 0xf8, 0x4b, 0xa2, 0xf8, 0x82, 0x65, 0xf9, 0xbc, 0xa9, 0xfa, 0xe3, 0x8c, 0xfb, 0xf4, 0x6c, 0xfb, 0xf4, 0xa9, 0xfa, 0xe4, 0x85, 0xf9, 0xbc, 0xa2, 0xf8, 0x81, 0x20, 0xf8, 0x4a, 0x00, 0xf8, 0x22, 0xe3, 0xf8, 0x0a, 0x00, 0x00, 0x00, 
  0x00, 0x00, 0x00, 0x00, 0xf8, 0x0b, 0x00, 0xf8, 0x22, 0x20, 0xf8, 0x4a, 0x82, 0xf8, 0x81, 0x85, 0xf9, 0xbc, 0xa9, 0xfa, 0xe3, 0x6c, 0xfb, 0xf5, 0x6c, 0xfb, 0xf5, 0xa9, 0xfa, 0xe3, 0x86, 0xf9, 0xbb, 0xa2, 0xf8, 0x81, 0x20, 0xf8, 0x49, 0x00, 0xf8, 0x22, 0xe3, 0xf8, 0x0a, 0x00, 0x00, 0x00, 
  0x00, 0x00, 0x00, 0xc3, 0xf8, 0x0b, 0x00, 0xf8, 0x22, 0x20, 0xf8, 0x4a, 0x82, 0xf8, 0x81, 0x85, 0xf9, 0xbc, 0xa9, 0xfa, 0xe3, 0x6c, 0xfb, 0xf5, 0x6c, 0xfb, 0xf5, 0xa9, 0xfa, 0xe4, 0x86, 0xf9, 0xbb, 0xa2, 0xf8, 0x80, 0x20, 0xf8, 0x49, 0x00, 0xf8, 0x22, 0xe3, 0xf8, 0x0a, 0x00, 0x00, 0x00, 
  0x00, 0x00, 0x00, 0xa6, 0xf9, 0x0a, 0x00, 0xf8, 0x22, 0x20, 0xf8, 0x4a, 0xa2, 0xf8, 0x81, 0x85, 0xf9, 0xba, 0xa9, 0xfa, 0xe3, 0x8c, 0xfb, 0xf4, 0x6c, 0xfb, 0xf5, 0xa9, 0xfa, 0xe4, 0x86, 0xf9, 0xba, 0xa2, 0xf8, 0x80, 0x21, 0xf8, 0x48, 0x00, 0xf8, 0x21, 0x00, 0xf8, 0x0a, 0x00, 0x00, 0x00, 
  0x00, 0x00, 0x00, 0xc3, 0xf8, 0x0b, 0x00, 0xf8, 0x22, 0x00, 0xf8, 0x49, 0xa2, 0xf8, 0x80, 0x85, 0xf9, 0xba, 0xa9, 0xfa, 0xe2, 0x6c, 0xfb, 0xf4, 0x6c, 0xfb, 0xf5, 0xa9, 0xfa, 0xe3, 0x85, 0xf9, 0xbb, 0xa2, 0xf8, 0x80, 0x00, 0xf8, 0x49, 0x00, 0xf8, 0x21, 0x00, 0xf8, 0x0a, 0x00, 0x00, 0x00, 
  0x00, 0x00, 0x00, 0xc3, 0xf8, 0x0b, 0x00, 0xf8, 0x22, 0x20, 0xf8, 0x48, 0x82, 0xf8, 0x80, 0x85, 0xf9, 0xba, 0xa9, 0xfa, 0xe3, 0x6c, 0xfb, 0xf5, 0x6c, 0xfb, 0xf5, 0xa9, 0xfa, 0xe3, 0x85, 0xf9, 0xbc, 0xa2, 0xf8, 0x80, 0x20, 0xf8, 0x49, 0x00, 0xf8, 0x22, 0x00, 0xf8, 0x0a, 0x00, 0x00, 0x00, 
  0x00, 0x00, 0x00, 0x00, 0xf8, 0x0a, 0x00, 0xf8, 0x22, 0x20, 0xf8, 0x49, 0x82, 0xf8, 0x80, 0x85, 0xf9, 0xbb, 0x89, 0xfa, 0xe3, 0x6c, 0xfb, 0xf6, 0x6c, 0xfb, 0xf5, 0xa9, 0xfa, 0xe3, 0xa6, 0xf9, 0xbb, 0xa2, 0xf8, 0x80, 0x20, 0xf8, 0x49, 0x01, 0xf8, 0x21, 0x00, 0xf8, 0x0a, 0x00, 0x00, 0x00, 
  0x00, 0x00, 0x00, 0x00, 0xf8, 0x0a, 0x00, 0xf8, 0x22, 0x20, 0xf8, 0x49, 0xa2, 0xf8, 0x80, 0x85, 0xf9, 0xba, 0xa9, 0xfa, 0xe2, 0x6c, 0xfb, 0xf5, 0x6c, 0xfb, 0xf5, 0xa9, 0xfa, 0xe3, 0x85, 0xf9, 0xba, 0xa2, 0xf8, 0x81, 0x00, 0xf8, 0x49, 0x00, 0xf8, 0x21, 0x00, 0xf8, 0x0a, 0x00, 0x00, 0x00, 
  0x00, 0x00, 0x00, 0xe3, 0xf8, 0x0a, 0x00, 0xf8, 0x21, 0x41, 0xf8, 0x49, 0xa2, 0xf8, 0x81, 0x85, 0xf9, 0xba, 0xa9, 0xfa, 0xe2, 0x6c, 0xfb, 0xf4, 0x6c, 0xfb, 0xf5, 0xa9, 0xfa, 0xe4, 0x85, 0xf9, 0xbc, 0xa2, 0xf8, 0x80, 0x21, 0xf8, 0x48, 0x00, 0xf8, 0x22, 0x00, 0xf8, 0x0a, 0x00, 0x00, 0x00, 
  0x00, 0x00, 0x00, 0xc3, 0xf8, 0x0b, 0x00, 0xf8, 0x22, 0x20, 0xf8, 0x49, 0x82, 0xf8, 0x80, 0x85, 0xf9, 0xba, 0xa9, 0xfa, 0xe2, 0x6c, 0xfb, 0xf5, 0x6c, 0xfb, 0xf5, 0xa9, 0xfa, 0xe4, 0x85, 0xf9, 0xbb, 0xa2, 0xf8, 0x80, 0x20, 0xf8, 0x49, 0x41, 0xf8, 0x22, 0x00, 0xf8, 0x0a, 0x00, 0x00, 0x00, 
  0x00, 0x00, 0x00, 0xa6, 0xf9, 0x0a, 0x00, 0xf8, 0x22, 0x00, 0xf8, 0x49, 0x82, 0xf8, 0x80, 0x65, 0xf9, 0xb9, 0x89, 0xfa, 0xe2, 0x4b, 0xfb, 0xf5, 0x6b, 0xfb, 0xf4, 0x89, 0xfa, 0xe2, 0x85, 0xf9, 0xbb, 0x82, 0xf8, 0x7f, 0x00, 0xf8, 0x49, 0x00, 0xf8, 0x22, 0x00, 0xf8, 0x09, 0x00, 0x00, 0x00, 
  0x00, 0x00, 0x00, 0xe3, 0xf8, 0x0a, 0x00, 0xf8, 0x22, 0x00, 0xf8, 0x48, 0x82, 0xf8, 0x7f, 0x45, 0xf9, 0xb9, 0x48, 0xfa, 0xe1, 0xea, 0xfa, 0xf3, 0xea, 0xfa, 0xf3, 0x48, 0xfa, 0xe0, 0x65, 0xf9, 0xba, 0x82, 0xf8, 0x80, 0x00, 0xf8, 0x49, 0x00, 0xf8, 0x21, 0x00, 0xf8, 0x0a, 0x00, 0x00, 0x00, 
  0x00, 0x00, 0x00, 0x00, 0xf8, 0x0b, 0x00, 0xf8, 0x22, 0x21, 0xf8, 0x48, 0x61, 0xf8, 0x7e, 0x04, 0xf9, 0xb6, 0xc6, 0xf9, 0xde, 0x48, 0xfa, 0xf0, 0x48, 0xfa, 0xf1, 0xe6, 0xf9, 0xdd, 0x04, 0xf9, 0xb7, 0x82, 0xf8, 0x7e, 0x00, 0xf8, 0x49, 0x41, 0xf8, 0x22, 0x00, 0xf8, 0x0a, 0x00, 0x00, 0x00, 
  0x00, 0x00, 0x00, 0x00, 0xf8, 0x0a, 0x41, 0xf8, 0x22, 0x00, 0xf8, 0x48, 0x41, 0xf8, 0x7d, 0xa2, 0xf8, 0xb4, 0x04, 0xf9, 0xdb, 0x65, 0xf9, 0xee, 0x65, 0xf9, 0xef, 0x24, 0xf9, 0xda, 0xa2, 0xf8, 0xb3, 0x41, 0xf8, 0x7d, 0x21, 0xf8, 0x48, 0x00, 0xf8, 0x21, 0x00, 0xf8, 0x0a, 0x00, 0x00, 0x00, 
  0x00, 0x00, 0x00, 0x00, 0xf8, 0x0a, 0x00, 0xf8, 0x22, 0x21, 0xf8, 0x48, 0x20, 0xf8, 0x7a, 0x41, 0xf8, 0xaf, 0x82, 0xf8, 0xd7, 0xa2, 0xf8, 0xec, 0xa2, 0xf8, 0xeb, 0x82, 0xf8, 0xd6, 0x41, 0xf8, 0xaf, 0x20, 0xf8, 0x7b, 0x00, 0xf8, 0x48, 0x00, 0xf8, 0x22, 0xe3, 0xf8, 0x0a, 0x00, 0x00, 0x00, 
  0x00, 0x00, 0x00, 0x00, 0xf8, 0x09, 0x00, 0xf8, 0x20, 0x21, 0xf8, 0x46, 0x20, 0xf8, 0x79, 0x00, 0xf8, 0xac, 0x21, 0xf8, 0xd4, 0x21, 0xf8, 0xea, 0x21, 0xf8, 0xe9, 0x21, 0xf8, 0xd4, 0x20, 0xf8, 0xac, 0x20, 0xf8, 0x78, 0x21, 0xf8, 0x45, 0x41, 0xf8, 0x20, 0x00, 0xf8, 0x09, 0x00, 0x00, 0x00, 
  0x00, 0x00, 0x00, 0x00, 0xf8, 0x08, 0x41, 0xf8, 0x1d, 0x00, 0xf8, 0x41, 0x00, 0xf8, 0x72, 0x00, 0xf8, 0xa4, 0x00, 0xf8, 0xcc, 0x00, 0xf8, 0xe3, 0x00, 0xf8, 0xe3, 0x00, 0xf8, 0xcd, 0x00, 0xf8, 0xa3, 0x00, 0xf8, 0x71, 0x00, 0xf8, 0x42, 0x00, 0xf8, 0x1d, 0x04, 0xf9, 0x08, 0x00, 0x00, 0x00, 
  0x00, 0x00, 0x00, 0x65, 0xf9, 0x06, 0x61, 0xf8, 0x19, 0x00, 0xf8, 0x38, 0x00, 0xf8, 0x65, 0x00, 0xf8, 0x96, 0x00, 0xf8, 0xbd, 0x00, 0xf8, 0xd3, 0x00, 0xf8, 0xd3, 0x00, 0xf8, 0xbd, 0x00, 0xf8, 0x96, 0x00, 0xf8, 0x66, 0x21, 0xf8, 0x39, 0x00, 0xf8, 0x18, 0x00, 0xf8, 0x07, 0x00, 0x00, 0x00, 
  0x00, 0x00, 0x00, 0x10, 0xfc, 0x04, 0x00, 0xf8, 0x12, 0x00, 0xf8, 0x2c, 0x00, 0xf8, 0x52, 0x00, 0xf8, 0x7f, 0x00, 0xf8, 0xa2, 0x00, 0xf8, 0xb7, 0x00, 0xf8, 0xb6, 0x20, 0xf8, 0xa2, 0x20, 0xf8, 0x7e, 0x00, 0xf8, 0x53, 0x41, 0xf8, 0x2e, 0x00, 0xf8, 0x13, 0x00, 0xf8, 0x04, 0x00, 0x00, 0x00, 
  0x00, 0x00, 0x00, 0x00, 0xf8, 0x02, 0x00, 0xf8, 0x0c, 0x41, 0xf8, 0x20, 0x00, 0xf8, 0x3c, 0x00, 0xf8, 0x60, 0x00, 0xf8, 0x7d, 0x00, 0xf8, 0x8e, 0x00, 0xf8, 0x8d, 0x00, 0xf8, 0x7d, 0x21, 0xf8, 0x5e, 0x00, 0xf8, 0x3c, 0x00, 0xf8, 0x20, 0x00, 0xf8, 0x0c, 0x00, 0xf8, 0x02, 0x00, 0x00, 0x00, 
  0x00, 0x00, 0x00, 0x00, 0x00, 0x01, 0x25, 0xf9, 0x07, 0x00, 0xf8, 0x13, 0x41, 0xf8, 0x25, 0x00, 0xf8, 0x3e, 0x00, 0xf8, 0x53, 0x00, 0xf8, 0x5f, 0x00, 0xf8, 0x5f, 0x00, 0xf8, 0x53, 0x00, 0xf8, 0x3d, 0x41, 0xf8, 0x26, 0x00, 0xf8, 0x13, 0x00, 0xf8, 0x06, 0x00, 0xf8, 0x01, 0x00, 0x00, 0x00, 
  0x00, 0x00, 0x00, 0x00, 0x00, 0x00, 0x10, 0xfc, 0x02, 0x00, 0xf8, 0x09, 0x00, 0xf8, 0x15, 0x00, 0xf8, 0x21, 0x41, 0xf8, 0x2e, 0x00, 0xf8, 0x37, 0x00, 0xf8, 0x36, 0x00, 0xf8, 0x2f, 0x00, 0xf8, 0x22, 0x00, 0xf8, 0x14, 0x00, 0xf8, 0x09, 0xab, 0xfa, 0x03, 0x00, 0x00, 0x00, 0x00, 0x00, 0x00, 
  0x00, 0x00, 0x00, 0x00, 0x00, 0x00, 0x00, 0x00, 0x00, 0xab, 0xfa, 0x03, 0x00, 0xf8, 0x08, 0x00, 0xf8, 0x0e, 0x00, 0xf8, 0x15, 0x00, 0xf8, 0x19, 0x00, 0xf8, 0x19, 0x00, 0xf8, 0x16, 0x00, 0xf8, 0x11, 0x00, 0xf8, 0x0a, 0x00, 0xf8, 0x04, 0xff, 0xff, 0x01, 0x00, 0x00, 0x00, 0x00, 0x00, 0x00, 
  0x00, 0x00, 0x00, 0x00, 0x00, 0x00, 0x00, 0x00, 0x00, 0x00, 0x00, 0x00, 0x10, 0xfc, 0x02, 0x00, 0xd0, 0x05, 0x00, 0xf8, 0x06, 0x00, 0xf8, 0x08, 0x00, 0xf8, 0x08, 0x00, 0xf8, 0x07, 0x00, 0xf8, 0x05, 0x00, 0xf8, 0x03, 0x00, 0xf8, 0x01, 0x00, 0x00, 0x00, 0x00, 0x00, 0x00, 0x00, 0x00, 0x00, 
  0x00, 0x00, 0x00, 0x00, 0x00, 0x00, 0x00, 0x00, 0x00, 0x00, 0x00, 0x00, 0x00, 0x00, 0x00, 0x00, 0x00, 0x00, 0xff, 0xff, 0x01, 0x00, 0xf8, 0x02, 0x00, 0xf8, 0x01, 0xff, 0xff, 0x01, 0x00, 0x00, 0x00, 0xff, 0xff, 0x01, 0x00, 0x00, 0x00, 0x00, 0x00, 0x00, 0x00, 0x00, 0x00, 0x00, 0x00, 0x00, 
#endif
#if LV_COLOR_DEPTH == 16 && LV_COLOR_16_SWAP != 0
  /*Pixel format: Alpha 8 bit, Red: 5 bit, Green: 6 bit, Blue: 5 bit  BUT the 2  color bytes are swapped*/
  0x00, 0x00, 0x00, 0x00, 0x00, 0x00, 0x00, 0x00, 0x00, 0x00, 0x00, 0x00, 0xf8, 0x00, 0x01, 0xf8, 0x00, 0x01, 0xf8, 0x00, 0x01, 0xf8, 0x00, 0x01, 0xf8, 0x00, 0x01, 0xf8, 0x00, 0x01, 0xf8, 0x00, 0x01, 0xf8, 0x00, 0x01, 0xff, 0xff, 0x01, 0xf8, 0x00, 0x01, 0x00, 0x00, 0x00, 0x00, 0x00, 0x00, 
  0x00, 0x00, 0x00, 0xff, 0xff, 0x01, 0xf8, 0x00, 0x03, 0xd8, 0x00, 0x06, 0xf8, 0x00, 0x08, 0xf8, 0x00, 0x08, 0xf8, 0x00, 0x09, 0xf8, 0x00, 0x0b, 0xf8, 0x00, 0x0b, 0xf8, 0x00, 0x0a, 0xf8, 0x00, 0x0a, 0xf8, 0x00, 0x08, 0xf9, 0xa6, 0x05, 0xf8, 0x00, 0x03, 0xf8, 0x00, 0x01, 0x00, 0x00, 0x00, 
  0x00, 0x00, 0x01, 0xf9, 0xa6, 0x05, 0xf8, 0x00, 0x0a, 0xf8, 0x82, 0x12, 0xf8, 0x00, 0x19, 0xf8, 0x41, 0x1e, 0xf8, 0x82, 0x20, 0xf8, 0x82, 0x22, 0xf8, 0x82, 0x23, 0xf8, 0x82, 0x21, 0xf8, 0x00, 0x1c, 0xf8, 0x61, 0x18, 0xf8, 0x82, 0x11, 0xf8, 0x00, 0x0a, 0xf8, 0x00, 0x05, 0xf8, 0x00, 0x01, 
  0xf8, 0x00, 0x03, 0xf8, 0xe3, 0x0a, 0xf8, 0x00, 0x14, 0xf8, 0x41, 0x23, 0xf8, 0x21, 0x33, 0xf8, 0x62, 0x40, 0xf8, 0xc3, 0x47, 0xf9, 0x04, 0x4d, 0xf8, 0xc3, 0x4d, 0xf8, 0xa2, 0x47, 0xf8, 0x62, 0x3e, 0xf8, 0x61, 0x32, 0xf8, 0x00, 0x23, 0xf8, 0x00, 0x15, 0xf8, 0x00, 0x0a, 0xf8, 0x00, 0x03, 
  0xf8, 0x00, 0x04, 0xf8, 0x00, 0x0f, 0xf8, 0x00, 0x23, 0xf8, 0x21, 0x3c, 0xf8, 0x41, 0x57, 0xf8, 0xa2, 0x6f, 0xf9, 0x24, 0x7f, 0xf9, 0xa5, 0x8a, 0xf9, 0x85, 0x89, 0xf9, 0x24, 0x7f, 0xf8, 0xa2, 0x6f, 0xf8, 0x41, 0x57, 0xf8, 0x00, 0x3d, 0xf8, 0x00, 0x23, 0xf8, 0x82, 0x10, 0xf8, 0x00, 0x04, 
  0xf8, 0x00, 0x06, 0xf8, 0x00, 0x16, 0xf8, 0x00, 0x31, 0xf8, 0x00, 0x56, 0xf8, 0x61, 0x7d, 0xf8, 0xe3, 0x9e, 0xf9, 0xa6, 0xb5, 0xfa, 0x28, 0xc3, 0xfa, 0x48, 0xc3, 0xf9, 0xc6, 0xb7, 0xf8, 0xe3, 0x9d, 0xf8, 0x61, 0x7c, 0xf8, 0x20, 0x56, 0xf8, 0x00, 0x32, 0xf8, 0x00, 0x17, 0xf8, 0x00, 0x06, 
  0xf8, 0x00, 0x08, 0xf8, 0x41, 0x1c, 0xf8, 0x00, 0x3c, 0xf8, 0x00, 0x69, 0xf8, 0x61, 0x99, 0xf9, 0x24, 0xc0, 0xfa, 0x27, 0xda, 0xfa, 0xca, 0xe7, 0xfa, 0xea, 0xe7, 0xfa, 0x27, 0xda, 0xf9, 0x24, 0xbf, 0xf8, 0x61, 0x97, 0xf8, 0x00, 0x69, 0xf8, 0x00, 0x3e, 0xf8, 0x00, 0x1c, 0xf8, 0x00, 0x07, 
  0xf8, 0x00, 0x08, 0xf8, 0x41, 0x1e, 0xf8, 0x00, 0x42, 0xf8, 0x00, 0x74, 0xf8, 0x62, 0xa9, 0xf9, 0x44, 0xd3, 0xfa, 0x68, 0xed, 0xfb, 0x4b, 0xf8, 0xfb, 0x4b, 0xf6, 0xfa, 0x68, 0xed, 0xf9, 0x65, 0xd4, 0xf8, 0x81, 0xa9, 0xf8, 0x20, 0x75, 0xf8, 0x01, 0x45, 0xf8, 0x00, 0x1f, 0xf8, 0x00, 0x08, 
  0xf8, 0x00, 0x09, 0xf8, 0x00, 0x20, 0xf8, 0x00, 0x45, 0xf8, 0x00, 0x79, 0xf8, 0x61, 0xb2, 0xf9, 0x44, 0xdc, 0xfa, 0x68, 0xf3, 0xfb, 0x4b, 0xfe, 0xfb, 0x4c, 0xfd, 0xfa, 0x68, 0xf4, 0xf9, 0x65, 0xda, 0xf8, 0x82, 0xb0, 0xf8, 0x00, 0x7a, 0xf8, 0x00, 0x46, 0xf8, 0x00, 0x20, 0xf8, 0x00, 0x08, 
  0xf8, 0x00, 0x09, 0xf8, 0x00, 0x20, 0xf8, 0x00, 0x46, 0xf8, 0x00, 0x79, 0xf8, 0x61, 0xb2, 0xf9, 0x44, 0xdd, 0xfa, 0x68, 0xf4, 0xfb, 0x4b, 0xfe, 0xfb, 0x6c, 0xfd, 0xfa, 0x89, 0xf4, 0xf9, 0x65, 0xdb, 0xf8, 0x82, 0xb1, 0xf8, 0x00, 0x7b, 0xf8, 0x21, 0x48, 0xf8, 0x00, 0x21, 0xf8, 0x00, 0x08, 
  0xf8, 0x00, 0x08, 0xf8, 0x41, 0x20, 0xf8, 0x00, 0x46, 0xf8, 0x00, 0x79, 0xf8, 0x61, 0xb0, 0xf9, 0x44, 0xdc, 0xfa, 0x68, 0xf4, 0xfb, 0x4b, 0xfe, 0xfb, 0x4b, 0xfd, 0xfa, 0x89, 0xf4, 0xf9, 0x65, 0xdd, 0xf8, 0x82, 0xb1, 0xf8, 0x00, 0x7a, 0xf8, 0x00, 0x47, 0xf8, 0x00, 0x21, 0xf8, 0x00, 0x08, 
  0xf8, 0x00, 0x08, 0xf8, 0x41, 0x20, 0xf8, 0x21, 0x46, 0xf8, 0x00, 0x79, 0xf8, 0x61, 0xb1, 0xf9, 0x45, 0xdd, 0xfa, 0x68, 0xf3, 0xfb, 0x4b, 0xfe, 0xfb, 0x4b, 0xfd, 0xfa, 0x89, 0xf3, 0xf9, 0x65, 0xdc, 0xf8, 0x62, 0xb0, 0xf8, 0x00, 0x79, 0xf8, 0x00, 0x46, 0xf8, 0x41, 0x21, 0xf8, 0x00, 0x09, 
  0xf8, 0x00, 0x09, 0xf8, 0x00, 0x1f, 0xf8, 0x00, 0x45, 0xf8, 0x00, 0x79, 0xf8, 0x61, 0xb2, 0xf9, 0x44, 0xdd, 0xfa, 0x68, 0xf4, 0xfb, 0x4b, 0xfe, 0xfb, 0x6b, 0xfd, 0xfa, 0x89, 0xf3, 0xf9, 0x65, 0xdc, 0xf8, 0x62, 0xb0, 0xf8, 0x00, 0x7b, 0xf8, 0x00, 0x47, 0xf8, 0x00, 0x20, 0xf8, 0x00, 0x08, 
  0xf8, 0x00, 0x08, 0xf8, 0x41, 0x1e, 0xf8, 0x21, 0x43, 0xf8, 0x00, 0x78, 0xf8, 0x61, 0xb1, 0xf9, 0x45, 0xdc, 0xfa, 0x68, 0xf3, 0xfb, 0x4b, 0xfc, 0xfb, 0x6b, 0xfd, 0xfa, 0x89, 0xf3, 0xf9, 0x65, 0xdb, 0xf8, 0x82, 0xb0, 0xf8, 0x00, 0x7a, 0xf8, 0x00, 0x46, 0xf8, 0x41, 0x20, 0xf8, 0x00, 0x08, 
  0xf8, 0x00, 0x08, 0xf8, 0x00, 0x1e, 0xf8, 0x21, 0x43, 0xf8, 0x00, 0x79, 0xf8, 0x61, 0xb1, 0xf9, 0x44, 0xdc, 0xfa, 0x68, 0xf4, 0xfb, 0x4b, 0xfe, 0xfb, 0x4b, 0xfd, 0xfa, 0x69, 0xf4, 0xf9, 0x65, 0xda, 0xf8, 0x62, 0xae, 0xf8, 0x00, 0x78, 0xf8, 0x00, 0x46, 0xf8, 0x41, 0x20, 0xf8, 0x00, 0x08, 
  0xf8, 0x00, 0x08, 0xf8, 0x00, 0x1d, 0xf8, 0x00, 0x42, 0xf8, 0x00, 0x76, 0xf8, 0x61, 0xae, 0xf9, 0x45, 0xdc, 0xfa, 0x68, 0xf3, 0xfb, 0x4b, 0xfd, 0xfb, 0x6b, 0xfd, 0xfa, 0x89, 0xf3, 0xf9, 0x65, 0xda, 0xf8, 0x62, 0xae, 0xf8, 0x00, 0x77, 0xf8, 0x00, 0x45, 0xf8, 0x41, 0x1f, 0xf8, 0x00, 0x09, 
  0xf8, 0x00, 0x07, 0xf8, 0x41, 0x1d, 0xf8, 0x00, 0x40, 0xf8, 0x00, 0x73, 0xf8, 0x61, 0xae, 0xf9, 0x44, 0xdb, 0xfa, 0x88, 0xf3, 0xfb, 0x4b, 0xfc, 0xfb, 0x6b, 0xfd, 0xfa, 0x89, 0xf3, 0xf9, 0x65, 0xd9, 0xf8, 0x62, 0xac, 0xf8, 0x20, 0x75, 0xf8, 0x00, 0x44, 0xf8, 0x00, 0x1f, 0xf9, 0x25, 0x07, 
  0xf8, 0x00, 0x07, 0xf8, 0x41, 0x1c, 0xf8, 0x00, 0x40, 0xf8, 0x00, 0x73, 0xf8, 0x62, 0xae, 0xf9, 0x44, 0xdb, 0xfa, 0x68, 0xf3, 0xfb, 0x4b, 0xfe, 0xfb, 0x4c, 0xfd, 0xfa, 0x88, 0xf2, 0xf9, 0x65, 0xd8, 0xf8, 0x82, 0xab, 0xf8, 0x20, 0x74, 0xf8, 0x00, 0x43, 0xf8, 0x00, 0x1e, 0xf9, 0x25, 0x07, 
  0xf8, 0x00, 0x07, 0xf8, 0xa2, 0x1b, 0xf8, 0x00, 0x3e, 0xf8, 0x00, 0x72, 0xf8, 0x62, 0xad, 0xf9, 0x44, 0xdb, 0xfa, 0x68, 0xf3, 0xfb, 0x4b, 0xfd, 0xfb, 0x4b, 0xfc, 0xfa, 0x88, 0xf3, 0xf9, 0x65, 0xd7, 0xf8, 0x82, 0xaa, 0xf8, 0x00, 0x73, 0xf8, 0x00, 0x41, 0xf8, 0x00, 0x1c, 0xf8, 0x00, 0x07, 
  0xf8, 0x00, 0x06, 0xf8, 0x61, 0x1a, 0xf8, 0x00, 0x3e, 0xf8, 0x00, 0x72, 0xf8, 0x62, 0xac, 0xf9, 0x45, 0xda, 0xfa, 0x68, 0xf3, 0xfb, 0x4b, 0xfc, 0xfb, 0x4b, 0xfc, 0xfa, 0x68, 0xf3, 0xf9, 0x65, 0xd8, 0xf8, 0x82, 0xaa, 0xf8, 0x00, 0x72, 0xf8, 0x21, 0x40, 0xf8, 0x41, 0x1c, 0xf8, 0x00, 0x07, 
  0xf8, 0x00, 0x05, 0xf8, 0x00, 0x1a, 0xf8, 0x00, 0x3e, 0xf8, 0x00, 0x72, 0xf8, 0x61, 0xac, 0xf9, 0x45, 0xd9, 0xfa, 0x68, 0xf3, 0xfb, 0x4b, 0xfd, 0xfb, 0x4b, 0xfc, 0xfa, 0x88, 0xf2, 0xf9, 0x65, 0xd7, 0xf8, 0x82, 0xaa, 0xf8, 0x00, 0x72, 0xf8, 0x21, 0x41, 0xf8, 0x00, 0x1d, 0xf8, 0x00, 0x07, 
  0xf8, 0x00, 0x06, 0xf8, 0x00, 0x1a, 0xf8, 0x00, 0x3e, 0xf8, 0x00, 0x72, 0xf8, 0x61, 0xac, 0xf9, 0x45, 0xdb, 0xfa, 0x68, 0xf3, 0xfb, 0x4b, 0xfd, 0xfb, 0x4b, 0xfc, 0xfa, 0x88, 0xf2, 0xf9, 0x65, 0xd8, 0xf8, 0x82, 0xaa, 0xf8, 0x00, 0x72, 0xf8, 0x00, 0x41, 0xf8, 0x00, 0x1d, 0xf8, 0x00, 0x06, 
  0xf8, 0x00, 0x06, 0xf8, 0x00, 0x1b, 0xf8, 0x00, 0x3e, 0xf8, 0x20, 0x72, 0xf8, 0x61, 0xac, 0xf9, 0x44, 0xd9, 0xfa, 0x68, 0xf3, 0xfb, 0x4b, 0xfc, 0xfb, 0x4b, 0xfc, 0xfa, 0x68, 0xf3, 0xf9, 0x65, 0xd8, 0xf8, 0x82, 0xaa, 0xf8, 0x00, 0x72, 0xf8, 0x00, 0x41, 0xf8, 0x00, 0x1d, 0xf8, 0x00, 0x06, 
  0xf8, 0x00, 0x06, 0xf8, 0x00, 0x1a, 0xf8, 0x00, 0x3e, 0xf8, 0x00, 0x72, 0xf8, 0x61, 0xac, 0xf9, 0x44, 0xda, 0xfa, 0x68, 0xf3, 0xfb, 0x4b, 0xfc, 0xfb, 0x4b, 0xfc, 0xfa, 0x88, 0xf2, 0xf9, 0x65, 0xd7, 0xf8, 0x82, 0xaa, 0xf8, 0x20, 0x72, 0xf8, 0x00, 0x41, 0xf8, 0x00, 0x1d, 0xf9, 0x65, 0x06, 
  0xf8, 0x00, 0x06, 0xf8, 0x00, 0x1b, 0xf8, 0x21, 0x3e, 0xf8, 0x00, 0x71, 0xf8, 0x61, 0xac, 0xf9, 0x45, 0xdb, 0xfa, 0x68, 0xf3, 0xfb, 0x4b, 0xfc, 0xfb, 0x4b, 0xfc, 0xfa, 0x88, 0xf2, 0xf9, 0x65, 0xd7, 0xf8, 0x82, 0xaa, 0xf8, 0x00, 0x72, 0xf8, 0x00, 0x40, 0xf8, 0x00, 0x1d, 0xf8, 0x00, 0x07, 
  0xf8, 0x00, 0x06, 0xf8, 0x00, 0x1b, 0xf8, 0x00, 0x3e, 0xf8, 0x00, 0x70, 0xf8, 0x61, 0xac, 0xf9, 0x45, 0xd9, 0xfa, 0x68, 0xf4, 0xfb, 0x4b, 0xfe, 0xfb, 0x4b, 0xfc, 0xfa, 0x89, 0xf3, 0xf9, 0x65, 0xd8, 0xf8, 0x82, 0xa9, 0xf8, 0x00, 0x72, 0xf8, 0x00, 0x41, 0xf8, 0x00, 0x1d, 0xf9, 0x65, 0x06, 
  0xf8, 0x00, 0x06, 0xf8, 0x41, 0x1b, 0xf8, 0x00, 0x3e, 0xf8, 0x00, 0x72, 0xf8, 0x61, 0xac, 0xf9, 0x45, 0xd9, 0xfa, 0x68, 0xf3, 0xfb, 0x4b, 0xfe, 0xfb, 0x6b, 0xfc, 0xfa, 0x88, 0xf2, 0xf9, 0x45, 0xd8, 0xf8, 0x62, 0xaa, 0xf8, 0x00, 0x72, 0xf8, 0x00, 0x41, 0xf8, 0x00, 0x1d, 0xf8, 0x00, 0x06, 
  0xf8, 0x00, 0x05, 0xf8, 0x61, 0x1a, 0xf8, 0x00, 0x3e, 0xf8, 0x00, 0x72, 0xf8, 0x61, 0xab, 0xf9, 0x44, 0xd9, 0xfa, 0x68, 0xf3, 0xfb, 0x4b, 0xfc, 0xfb, 0x4b, 0xfc, 0xfa, 0x88, 0xf2, 0xf9, 0x45, 0xd7, 0xf8, 0x62, 0xaa, 0xf8, 0x20, 0x72, 0xf8, 0x00, 0x40, 0xf8, 0x41, 0x1d, 0xf8, 0x00, 0x07, 
  0xf8, 0x00, 0x06, 0xf8, 0x41, 0x1b, 0xf8, 0x00, 0x3e, 0xf8, 0x00, 0x71, 0xf8, 0x61, 0xac, 0xf9, 0x45, 0xdb, 0xfa, 0x68, 0xf4, 0xfb, 0x4b, 0xfe, 0xfb, 0x4b, 0xfc, 0xfa, 0x88, 0xf2, 0xf9, 0x65, 0xd7, 0xf8, 0x82, 0xaa, 0xf8, 0x00, 0x72, 0xf8, 0x00, 0x40, 0xf8, 0x00, 0x1d, 0xf8, 0x00, 0x07, 
  0xf8, 0x00, 0x06, 0xf8, 0x61, 0x1a, 0xf8, 0x00, 0x3e, 0xf8, 0x00, 0x72, 0xf8, 0x62, 0xac, 0xf9, 0x44, 0xda, 0xfa, 0x68, 0xf4, 0xfb, 0x4b, 0xfe, 0xfb, 0x4b, 0xfc, 0xfa, 0x88, 0xf2, 0xf9, 0x65, 0xd8, 0xf8, 0x82, 0xaa, 0xf8, 0x20, 0x72, 0xf8, 0x00, 0x40, 0xf8, 0x00, 0x1d, 0xf8, 0x00, 0x07, 
  0xf8, 0x00, 0x06, 0xf8, 0x00, 0x1a, 0xf8, 0x21, 0x3e, 0xf8, 0x20, 0x72, 0xf8, 0x62, 0xac, 0xf9, 0x44, 0xd9, 0xfa, 0x68, 0xf4, 0xfb, 0x4b, 0xfe, 0xfb, 0x4b, 0xfc, 0xfa, 0x88, 0xf2, 0xf9, 0x65, 0xd7, 0xf8, 0x81, 0xa9, 0xf8, 0x00, 0x72, 0xf8, 0x21, 0x40, 0xf8, 0x00, 0x1c, 0xf9, 0x25, 0x07, 
  0xf8, 0x00, 0x06, 0xf8, 0x61, 0x1a, 0xf8, 0x00, 0x3e, 0xf8, 0x00, 0x71, 0xf8, 0x61, 0xac, 0xf9, 0x45, 0xdb, 0xfa, 0x68, 0xf4, 0xfb, 0x4b, 0xfe, 0xfb, 0x4b, 0xfc, 0xfa, 0x88, 0xf2, 0xf9, 0x65, 0xd7, 0xf8, 0x82, 0xa9, 0xf8, 0x00, 0x72, 0xf8, 0x00, 0x41, 0xf8, 0x00, 0x1d, 0xf8, 0x00, 0x07, 
  0xf8, 0x00, 0x05, 0xf8, 0x41, 0x1b, 0xf8, 0x00, 0x3e, 0xf8, 0x00, 0x70, 0xf8, 0x61, 0xac, 0xf9, 0x44, 0xda, 0xfa, 0x68, 0xf3, 0xfb, 0x4b, 0xfe, 0xfb, 0x4c, 0xfc, 0xfa, 0x88, 0xf2, 0xf9, 0x65, 0xd7, 0xf8, 0x82, 0xaa, 0xf8, 0x20, 0x72, 0xf8, 0x00, 0x41, 0xf8, 0x00, 0x1d, 0xf9, 0x25, 0x07, 
  0xf8, 0x00, 0x06, 0xf8, 0x00, 0x1b, 0xf8, 0x00, 0x3e, 0xf8, 0x00, 0x72, 0xf8, 0x62, 0xad, 0xf9, 0x44, 0xd9, 0xfa, 0x68, 0xf3, 0xfb, 0x4b, 0xfe, 0xfb, 0x4b, 0xfc, 0xfa, 0x89, 0xf2, 0xf9, 0x65, 0xd7, 0xf8, 0x82, 0xa9, 0xf8, 0x20, 0x72, 0xf8, 0x21, 0x41, 0xf8, 0x00, 0x1d, 0xf8, 0x00, 0x06, 
  0xf8, 0x00, 0x06, 0xf8, 0x00, 0x1a, 0xf8, 0x00, 0x3e, 0xf8, 0x00, 0x72, 0xf8, 0x61, 0xac, 0xf9, 0x44, 0xd9, 0xfa, 0x68, 0xf4, 0xfb, 0x4b, 0xfd, 0xfb, 0x6b, 0xfc, 0xfa, 0x89, 0xf3, 0xf9, 0x65, 0xd8, 0xf8, 0x82, 0xa9, 0xf8, 0x00, 0x72, 0xf8, 0x00, 0x41, 0xf8, 0x00, 0x1d, 0xf8, 0x00, 0x07, 
  0xf8, 0x00, 0x06, 0xf8, 0x00, 0x1b, 0xf8, 0x00, 0x3e, 0xf8, 0x00, 0x71, 0xf8, 0x61, 0xab, 0xf9, 0x44, 0xd9, 0xfa, 0x68, 0xf3, 0xfb, 0x4b, 0xfc, 0xfb, 0x4b, 0xfc, 0xfa, 0x88, 0xf3, 0xf9, 0x45, 0xd8, 0xf8, 0x62, 0xa9, 0xf8, 0x20, 0x72, 0xf8, 0x00, 0x41, 0xf8, 0x00, 0x1d, 0xf9, 0x25, 0x07, 
  0xf8, 0x00, 0x06, 0xf8, 0x61, 0x1a, 0xf8, 0x00, 0x3e, 0xf8, 0x00, 0x70, 0xf8, 0x61, 0xac, 0xf9, 0x44, 0xd9, 0xfa, 0x68, 0xf4, 0xfb, 0x4b, 0xfe, 0xfb, 0x4c, 0xfc, 0xfa, 0x88, 0xf2, 0xf9, 0x45, 0xd8, 0xf8, 0x82, 0xa9, 0xf8, 0x00, 0x72, 0xf8, 0x00, 0x41, 0xf8, 0x00, 0x1d, 0xf8, 0x00, 0x06, 
  0xf8, 0x00, 0x05, 0xf8, 0x00, 0x1a, 0xf8, 0x00, 0x3e, 0xf8, 0x00, 0x72, 0xf8, 0x61, 0xac, 0xf9, 0x44, 0xd9, 0xfa, 0x68, 0xf3, 0xfb, 0x4b, 0xfe, 0xfb, 0x4b, 0xfc, 0xfa, 0x88, 0xf2, 0xf9, 0x65, 0xd7, 0xf8, 0x82, 0xaa, 0xf8, 0x20, 0x72, 0xf8, 0x21, 0x41, 0xf8, 0x41, 0x1d, 0xf8, 0x00, 0x06, 
  0xf8, 0x00, 0x07, 0xf8, 0x41, 0x1b, 0xf8, 0x00, 0x3d, 0xf8, 0x00, 0x70, 0xf8, 0x62, 0xac, 0xf9, 0x44, 0xd9, 0xfa, 0x68, 0xf4, 0xfb, 0x4b, 0xfe, 0xfb, 0x4b, 0xfc, 0xfa, 0x88, 0xf2, 0xf9, 0x65, 0xd7, 0xf8, 0x82, 0xaa, 0xf8, 0x00, 0x72, 0xf8, 0x00, 0x41, 0xf8, 0x00, 0x1d, 0xf8, 0x00, 0x06, 
  0xf8, 0x00, 0x06, 0xf8, 0x61, 0x1a, 0xf8, 0x00, 0x3e, 0xf8, 0x20, 0x72, 0xf8, 0x61, 0xac, 0xf9, 0x45, 0xd9, 0xfa, 0x68, 0xf3, 0xfb, 0x4b, 0xfe, 0xfb, 0x4b, 0xfc, 0xfa, 0x89, 0xf2, 0xf9, 0x65, 0xd8, 0xf8, 0x82, 0xa9, 0xf8, 0x00, 0x72, 0xf8, 0x00, 0x40, 0xf8, 0x00, 0x1c, 0xf8, 0x00, 0x07, 
  0xf8, 0x00, 0x06, 0xf8, 0x00, 0x1a, 0xf8, 0x00, 0x3d, 0xf8, 0x00, 0x71, 0xf8, 0x61, 0xab, 0xf9, 0x44, 0xd9, 0xfa, 0x68, 0xf3, 0xfb, 0x4b, 0xfe, 0xfb, 0x6b, 0xfc, 0xfa, 0x89, 0xf2, 0xf9, 0x65, 0xd8, 0xf8, 0x82, 0xa8, 0xf8, 0x00, 0x70, 0xf8, 0x00, 0x40, 0xf8, 0x00, 0x1c, 0xf9, 0x25, 0x07, 
  0xf8, 0x00, 0x06, 0xf8, 0x00, 0x1a, 0xf8, 0x00, 0x3d, 0xf8, 0x00, 0x70, 0xf8, 0x61, 0xaa, 0xf9, 0x44, 0xd8, 0xfa, 0x68, 0xf2, 0xfb, 0x4b, 0xfd, 0xfb, 0x4b, 0xfc, 0xfa, 0x88, 0xf2, 0xf9, 0x65, 0xd7, 0xf8, 0x82, 0xa7, 0xf8, 0x00, 0x70, 0xf8, 0x00, 0x3f, 0xf8, 0x41, 0x1b, 0xf8, 0x00, 0x06, 
  0xf8, 0x00, 0x06, 0xf8, 0x00, 0x19, 0xf8, 0x21, 0x3c, 0xf8, 0x00, 0x6e, 0xf8, 0x81, 0xa8, 0xf9, 0x65, 0xd7, 0xfa, 0x68, 0xf1, 0xfb, 0x4b, 0xfc, 0xfb, 0x4b, 0xfc, 0xfa, 0x88, 0xf2, 0xf9, 0x65, 0xd7, 0xf8, 0x82, 0xa7, 0xf8, 0x00, 0x6f, 0xf8, 0x00, 0x3d, 0xf8, 0x00, 0x1a, 0xf8, 0x00, 0x06, 
  0xf8, 0x00, 0x05, 0xf8, 0x61, 0x19, 0xf8, 0x00, 0x3b, 0xf8, 0x00, 0x6c, 0xf8, 0x62, 0xa7, 0xf9, 0x65, 0xd6, 0xfa, 0x68, 0xf1, 0xfb, 0x4b, 0xfc, 0xfb, 0x4b, 0xfc, 0xfa, 0x69, 0xf1, 0xf9, 0x65, 0xd5, 0xf8, 0x82, 0xa5, 0xf8, 0x00, 0x6d, 0xf8, 0x00, 0x3d, 0xf8, 0x61, 0x1a, 0xf8, 0x00, 0x06, 
  0xf8, 0x00, 0x05, 0xf8, 0x00, 0x18, 0xf8, 0x00, 0x3a, 0xf8, 0x00, 0x6b, 0xf8, 0x82, 0xa6, 0xf9, 0x45, 0xd5, 0xfa, 0x68, 0xf1, 0xfb, 0x4b, 0xfc, 0xfb, 0x6b, 0xfb, 0xfa, 0x89, 0xf1, 0xf9, 0x65, 0xd3, 0xf8, 0x81, 0xa3, 0xf8, 0x00, 0x6c, 0xf8, 0x00, 0x3b, 0xf8, 0x00, 0x1a, 0xf9, 0x65, 0x06, 
  0xf8, 0x00, 0x05, 0xf8, 0x00, 0x17, 0xf8, 0x00, 0x39, 0xf8, 0x00, 0x6a, 0xf8, 0x81, 0xa5, 0xf9, 0x45, 0xd4, 0xfa, 0x68, 0xf1, 0xfb, 0x4b, 0xfc, 0xfb, 0x6b, 0xfb, 0xfa, 0x89, 0xf0, 0xf9, 0x65, 0xd3, 0xf8, 0x81, 0xa3, 0xf8, 0x00, 0x6c, 0xf8, 0x00, 0x3b, 0xf8, 0x00, 0x19, 0xf9, 0xa6, 0x05, 
  0xf8, 0x00, 0x05, 0xf8, 0x61, 0x18, 0xf8, 0x00, 0x39, 0xf8, 0x00, 0x6a, 0xf8, 0x61, 0xa5, 0xf9, 0x45, 0xd4, 0xfa, 0x68, 0xf1, 0xfb, 0x4b, 0xfc, 0xfb, 0x6b, 0xfb, 0xfa, 0x89, 0xf0, 0xf9, 0x45, 0xd3, 0xf8, 0x82, 0xa3, 0xf8, 0x00, 0x6b, 0xf8, 0x00, 0x3b, 0xf8, 0x00, 0x18, 0xf8, 0x00, 0x05, 
  0xf8, 0x00, 0x05, 0xf8, 0x00, 0x18, 0xf8, 0x00, 0x39, 0xf8, 0x00, 0x6b, 0xf8, 0x82, 0xa5, 0xf9, 0x45, 0xd4, 0xfa, 0x68, 0xf0, 0xfb, 0x4b, 0xfc, 0xfb, 0x6b, 0xfb, 0xfa, 0x89, 0xef, 0xf9, 0x65, 0xd4, 0xf8, 0x82, 0xa3, 0xf8, 0x00, 0x6a, 0xf8, 0x00, 0x3a, 0xf8, 0x00, 0x18, 0xf8, 0x00, 0x05, 
  0xf8, 0x00, 0x05, 0xf8, 0x00, 0x17, 0xf8, 0x00, 0x39, 0xf8, 0x00, 0x6a, 0xf8, 0x61, 0xa4, 0xf9, 0x65, 0xd5, 0xfa, 0x68, 0xf1, 0xfb, 0x4b, 0xfc, 0xfb, 0x6b, 0xfb, 0xfa, 0x89, 0xf0, 0xf9, 0x65, 0xd5, 0xf8, 0x82, 0xa3, 0xf8, 0x00, 0x6b, 0xf8, 0x00, 0x3b, 0xf8, 0x61, 0x19, 0xf8, 0x00, 0x05, 
  0xf8, 0x00, 0x05, 0xf8, 0x61, 0x17, 0xf8, 0x00, 0x38, 0xf8, 0x00, 0x6a, 0xf8, 0x61, 0xa5, 0xf9, 0x45, 0xd5, 0xfa, 0x68, 0xf1, 0xfb, 0x4b, 0xfc, 0xfb, 0x6b, 0xfb, 0xfa, 0x89, 0xf0, 0xf9, 0x65, 0xd4, 0xf8, 0x81, 0xa3, 0xf8, 0x00, 0x6c, 0xf8, 0x00, 0x3b, 0xf8, 0x61, 0x19, 0xf8, 0x00, 0x05, 
  0xf8, 0x00, 0x05, 0xf8, 0x61, 0x18, 0xf8, 0x00, 0x39, 0xf8, 0x00, 0x6a, 0xf8, 0x61, 0xa5, 0xf9, 0x45, 0xd5, 0xfa, 0x68, 0xf1, 0xfb, 0x6b, 0xfb, 0xfb, 0x6b, 0xfb, 0xfa, 0x89, 0xf0, 0xf9, 0x65, 0xd3, 0xf8, 0x61, 0xa2, 0xf8, 0x20, 0x6b, 0xf8, 0x00, 0x3b, 0xf8, 0x00, 0x19, 0xf8, 0x00, 0x05, 
  0xf8, 0x00, 0x06, 0xf8, 0x61, 0x19, 0xf8, 0x00, 0x39, 0xf8, 0x20, 0x6a, 0xf8, 0x61, 0xa5, 0xf9, 0x65, 0xd4, 0xfa, 0x68, 0xf1, 0xfb, 0x4b, 0xfc, 0xfb, 0x6b, 0xfb, 0xfa, 0x89, 0xf0, 0xf9, 0x45, 0xd3, 0xf8, 0x81, 0xa2, 0xf8, 0x00, 0x6b, 0xf8, 0x00, 0x3b, 0xf8, 0x00, 0x18, 0xf9, 0xa6, 0x05, 
  0xf8, 0x00, 0x05, 0xf8, 0x00, 0x17, 0xf8, 0x00, 0x38, 0xf8, 0x00, 0x6a, 0xf8, 0x61, 0xa5, 0xf9, 0x65, 0xd5, 0xfa, 0x68, 0xf1, 0xfb, 0x4b, 0xfc, 0xfb, 0x6b, 0xfb, 0xfa, 0x89, 0xf0, 0xf9, 0x65, 0xd4, 0xf8, 0x81, 0xa2, 0xf8, 0x20, 0x6b, 0xf8, 0x00, 0x3a, 0xf8, 0x00, 0x18, 0xf9, 0xa6, 0x05, 
  0xf8, 0x00, 0x06, 0xf8, 0x61, 0x19, 0xf8, 0x00, 0x3a, 0xf8, 0x00, 0x6a, 0xf8, 0x61, 0xa5, 0xf9, 0x45, 0xd4, 0xfa, 0x68, 0xf0, 0xfb, 0x4b, 0xfc, 0xfb, 0x6b, 0xfb, 0xfa, 0x89, 0xf0, 0xf9, 0x65, 0xd5, 0xf8, 0x81, 0xa2, 0xf8, 0x20, 0x6b, 0xf8, 0x00, 0x3b, 0xf8, 0x00, 0x19, 0xf8, 0x00, 0x05, 
  0xf8, 0x00, 0x05, 0xf8, 0x00, 0x19, 0xf8, 0x00, 0x39, 0xf8, 0x20, 0x6a, 0xf8, 0x81, 0xa5, 0xf9, 0x45, 0xd4, 0xfa, 0x68, 0xf0, 0xfb, 0x4b, 0xfd, 0xfb, 0x6b, 0xfb, 0xfa, 0x89, 0xf0, 0xf9, 0x65, 0xd3, 0xf8, 0x82, 0xa3, 0xf8, 0x00, 0x6b, 0xf8, 0x00, 0x3a, 0xf8, 0x00, 0x18, 0xf8, 0x00, 0x05, 
  0xf8, 0x00, 0x05, 0xf8, 0x00, 0x18, 0xf8, 0x00, 0x39, 0xf8, 0x20, 0x6a, 0xf8, 0x82, 0xa5, 0xf9, 0x45, 0xd5, 0xfa, 0x68, 0xf1, 0xfb, 0x4b, 0xfc, 0xfb, 0x6b, 0xfb, 0xfa, 0x89, 0xf0, 0xf9, 0x65, 0xd3, 0xf8, 0x82, 0xa3, 0xf8, 0x00, 0x6b, 0xf8, 0x00, 0x3b, 0xf8, 0x00, 0x19, 0xf9, 0xa6, 0x05, 
  0xf8, 0x00, 0x05, 0xf8, 0x61, 0x17, 0xf8, 0x00, 0x38, 0xf8, 0x00, 0x6b, 0xf8, 0x62, 0xa6, 0xf9, 0x45, 0xd3, 0xfa, 0x68, 0xf1, 0xfb, 0x4b, 0xfc, 0xfb, 0x6b, 0xfb, 0xfa, 0x89, 0xf0, 0xf9, 0x65, 0xd3, 0xf8, 0x81, 0xa3, 0xf8, 0x00, 0x6c, 0xf8, 0x00, 0x3b, 0xf8, 0x00, 0x19, 0xf8, 0x00, 0x05, 
  0xf8, 0x00, 0x05, 0xf8, 0x00, 0x17, 0xf8, 0x00, 0x39, 0xf8, 0x00, 0x6b, 0xf8, 0x61, 0xa5, 0xf9, 0x45, 0xd4, 0xfa, 0x68, 0xf1, 0xfb, 0x4b, 0xfd, 0xfb, 0x6b, 0xfb, 0xfa, 0x89, 0xf0, 0xf9, 0x65, 0xd3, 0xf8, 0x82, 0xa2, 0xf8, 0x00, 0x6b, 0xf8, 0x00, 0x3b, 0xf8, 0x00, 0x19, 0xf8, 0x00, 0x05, 
  0xf8, 0x00, 0x05, 0xf8, 0x00, 0x18, 0xf8, 0x00, 0x3a, 0xf8, 0x00, 0x6a, 0xf8, 0x61, 0xa4, 0xf9, 0x65, 0xd5, 0xfa, 0x68, 0xf1, 0xfb, 0x4b, 0xfc, 0xfb, 0x6b, 0xfb, 0xfa, 0x89, 0xf0, 0xf9, 0x65, 0xd3, 0xf8, 0x82, 0xa2, 0xf8, 0x00, 0x6b, 0xf8, 0x21, 0x3b, 0xf8, 0x00, 0x19, 0xf9, 0xa6, 0x05, 
  0xf8, 0x00, 0x05, 0xf8, 0x00, 0x18, 0xf8, 0x00, 0x3a, 0xf8, 0x00, 0x6a, 0xf8, 0x82, 0xa5, 0xf9, 0x45, 0xd4, 0xfa, 0x68, 0xf1, 0xfb, 0x4b, 0xfc, 0xfb, 0x6b, 0xfb, 0xfa, 0x89, 0xf0, 0xf9, 0x65, 0xd3, 0xf8, 0x81, 0xa3, 0xf8, 0x20, 0x6a, 0xf8, 0x00, 0x3a, 0xf8, 0x00, 0x18, 0xf9, 0xa6, 0x05, 
  0xf8, 0x00, 0x05, 0xf8, 0x00, 0x17, 0xf8, 0x00, 0x39, 0xf8, 0x00, 0x6b, 0xf8, 0x82, 0xa5, 0xf9, 0x45, 0xd4, 0xfa, 0x68, 0xf1, 0xfb, 0x4b, 0xfc, 0xfb, 0x6b, 0xfb, 0xfa, 0x89, 0xf0, 0xf9, 0x65, 0xd4, 0xf8, 0x81, 0xa3, 0xf8, 0x00, 0x6b, 0xf8, 0x00, 0x3b, 0xf8, 0x00, 0x19, 0xf8, 0x00, 0x06, 
  0xf8, 0x00, 0x05, 0xf8, 0x00, 0x18, 0xf8, 0x21, 0x39, 0xf8, 0x00, 0x6a, 0xf8, 0x61, 0xa5, 0xf9, 0x65, 0xd4, 0xfa, 0x68, 0xf0, 0xfb, 0x4b, 0xfc, 0xfb, 0x6b, 0xfb, 0xfa, 0x89, 0xf0, 0xf9, 0x65, 0xd3, 0xf8, 0x81, 0xa2, 0xf8, 0x20, 0x6c, 0xf8, 0x00, 0x3a, 0xf8, 0x61, 0x18, 0xf8, 0x00, 0x05, 
  0xf8, 0x00, 0x05, 0xf8, 0x00, 0x19, 0xf8, 0x00, 0x39, 0xf8, 0x00, 0x6a, 0xf8, 0x61, 0xa5, 0xf9, 0x65, 0xd4, 0xfa, 0x68, 0xf1, 0xfb, 0x4b, 0xfc, 0xfb, 0x6b, 0xfb, 0xfa, 0x89, 0xf0, 0xf9, 0x65, 0xd4, 0xf8, 0x82, 0xa3, 0xf8, 0x20, 0x6b, 0xf8, 0x00, 0x3a, 0xf8, 0x00, 0x18, 0xf8, 0x00, 0x05, 
  0xf8, 0x00, 0x06, 0xf8, 0x00, 0x19, 0xf8, 0x00, 0x39, 0xf8, 0x20, 0x6a, 0xf8, 0x61, 0xa5, 0xf9, 0x45, 0xd5, 0xfa, 0x68, 0xf1, 0xfb, 0x4b, 0xfc, 0xfb, 0x6b, 0xfb, 0xfa, 0x89, 0xf0, 0xf9, 0x65, 0xd3, 0xf8, 0x81, 0xa3, 0xf8, 0x00, 0x6b, 0xf8, 0x00, 0x3a, 0xf8, 0x00, 0x19, 0xf9, 0xa6, 0x05, 
  0xf8, 0x00, 0x05, 0xf8, 0x00, 0x17, 0xf8, 0x00, 0x38, 0xf8, 0x00, 0x6a, 0xf8, 0x61, 0xa5, 0xf9, 0x45, 0xd4, 0xfa, 0x88, 0xf0, 0xfb, 0x4b, 0xfc, 0xfb, 0x6b, 0xfb, 0xfa, 0x89, 0xef, 0xf9, 0x45, 0xd2, 0xf8, 0x81, 0xa1, 0xf8, 0x00, 0x6a, 0xf8, 0x00, 0x3a, 0xf8, 0x61, 0x19, 0xf8, 0x00, 0x05, 
  0xf8, 0x00, 0x05, 0xf8, 0x61, 0x17, 0xf8, 0x00, 0x38, 0xf8, 0x20, 0x6a, 0xf8, 0x61, 0xa3, 0xf9, 0x65, 0xd3, 0xfa, 0x89, 0xf0, 0xfb, 0x4b, 0xfc, 0xfb, 0x6b, 0xfc, 0xfa, 0x89, 0xef, 0xf9, 0x45, 0xd1, 0xf8, 0x81, 0xa0, 0xf8, 0x00, 0x69, 0xf8, 0x00, 0x39, 0xf8, 0x00, 0x18, 0xf8, 0x00, 0x05, 
  0xf8, 0x00, 0x05, 0xf8, 0x00, 0x16, 0xf8, 0x21, 0x38, 0xf8, 0x00, 0x69, 0xf8, 0x61, 0xa3, 0xf9, 0x65, 0xd2, 0xfa, 0x89, 0xef, 0xfb, 0x4b, 0xfd, 0xfb, 0x6b, 0xfb, 0xfa, 0x89, 0xee, 0xf9, 0x65, 0xd1, 0xf8, 0x81, 0xa0, 0xf8, 0x00, 0x67, 0xf8, 0x00, 0x38, 0xf8, 0x00, 0x18, 0xf8, 0x00, 0x05, 
  0xf8, 0x00, 0x04, 0xf8, 0x00, 0x16, 0xf8, 0x00, 0x37, 0xf8, 0x20, 0x67, 0xf8, 0x81, 0xa2, 0xf9, 0x65, 0xd3, 0xfa, 0x89, 0xee, 0xfb, 0x4b, 0xfc, 0xfb, 0x6c, 0xfa, 0xfa, 0x89, 0xee, 0xf9, 0x65, 0xd0, 0xf8, 0x82, 0x9e, 0xf8, 0x00, 0x66, 0xf8, 0x00, 0x37, 0xf8, 0x00, 0x17, 0xf8, 0x00, 0x04, 
  0xf8, 0x00, 0x04, 0xf8, 0x00, 0x15, 0xf8, 0x00, 0x36, 0xf8, 0x00, 0x65, 0xf8, 0x82, 0x9f, 0xf9, 0x65, 0xd1, 0xfa, 0x68, 0xee, 0xfb, 0x6b, 0xfb, 0xfb, 0x6b, 0xfb, 0xfa, 0x89, 0xee, 0xf9, 0x65, 0xd0, 0xf8, 0x82, 0x9d, 0xf8, 0x00, 0x65, 0xf8, 0x00, 0x36, 0xf8, 0x00, 0x16, 0xf8, 0x00, 0x04, 
  0xf8, 0x00, 0x04, 0xf8, 0x62, 0x15, 0xf8, 0x00, 0x35, 0xf8, 0x00, 0x64, 0xf8, 0x61, 0x9e, 0xf9, 0x65, 0xcf, 0xfa, 0x88, 0xee, 0xfb, 0x4b, 0xfc, 0xfb, 0x6b, 0xfc, 0xfa, 0x89, 0xee, 0xf9, 0x65, 0xcf, 0xf8, 0x82, 0x9e, 0xf8, 0x20, 0x64, 0xf8, 0x00, 0x35, 0xf8, 0x00, 0x15, 0xf8, 0x00, 0x04, 
  0xf8, 0x00, 0x04, 0xf8, 0x00, 0x15, 0xf8, 0x00, 0x35, 0xf8, 0x00, 0x64, 0xf8, 0x62, 0x9d, 0xf9, 0x65, 0xcf, 0xfa, 0x68, 0xee, 0xfb, 0x6b, 0xfb, 0xfb, 0x6c, 0xfb, 0xfa, 0x89, 0xee, 0xf9, 0x65, 0xcf, 0xf8, 0x82, 0x9c, 0xf8, 0x20, 0x63, 0xf8, 0x00, 0x35, 0xf8, 0x62, 0x15, 0xf8, 0x00, 0x04, 
  0xf8, 0x00, 0x04, 0xf8, 0x00, 0x15, 0xf8, 0x00, 0x35, 0xf8, 0x00, 0x64, 0xf8, 0x62, 0x9c, 0xf9, 0x65, 0xcf, 0xfa, 0x68, 0xed, 0xfb, 0x6b, 0xfb, 0xfb, 0x6b, 0xfb, 0xfa, 0x89, 0xee, 0xf9, 0x65, 0xcf, 0xf8, 0x82, 0x9b, 0xf8, 0x00, 0x63, 0xf8, 0x00, 0x35, 0xf8, 0x00, 0x15, 0xf8, 0x00, 0x04, 
  0xf8, 0x00, 0x04, 0xf8, 0x62, 0x15, 0xf8, 0x00, 0x35, 0xf8, 0x00, 0x64, 0xf8, 0x82, 0x9d, 0xf9, 0x65, 0xce, 0xfa, 0x68, 0xed, 0xfb, 0x4b, 0xfc, 0xfb, 0x6b, 0xfb, 0xfa, 0x89, 0xee, 0xf9, 0x65, 0xcf, 0xf8, 0x62, 0x9b, 0xf8, 0x00, 0x63, 0xf8, 0x00, 0x35, 0xf8, 0x00, 0x16, 0xf8, 0x00, 0x05, 
  0xf8, 0x00, 0x04, 0xf8, 0x00, 0x15, 0xf8, 0x00, 0x35, 0xf8, 0x00, 0x63, 0xf8, 0x82, 0x9d, 0xf9, 0x65, 0xcf, 0xfa, 0x89, 0xed, 0xfb, 0x4b, 0xfc, 0xfb, 0x6b, 0xfb, 0xfa, 0x89, 0xee, 0xf9, 0x65, 0xcf, 0xf8, 0x62, 0x9c, 0xf8, 0x20, 0x63, 0xf8, 0x00, 0x35, 0xf8, 0x00, 0x15, 0xf8, 0x00, 0x04, 
  0xf8, 0x00, 0x04, 0xf8, 0x00, 0x15, 0xf8, 0x00, 0x34, 0xf8, 0x20, 0x63, 0xf8, 0x61, 0x9d, 0xf9, 0x45, 0xcf, 0xfa, 0x89, 0xed, 0xfb, 0x6b, 0xfb, 0xfb, 0x4b, 0xfc, 0xfa, 0x89, 0xed, 0xf9, 0x65, 0xce, 0xf8, 0x82, 0x9c, 0xf8, 0x00, 0x64, 0xf8, 0x00, 0x35, 0xf8, 0x00, 0x15, 0xf8, 0x00, 0x04, 
  0xf8, 0x00, 0x04, 0xf8, 0x62, 0x15, 0xf8, 0x00, 0x34, 0xf8, 0x00, 0x64, 0xf8, 0x82, 0x9d, 0xf9, 0x65, 0xcf, 0xfa, 0x68, 0xed, 0xfb, 0x6b, 0xfb, 0xfb, 0x6b, 0xfb, 0xfa, 0x89, 0xee, 0xf9, 0x65, 0xcf, 0xf8, 0x82, 0x9b, 0xf8, 0x00, 0x64, 0xf8, 0x00, 0x36, 0xf8, 0x62, 0x15, 0xf8, 0x00, 0x04, 
  0xf8, 0x00, 0x04, 0xf8, 0x00, 0x15, 0xf8, 0x00, 0x35, 0xf8, 0x00, 0x64, 0xf8, 0x82, 0x9c, 0xf9, 0x65, 0xcf, 0xfa, 0x68, 0xed, 0xfb, 0x6b, 0xfb, 0xfb, 0x6c, 0xfb, 0xfa, 0x89, 0xee, 0xf9, 0x65, 0xcf, 0xf8, 0x82, 0x9c, 0xf8, 0x20, 0x64, 0xf8, 0x21, 0x35, 0xf8, 0x00, 0x14, 0xf8, 0x00, 0x04, 
  0xf8, 0x00, 0x04, 0xf8, 0x00, 0x15, 0xf8, 0x00, 0x35, 0xf8, 0x00, 0x64, 0xf8, 0x61, 0x9c, 0xf9, 0x45, 0xce, 0xfa, 0x68, 0xed, 0xfb, 0x6b, 0xfb, 0xfb, 0x6b, 0xfb, 0xfa, 0x89, 0xee, 0xf9, 0x65, 0xcf, 0xf8, 0x82, 0x9c, 0xf8, 0x00, 0x64, 0xf8, 0x00, 0x35, 0xf8, 0x00, 0x15, 0xf8, 0x00, 0x04, 
  0xf8, 0x00, 0x03, 0xf8, 0x62, 0x14, 0xf8, 0x00, 0x35, 0xf8, 0x00, 0x64, 0xf8, 0x61, 0x9c, 0xf9, 0x65, 0xcf, 0xfa, 0x89, 0xed, 0xfb, 0x6b, 0xfb, 0xfb, 0x6c, 0xfa, 0xfa, 0x89, 0xed, 0xf9, 0x65, 0xcf, 0xf8, 0x62, 0x9b, 0xf8, 0x00, 0x63, 0xf8, 0x00, 0x35, 0xf8, 0x00, 0x15, 0xf8, 0x00, 0x04, 
  0xf8, 0x00, 0x03, 0xf8, 0x00, 0x15, 0xf8, 0x00, 0x34, 0xf8, 0x00, 0x64, 0xf8, 0x81, 0x9d, 0xf9, 0x65, 0xcf, 0xfa, 0x68, 0xed, 0xfb, 0x6b, 0xfb, 0xfb, 0x6b, 0xfb, 0xfa, 0x89, 0xed, 0xf9, 0x65, 0xce, 0xf8, 0x82, 0x9b, 0xf8, 0x00, 0x63, 0xf8, 0x00, 0x35, 0xf8, 0x00, 0x15, 0xf8, 0x00, 0x04, 
  0xf8, 0x00, 0x04, 0xf8, 0x00, 0x15, 0xf8, 0x21, 0x34, 0xf8, 0x00, 0x64, 0xf8, 0x82, 0x9d, 0xf9, 0x65, 0xcf, 0xfa, 0x68, 0xed, 0xfb, 0x6b, 0xfb, 0xfb, 0x6b, 0xfc, 0xfa, 0x89, 0xee, 0xf9, 0x65, 0xcf, 0xf8, 0x82, 0x9c, 0xf8, 0x00, 0x63, 0xf8, 0x00, 0x35, 0xf8, 0x00, 0x15, 0xf8, 0x00, 0x04, 
  0xf8, 0x00, 0x03, 0xf8, 0x00, 0x15, 0xf8, 0x00, 0x35, 0xf8, 0x00, 0x64, 0xf8, 0x61, 0x9d, 0xf9, 0x65, 0xd0, 0xfa, 0x89, 0xee, 0xfb, 0x6b, 0xfb, 0xfb, 0x6b, 0xfb, 0xfa, 0x89, 0xed, 0xf9, 0x65, 0xcf, 0xf8, 0x82, 0x9c, 0xf8, 0x00, 0x63, 0xf8, 0x00, 0x35, 0xf8, 0x00, 0x15, 0xf8, 0x00, 0x04, 
  0xf8, 0x00, 0x03, 0xf8, 0x00, 0x15, 0xf8, 0x00, 0x35, 0xf8, 0x00, 0x64, 0xf8, 0x61, 0x9d, 0xf9, 0x65, 0xd0, 0xfa, 0x89, 0xee, 0xfb, 0x4b, 0xfa, 0xfb, 0x4c, 0xfa, 0xfa, 0x89, 0xee, 0xf9, 0x65, 0xcf, 0xf8, 0x82, 0x9b, 0xf8, 0x20, 0x63, 0xf8, 0x00, 0x35, 0xf8, 0x00, 0x15, 0xf8, 0x00, 0x05, 
  0xf8, 0x00, 0x04, 0xf8, 0x00, 0x15, 0xf8, 0x00, 0x34, 0xf8, 0x00, 0x63, 0xf8, 0x61, 0x9d, 0xf9, 0x65, 0xcf, 0xfa, 0x89, 0xee, 0xfb, 0x6b, 0xfa, 0xfb, 0x6c, 0xfb, 0xfa, 0x89, 0xee, 0xf9, 0x65, 0xcf, 0xf8, 0x82, 0x9c, 0xf8, 0x20, 0x63, 0xf8, 0x00, 0x36, 0xf8, 0x62, 0x15, 0xf8, 0x00, 0x04, 
  0xf8, 0x00, 0x04, 0xf8, 0x00, 0x15, 0xf8, 0x00, 0x34, 0xf8, 0x00, 0x63, 0xf8, 0x62, 0x9d, 0xf9, 0x65, 0xcf, 0xfa, 0x89, 0xee, 0xfb, 0x6b, 0xfb, 0xfb, 0x6c, 0xfb, 0xfa, 0x89, 0xee, 0xf9, 0x65, 0xcf, 0xf8, 0x82, 0x9c, 0xf8, 0x20, 0x63, 0xf8, 0x00, 0x36, 0xf8, 0x62, 0x16, 0xf8, 0x00, 0x04, 
  0xf8, 0x00, 0x04, 0xf8, 0x00, 0x15, 0xf8, 0x21, 0x34, 0xf8, 0x00, 0x64, 0xf8, 0x61, 0x9d, 0xf9, 0x65, 0xcf, 0xfa, 0x68, 0xed, 0xfb, 0x6b, 0xfb, 0xfb, 0x4b, 0xfa, 0xfa, 0x89, 0xed, 0xf9, 0x65, 0xcf, 0xf8, 0x62, 0x9c, 0xf8, 0x20, 0x63, 0xf8, 0x00, 0x35, 0xf8, 0x00, 0x15, 0xf8, 0x00, 0x04, 
  0xf8, 0x00, 0x04, 0xf8, 0x00, 0x15, 0xf8, 0x00, 0x35, 0xf8, 0x20, 0x63, 0xf8, 0x61, 0x9d, 0xf9, 0x65, 0xcf, 0xfa, 0x68, 0xed, 0xfb, 0x6b, 0xfb, 0xfb, 0x6c, 0xfa, 0xfa, 0x89, 0xee, 0xf9, 0x65, 0xcf, 0xf8, 0x82, 0x9c, 0xf8, 0x00, 0x64, 0xf8, 0x00, 0x35, 0xf8, 0x00, 0x15, 0xf8, 0x00, 0x04, 
  0xf8, 0x00, 0x04, 0xf8, 0x62, 0x15, 0xf8, 0x00, 0x34, 0xf8, 0x00, 0x64, 0xf8, 0x62, 0x9d, 0xf9, 0x65, 0xcf, 0xfa, 0x89, 0xee, 0xfb, 0x6b, 0xfb, 0xfb, 0x6b, 0xfb, 0xfa, 0x89, 0xee, 0xf9, 0x65, 0xcf, 0xf8, 0x62, 0x9b, 0xf8, 0x00, 0x63, 0xf8, 0x00, 0x35, 0xf8, 0x62, 0x15, 0xf8, 0x00, 0x04, 
  0xf8, 0x00, 0x03, 0xf8, 0x00, 0x15, 0xf8, 0x21, 0x34, 0xf8, 0x00, 0x63, 0xf8, 0x62, 0x9d, 0xf9, 0x65, 0xcf, 0xfa, 0x89, 0xed, 0xfb, 0x6c, 0xfa, 0xfb, 0x6c, 0xfb, 0xfa, 0x89, 0xed, 0xf9, 0x65, 0xcf, 0xf8, 0x82, 0x9a, 0xf8, 0x00, 0x63, 0xf8, 0x00, 0x35, 0xf8, 0x00, 0x15, 0xf8, 0x00, 0x04, 
  0xf8, 0x00, 0x03, 0xf8, 0x00, 0x14, 0xf8, 0x00, 0x34, 0xf8, 0x20, 0x63, 0xf8, 0x82, 0x9b, 0xf9, 0x65, 0xcd, 0xfa, 0x68, 0xed, 0xfb, 0x6b, 0xfa, 0xfb, 0x6b, 0xfa, 0xfa, 0x89, 0xed, 0xf9, 0x85, 0xce, 0xf8, 0x82, 0x9a, 0xf8, 0x00, 0x61, 0xf8, 0x00, 0x33, 0xf8, 0x00, 0x14, 0xf8, 0x00, 0x04, 
  0xf8, 0x00, 0x03, 0xf8, 0x62, 0x14, 0xf8, 0x00, 0x33, 0xf8, 0x00, 0x61, 0xf8, 0x82, 0x99, 0xf9, 0x65, 0xcc, 0xfa, 0x89, 0xec, 0xfb, 0x6b, 0xfb, 0xfb, 0x6b, 0xfa, 0xfa, 0x89, 0xed, 0xf9, 0x65, 0xcd, 0xf8, 0x82, 0x99, 0xf8, 0x20, 0x60, 0xf8, 0x00, 0x31, 0xf8, 0x00, 0x14, 0xf8, 0x00, 0x04, 
  0xf8, 0x00, 0x03, 0xf8, 0x00, 0x14, 0xf8, 0x00, 0x32, 0xf8, 0x00, 0x60, 0xf8, 0x82, 0x99, 0xf9, 0x65, 0xcb, 0xfa, 0x89, 0xeb, 0xfb, 0x6b, 0xfb, 0xfb, 0x6b, 0xfb, 0xfa, 0x89, 0xed, 0xf9, 0x65, 0xcd, 0xf8, 0x82, 0x97, 0xf8, 0x00, 0x5e, 0xf8, 0x00, 0x31, 0xf8, 0x00, 0x13, 0xf8, 0x00, 0x03, 
  0xf8, 0x00, 0x03, 0xf8, 0x00, 0x13, 0xf8, 0x00, 0x31, 0xf8, 0x20, 0x5e, 0xf8, 0x82, 0x96, 0xf9, 0x65, 0xcb, 0xfa, 0x88, 0xeb, 0xfb, 0x4b, 0xfa, 0xfb, 0x4c, 0xfa, 0xfa, 0x89, 0xec, 0xf9, 0x65, 0xcd, 0xf8, 0x82, 0x97, 0xf8, 0x00, 0x5e, 0xf8, 0x00, 0x30, 0xf8, 0x00, 0x12, 0xf8, 0x00, 0x03, 
  0xf8, 0x00, 0x03, 0xf8, 0x00, 0x13, 0xf8, 0x00, 0x30, 0xf8, 0x20, 0x5e, 0xf8, 0x82, 0x96, 0xf9, 0x65, 0xca, 0xfa, 0x89, 0xeb, 0xfb, 0x4b, 0xfa, 0xfb, 0x4b, 0xf9, 0xfa, 0xa9, 0xec, 0xf9, 0x85, 0xcc, 0xf8, 0x82, 0x97, 0xf8, 0x00, 0x5d, 0xf8, 0x00, 0x2f, 0xf8, 0x82, 0x11, 0xf8, 0x00, 0x03, 
  0xf8, 0x00, 0x02, 0xf8, 0x00, 0x12, 0xf8, 0x00, 0x30, 0xf8, 0x20, 0x5e, 0xf8, 0x82, 0x97, 0xf9, 0x65, 0xc9, 0xfa, 0x88, 0xeb, 0xfb, 0x4b, 0xfa, 0xfb, 0x4b, 0xfa, 0xfa, 0x89, 0xeb, 0xf9, 0x65, 0xcb, 0xf8, 0x82, 0x96, 0xf8, 0x20, 0x5c, 0xf8, 0x00, 0x2f, 0xf8, 0x00, 0x12, 0xf8, 0x00, 0x03, 
  0xf8, 0x00, 0x02, 0xf8, 0xe4, 0x12, 0xf8, 0x00, 0x30, 0xf8, 0x00, 0x5d, 0xf8, 0x82, 0x96, 0xf9, 0x65, 0xc9, 0xfa, 0x88, 0xeb, 0xfb, 0x4b, 0xfa, 0xfb, 0x4b, 0xfa, 0xfa, 0x89, 0xec, 0xf9, 0x65, 0xcb, 0xf8, 0x82, 0x97, 0xf8, 0x20, 0x5c, 0xf8, 0x00, 0x2f, 0xf8, 0x00, 0x12, 0xf8, 0x00, 0x03, 
  0xf8, 0x00, 0x02, 0xf8, 0x62, 0x13, 0xf8, 0x00, 0x30, 0xf8, 0x00, 0x5d, 0xf8, 0x82, 0x95, 0xf9, 0x65, 0xca, 0xfa, 0x88, 0xeb, 0xfb, 0x4b, 0xfa, 0xfb, 0x4b, 0xf9, 0xfa, 0x89, 0xec, 0xf9, 0x65, 0xcd, 0xf8, 0x82, 0x95, 0xf8, 0x00, 0x5c, 0xf8, 0x00, 0x2f, 0xf8, 0x00, 0x11, 0xf8, 0x00, 0x03, 
  0x80, 0x00, 0x02, 0xf8, 0x00, 0x13, 0xf8, 0x00, 0x30, 0xf8, 0x20, 0x5e, 0xf8, 0x82, 0x96, 0xf9, 0x65, 0xca, 0xfa, 0x89, 0xea, 0xfb, 0x4b, 0xfa, 0xfb, 0x4b, 0xf9, 0xfa, 0x89, 0xec, 0xf9, 0x65, 0xcc, 0xf8, 0x82, 0x95, 0xf8, 0x00, 0x5c, 0xf8, 0x21, 0x2f, 0xf8, 0x00, 0x11, 0xf8, 0x00, 0x03, 
  0xf8, 0x00, 0x02, 0xf8, 0x00, 0x12, 0xf8, 0x00, 0x31, 0xf8, 0x00, 0x5e, 0xf8, 0x82, 0x96, 0xf9, 0x65, 0xc9, 0xfa, 0x89, 0xeb, 0xfb, 0x4b, 0xfa, 0xfb, 0x6b, 0xf9, 0xfa, 0x89, 0xec, 0xf9, 0x65, 0xcc, 0xf8, 0x82, 0x95, 0xf8, 0x00, 0x5c, 0xf8, 0x00, 0x2f, 0xf8, 0x00, 0x12, 0xf8, 0x00, 0x03, 
  0xf8, 0x00, 0x02, 0xf8, 0x82, 0x12, 0xf8, 0x00, 0x30, 0xf8, 0x00, 0x5d, 0xf8, 0x82, 0x96, 0xf9, 0x65, 0xca, 0xfa, 0x89, 0xea, 0xfb, 0x4b, 0xfa, 0xfb, 0x4b, 0xf9, 0xfa, 0x89, 0xec, 0xf9, 0x85, 0xcd, 0xf8, 0x82, 0x95, 0xf8, 0x00, 0x5c, 0xf8, 0x00, 0x2f, 0xf8, 0x82, 0x11, 0xf8, 0x00, 0x03, 
  0xf8, 0x00, 0x02, 0xf8, 0x00, 0x12, 0xf8, 0x00, 0x30, 0xf8, 0x00, 0x5d, 0xf8, 0x82, 0x96, 0xf9, 0x65, 0xc9, 0xfa, 0x88, 0xeb, 0xfb, 0x4b, 0xfa, 0xfb, 0x4b, 0xf9, 0xfa, 0x89, 0xec, 0xf9, 0x85, 0xcd, 0xf8, 0x82, 0x96, 0xf8, 0x00, 0x5c, 0xf8, 0x00, 0x2f, 0xf8, 0x00, 0x12, 0xf8, 0x00, 0x03, 
  0x80, 0x00, 0x02, 0xf8, 0x00, 0x13, 0xf8, 0x00, 0x30, 0xf8, 0x00, 0x5d, 0xf8, 0x82, 0x96, 0xf9, 0x65, 0xc9, 0xfa, 0x89, 0xe9, 0xfb, 0x4b, 0xfa, 0xfb, 0x4b, 0xf9, 0xfa, 0x89, 0xec, 0xf9, 0x85, 0xcd, 0xf8, 0x82, 0x95, 0xf8, 0x00, 0x5d, 0xf8, 0x00, 0x2f, 0xf8, 0x00, 0x11, 0xf8, 0x00, 0x03, 
  0xf8, 0x00, 0x02, 0xf8, 0x00, 0x12, 0xf8, 0x21, 0x30, 0xf8, 0x20, 0x5d, 0xf8, 0x82, 0x95, 0xf9, 0x65, 0xc9, 0xfa, 0x89, 0xeb, 0xfb, 0x4b, 0xfa, 0xfb, 0x6b, 0xf9, 0xfa, 0x89, 0xec, 0xf9, 0x65, 0xcc, 0xf8, 0x82, 0x95, 0xf8, 0x00, 0x5c, 0xf8, 0x00, 0x2f, 0xf8, 0x00, 0x11, 0xf8, 0x00, 0x03, 
  0x80, 0x00, 0x02, 0xf8, 0x62, 0x13, 0xf8, 0x00, 0x30, 0xf8, 0x00, 0x5d, 0xf8, 0x82, 0x97, 0xf9, 0x65, 0xca, 0xfa, 0x89, 0xea, 0xfb, 0x4b, 0xfa, 0xfb, 0x4b, 0xf9, 0xfa, 0x89, 0xec, 0xf9, 0x85, 0xcc, 0xf8, 0x82, 0x95, 0xf8, 0x20, 0x5c, 0xf8, 0x00, 0x2e, 0xf8, 0x00, 0x11, 0xf8, 0x00, 0x03, 
  0xf8, 0x00, 0x02, 0xf8, 0x00, 0x12, 0xf8, 0x00, 0x30, 0xf8, 0x00, 0x5d, 0xf8, 0x82, 0x95, 0xf9, 0x65, 0xc9, 0xfa, 0x88, 0xeb, 0xfb, 0x4b, 0xfa, 0xfb, 0x4b, 0xf9, 0xfa, 0x89, 0xec, 0xf9, 0x65, 0xcc, 0xf8, 0x82, 0x95, 0xf8, 0x00, 0x5c, 0xf8, 0x00, 0x2f, 0xf8, 0x82, 0x11, 0xf8, 0x00, 0x03, 
  0xf8, 0x00, 0x03, 0xf8, 0x00, 0x13, 0xf8, 0x00, 0x30, 0xf8, 0x00, 0x5d, 0xf8, 0x82, 0x95, 0xf9, 0x65, 0xc9, 0xfa, 0x89, 0xea, 0xfb, 0x4b, 0xf9, 0xfb, 0x4b, 0xf9, 0xfa, 0xa9, 0xec, 0xf9, 0x65, 0xcd, 0xf8, 0x82, 0x95, 0xf8, 0x00, 0x5c, 0xf8, 0x00, 0x2f, 0xf8, 0x00, 0x12, 0xf8, 0x00, 0x03, 
  0xf8, 0x00, 0x03, 0xf8, 0x62, 0x13, 0xf8, 0x00, 0x30, 0xf8, 0x20, 0x5d, 0xf8, 0x81, 0x96, 0xf9, 0x65, 0xca, 0xfa, 0x89, 0xea, 0xfb, 0x4b, 0xf9, 0xfb, 0x4b, 0xf9, 0xfa, 0x89, 0xec, 0xf9, 0x65, 0xcc, 0xf8, 0x82, 0x96, 0xf8, 0x00, 0x5c, 0xf8, 0x00, 0x2f, 0xf8, 0x82, 0x11, 0xf8, 0x00, 0x03, 
  0xf8, 0x00, 0x02, 0xf8, 0x00, 0x12, 0xf8, 0x00, 0x30, 0xf8, 0x00, 0x5d, 0xf8, 0x82, 0x96, 0xf9, 0x65, 0xc9, 0xfa, 0x89, 0xeb, 0xfb, 0x4b, 0xfa, 0xfb, 0x4b, 0xf9, 0xfa, 0x89, 0xec, 0xf9, 0x65, 0xcc, 0xf8, 0x82, 0x96, 0xf8, 0x20, 0x5c, 0xf8, 0x00, 0x2f, 0xf8, 0x00, 0x11, 0xf8, 0x00, 0x03, 
  0x80, 0x00, 0x02, 0xf8, 0x62, 0x13, 0xf8, 0x00, 0x30, 0xf8, 0x00, 0x5c, 0xf8, 0x82, 0x96, 0xf9, 0x65, 0xc9, 0xfa, 0x89, 0xeb, 0xfb, 0x4b, 0xfa, 0xfb, 0x4b, 0xf9, 0xfa, 0xa9, 0xec, 0xf9, 0x65, 0xcc, 0xf8, 0x82, 0x96, 0xf8, 0x20, 0x5c, 0xf8, 0x00, 0x2f, 0xf8, 0x00, 0x11, 0xf8, 0x00, 0x03, 
  0x80, 0x00, 0x02, 0xf8, 0x00, 0x13, 0xf8, 0x00, 0x30, 0xf8, 0x20, 0x5d, 0xf8, 0x82, 0x96, 0xf9, 0x65, 0xc9, 0xfa, 0x89, 0xeb, 0xfb, 0x4b, 0xfa, 0xfb, 0x4b, 0xf9, 0xfa, 0xa9, 0xec, 0xf9, 0x65, 0xcc, 0xf8, 0x82, 0x96, 0xf8, 0x00, 0x5c, 0xf8, 0x00, 0x2f, 0xf8, 0x00, 0x11, 0xf8, 0x00, 0x03, 
  0xf8, 0x00, 0x02, 0xf8, 0x00, 0x12, 0xf8, 0x00, 0x30, 0xf8, 0x20, 0x5d, 0xf8, 0x82, 0x96, 0xf9, 0x65, 0xc9, 0xfa, 0x89, 0xea, 0xfb, 0x4b, 0xfa, 0xfb, 0x4b, 0xf9, 0xfa, 0x89, 0xec, 0xf9, 0x65, 0xcc, 0xf8, 0x82, 0x95, 0xf8, 0x00, 0x5c, 0xf8, 0x00, 0x2f, 0xf8, 0x00, 0x11, 0xf8, 0x00, 0x03, 
  0xf8, 0x00, 0x03, 0xf8, 0x82, 0x12, 0xf8, 0x00, 0x2f, 0xf8, 0x00, 0x5d, 0xf8, 0x82, 0x95, 0xf9, 0x65, 0xc9, 0xfa, 0x89, 0xea, 0xfb, 0x4b, 0xf9, 0xfb, 0x4b, 0xf9, 0xfa, 0x89, 0xec, 0xf9, 0x65, 0xcc, 0xf8, 0x82, 0x95, 0xf8, 0x00, 0x5c, 0xf8, 0x00, 0x2f, 0xf8, 0x00, 0x12, 0xf8, 0x00, 0x03, 
  0x80, 0x00, 0x02, 0xf8, 0x00, 0x12, 0xf8, 0x21, 0x2f, 0xf8, 0x00, 0x5c, 0xf8, 0x82, 0x95, 0xf9, 0x65, 0xca, 0xfa, 0x89, 0xea, 0xfb, 0x6b, 0xf9, 0xfb, 0x4b, 0xf9, 0xfa, 0x89, 0xec, 0xf9, 0x65, 0xcc, 0xf8, 0x82, 0x95, 0xf8, 0x00, 0x5b, 0xf8, 0x00, 0x2e, 0xf8, 0x00, 0x11, 0xf8, 0x00, 0x03, 
  0x00, 0x00, 0x01, 0xf8, 0x82, 0x11, 0xf8, 0x00, 0x2f, 0xf8, 0x00, 0x5b, 0xf8, 0x82, 0x94, 0xf9, 0x65, 0xc8, 0xfa, 0x89, 0xe9, 0xfb, 0x4b, 0xfa, 0xfb, 0x4b, 0xfa, 0xfa, 0x89, 0xeb, 0xf9, 0x65, 0xcb, 0xf8, 0x82, 0x94, 0xf8, 0x00, 0x5a, 0xf8, 0x00, 0x2d, 0xf8, 0x00, 0x11, 0xf8, 0x00, 0x03, 
  0xf8, 0x00, 0x02, 0xf8, 0x00, 0x11, 0xf8, 0x41, 0x2e, 0xf8, 0x00, 0x5b, 0xf8, 0x82, 0x92, 0xf9, 0x65, 0xc8, 0xfa, 0x89, 0xe9, 0xfb, 0x4b, 0xfa, 0xfb, 0x4b, 0xfa, 0xfa, 0x89, 0xeb, 0xf9, 0x65, 0xc9, 0xf8, 0x62, 0x92, 0xf8, 0x20, 0x5a, 0xf8, 0x00, 0x2d, 0xf8, 0x00, 0x0f, 0xf8, 0x00, 0x02, 
  0xa8, 0x00, 0x03, 0xf8, 0x82, 0x11, 0xf8, 0x00, 0x2c, 0xf8, 0x00, 0x59, 0xf8, 0x82, 0x92, 0xf9, 0x65, 0xc7, 0xfa, 0x89, 0xe9, 0xfb, 0x4b, 0xfa, 0xfb, 0x4b, 0xfa, 0xfa, 0x89, 0xeb, 0xf9, 0x85, 0xc9, 0xf8, 0x82, 0x91, 0xf8, 0x20, 0x58, 0xf8, 0x00, 0x2b, 0xf8, 0x00, 0x0f, 0x80, 0x00, 0x02, 
  0xf8, 0x00, 0x02, 0xf8, 0x00, 0x10, 0xf8, 0x00, 0x2c, 0xf8, 0x00, 0x57, 0xf8, 0x82, 0x8f, 0xf9, 0x65, 0xc7, 0xfa, 0x89, 0xe8, 0xfb, 0x6b, 0xf9, 0xfb, 0x4b, 0xfa, 0xfa, 0x89, 0xeb, 0xf9, 0x85, 0xc8, 0xf8, 0x82, 0x90, 0xf8, 0x00, 0x56, 0xf8, 0x00, 0x2a, 0xf8, 0x82, 0x0f, 0x80, 0x00, 0x02, 
  0xf8, 0x00, 0x02, 0xf8, 0x00, 0x10, 0xf8, 0x00, 0x2c, 0xf8, 0x00, 0x57, 0xf8, 0x82, 0x8f, 0xf9, 0x65, 0xc6, 0xfa, 0x89, 0xe8, 0xfb, 0x6b, 0xf9, 0xfb, 0x6b, 0xf9, 0xfa, 0xa9, 0xea, 0xf9, 0x85, 0xc8, 0xf8, 0x82, 0x90, 0xf8, 0x00, 0x56, 0xf8, 0x00, 0x29, 0xf8, 0x00, 0x0e, 0x00, 0x00, 0x01, 
  0xf8, 0x00, 0x02, 0xf8, 0x00, 0x10, 0xf8, 0x00, 0x2b, 0xf8, 0x00, 0x57, 0xf8, 0x82, 0x8f, 0xf9, 0x65, 0xc5, 0xfa, 0x89, 0xe8, 0xfb, 0x6b, 0xf9, 0xfb, 0x6b, 0xf8, 0xfa, 0xa9, 0xea, 0xf9, 0x85, 0xc8, 0xf8, 0x82, 0x8f, 0xf8, 0x00, 0x55, 0xf8, 0x00, 0x29, 0xf8, 0x00, 0x0d, 0x00, 0x00, 0x01, 
  0xf8, 0x00, 0x02, 0xf8, 0x00, 0x10, 0xf8, 0x00, 0x2b, 0xf8, 0x20, 0x57, 0xf8, 0x82, 0x8f, 0xf9, 0x65, 0xc5, 0xfa, 0x89, 0xe8, 0xfb, 0x6b, 0xf9, 0xfb, 0x6b, 0xf9, 0xfa, 0xa9, 0xea, 0xf9, 0x85, 0xc8, 0xf8, 0x82, 0x8f, 0xf8, 0x20, 0x55, 0xf8, 0x00, 0x29, 0xf8, 0x00, 0x0d, 0x00, 0x00, 0x01, 
  0xf8, 0x00, 0x01, 0xf8, 0x00, 0x10, 0xf8, 0x00, 0x2c, 0xf8, 0x21, 0x57, 0xf8, 0x82, 0x8e, 0xf9, 0x65, 0xc5, 0xfa, 0x89, 0xe7, 0xfb, 0x6b, 0xf9, 0xfb, 0x6b, 0xf9, 0xfa, 0xa9, 0xea, 0xf9, 0x85, 0xc8, 0xf8, 0x82, 0x8e, 0xf8, 0x00, 0x55, 0xf8, 0x00, 0x29, 0xf8, 0x00, 0x0d, 0x00, 0x00, 0x01, 
  0xf8, 0x00, 0x01, 0xf8, 0x00, 0x10, 0xf8, 0x41, 0x2b, 0xf8, 0x00, 0x57, 0xf8, 0x82, 0x8e, 0xf9, 0x65, 0xc5, 0xfa, 0x89, 0xe8, 0xfb, 0x6b, 0xf9, 0xfb, 0x6b, 0xf9, 0xfa, 0xa9, 0xea, 0xf9, 0x85, 0xc8, 0xf8, 0xa2, 0x8e, 0xf8, 0x00, 0x54, 0xf8, 0x00, 0x29, 0xf8, 0xa3, 0x0d, 0x00, 0x00, 0x01, 
  0xf8, 0x00, 0x02, 0xf8, 0x00, 0x10, 0xf8, 0x41, 0x2b, 0xf8, 0x00, 0x57, 0xf8, 0x82, 0x8f, 0xf9, 0x65, 0xc5, 0xfa, 0x89, 0xe7, 0xfb, 0x6b, 0xf9, 0xfb, 0x6b, 0xfa, 0xfa, 0xa9, 0xea, 0xf9, 0x85, 0xc8, 0xf8, 0xa2, 0x8f, 0xf8, 0x00, 0x55, 0xf8, 0x00, 0x29, 0xf9, 0x45, 0x0d, 0x00, 0x00, 0x01, 
  0xf8, 0x00, 0x02, 0xf8, 0x00, 0x10, 0xf8, 0x00, 0x2b, 0xf8, 0x00, 0x57, 0xf8, 0x82, 0x8f, 0xf9, 0x65, 0xc5, 0xfa, 0x89, 0xe7, 0xfb, 0x6b, 0xf9, 0xfb, 0x6b, 0xf9, 0xfa, 0xa9, 0xea, 0xf9, 0x85, 0xc8, 0xf8, 0x82, 0x8f, 0xf8, 0x00, 0x55, 0xf8, 0x00, 0x29, 0xf8, 0xa3, 0x0d, 0x00, 0x00, 0x01, 
  0xf8, 0x00, 0x02, 0xf8, 0x00, 0x10, 0xf8, 0x00, 0x2b, 0xf8, 0x20, 0x56, 0xf8, 0x82, 0x8f, 0xf9, 0x65, 0xc6, 0xfa, 0x89, 0xe8, 0xfb, 0x6b, 0xf9, 0xfb, 0x6b, 0xf8, 0xfa, 0x89, 0xea, 0xf9, 0x85, 0xc8, 0xf8, 0x82, 0x8f, 0xf8, 0x00, 0x55, 0xf8, 0x00, 0x29, 0xf8, 0xa3, 0x0d, 0x00, 0x00, 0x01, 
  0x00, 0x00, 0x01, 0xf8, 0x82, 0x10, 0xf8, 0x00, 0x2b, 0xf8, 0x20, 0x56, 0xf8, 0x81, 0x8e, 0xf9, 0x65, 0xc6, 0xfa, 0x89, 0xe7, 0xfb, 0x6b, 0xf9, 0xfb, 0x6b, 0xf9, 0xfa, 0x89, 0xea, 0xf9, 0x65, 0xc7, 0xf8, 0x82, 0x8f, 0xf8, 0x00, 0x55, 0xf8, 0x00, 0x29, 0xf8, 0x00, 0x0d, 0x00, 0x00, 0x01, 
  0xf8, 0x00, 0x02, 0xf8, 0x00, 0x10, 0xf8, 0x00, 0x2a, 0xf8, 0x00, 0x57, 0xf8, 0x82, 0x90, 0xf9, 0x65, 0xc5, 0xfa, 0x89, 0xe7, 0xfb, 0x6b, 0xf9, 0xfb, 0x6b, 0xf9, 0xfa, 0x89, 0xea, 0xf9, 0x85, 0xc8, 0xf8, 0x82, 0x8f, 0xf8, 0x20, 0x55, 0xf8, 0x00, 0x29, 0xf8, 0x00, 0x0d, 0x00, 0x00, 0x01, 
  0xf8, 0x00, 0x02, 0xf8, 0x82, 0x10, 0xf8, 0x00, 0x2b, 0xf8, 0x20, 0x57, 0xf8, 0x82, 0x8f, 0xf9, 0x65, 0xc5, 0xfa, 0x89, 0xe8, 0xfb, 0x6b, 0xf9, 0xfb, 0x6b, 0xf9, 0xfa, 0x89, 0xea, 0xf9, 0x85, 0xc7, 0xf8, 0x82, 0x8e, 0xf8, 0x40, 0x55, 0xf8, 0x00, 0x29, 0xf8, 0x00, 0x0d, 0x00, 0x00, 0x01, 
  0xf8, 0x00, 0x02, 0xf8, 0x00, 0x10, 0xf8, 0x41, 0x2c, 0xf8, 0x00, 0x57, 0xf8, 0x82, 0x8f, 0xf9, 0x65, 0xc5, 0xfa, 0x89, 0xe8, 0xfb, 0x6b, 0xf9, 0xfb, 0x6b, 0xfa, 0xfa, 0xa9, 0xea, 0xf9, 0x85, 0xc7, 0xf8, 0x82, 0x8f, 0xf8, 0x20, 0x55, 0xf8, 0x00, 0x29, 0xf8, 0xa3, 0x0d, 0x00, 0x00, 0x01, 
  0xf8, 0x00, 0x02, 0xf8, 0x00, 0x10, 0xf8, 0x00, 0x2c, 0xf8, 0x00, 0x57, 0xf8, 0x81, 0x8f, 0xf9, 0x65, 0xc5, 0xfa, 0x89, 0xe8, 0xfb, 0x6b, 0xf9, 0xfb, 0x6b, 0xf9, 0xfa, 0xa9, 0xea, 0xf9, 0x65, 0xc7, 0xf8, 0x82, 0x8f, 0xf8, 0x20, 0x55, 0xf8, 0x00, 0x29, 0xf8, 0xa2, 0x0e, 0x00, 0x00, 0x01, 
  0xf8, 0x00, 0x02, 0xf8, 0x00, 0x10, 0xf8, 0x41, 0x2b, 0xf8, 0x00, 0x57, 0xf8, 0x82, 0x8f, 0xf9, 0x65, 0xc5, 0xfa, 0x89, 0xe7, 0xfb, 0x6b, 0xf9, 0xfb, 0x6b, 0xf9, 0xfa, 0x89, 0xea, 0xf9, 0x85, 0xc8, 0xf8, 0x82, 0x8f, 0xf8, 0x40, 0x55, 0xf8, 0x00, 0x29, 0xf8, 0x00, 0x0d, 0x00, 0x00, 0x00, 
  0xf8, 0x00, 0x02, 0xf8, 0x00, 0x0f, 0xf8, 0x00, 0x2b, 0xf8, 0x00, 0x57, 0xf8, 0x82, 0x8f, 0xf9, 0x65, 0xc5, 0xfa, 0x89, 0xe8, 0xfb, 0x6b, 0xf9, 0xfb, 0x6b, 0xf9, 0xfa, 0xa9, 0xea, 0xf9, 0x85, 0xc8, 0xf8, 0xa2, 0x8f, 0xf8, 0x20, 0x55, 0xf8, 0x00, 0x29, 0xf8, 0x00, 0x0d, 0x00, 0x00, 0x01, 
  0xf8, 0x00, 0x02, 0xf8, 0x00, 0x0f, 0xf8, 0x00, 0x2b, 0xf8, 0x00, 0x57, 0xf8, 0x82, 0x8f, 0xf9, 0x65, 0xc5, 0xfa, 0x89, 0xe8, 0xfb, 0x6b, 0xf9, 0xfb, 0x6b, 0xf9, 0xfa, 0xa9, 0xea, 0xf9, 0x85, 0xc8, 0xf8, 0x82, 0x8f, 0xf8, 0x00, 0x55, 0xf8, 0x00, 0x29, 0xf8, 0x00, 0x0e, 0x00, 0x00, 0x01, 
  0xf8, 0x00, 0x02, 0xf8, 0x00, 0x10, 0xf8, 0x00, 0x2b, 0xf8, 0x00, 0x57, 0xf8, 0x82, 0x8f, 0xf9, 0x65, 0xc6, 0xfa, 0x89, 0xe8, 0xfb, 0x6b, 0xf9, 0xfb, 0x6b, 0xf9, 0xfa, 0x89, 0xea, 0xf9, 0x85, 0xc8, 0xf8, 0x82, 0x8f, 0xf8, 0x00, 0x55, 0xf8, 0x00, 0x29, 0xf8, 0x00, 0x0d, 0x00, 0x00, 0x01, 
  0xf8, 0x00, 0x02, 0xf8, 0x82, 0x10, 0xf8, 0x00, 0x2b, 0xf8, 0x20, 0x57, 0xf8, 0x82, 0x8f, 0xf9, 0x65, 0xc5, 0xfa, 0x89, 0xe7, 0xfb, 0x6b, 0xf9, 0xfb, 0x6b, 0xf9, 0xfa, 0x89, 0xea, 0xf9, 0x85, 0xc8, 0xf8, 0xa2, 0x8f, 0xf8, 0x20, 0x55, 0xf8, 0x00, 0x29, 0xf8, 0x00, 0x0d, 0x00, 0x00, 0x01, 
  0xf8, 0x00, 0x02, 0xf8, 0x82, 0x10, 0xf8, 0x00, 0x2b, 0xf8, 0x20, 0x57, 0xf8, 0x81, 0x8f, 0xf9, 0x85, 0xc4, 0xfa, 0x89, 0xe7, 0xfb, 0x4b, 0xf9, 0xfb, 0x6b, 0xf9, 0xfa, 0x89, 0xeb, 0xf9, 0x85, 0xc8, 0xf8, 0xa2, 0x8e, 0xf8, 0x00, 0x55, 0xf8, 0x00, 0x29, 0xf8, 0xa3, 0x0d, 0x00, 0x00, 0x01, 
  0x80, 0x00, 0x02, 0xf8, 0x82, 0x10, 0xf8, 0x00, 0x2b, 0xf8, 0x00, 0x57, 0xf8, 0x82, 0x8f, 0xf9, 0x65, 0xc5, 0xfa, 0x89, 0xe8, 0xfb, 0x6b, 0xf9, 0xfb, 0x6b, 0xf9, 0xfa, 0x89, 0xea, 0xf9, 0x85, 0xc9, 0xf8, 0xa2, 0x8e, 0xf8, 0x00, 0x54, 0xf8, 0x00, 0x29, 0xf8, 0x00, 0x0d, 0x00, 0x00, 0x01, 
  0xf8, 0x00, 0x01, 0xf8, 0x00, 0x10, 0xf8, 0x00, 0x2b, 0xf8, 0x20, 0x57, 0xf8, 0x82, 0x8f, 0xf9, 0x65, 0xc5, 0xfa, 0x89, 0xe8, 0xfb, 0x6b, 0xf9, 0xfb, 0x6b, 0xf9, 0xfa, 0x89, 0xea, 0xf9, 0x85, 0xc8, 0xf8, 0x82, 0x8f, 0xf8, 0x00, 0x56, 0xf8, 0x00, 0x29, 0xf8, 0x00, 0x0d, 0x00, 0x00, 0x01, 
  0xf8, 0x00, 0x02, 0xf8, 0x00, 0x10, 0xf8, 0x41, 0x2b, 0xf8, 0x00, 0x57, 0xf8, 0x81, 0x8f, 0xf9, 0x65, 0xc5, 0xfa, 0x89, 0xe8, 0xfb, 0x4b, 0xf9, 0xfb, 0x6b, 0xf9, 0xfa, 0x89, 0xea, 0xf9, 0x65, 0xc7, 0xf8, 0x82, 0x8e, 0xf8, 0x00, 0x55, 0xf8, 0x41, 0x29, 0xf8, 0x00, 0x0d, 0x00, 0x00, 0x01, 
  0x00, 0x00, 0x01, 0xf8, 0x00, 0x10, 0xf8, 0x00, 0x2b, 0xf8, 0x20, 0x57, 0xf8, 0x81, 0x8e, 0xf9, 0x85, 0xc4, 0xfa, 0x89, 0xe8, 0xfb, 0x6b, 0xf9, 0xfb, 0x6b, 0xf9, 0xfa, 0x89, 0xea, 0xf9, 0x85, 0xc7, 0xf8, 0x82, 0x8e, 0xf8, 0x20, 0x54, 0xf8, 0x00, 0x29, 0xf8, 0x00, 0x0d, 0x00, 0x00, 0x01, 
  0xf8, 0x00, 0x02, 0xf8, 0x00, 0x10, 0xf8, 0x00, 0x2a, 0xf8, 0x40, 0x56, 0xf8, 0x81, 0x8d, 0xf9, 0x85, 0xc4, 0xfa, 0x89, 0xe8, 0xfb, 0x6b, 0xf9, 0xfb, 0x6b, 0xf8, 0xfa, 0x89, 0xea, 0xf9, 0x85, 0xc7, 0xf8, 0xa2, 0x8e, 0xf8, 0x00, 0x53, 0xf8, 0x00, 0x28, 0xf8, 0xa2, 0x0e, 0x00, 0x00, 0x01, 
  0xf8, 0x00, 0x01, 0xf8, 0x00, 0x0f, 0xf8, 0x00, 0x2a, 0xf8, 0x20, 0x54, 0xf8, 0x81, 0x8c, 0xf9, 0x85, 0xc3, 0xfa, 0x89, 0xe7, 0xfb, 0x6b, 0xf9, 0xfb, 0x6c, 0xf8, 0xfa, 0xa9, 0xea, 0xf9, 0x85, 0xc7, 0xf8, 0xa2, 0x8c, 0xf8, 0x00, 0x52, 0xf8, 0x00, 0x28, 0xf8, 0xa3, 0x0d, 0x00, 0x00, 0x01, 
  0xf8, 0x00, 0x01, 0xf8, 0x00, 0x0e, 0xf8, 0x41, 0x28, 0xf8, 0x00, 0x52, 0xf8, 0x82, 0x8a, 0xf9, 0x85, 0xc1, 0xfa, 0x89, 0xe7, 0xfb, 0x6c, 0xf8, 0xfb, 0x6c, 0xf8, 0xfa, 0x89, 0xe8, 0xf9, 0x85, 0xc5, 0xf8, 0xa2, 0x8b, 0xf8, 0x20, 0x51, 0xf8, 0x00, 0x26, 0xf8, 0x00, 0x0c, 0x00, 0x00, 0x01, 
  0xf8, 0x00, 0x02, 0xf8, 0xa2, 0x0e, 0xf8, 0x00, 0x28, 0xf8, 0x00, 0x52, 0xf8, 0x82, 0x89, 0xf9, 0x65, 0xc1, 0xfa, 0x89, 0xe6, 0xfb, 0x6c, 0xf7, 0xfb, 0x6c, 0xf8, 0xfa, 0x89, 0xe8, 0xf9, 0x85, 0xc3, 0xf8, 0x82, 0x89, 0xf8, 0x00, 0x50, 0xf8, 0x41, 0x26, 0xf8, 0x00, 0x0c, 0x00, 0x00, 0x00, 
  0xf8, 0x00, 0x01, 0xf8, 0xa3, 0x0d, 0xf8, 0x00, 0x27, 0xf8, 0x00, 0x52, 0xf8, 0x82, 0x88, 0xf9, 0x65, 0xc1, 0xfa, 0x89, 0xe6, 0xfb, 0x6c, 0xf8, 0xfb, 0x6c, 0xf7, 0xfa, 0xa9, 0xe7, 0xf9, 0x85, 0xc3, 0xf8, 0x82, 0x88, 0xf8, 0x00, 0x50, 0xf8, 0x00, 0x26, 0xf8, 0xc3, 0x0b, 0x00, 0x00, 0x00, 
  0xf8, 0x00, 0x01, 0xf8, 0x00, 0x0d, 0xf8, 0x00, 0x26, 0xf8, 0x00, 0x50, 0xf8, 0x82, 0x87, 0xf9, 0x85, 0xbf, 0xfa, 0x89, 0xe6, 0xfb, 0x6c, 0xf8, 0xfb, 0x6c, 0xf7, 0xfa, 0xa9, 0xe7, 0xf9, 0x85, 0xc2, 0xf8, 0xa2, 0x89, 0xf8, 0x20, 0x50, 0xf8, 0x00, 0x25, 0xf8, 0x00, 0x0b, 0x00, 0x00, 0x01, 
  0xf8, 0x00, 0x02, 0xf8, 0x00, 0x0d, 0xf8, 0x00, 0x26, 0xf8, 0x00, 0x4f, 0xf8, 0x82, 0x87, 0xf9, 0x85, 0xc0, 0xfa, 0x89, 0xe5, 0xfb, 0x6c, 0xf8, 0xfb, 0x6c, 0xf7, 0xfa, 0xa9, 0xe7, 0xf9, 0x85, 0xc2, 0xf8, 0xa2, 0x87, 0xf8, 0x20, 0x4f, 0xf8, 0x00, 0x25, 0xf8, 0x00, 0x0c, 0x00, 0x00, 0x01, 
  0xf8, 0x00, 0x01, 0xf8, 0x00, 0x0d, 0xf8, 0x00, 0x26, 0xf8, 0x00, 0x50, 0xf8, 0x82, 0x87, 0xf9, 0x85, 0xc0, 0xfa, 0x89, 0xe5, 0xfb, 0x6c, 0xf7, 0xfb, 0x6c, 0xf7, 0xfa, 0xa9, 0xe6, 0xf9, 0x85, 0xc2, 0xf8, 0x82, 0x87, 0xf8, 0x20, 0x4f, 0xf8, 0x00, 0x25, 0xf8, 0x00, 0x0b, 0x00, 0x00, 0x00, 
  0xf8, 0x00, 0x01, 0xf8, 0x00, 0x0d, 0xf8, 0x41, 0x27, 0xf8, 0x00, 0x50, 0xf8, 0x82, 0x86, 0xf9, 0x65, 0xbf, 0xfa, 0x89, 0xe6, 0xfb, 0x6b, 0xf6, 0xfb, 0x6c, 0xf7, 0xfa, 0xa9, 0xe7, 0xf9, 0x85, 0xc1, 0xf8, 0x82, 0x87, 0xf8, 0x20, 0x4f, 0xf8, 0x00, 0x25, 0xf8, 0x00, 0x0b, 0x00, 0x00, 0x00, 
  0xf8, 0x00, 0x01, 0xf8, 0x00, 0x0d, 0xf8, 0x00, 0x27, 0xf8, 0x41, 0x4f, 0xf8, 0x81, 0x86, 0xf9, 0x65, 0xbf, 0xfa, 0xa9, 0xe5, 0xfb, 0x6b, 0xf7, 0xfb, 0x6b, 0xf7, 0xfa, 0xa9, 0xe7, 0xf9, 0x65, 0xc1, 0xf8, 0xa2, 0x87, 0xf8, 0x20, 0x4f, 0xf8, 0x00, 0x25, 0xf8, 0x00, 0x0b, 0x00, 0x00, 0x00, 
  0xf8, 0x00, 0x01, 0xf8, 0xa3, 0x0d, 0xf8, 0x00, 0x26, 0xf8, 0x20, 0x4f, 0xf8, 0x82, 0x87, 0xf9, 0x85, 0xbf, 0xfa, 0x89, 0xe5, 0xfb, 0x6b, 0xf7, 0xfb, 0x6c, 0xf7, 0xfa, 0xa9, 0xe6, 0xf9, 0x85, 0xc2, 0xf8, 0x82, 0x88, 0xf8, 0x20, 0x4f, 0xf8, 0x00, 0x25, 0xf8, 0x00, 0x0c, 0x00, 0x00, 0x01, 
  0x00, 0x00, 0x01, 0xf8, 0x00, 0x0d, 0xf8, 0x41, 0x26, 0xf8, 0x00, 0x4f, 0xf8, 0x82, 0x87, 0xf9, 0x85, 0xbf, 0xfa, 0x89, 0xe6, 0xfb, 0x6c, 0xf8, 0xfb, 0x6b, 0xf7, 0xfa, 0xa9, 0xe7, 0xf9, 0x85, 0xc1, 0xf8, 0x82, 0x88, 0xf8, 0x00, 0x4f, 0xf8, 0x00, 0x25, 0xf8, 0xa3, 0x0c, 0x00, 0x00, 0x01, 
  0xf8, 0x00, 0x02, 0xf8, 0x00, 0x0d, 0xf8, 0x00, 0x26, 0xf8, 0x20, 0x4f, 0xf8, 0x82, 0x87, 0xf9, 0x65, 0xbf, 0xfa, 0x89, 0xe4, 0xfb, 0x6c, 0xf7, 0xfb, 0x6c, 0xf7, 0xfa, 0xa9, 0xe6, 0xf9, 0x85, 0xc2, 0xf8, 0x82, 0x86, 0xf8, 0x00, 0x4e, 0xf8, 0x00, 0x25, 0xf8, 0x00, 0x0c, 0x00, 0x00, 0x01, 
  0xf8, 0x00, 0x01, 0xf8, 0xa3, 0x0d, 0xf8, 0x00, 0x26, 0xf8, 0x00, 0x4f, 0xf8, 0x82, 0x87, 0xf9, 0x85, 0xbf, 0xfa, 0x89, 0xe4, 0xfb, 0x6b, 0xf7, 0xfb, 0x6b, 0xf7, 0xfa, 0xa9, 0xe6, 0xf9, 0x85, 0xc1, 0xf8, 0x82, 0x86, 0xf8, 0x00, 0x4e, 0xf8, 0x00, 0x25, 0xf8, 0x00, 0x0c, 0x00, 0x00, 0x01, 
  0x00, 0x00, 0x00, 0xf8, 0xa3, 0x0d, 0xf8, 0x00, 0x26, 0xf8, 0x00, 0x4f, 0xf8, 0x82, 0x87, 0xf9, 0x85, 0xc0, 0xfa, 0x89, 0xe4, 0xfb, 0x6b, 0xf7, 0xfb, 0x6c, 0xf7, 0xfa, 0xa9, 0xe6, 0xf9, 0x85, 0xc1, 0xf8, 0x82, 0x86, 0xf8, 0x20, 0x4e, 0xf8, 0x00, 0x25, 0xf8, 0x00, 0x0c, 0x00, 0x00, 0x01, 
  0xf8, 0x00, 0x01, 0xf8, 0xa3, 0x0d, 0xf8, 0x00, 0x26, 0xf8, 0x00, 0x50, 0xf8, 0x82, 0x87, 0xf9, 0x85, 0xbf, 0xfa, 0x89, 0xe5, 0xfb, 0x6b, 0xf6, 0xfb, 0x6c, 0xf7, 0xfa, 0xa9, 0xe6, 0xf9, 0x85, 0xc2, 0xf8, 0x82, 0x87, 0xf8, 0x00, 0x50, 0xf8, 0x00, 0x25, 0xf8, 0x00, 0x0b, 0x00, 0x00, 0x00, 
  0xf8, 0x00, 0x02, 0xf8, 0x00, 0x0e, 0xf8, 0x00, 0x27, 0xf8, 0x00, 0x51, 0xf8, 0x82, 0x87, 0xf9, 0x85, 0xbf, 0xfa, 0x89, 0xe6, 0xfb, 0x6c, 0xf7, 0xfb, 0x6c, 0xf7, 0xfa, 0xa9, 0xe7, 0xf9, 0x85, 0xc2, 0xf8, 0x82, 0x86, 0xf8, 0x00, 0x4f, 0xf8, 0x00, 0x26, 0xf8, 0xc3, 0x0b, 0x00, 0x00, 0x00, 
  0xf8, 0x00, 0x01, 0xf8, 0x00, 0x0e, 0xf8, 0x00, 0x26, 0xf8, 0x20, 0x4f, 0xf8, 0x82, 0x87, 0xf9, 0x85, 0xbf, 0xfa, 0x89, 0xe6, 0xfb, 0x6b, 0xf7, 0xfb, 0x6b, 0xf7, 0xfa, 0xa9, 0xe7, 0xf9, 0x85, 0xc2, 0xf8, 0x82, 0x88, 0xf8, 0x20, 0x4f, 0xf8, 0x00, 0x25, 0xf8, 0x00, 0x0b, 0x00, 0x00, 0x00, 
  0xf8, 0x00, 0x01, 0xf8, 0xa3, 0x0c, 0xf8, 0x00, 0x26, 0xf8, 0x20, 0x50, 0xf8, 0x81, 0x87, 0xf9, 0x85, 0xbf, 0xfa, 0x89, 0xe5, 0xfb, 0x6b, 0xf6, 0xfb, 0x6c, 0xf7, 0xfa, 0xa9, 0xe6, 0xf9, 0x85, 0xc1, 0xf8, 0x82, 0x88, 0xf8, 0x41, 0x4f, 0xf8, 0x00, 0x24, 0xf8, 0x00, 0x0b, 0x00, 0x00, 0x01, 
  0xf8, 0x00, 0x02, 0xf8, 0x00, 0x0c, 0xf8, 0x00, 0x26, 0xf8, 0x00, 0x50, 0xf8, 0x82, 0x87, 0xf9, 0x85, 0xbf, 0xfa, 0x89, 0xe5, 0xfb, 0x6c, 0xf6, 0xfb, 0x6c, 0xf7, 0xfa, 0xa9, 0xe7, 0xf9, 0x85, 0xc1, 0xf8, 0x82, 0x87, 0xf8, 0x00, 0x4f, 0xf8, 0x00, 0x25, 0xf8, 0xc3, 0x0b, 0x00, 0x00, 0x00, 
  0xf8, 0x00, 0x01, 0xf8, 0x00, 0x0d, 0xf8, 0x41, 0x27, 0xf8, 0x00, 0x50, 0xf8, 0x82, 0x87, 0xf9, 0x85, 0xbf, 0xfa, 0x89, 0xe6, 0xfb, 0x6b, 0xf7, 0xfb, 0x6b, 0xf7, 0xfa, 0xa9, 0xe7, 0xf9, 0x85, 0xc1, 0xf8, 0x82, 0x87, 0xf8, 0x00, 0x4f, 0xf8, 0x00, 0x25, 0xf8, 0xc3, 0x0b, 0x00, 0x00, 0x00, 
  0xf8, 0x00, 0x01, 0xf8, 0xa3, 0x0d, 0xf8, 0x00, 0x26, 0xf8, 0x00, 0x50, 0xf8, 0x82, 0x87, 0xf9, 0x85, 0xbf, 0xfa, 0xa9, 0xe6, 0xfb, 0x6b, 0xf7, 0xfb, 0x6b, 0xf7, 0xfa, 0xa9, 0xe6, 0xf9, 0x85, 0xc2, 0xf8, 0x82, 0x87, 0xf8, 0x20, 0x4f, 0xf8, 0x00, 0x25, 0xf8, 0x00, 0x0b, 0x00, 0x00, 0x00, 
  0xf8, 0x00, 0x02, 0xf8, 0xa3, 0x0d, 0xf8, 0x00, 0x25, 0xf8, 0x00, 0x4f, 0xf8, 0x82, 0x87, 0xf9, 0x85, 0xbf, 0xfa, 0xa9, 0xe5, 0xfb, 0x6b, 0xf6, 0xfb, 0x6b, 0xf7, 0xfa, 0xa9, 0xe6, 0xf9, 0x85, 0xc1, 0xf8, 0x82, 0x87, 0xf8, 0x20, 0x4f, 0xf8, 0x00, 0x25, 0xf8, 0x00, 0x0b, 0x00, 0x00, 0x00, 
  0x00, 0x00, 0x01, 0xf8, 0x00, 0x0e, 0xf8, 0x41, 0x26, 0xf8, 0x00, 0x4f, 0xf8, 0x82, 0x88, 0xf9, 0x85, 0xbf, 0xfa, 0x89, 0xe5, 0xfb, 0x6b, 0xf7, 0xfb, 0x6c, 0xf6, 0xfa, 0xa9, 0xe5, 0xf9, 0x85, 0xc1, 0xf8, 0x82, 0x87, 0xf8, 0x00, 0x4f, 0xf8, 0x00, 0x25, 0xf8, 0x00, 0x0c, 0x00, 0x00, 0x01, 
  0xf8, 0x00, 0x01, 0xf8, 0x00, 0x0d, 0xf8, 0x00, 0x26, 0xf8, 0x00, 0x4e, 0xf8, 0x81, 0x86, 0xf9, 0x85, 0xbf, 0xfa, 0xa9, 0xe5, 0xfb, 0x6c, 0xf7, 0xfb, 0x6c, 0xf5, 0xfa, 0xa9, 0xe6, 0xf9, 0x85, 0xc1, 0xf8, 0x82, 0x86, 0xf8, 0x00, 0x4d, 0xf8, 0x00, 0x25, 0xf8, 0xc3, 0x0b, 0x00, 0x00, 0x00, 
  0xf8, 0x00, 0x01, 0xf8, 0xa3, 0x0c, 0xf8, 0x00, 0x25, 0xf8, 0x00, 0x4e, 0xf8, 0x82, 0x85, 0xf9, 0x85, 0xbe, 0xfa, 0x89, 0xe4, 0xfb, 0x6c, 0xf6, 0xfb, 0x6c, 0xf6, 0xfa, 0xa9, 0xe5, 0xf9, 0x85, 0xbe, 0xf8, 0x82, 0x85, 0xf8, 0x00, 0x4c, 0xf8, 0x00, 0x24, 0xf8, 0x00, 0x0b, 0x00, 0x00, 0x00, 
  0xf8, 0x00, 0x01, 0xf8, 0x00, 0x0c, 0xf8, 0x00, 0x23, 0xf8, 0x00, 0x4d, 0xf8, 0x82, 0x85, 0xf9, 0x85, 0xbd, 0xfa, 0xa9, 0xe4, 0xfb, 0x6c, 0xf5, 0xfb, 0x6c, 0xf5, 0xfa, 0xa9, 0xe5, 0xf9, 0xa5, 0xbe, 0xf8, 0xa2, 0x82, 0xf8, 0x00, 0x4b, 0xf8, 0x00, 0x22, 0xf8, 0x00, 0x0a, 0x00, 0x00, 0x00, 
  0xf8, 0x00, 0x01, 0xf8, 0xc3, 0x0b, 0xf8, 0x00, 0x22, 0xf8, 0x20, 0x4b, 0xf8, 0xa2, 0x82, 0xf9, 0x65, 0xbc, 0xfa, 0xa9, 0xe3, 0xfb, 0x8c, 0xf4, 0xfb, 0x6c, 0xf4, 0xfa, 0xa9, 0xe4, 0xf9, 0x85, 0xbc, 0xf8, 0xa2, 0x81, 0xf8, 0x20, 0x4a, 0xf8, 0x00, 0x22, 0xf8, 0xe3, 0x0a, 0x00, 0x00, 0x00, 
  0x00, 0x00, 0x00, 0xf8, 0x00, 0x0b, 0xf8, 0x00, 0x22, 0xf8, 0x20, 0x4a, 0xf8, 0x82, 0x81, 0xf9, 0x85, 0xbc, 0xfa, 0xa9, 0xe3, 0xfb, 0x6c, 0xf5, 0xfb, 0x6c, 0xf5, 0xfa, 0xa9, 0xe3, 0xf9, 0x86, 0xbb, 0xf8, 0xa2, 0x81, 0xf8, 0x20, 0x49, 0xf8, 0x00, 0x22, 0xf8, 0xe3, 0x0a, 0x00, 0x00, 0x00, 
  0x00, 0x00, 0x00, 0xf8, 0xc3, 0x0b, 0xf8, 0x00, 0x22, 0xf8, 0x20, 0x4a, 0xf8, 0x82, 0x81, 0xf9, 0x85, 0xbc, 0xfa, 0xa9, 0xe3, 0xfb, 0x6c, 0xf5, 0xfb, 0x6c, 0xf5, 0xfa, 0xa9, 0xe4, 0xf9, 0x86, 0xbb, 0xf8, 0xa2, 0x80, 0xf8, 0x20, 0x49, 0xf8, 0x00, 0x22, 0xf8, 0xe3, 0x0a, 0x00, 0x00, 0x00, 
  0x00, 0x00, 0x00, 0xf9, 0xa6, 0x0a, 0xf8, 0x00, 0x22, 0xf8, 0x20, 0x4a, 0xf8, 0xa2, 0x81, 0xf9, 0x85, 0xba, 0xfa, 0xa9, 0xe3, 0xfb, 0x8c, 0xf4, 0xfb, 0x6c, 0xf5, 0xfa, 0xa9, 0xe4, 0xf9, 0x86, 0xba, 0xf8, 0xa2, 0x80, 0xf8, 0x21, 0x48, 0xf8, 0x00, 0x21, 0xf8, 0x00, 0x0a, 0x00, 0x00, 0x00, 
  0x00, 0x00, 0x00, 0xf8, 0xc3, 0x0b, 0xf8, 0x00, 0x22, 0xf8, 0x00, 0x49, 0xf8, 0xa2, 0x80, 0xf9, 0x85, 0xba, 0xfa, 0xa9, 0xe2, 0xfb, 0x6c, 0xf4, 0xfb, 0x6c, 0xf5, 0xfa, 0xa9, 0xe3, 0xf9, 0x85, 0xbb, 0xf8, 0xa2, 0x80, 0xf8, 0x00, 0x49, 0xf8, 0x00, 0x21, 0xf8, 0x00, 0x0a, 0x00, 0x00, 0x00, 
  0x00, 0x00, 0x00, 0xf8, 0xc3, 0x0b, 0xf8, 0x00, 0x22, 0xf8, 0x20, 0x48, 0xf8, 0x82, 0x80, 0xf9, 0x85, 0xba, 0xfa, 0xa9, 0xe3, 0xfb, 0x6c, 0xf5, 0xfb, 0x6c, 0xf5, 0xfa, 0xa9, 0xe3, 0xf9, 0x85, 0xbc, 0xf8, 0xa2, 0x80, 0xf8, 0x20, 0x49, 0xf8, 0x00, 0x22, 0xf8, 0x00, 0x0a, 0x00, 0x00, 0x00, 
  0x00, 0x00, 0x00, 0xf8, 0x00, 0x0a, 0xf8, 0x00, 0x22, 0xf8, 0x20, 0x49, 0xf8, 0x82, 0x80, 0xf9, 0x85, 0xbb, 0xfa, 0x89, 0xe3, 0xfb, 0x6c, 0xf6, 0xfb, 0x6c, 0xf5, 0xfa, 0xa9, 0xe3, 0xf9, 0xa6, 0xbb, 0xf8, 0xa2, 0x80, 0xf8, 0x20, 0x49, 0xf8, 0x01, 0x21, 0xf8, 0x00, 0x0a, 0x00, 0x00, 0x00, 
  0x00, 0x00, 0x00, 0xf8, 0x00, 0x0a, 0xf8, 0x00, 0x22, 0xf8, 0x20, 0x49, 0xf8, 0xa2, 0x80, 0xf9, 0x85, 0xba, 0xfa, 0xa9, 0xe2, 0xfb, 0x6c, 0xf5, 0xfb, 0x6c, 0xf5, 0xfa, 0xa9, 0xe3, 0xf9, 0x85, 0xba, 0xf8, 0xa2, 0x81, 0xf8, 0x00, 0x49, 0xf8, 0x00, 0x21, 0xf8, 0x00, 0x0a, 0x00, 0x00, 0x00, 
  0x00, 0x00, 0x00, 0xf8, 0xe3, 0x0a, 0xf8, 0x00, 0x21, 0xf8, 0x41, 0x49, 0xf8, 0xa2, 0x81, 0xf9, 0x85, 0xba, 0xfa, 0xa9, 0xe2, 0xfb, 0x6c, 0xf4, 0xfb, 0x6c, 0xf5, 0xfa, 0xa9, 0xe4, 0xf9, 0x85, 0xbc, 0xf8, 0xa2, 0x80, 0xf8, 0x21, 0x48, 0xf8, 0x00, 0x22, 0xf8, 0x00, 0x0a, 0x00, 0x00, 0x00, 
  0x00, 0x00, 0x00, 0xf8, 0xc3, 0x0b, 0xf8, 0x00, 0x22, 0xf8, 0x20, 0x49, 0xf8, 0x82, 0x80, 0xf9, 0x85, 0xba, 0xfa, 0xa9, 0xe2, 0xfb, 0x6c, 0xf5, 0xfb, 0x6c, 0xf5, 0xfa, 0xa9, 0xe4, 0xf9, 0x85, 0xbb, 0xf8, 0xa2, 0x80, 0xf8, 0x20, 0x49, 0xf8, 0x41, 0x22, 0xf8, 0x00, 0x0a, 0x00, 0x00, 0x00, 
  0x00, 0x00, 0x00, 0xf9, 0xa6, 0x0a, 0xf8, 0x00, 0x22, 0xf8, 0x00, 0x49, 0xf8, 0x82, 0x80, 0xf9, 0x65, 0xb9, 0xfa, 0x89, 0xe2, 0xfb, 0x4b, 0xf5, 0xfb, 0x6b, 0xf4, 0xfa, 0x89, 0xe2, 0xf9, 0x85, 0xbb, 0xf8, 0x82, 0x7f, 0xf8, 0x00, 0x49, 0xf8, 0x00, 0x22, 0xf8, 0x00, 0x09, 0x00, 0x00, 0x00, 
  0x00, 0x00, 0x00, 0xf8, 0xe3, 0x0a, 0xf8, 0x00, 0x22, 0xf8, 0x00, 0x48, 0xf8, 0x82, 0x7f, 0xf9, 0x45, 0xb9, 0xfa, 0x48, 0xe1, 0xfa, 0xea, 0xf3, 0xfa, 0xea, 0xf3, 0xfa, 0x48, 0xe0, 0xf9, 0x65, 0xba, 0xf8, 0x82, 0x80, 0xf8, 0x00, 0x49, 0xf8, 0x00, 0x21, 0xf8, 0x00, 0x0a, 0x00, 0x00, 0x00, 
  0x00, 0x00, 0x00, 0xf8, 0x00, 0x0b, 0xf8, 0x00, 0x22, 0xf8, 0x21, 0x48, 0xf8, 0x61, 0x7e, 0xf9, 0x04, 0xb6, 0xf9, 0xc6, 0xde, 0xfa, 0x48, 0xf0, 0xfa, 0x48, 0xf1, 0xf9, 0xe6, 0xdd, 0xf9, 0x04, 0xb7, 0xf8, 0x82, 0x7e, 0xf8, 0x00, 0x49, 0xf8, 0x41, 0x22, 0xf8, 0x00, 0x0a, 0x00, 0x00, 0x00, 
  0x00, 0x00, 0x00, 0xf8, 0x00, 0x0a, 0xf8, 0x41, 0x22, 0xf8, 0x00, 0x48, 0xf8, 0x41, 0x7d, 0xf8, 0xa2, 0xb4, 0xf9, 0x04, 0xdb, 0xf9, 0x65, 0xee, 0xf9, 0x65, 0xef, 0xf9, 0x24, 0xda, 0xf8, 0xa2, 0xb3, 0xf8, 0x41, 0x7d, 0xf8, 0x21, 0x48, 0xf8, 0x00, 0x21, 0xf8, 0x00, 0x0a, 0x00, 0x00, 0x00, 
  0x00, 0x00, 0x00, 0xf8, 0x00, 0x0a, 0xf8, 0x00, 0x22, 0xf8, 0x21, 0x48, 0xf8, 0x20, 0x7a, 0xf8, 0x41, 0xaf, 0xf8, 0x82, 0xd7, 0xf8, 0xa2, 0xec, 0xf8, 0xa2, 0xeb, 0xf8, 0x82, 0xd6, 0xf8, 0x41, 0xaf, 0xf8, 0x20, 0x7b, 0xf8, 0x00, 0x48, 0xf8, 0x00, 0x22, 0xf8, 0xe3, 0x0a, 0x00, 0x00, 0x00, 
  0x00, 0x00, 0x00, 0xf8, 0x00, 0x09, 0xf8, 0x00, 0x20, 0xf8, 0x21, 0x46, 0xf8, 0x20, 0x79, 0xf8, 0x00, 0xac, 0xf8, 0x21, 0xd4, 0xf8, 0x21, 0xea, 0xf8, 0x21, 0xe9, 0xf8, 0x21, 0xd4, 0xf8, 0x20, 0xac, 0xf8, 0x20, 0x78, 0xf8, 0x21, 0x45, 0xf8, 0x41, 0x20, 0xf8, 0x00, 0x09, 0x00, 0x00, 0x00, 
  0x00, 0x00, 0x00, 0xf8, 0x00, 0x08, 0xf8, 0x41, 0x1d, 0xf8, 0x00, 0x41, 0xf8, 0x00, 0x72, 0xf8, 0x00, 0xa4, 0xf8, 0x00, 0xcc, 0xf8, 0x00, 0xe3, 0xf8, 0x00, 0xe3, 0xf8, 0x00, 0xcd, 0xf8, 0x00, 0xa3, 0xf8, 0x00, 0x71, 0xf8, 0x00, 0x42, 0xf8, 0x00, 0x1d, 0xf9, 0x04, 0x08, 0x00, 0x00, 0x00, 
  0x00, 0x00, 0x00, 0xf9, 0x65, 0x06, 0xf8, 0x61, 0x19, 0xf8, 0x00, 0x38, 0xf8, 0x00, 0x65, 0xf8, 0x00, 0x96, 0xf8, 0x00, 0xbd, 0xf8, 0x00, 0xd3, 0xf8, 0x00, 0xd3, 0xf8, 0x00, 0xbd, 0xf8, 0x00, 0x96, 0xf8, 0x00, 0x66, 0xf8, 0x21, 0x39, 0xf8, 0x00, 0x18, 0xf8, 0x00, 0x07, 0x00, 0x00, 0x00, 
  0x00, 0x00, 0x00, 0xfc, 0x10, 0x04, 0xf8, 0x00, 0x12, 0xf8, 0x00, 0x2c, 0xf8, 0x00, 0x52, 0xf8, 0x00, 0x7f, 0xf8, 0x00, 0xa2, 0xf8, 0x00, 0xb7, 0xf8, 0x00, 0xb6, 0xf8, 0x20, 0xa2, 0xf8, 0x20, 0x7e, 0xf8, 0x00, 0x53, 0xf8, 0x41, 0x2e, 0xf8, 0x00, 0x13, 0xf8, 0x00, 0x04, 0x00, 0x00, 0x00, 
  0x00, 0x00, 0x00, 0xf8, 0x00, 0x02, 0xf8, 0x00, 0x0c, 0xf8, 0x41, 0x20, 0xf8, 0x00, 0x3c, 0xf8, 0x00, 0x60, 0xf8, 0x00, 0x7d, 0xf8, 0x00, 0x8e, 0xf8, 0x00, 0x8d, 0xf8, 0x00, 0x7d, 0xf8, 0x21, 0x5e, 0xf8, 0x00, 0x3c, 0xf8, 0x00, 0x20, 0xf8, 0x00, 0x0c, 0xf8, 0x00, 0x02, 0x00, 0x00, 0x00, 
  0x00, 0x00, 0x00, 0x00, 0x00, 0x01, 0xf9, 0x25, 0x07, 0xf8, 0x00, 0x13, 0xf8, 0x41, 0x25, 0xf8, 0x00, 0x3e, 0xf8, 0x00, 0x53, 0xf8, 0x00, 0x5f, 0xf8, 0x00, 0x5f, 0xf8, 0x00, 0x53, 0xf8, 0x00, 0x3d, 0xf8, 0x41, 0x26, 0xf8, 0x00, 0x13, 0xf8, 0x00, 0x06, 0xf8, 0x00, 0x01, 0x00, 0x00, 0x00, 
  0x00, 0x00, 0x00, 0x00, 0x00, 0x00, 0xfc, 0x10, 0x02, 0xf8, 0x00, 0x09, 0xf8, 0x00, 0x15, 0xf8, 0x00, 0x21, 0xf8, 0x41, 0x2e, 0xf8, 0x00, 0x37, 0xf8, 0x00, 0x36, 0xf8, 0x00, 0x2f, 0xf8, 0x00, 0x22, 0xf8, 0x00, 0x14, 0xf8, 0x00, 0x09, 0xfa, 0xab, 0x03, 0x00, 0x00, 0x00, 0x00, 0x00, 0x00, 
  0x00, 0x00, 0x00, 0x00, 0x00, 0x00, 0x00, 0x00, 0x00, 0xfa, 0xab, 0x03, 0xf8, 0x00, 0x08, 0xf8, 0x00, 0x0e, 0xf8, 0x00, 0x15, 0xf8, 0x00, 0x19, 0xf8, 0x00, 0x19, 0xf8, 0x00, 0x16, 0xf8, 0x00, 0x11, 0xf8, 0x00, 0x0a, 0xf8, 0x00, 0x04, 0xff, 0xff, 0x01, 0x00, 0x00, 0x00, 0x00, 0x00, 0x00, 
  0x00, 0x00, 0x00, 0x00, 0x00, 0x00, 0x00, 0x00, 0x00, 0x00, 0x00, 0x00, 0xfc, 0x10, 0x02, 0xd0, 0x00, 0x05, 0xf8, 0x00, 0x06, 0xf8, 0x00, 0x08, 0xf8, 0x00, 0x08, 0xf8, 0x00, 0x07, 0xf8, 0x00, 0x05, 0xf8, 0x00, 0x03, 0xf8, 0x00, 0x01, 0x00, 0x00, 0x00, 0x00, 0x00, 0x00, 0x00, 0x00, 0x00, 
  0x00, 0x00, 0x00, 0x00, 0x00, 0x00, 0x00, 0x00, 0x00, 0x00, 0x00, 0x00, 0x00, 0x00, 0x00, 0x00, 0x00, 0x00, 0xff, 0xff, 0x01, 0xf8, 0x00, 0x02, 0xf8, 0x00, 0x01, 0xff, 0xff, 0x01, 0x00, 0x00, 0x00, 0xff, 0xff, 0x01, 0x00, 0x00, 0x00, 0x00, 0x00, 0x00, 0x00, 0x00, 0x00, 0x00, 0x00, 0x00, 
#endif
#if LV_COLOR_DEPTH == 32
  0x00, 0x00, 0x00, 0x00, 0x00, 0x00, 0x00, 0x00, 0x00, 0x00, 0x00, 0x00, 0x00, 0x00, 0x00, 0x00, 0x00, 0x00, 0xff, 0x01, 0x00, 0x00, 0xff, 0x01, 0x00, 0x00, 0xff, 0x01, 0x00, 0x00, 0xff, 0x01, 0x00, 0x00, 0xff, 0x01, 0x00, 0x00, 0xff, 0x01, 0x00, 0x00, 0xff, 0x01, 0x00, 0x00, 0xff, 0x01, 0xff, 0xff, 0xff, 0x01, 0x00, 0x00, 0xff, 0x01, 0x00, 0x00, 0x00, 0x00, 0x00, 0x00, 0x00, 0x00, 
  0x00, 0x00, 0x00, 0x00, 0xff, 0xff, 0xff, 0x01, 0x00, 0x00, 0xff, 0x03, 0x00, 0x00, 0xd4, 0x06, 0x00, 0x00, 0xff, 0x08, 0x00, 0x00, 0xff, 0x08, 0x00, 0x00, 0xff, 0x09, 0x00, 0x00, 0xff, 0x0b, 0x00, 0x00, 0xff, 0x0b, 0x00, 0x00, 0xff, 0x0a, 0x00, 0x00, 0xff, 0x0a, 0x00, 0x00, 0xff, 0x08, 0x33, 0x33, 0xff, 0x05, 0x00, 0x00, 0xff, 0x03, 0x00, 0x00, 0xff, 0x01, 0x00, 0x00, 0x00, 0x00, 
  0x00, 0x00, 0x00, 0x01, 0x33, 0x33, 0xff, 0x05, 0x00, 0x00, 0xff, 0x0a, 0x0e, 0x0e, 0xff, 0x12, 0x00, 0x00, 0xff, 0x19, 0x09, 0x09, 0xff, 0x1e, 0x10, 0x10, 0xff, 0x20, 0x0f, 0x0f, 0xff, 0x22, 0x0f, 0x0f, 0xff, 0x23, 0x0f, 0x0f, 0xff, 0x21, 0x00, 0x00, 0xff, 0x1c, 0x0b, 0x0b, 0xff, 0x18, 0x0f, 0x0f, 0xff, 0x11, 0x00, 0x00, 0xff, 0x0a, 0x00, 0x00, 0xff, 0x05, 0x00, 0x00, 0xff, 0x01, 
  0x00, 0x00, 0xff, 0x03, 0x1a, 0x1a, 0xff, 0x0a, 0x00, 0x00, 0xff, 0x14, 0x07, 0x07, 0xff, 0x23, 0x05, 0x05, 0xff, 0x33, 0x0c, 0x0c, 0xff, 0x40, 0x16, 0x16, 0xff, 0x47, 0x1e, 0x1e, 0xff, 0x4d, 0x17, 0x17, 0xff, 0x4d, 0x12, 0x12, 0xff, 0x47, 0x0c, 0x0c, 0xff, 0x3e, 0x0a, 0x0a, 0xff, 0x32, 0x00, 0x00, 0xff, 0x23, 0x00, 0x00, 0xff, 0x15, 0x00, 0x00, 0xff, 0x0a, 0x00, 0x00, 0xff, 0x03, 
  0x00, 0x00, 0xff, 0x04, 0x00, 0x00, 0xff, 0x0f, 0x00, 0x00, 0xff, 0x23, 0x04, 0x04, 0xff, 0x3c, 0x06, 0x06, 0xff, 0x57, 0x10, 0x12, 0xff, 0x6f, 0x1e, 0x24, 0xff, 0x7f, 0x2b, 0x34, 0xff, 0x8a, 0x29, 0x2f, 0xff, 0x89, 0x1e, 0x24, 0xff, 0x7f, 0x10, 0x15, 0xff, 0x6f, 0x06, 0x09, 0xff, 0x57, 0x00, 0x00, 0xff, 0x3d, 0x00, 0x00, 0xff, 0x23, 0x10, 0x10, 0xff, 0x10, 0x00, 0x00, 0xff, 0x04, 
  0x00, 0x00, 0xff, 0x06, 0x00, 0x00, 0xff, 0x16, 0x00, 0x00, 0xff, 0x31, 0x00, 0x00, 0xff, 0x56, 0x08, 0x0a, 0xff, 0x7d, 0x1a, 0x1d, 0xff, 0x9e, 0x2d, 0x34, 0xff, 0xb5, 0x3d, 0x45, 0xff, 0xc3, 0x3c, 0x47, 0xff, 0xc3, 0x2f, 0x36, 0xff, 0xb7, 0x18, 0x1d, 0xff, 0x9d, 0x08, 0x0a, 0xff, 0x7c, 0x03, 0x03, 0xff, 0x56, 0x00, 0x00, 0xff, 0x32, 0x00, 0x00, 0xff, 0x17, 0x00, 0x00, 0xff, 0x06, 
  0x00, 0x00, 0xff, 0x08, 0x09, 0x09, 0xff, 0x1c, 0x00, 0x00, 0xff, 0x3c, 0x00, 0x00, 0xff, 0x69, 0x0a, 0x0c, 0xff, 0x99, 0x21, 0x25, 0xff, 0xc0, 0x3a, 0x43, 0xff, 0xda, 0x4d, 0x58, 0xff, 0xe7, 0x4d, 0x5b, 0xff, 0xe7, 0x3a, 0x45, 0xff, 0xda, 0x20, 0x25, 0xff, 0xbf, 0x0a, 0x0c, 0xff, 0x97, 0x00, 0x00, 0xff, 0x69, 0x00, 0x00, 0xff, 0x3e, 0x00, 0x00, 0xff, 0x1c, 0x00, 0x00, 0xff, 0x07, 
  0x00, 0x00, 0xff, 0x08, 0x09, 0x09, 0xff, 0x1e, 0x00, 0x00, 0xff, 0x42, 0x00, 0x00, 0xff, 0x74, 0x0c, 0x0c, 0xff, 0xa9, 0x23, 0x28, 0xff, 0xd3, 0x3f, 0x4a, 0xff, 0xed, 0x56, 0x66, 0xff, 0xf8, 0x58, 0x66, 0xff, 0xf6, 0x3f, 0x4b, 0xff, 0xed, 0x24, 0x2b, 0xff, 0xd4, 0x0b, 0x0e, 0xff, 0xa9, 0x02, 0x02, 0xff, 0x75, 0x04, 0x00, 0xff, 0x45, 0x00, 0x00, 0xff, 0x1f, 0x00, 0x00, 0xff, 0x08, 
  0x00, 0x00, 0xff, 0x09, 0x00, 0x00, 0xff, 0x20, 0x00, 0x00, 0xff, 0x45, 0x00, 0x00, 0xff, 0x79, 0x0a, 0x0b, 0xff, 0xb2, 0x23, 0x27, 0xff, 0xdc, 0x41, 0x4d, 0xff, 0xf3, 0x59, 0x69, 0xff, 0xfe, 0x5c, 0x69, 0xff, 0xfd, 0x43, 0x4d, 0xff, 0xf4, 0x25, 0x2b, 0xff, 0xda, 0x0c, 0x0e, 0xff, 0xb0, 0x00, 0x00, 0xff, 0x7a, 0x00, 0x00, 0xff, 0x46, 0x00, 0x00, 0xff, 0x20, 0x00, 0x00, 0xff, 0x08, 
  0x00, 0x00, 0xff, 0x09, 0x00, 0x00, 0xff, 0x20, 0x00, 0x00, 0xff, 0x46, 0x00, 0x00, 0xff, 0x79, 0x0a, 0x0b, 0xff, 0xb2, 0x23, 0x28, 0xff, 0xdd, 0x41, 0x4b, 0xff, 0xf4, 0x59, 0x68, 0xff, 0xfe, 0x5c, 0x6a, 0xff, 0xfd, 0x44, 0x4e, 0xff, 0xf4, 0x24, 0x2a, 0xff, 0xdb, 0x0c, 0x0e, 0xff, 0xb1, 0x00, 0x00, 0xff, 0x7b, 0x04, 0x04, 0xff, 0x48, 0x00, 0x00, 0xff, 0x21, 0x00, 0x00, 0xff, 0x08, 
  0x00, 0x00, 0xff, 0x08, 0x08, 0x08, 0xff, 0x20, 0x00, 0x00, 0xff, 0x46, 0x00, 0x00, 0xff, 0x79, 0x0a, 0x0c, 0xff, 0xb0, 0x23, 0x29, 0xff, 0xdc, 0x41, 0x4c, 0xff, 0xf4, 0x59, 0x68, 0xff, 0xfe, 0x5a, 0x69, 0xff, 0xfd, 0x44, 0x4e, 0xff, 0xf4, 0x24, 0x2a, 0xff, 0xdd, 0x0c, 0x0e, 0xff, 0xb1, 0x00, 0x00, 0xff, 0x7a, 0x00, 0x00, 0xff, 0x47, 0x00, 0x00, 0xff, 0x21, 0x00, 0x00, 0xff, 0x08, 
  0x00, 0x00, 0xff, 0x08, 0x08, 0x08, 0xff, 0x20, 0x04, 0x04, 0xff, 0x46, 0x00, 0x00, 0xff, 0x79, 0x0a, 0x0c, 0xff, 0xb1, 0x24, 0x28, 0xff, 0xdd, 0x41, 0x4d, 0xff, 0xf3, 0x5a, 0x68, 0xff, 0xfe, 0x5a, 0x69, 0xff, 0xfd, 0x44, 0x4e, 0xff, 0xf3, 0x24, 0x2a, 0xff, 0xdc, 0x0c, 0x0d, 0xff, 0xb0, 0x00, 0x00, 0xff, 0x79, 0x00, 0x00, 0xff, 0x46, 0x08, 0x08, 0xff, 0x21, 0x00, 0x00, 0xff, 0x09, 
  0x00, 0x00, 0xff, 0x09, 0x00, 0x00, 0xff, 0x1f, 0x00, 0x00, 0xff, 0x45, 0x00, 0x00, 0xff, 0x79, 0x0a, 0x0b, 0xff, 0xb2, 0x23, 0x28, 0xff, 0xdd, 0x41, 0x4c, 0xff, 0xf4, 0x59, 0x68, 0xff, 0xfe, 0x5b, 0x6a, 0xff, 0xfd, 0x45, 0x4e, 0xff, 0xf3, 0x25, 0x2a, 0xff, 0xdc, 0x0c, 0x0d, 0xff, 0xb0, 0x00, 0x00, 0xff, 0x7b, 0x00, 0x00, 0xff, 0x47, 0x00, 0x00, 0xff, 0x20, 0x00, 0x00, 0xff, 0x08, 
  0x00, 0x00, 0xff, 0x08, 0x09, 0x09, 0xff, 0x1e, 0x04, 0x04, 0xff, 0x43, 0x00, 0x00, 0xff, 0x78, 0x0a, 0x0c, 0xff, 0xb1, 0x24, 0x29, 0xff, 0xdc, 0x41, 0x4c, 0xff, 0xf3, 0x59, 0x68, 0xff, 0xfc, 0x5b, 0x6a, 0xff, 0xfd, 0x44, 0x4e, 0xff, 0xf3, 0x24, 0x2a, 0xff, 0xdb, 0x0c, 0x0e, 0xff, 0xb0, 0x00, 0x00, 0xff, 0x7a, 0x00, 0x00, 0xff, 0x46, 0x08, 0x08, 0xff, 0x20, 0x00, 0x00, 0xff, 0x08, 
  0x00, 0x00, 0xff, 0x08, 0x00, 0x00, 0xff, 0x1e, 0x04, 0x04, 0xff, 0x43, 0x00, 0x00, 0xff, 0x79, 0x0a, 0x0d, 0xff, 0xb1, 0x23, 0x29, 0xff, 0xdc, 0x42, 0x4c, 0xff, 0xf4, 0x59, 0x68, 0xff, 0xfe, 0x5b, 0x69, 0xff, 0xfd, 0x44, 0x4d, 0xff, 0xf4, 0x25, 0x2a, 0xff, 0xda, 0x0c, 0x0d, 0xff, 0xae, 0x00, 0x00, 0xff, 0x78, 0x00, 0x00, 0xff, 0x46, 0x08, 0x08, 0xff, 0x20, 0x00, 0x00, 0xff, 0x08, 
  0x00, 0x00, 0xff, 0x08, 0x00, 0x00, 0xff, 0x1d, 0x00, 0x00, 0xff, 0x42, 0x00, 0x00, 0xff, 0x76, 0x0a, 0x0d, 0xff, 0xae, 0x24, 0x29, 0xff, 0xdc, 0x43, 0x4d, 0xff, 0xf3, 0x59, 0x69, 0xff, 0xfd, 0x5b, 0x6a, 0xff, 0xfd, 0x44, 0x4f, 0xff, 0xf3, 0x27, 0x2a, 0xff, 0xda, 0x0d, 0x0d, 0xff, 0xae, 0x00, 0x00, 0xff, 0x77, 0x00, 0x00, 0xff, 0x45, 0x08, 0x08, 0xff, 0x1f, 0x00, 0x00, 0xff, 0x09, 
  0x00, 0x00, 0xff, 0x07, 0x09, 0x09, 0xff, 0x1d, 0x00, 0x00, 0xff, 0x40, 0x00, 0x00, 0xff, 0x73, 0x0a, 0x0c, 0xff, 0xae, 0x23, 0x28, 0xff, 0xdb, 0x41, 0x4e, 0xff, 0xf3, 0x5a, 0x69, 0xff, 0xfc, 0x5b, 0x6a, 0xff, 0xfd, 0x44, 0x4f, 0xff, 0xf3, 0x26, 0x2b, 0xff, 0xd9, 0x0d, 0x0d, 0xff, 0xac, 0x02, 0x02, 0xff, 0x75, 0x00, 0x00, 0xff, 0x44, 0x00, 0x00, 0xff, 0x1f, 0x24, 0x24, 0xff, 0x07, 
  0x00, 0x00, 0xff, 0x07, 0x09, 0x09, 0xff, 0x1c, 0x00, 0x00, 0xff, 0x40, 0x00, 0x00, 0xff, 0x73, 0x0c, 0x0d, 0xff, 0xae, 0x23, 0x29, 0xff, 0xdb, 0x41, 0x4c, 0xff, 0xf3, 0x5a, 0x68, 0xff, 0xfe, 0x5c, 0x69, 0xff, 0xfd, 0x43, 0x50, 0xff, 0xf2, 0x26, 0x2a, 0xff, 0xd8, 0x0d, 0x0f, 0xff, 0xab, 0x02, 0x02, 0xff, 0x74, 0x00, 0x00, 0xff, 0x43, 0x00, 0x00, 0xff, 0x1e, 0x24, 0x24, 0xff, 0x07, 
  0x00, 0x00, 0xff, 0x07, 0x13, 0x13, 0xff, 0x1b, 0x00, 0x00, 0xff, 0x3e, 0x00, 0x00, 0xff, 0x72, 0x0c, 0x0d, 0xff, 0xad, 0x23, 0x29, 0xff, 0xdb, 0x42, 0x4d, 0xff, 0xf3, 0x5a, 0x69, 0xff, 0xfd, 0x5a, 0x69, 0xff, 0xfc, 0x43, 0x4e, 0xff, 0xf3, 0x26, 0x2b, 0xff, 0xd7, 0x0e, 0x0f, 0xff, 0xaa, 0x00, 0x00, 0xff, 0x73, 0x00, 0x00, 0xff, 0x41, 0x00, 0x00, 0xff, 0x1c, 0x00, 0x00, 0xff, 0x07, 
  0x00, 0x00, 0xff, 0x06, 0x0a, 0x0a, 0xff, 0x1a, 0x00, 0x00, 0xff, 0x3e, 0x00, 0x00, 0xff, 0x72, 0x0c, 0x0d, 0xff, 0xac, 0x24, 0x28, 0xff, 0xda, 0x43, 0x4d, 0xff, 0xf3, 0x59, 0x68, 0xff, 0xfc, 0x5a, 0x69, 0xff, 0xfc, 0x43, 0x4d, 0xff, 0xf3, 0x26, 0x2a, 0xff, 0xd8, 0x0c, 0x0e, 0xff, 0xaa, 0x00, 0x00, 0xff, 0x72, 0x04, 0x04, 0xff, 0x40, 0x09, 0x09, 0xff, 0x1c, 0x00, 0x00, 0xff, 0x07, 
  0x00, 0x00, 0xff, 0x05, 0x00, 0x00, 0xff, 0x1a, 0x00, 0x00, 0xff, 0x3e, 0x00, 0x00, 0xff, 0x72, 0x0a, 0x0d, 0xff, 0xac, 0x24, 0x29, 0xff, 0xd9, 0x42, 0x4d, 0xff, 0xf3, 0x59, 0x68, 0xff, 0xfd, 0x5b, 0x69, 0xff, 0xfc, 0x43, 0x4f, 0xff, 0xf2, 0x26, 0x2c, 0xff, 0xd7, 0x0c, 0x0e, 0xff, 0xaa, 0x00, 0x00, 0xff, 0x72, 0x04, 0x04, 0xff, 0x41, 0x00, 0x00, 0xff, 0x1d, 0x00, 0x00, 0xff, 0x07, 
  0x00, 0x00, 0xff, 0x06, 0x00, 0x00, 0xff, 0x1a, 0x00, 0x00, 0xff, 0x3e, 0x00, 0x00, 0xff, 0x72, 0x0a, 0x0d, 0xff, 0xac, 0x25, 0x29, 0xff, 0xdb, 0x41, 0x4c, 0xff, 0xf3, 0x5a, 0x69, 0xff, 0xfd, 0x5b, 0x69, 0xff, 0xfc, 0x43, 0x4f, 0xff, 0xf2, 0x26, 0x2a, 0xff, 0xd8, 0x0c, 0x0e, 0xff, 0xaa, 0x00, 0x00, 0xff, 0x72, 0x00, 0x00, 0xff, 0x41, 0x00, 0x00, 0xff, 0x1d, 0x00, 0x00, 0xff, 0x06, 
  0x00, 0x00, 0xff, 0x06, 0x00, 0x00, 0xff, 0x1b, 0x00, 0x00, 0xff, 0x3e, 0x02, 0x02, 0xff, 0x72, 0x0a, 0x0d, 0xff, 0xac, 0x23, 0x28, 0xff, 0xd9, 0x42, 0x4d, 0xff, 0xf3, 0x59, 0x69, 0xff, 0xfc, 0x5b, 0x69, 0xff, 0xfc, 0x43, 0x4d, 0xff, 0xf3, 0x26, 0x2a, 0xff, 0xd8, 0x0c, 0x0e, 0xff, 0xaa, 0x00, 0x00, 0xff, 0x72, 0x00, 0x00, 0xff, 0x41, 0x00, 0x00, 0xff, 0x1d, 0x00, 0x00, 0xff, 0x06, 
  0x00, 0x00, 0xff, 0x06, 0x00, 0x00, 0xff, 0x1a, 0x00, 0x00, 0xff, 0x3e, 0x00, 0x00, 0xff, 0x72, 0x09, 0x0c, 0xff, 0xac, 0x23, 0x29, 0xff, 0xda, 0x43, 0x4d, 0xff, 0xf3, 0x5a, 0x69, 0xff, 0xfc, 0x5b, 0x69, 0xff, 0xfc, 0x43, 0x4f, 0xff, 0xf2, 0x25, 0x2c, 0xff, 0xd7, 0x0c, 0x0e, 0xff, 0xaa, 0x02, 0x02, 0xff, 0x72, 0x00, 0x00, 0xff, 0x41, 0x00, 0x00, 0xff, 0x1d, 0x2a, 0x2a, 0xff, 0x06, 
  0x00, 0x00, 0xff, 0x06, 0x00, 0x00, 0xff, 0x1b, 0x04, 0x04, 0xff, 0x3e, 0x00, 0x00, 0xff, 0x71, 0x0a, 0x0c, 0xff, 0xac, 0x25, 0x29, 0xff, 0xdb, 0x42, 0x4d, 0xff, 0xf3, 0x59, 0x68, 0xff, 0xfc, 0x5b, 0x69, 0xff, 0xfc, 0x43, 0x4f, 0xff, 0xf2, 0x25, 0x2c, 0xff, 0xd7, 0x0c, 0x0e, 0xff, 0xaa, 0x00, 0x00, 0xff, 0x72, 0x00, 0x00, 0xff, 0x40, 0x00, 0x00, 0xff, 0x1d, 0x00, 0x00, 0xff, 0x07, 
  0x00, 0x00, 0xff, 0x06, 0x00, 0x00, 0xff, 0x1b, 0x00, 0x00, 0xff, 0x3e, 0x00, 0x00, 0xff, 0x70, 0x09, 0x0d, 0xff, 0xac, 0x24, 0x28, 0xff, 0xd9, 0x43, 0x4c, 0xff, 0xf4, 0x59, 0x68, 0xff, 0xfe, 0x5b, 0x69, 0xff, 0xfc, 0x44, 0x4f, 0xff, 0xf3, 0x26, 0x2a, 0xff, 0xd8, 0x0c, 0x0f, 0xff, 0xa9, 0x00, 0x00, 0xff, 0x72, 0x00, 0x00, 0xff, 0x41, 0x00, 0x00, 0xff, 0x1d, 0x2a, 0x2a, 0xff, 0x06, 
  0x00, 0x00, 0xff, 0x06, 0x09, 0x09, 0xff, 0x1b, 0x00, 0x00, 0xff, 0x3e, 0x00, 0x00, 0xff, 0x72, 0x09, 0x0d, 0xff, 0xac, 0x24, 0x28, 0xff, 0xd9, 0x42, 0x4c, 0xff, 0xf3, 0x59, 0x68, 0xff, 0xfe, 0x5b, 0x6a, 0xff, 0xfc, 0x43, 0x4f, 0xff, 0xf2, 0x25, 0x29, 0xff, 0xd8, 0x0c, 0x0c, 0xff, 0xaa, 0x00, 0x00, 0xff, 0x72, 0x00, 0x00, 0xff, 0x41, 0x00, 0x00, 0xff, 0x1d, 0x00, 0x00, 0xff, 0x06, 
  0x00, 0x00, 0xff, 0x05, 0x0a, 0x0a, 0xff, 0x1a, 0x00, 0x00, 0xff, 0x3e, 0x00, 0x00, 0xff, 0x72, 0x09, 0x0d, 0xff, 0xab, 0x23, 0x28, 0xff, 0xd9, 0x41, 0x4c, 0xff, 0xf3, 0x5a, 0x69, 0xff, 0xfc, 0x5b, 0x69, 0xff, 0xfc, 0x43, 0x4e, 0xff, 0xf2, 0x25, 0x28, 0xff, 0xd7, 0x0c, 0x0c, 0xff, 0xaa, 0x02, 0x02, 0xff, 0x72, 0x00, 0x00, 0xff, 0x40, 0x09, 0x09, 0xff, 0x1d, 0x00, 0x00, 0xff, 0x07, 
  0x00, 0x00, 0xff, 0x06, 0x09, 0x09, 0xff, 0x1b, 0x00, 0x00, 0xff, 0x3e, 0x00, 0x00, 0xff, 0x71, 0x0a, 0x0d, 0xff, 0xac, 0x24, 0x29, 0xff, 0xdb, 0x42, 0x4b, 0xff, 0xf4, 0x58, 0x68, 0xff, 0xfe, 0x5b, 0x69, 0xff, 0xfc, 0x43, 0x4e, 0xff, 0xf2, 0x26, 0x2b, 0xff, 0xd7, 0x0c, 0x0e, 0xff, 0xaa, 0x00, 0x00, 0xff, 0x72, 0x00, 0x00, 0xff, 0x40, 0x00, 0x00, 0xff, 0x1d, 0x00, 0x00, 0xff, 0x07, 
  0x00, 0x00, 0xff, 0x06, 0x0a, 0x0a, 0xff, 0x1a, 0x00, 0x00, 0xff, 0x3e, 0x00, 0x00, 0xff, 0x72, 0x0c, 0x0d, 0xff, 0xac, 0x23, 0x29, 0xff, 0xda, 0x41, 0x4b, 0xff, 0xf4, 0x58, 0x68, 0xff, 0xfe, 0x5b, 0x69, 0xff, 0xfc, 0x43, 0x4e, 0xff, 0xf2, 0x25, 0x2a, 0xff, 0xd8, 0x0c, 0x0e, 0xff, 0xaa, 0x02, 0x02, 0xff, 0x72, 0x00, 0x00, 0xff, 0x40, 0x00, 0x00, 0xff, 0x1d, 0x00, 0x00, 0xff, 0x07, 
  0x00, 0x00, 0xff, 0x06, 0x00, 0x00, 0xff, 0x1a, 0x04, 0x04, 0xff, 0x3e, 0x02, 0x02, 0xff, 0x72, 0x0c, 0x0d, 0xff, 0xac, 0x23, 0x28, 0xff, 0xd9, 0x42, 0x4c, 0xff, 0xf4, 0x58, 0x68, 0xff, 0xfe, 0x5a, 0x69, 0xff, 0xfc, 0x43, 0x4f, 0xff, 0xf2, 0x25, 0x2b, 0xff, 0xd7, 0x0b, 0x0e, 0xff, 0xa9, 0x00, 0x00, 0xff, 0x72, 0x04, 0x04, 0xff, 0x40, 0x00, 0x00, 0xff, 0x1c, 0x24, 0x24, 0xff, 0x07, 
  0x00, 0x00, 0xff, 0x06, 0x0a, 0x0a, 0xff, 0x1a, 0x00, 0x00, 0xff, 0x3e, 0x00, 0x00, 0xff, 0x71, 0x0a, 0x0d, 0xff, 0xac, 0x24, 0x29, 0xff, 0xdb, 0x42, 0x4c, 0xff, 0xf4, 0x59, 0x68, 0xff, 0xfe, 0x5a, 0x69, 0xff, 0xfc, 0x43, 0x4f, 0xff, 0xf2, 0x25, 0x2c, 0xff, 0xd7, 0x0c, 0x0f, 0xff, 0xa9, 0x00, 0x00, 0xff, 0x72, 0x00, 0x00, 0xff, 0x41, 0x00, 0x00, 0xff, 0x1d, 0x00, 0x00, 0xff, 0x07, 
  0x00, 0x00, 0xff, 0x05, 0x09, 0x09, 0xff, 0x1b, 0x00, 0x00, 0xff, 0x3e, 0x00, 0x00, 0xff, 0x70, 0x0a, 0x0d, 0xff, 0xac, 0x23, 0x29, 0xff, 0xda, 0x41, 0x4c, 0xff, 0xf3, 0x59, 0x68, 0xff, 0xfe, 0x5c, 0x69, 0xff, 0xfc, 0x43, 0x4f, 0xff, 0xf2, 0x25, 0x2b, 0xff, 0xd7, 0x0c, 0x0e, 0xff, 0xaa, 0x02, 0x02, 0xff, 0x72, 0x00, 0x00, 0xff, 0x41, 0x00, 0x00, 0xff, 0x1d, 0x24, 0x24, 0xff, 0x07, 
  0x00, 0x00, 0xff, 0x06, 0x00, 0x00, 0xff, 0x1b, 0x00, 0x00, 0xff, 0x3e, 0x00, 0x00, 0xff, 0x72, 0x0c, 0x0d, 0xff, 0xad, 0x23, 0x28, 0xff, 0xd9, 0x41, 0x4d, 0xff, 0xf3, 0x59, 0x68, 0xff, 0xfe, 0x5b, 0x69, 0xff, 0xfc, 0x44, 0x4e, 0xff, 0xf2, 0x25, 0x2b, 0xff, 0xd7, 0x0c, 0x0f, 0xff, 0xa9, 0x02, 0x02, 0xff, 0x72, 0x04, 0x04, 0xff, 0x41, 0x00, 0x00, 0xff, 0x1d, 0x00, 0x00, 0xff, 0x06, 
  0x00, 0x00, 0xff, 0x06, 0x00, 0x00, 0xff, 0x1a, 0x00, 0x00, 0xff, 0x3e, 0x00, 0x00, 0xff, 0x72, 0x0a, 0x0c, 0xff, 0xac, 0x22, 0x28, 0xff, 0xd9, 0x41, 0x4b, 0xff, 0xf4, 0x59, 0x68, 0xff, 0xfd, 0x5b, 0x6a, 0xff, 0xfc, 0x44, 0x4f, 0xff, 0xf3, 0x26, 0x2a, 0xff, 0xd8, 0x0c, 0x0e, 0xff, 0xa9, 0x02, 0x00, 0xff, 0x72, 0x00, 0x00, 0xff, 0x41, 0x00, 0x00, 0xff, 0x1d, 0x00, 0x00, 0xff, 0x07, 
  0x00, 0x00, 0xff, 0x06, 0x00, 0x00, 0xff, 0x1b, 0x00, 0x00, 0xff, 0x3e, 0x00, 0x00, 0xff, 0x71, 0x0a, 0x0d, 0xff, 0xab, 0x23, 0x29, 0xff, 0xd9, 0x42, 0x4c, 0xff, 0xf3, 0x59, 0x68, 0xff, 0xfc, 0x5a, 0x69, 0xff, 0xfc, 0x43, 0x4f, 0xff, 0xf3, 0x25, 0x28, 0xff, 0xd8, 0x0c, 0x0c, 0xff, 0xa9, 0x02, 0x02, 0xff, 0x72, 0x00, 0x00, 0xff, 0x41, 0x00, 0x00, 0xff, 0x1d, 0x24, 0x24, 0xff, 0x07, 
  0x00, 0x00, 0xff, 0x06, 0x0a, 0x0a, 0xff, 0x1a, 0x00, 0x00, 0xff, 0x3e, 0x00, 0x00, 0xff, 0x70, 0x0a, 0x0d, 0xff, 0xac, 0x23, 0x29, 0xff, 0xd9, 0x41, 0x4c, 0xff, 0xf4, 0x59, 0x69, 0xff, 0xfe, 0x5c, 0x69, 0xff, 0xfc, 0x43, 0x4e, 0xff, 0xf2, 0x25, 0x29, 0xff, 0xd8, 0x0c, 0x0e, 0xff, 0xa9, 0x02, 0x00, 0xff, 0x72, 0x00, 0x00, 0xff, 0x41, 0x00, 0x00, 0xff, 0x1d, 0x00, 0x00, 0xff, 0x06, 
  0x00, 0x00, 0xff, 0x05, 0x00, 0x00, 0xff, 0x1a, 0x00, 0x00, 0xff, 0x3e, 0x00, 0x00, 0xff, 0x72, 0x0a, 0x0d, 0xff, 0xac, 0x23, 0x28, 0xff, 0xd9, 0x42, 0x4d, 0xff, 0xf3, 0x59, 0x68, 0xff, 0xfe, 0x5b, 0x69, 0xff, 0xfc, 0x43, 0x4f, 0xff, 0xf2, 0x25, 0x2c, 0xff, 0xd7, 0x0c, 0x0e, 0xff, 0xaa, 0x02, 0x02, 0xff, 0x72, 0x04, 0x04, 0xff, 0x41, 0x09, 0x09, 0xff, 0x1d, 0x00, 0x00, 0xff, 0x06, 
  0x00, 0x00, 0xff, 0x07, 0x09, 0x09, 0xff, 0x1b, 0x00, 0x00, 0xff, 0x3d, 0x00, 0x00, 0xff, 0x70, 0x0c, 0x0d, 0xff, 0xac, 0x23, 0x28, 0xff, 0xd9, 0x41, 0x4b, 0xff, 0xf4, 0x59, 0x68, 0xff, 0xfe, 0x5b, 0x69, 0xff, 0xfc, 0x43, 0x4e, 0xff, 0xf2, 0x26, 0x2b, 0xff, 0xd7, 0x0c, 0x0e, 0xff, 0xaa, 0x00, 0x00, 0xff, 0x72, 0x00, 0x00, 0xff, 0x41, 0x00, 0x00, 0xff, 0x1d, 0x00, 0x00, 0xff, 0x06, 
  0x00, 0x00, 0xff, 0x06, 0x0a, 0x0a, 0xff, 0x1a, 0x00, 0x00, 0xff, 0x3e, 0x02, 0x02, 0xff, 0x72, 0x09, 0x0c, 0xff, 0xac, 0x24, 0x28, 0xff, 0xd9, 0x42, 0x4c, 0xff, 0xf3, 0x59, 0x68, 0xff, 0xfe, 0x5b, 0x69, 0xff, 0xfc, 0x44, 0x4f, 0xff, 0xf2, 0x26, 0x2a, 0xff, 0xd8, 0x0c, 0x0f, 0xff, 0xa9, 0x00, 0x00, 0xff, 0x72, 0x00, 0x00, 0xff, 0x40, 0x00, 0x00, 0xff, 0x1c, 0x00, 0x00, 0xff, 0x07, 
  0x00, 0x00, 0xff, 0x06, 0x00, 0x00, 0xff, 0x1a, 0x00, 0x00, 0xff, 0x3d, 0x00, 0x00, 0xff, 0x71, 0x09, 0x0d, 0xff, 0xab, 0x23, 0x29, 0xff, 0xd9, 0x43, 0x4d, 0xff, 0xf3, 0x58, 0x68, 0xff, 0xfe, 0x5b, 0x6a, 0xff, 0xfc, 0x44, 0x4f, 0xff, 0xf2, 0x26, 0x2c, 0xff, 0xd8, 0x0c, 0x0f, 0xff, 0xa8, 0x00, 0x00, 0xff, 0x70, 0x00, 0x00, 0xff, 0x40, 0x00, 0x00, 0xff, 0x1c, 0x24, 0x24, 0xff, 0x07, 
  0x00, 0x00, 0xff, 0x06, 0x00, 0x00, 0xff, 0x1a, 0x00, 0x00, 0xff, 0x3d, 0x00, 0x00, 0xff, 0x70, 0x09, 0x0c, 0xff, 0xaa, 0x23, 0x28, 0xff, 0xd8, 0x42, 0x4c, 0xff, 0xf2, 0x59, 0x69, 0xff, 0xfd, 0x5a, 0x69, 0xff, 0xfc, 0x43, 0x4f, 0xff, 0xf2, 0x25, 0x2c, 0xff, 0xd7, 0x0c, 0x0f, 0xff, 0xa7, 0x00, 0x00, 0xff, 0x70, 0x00, 0x00, 0xff, 0x3f, 0x09, 0x09, 0xff, 0x1b, 0x00, 0x00, 0xff, 0x06, 
  0x00, 0x00, 0xff, 0x06, 0x00, 0x00, 0xff, 0x19, 0x04, 0x04, 0xff, 0x3c, 0x00, 0x00, 0xff, 0x6e, 0x0b, 0x0e, 0xff, 0xa8, 0x24, 0x2a, 0xff, 0xd7, 0x42, 0x4c, 0xff, 0xf1, 0x5a, 0x69, 0xff, 0xfc, 0x5a, 0x69, 0xff, 0xfc, 0x43, 0x4e, 0xff, 0xf2, 0x25, 0x2b, 0xff, 0xd7, 0x0c, 0x0f, 0xff, 0xa7, 0x00, 0x00, 0xff, 0x6f, 0x00, 0x00, 0xff, 0x3d, 0x00, 0x00, 0xff, 0x1a, 0x00, 0x00, 0xff, 0x06, 
  0x00, 0x00, 0xff, 0x05, 0x0a, 0x0a, 0xff, 0x19, 0x00, 0x00, 0xff, 0x3b, 0x00, 0x00, 0xff, 0x6c, 0x0c, 0x0c, 0xff, 0xa7, 0x24, 0x2a, 0xff, 0xd6, 0x42, 0x4d, 0xff, 0xf1, 0x5a, 0x69, 0xff, 0xfc, 0x5b, 0x69, 0xff, 0xfc, 0x44, 0x4d, 0xff, 0xf1, 0x25, 0x2b, 0xff, 0xd5, 0x0e, 0x0f, 0xff, 0xa5, 0x00, 0x00, 0xff, 0x6d, 0x00, 0x00, 0xff, 0x3d, 0x0a, 0x0a, 0xff, 0x1a, 0x00, 0x00, 0xff, 0x06, 
  0x00, 0x00, 0xff, 0x05, 0x00, 0x00, 0xff, 0x18, 0x00, 0x00, 0xff, 0x3a, 0x00, 0x00, 0xff, 0x6b, 0x0c, 0x0e, 0xff, 0xa6, 0x25, 0x29, 0xff, 0xd5, 0x43, 0x4d, 0xff, 0xf1, 0x5a, 0x69, 0xff, 0xfc, 0x5a, 0x6a, 0xff, 0xfb, 0x44, 0x4e, 0xff, 0xf1, 0x25, 0x2c, 0xff, 0xd3, 0x0b, 0x0e, 0xff, 0xa3, 0x00, 0x00, 0xff, 0x6c, 0x00, 0x00, 0xff, 0x3b, 0x00, 0x00, 0xff, 0x1a, 0x2a, 0x2a, 0xff, 0x06, 
  0x00, 0x00, 0xff, 0x05, 0x00, 0x00, 0xff, 0x17, 0x00, 0x00, 0xff, 0x39, 0x00, 0x00, 0xff, 0x6a, 0x0b, 0x0e, 0xff, 0xa5, 0x24, 0x29, 0xff, 0xd4, 0x42, 0x4c, 0xff, 0xf1, 0x5a, 0x69, 0xff, 0xfc, 0x5a, 0x6a, 0xff, 0xfb, 0x46, 0x4f, 0xff, 0xf0, 0x25, 0x2c, 0xff, 0xd3, 0x0b, 0x0e, 0xff, 0xa3, 0x00, 0x00, 0xff, 0x6c, 0x00, 0x00, 0xff, 0x3b, 0x00, 0x00, 0xff, 0x19, 0x33, 0x33, 0xff, 0x05, 
  0x00, 0x00, 0xff, 0x05, 0x0b, 0x0b, 0xff, 0x18, 0x00, 0x00, 0xff, 0x39, 0x00, 0x00, 0xff, 0x6a, 0x0b, 0x0c, 0xff, 0xa5, 0x24, 0x29, 0xff, 0xd4, 0x42, 0x4c, 0xff, 0xf1, 0x5a, 0x69, 0xff, 0xfc, 0x5a, 0x6b, 0xff, 0xfb, 0x45, 0x4f, 0xff, 0xf0, 0x27, 0x29, 0xff, 0xd3, 0x0e, 0x0e, 0xff, 0xa3, 0x02, 0x00, 0xff, 0x6b, 0x00, 0x00, 0xff, 0x3b, 0x00, 0x00, 0xff, 0x18, 0x00, 0x00, 0xff, 0x05, 
  0x00, 0x00, 0xff, 0x05, 0x00, 0x00, 0xff, 0x18, 0x00, 0x00, 0xff, 0x39, 0x00, 0x00, 0xff, 0x6b, 0x0c, 0x0e, 0xff, 0xa5, 0x25, 0x29, 0xff, 0xd4, 0x43, 0x4d, 0xff, 0xf0, 0x5a, 0x69, 0xff, 0xfc, 0x5a, 0x6b, 0xff, 0xfb, 0x44, 0x4f, 0xff, 0xef, 0x28, 0x2d, 0xff, 0xd4, 0x0e, 0x0e, 0xff, 0xa3, 0x00, 0x00, 0xff, 0x6a, 0x00, 0x00, 0xff, 0x3a, 0x00, 0x00, 0xff, 0x18, 0x00, 0x00, 0xff, 0x05, 
  0x00, 0x00, 0xff, 0x05, 0x00, 0x00, 0xff, 0x17, 0x00, 0x00, 0xff, 0x39, 0x00, 0x00, 0xff, 0x6a, 0x0b, 0x0c, 0xff, 0xa4, 0x25, 0x2a, 0xff, 0xd5, 0x43, 0x4d, 0xff, 0xf1, 0x5a, 0x69, 0xff, 0xfc, 0x5a, 0x6a, 0xff, 0xfb, 0x45, 0x4e, 0xff, 0xf0, 0x28, 0x2c, 0xff, 0xd5, 0x0d, 0x0e, 0xff, 0xa3, 0x00, 0x00, 0xff, 0x6b, 0x00, 0x00, 0xff, 0x3b, 0x0a, 0x0a, 0xff, 0x19, 0x00, 0x00, 0xff, 0x05, 
  0x00, 0x00, 0xff, 0x05, 0x0b, 0x0b, 0xff, 0x17, 0x00, 0x00, 0xff, 0x38, 0x00, 0x00, 0xff, 0x6a, 0x0b, 0x0c, 0xff, 0xa5, 0x24, 0x29, 0xff, 0xd5, 0x42, 0x4c, 0xff, 0xf1, 0x58, 0x69, 0xff, 0xfc, 0x5a, 0x6a, 0xff, 0xfb, 0x45, 0x4e, 0xff, 0xf0, 0x25, 0x2a, 0xff, 0xd4, 0x0b, 0x0e, 0xff, 0xa3, 0x00, 0x00, 0xff, 0x6c, 0x00, 0x00, 0xff, 0x3b, 0x0a, 0x0a, 0xff, 0x19, 0x00, 0x00, 0xff, 0x05, 
  0x00, 0x00, 0xff, 0x05, 0x0b, 0x0b, 0xff, 0x18, 0x00, 0x00, 0xff, 0x39, 0x00, 0x00, 0xff, 0x6a, 0x09, 0x0c, 0xff, 0xa5, 0x24, 0x29, 0xff, 0xd5, 0x42, 0x4d, 0xff, 0xf1, 0x58, 0x6a, 0xff, 0xfb, 0x5a, 0x6a, 0xff, 0xfb, 0x46, 0x4f, 0xff, 0xf0, 0x25, 0x2c, 0xff, 0xd3, 0x0b, 0x0d, 0xff, 0xa2, 0x02, 0x02, 0xff, 0x6b, 0x00, 0x00, 0xff, 0x3b, 0x00, 0x00, 0xff, 0x19, 0x00, 0x00, 0xff, 0x05, 
  0x00, 0x00, 0xff, 0x06, 0x0a, 0x0a, 0xff, 0x19, 0x00, 0x00, 0xff, 0x39, 0x02, 0x02, 0xff, 0x6a, 0x09, 0x0c, 0xff, 0xa5, 0x25, 0x2a, 0xff, 0xd4, 0x43, 0x4d, 0xff, 0xf1, 0x5a, 0x69, 0xff, 0xfc, 0x59, 0x6b, 0xff, 0xfb, 0x44, 0x4f, 0xff, 0xf0, 0x25, 0x29, 0xff, 0xd3, 0x0b, 0x0e, 0xff, 0xa2, 0x00, 0x00, 0xff, 0x6b, 0x00, 0x00, 0xff, 0x3b, 0x00, 0x00, 0xff, 0x18, 0x33, 0x33, 0xff, 0x05, 
  0x00, 0x00, 0xff, 0x05, 0x00, 0x00, 0xff, 0x17, 0x00, 0x00, 0xff, 0x38, 0x00, 0x00, 0xff, 0x6a, 0x0b, 0x0c, 0xff, 0xa5, 0x25, 0x2a, 0xff, 0xd5, 0x42, 0x4c, 0xff, 0xf1, 0x59, 0x69, 0xff, 0xfc, 0x5a, 0x6b, 0xff, 0xfb, 0x45, 0x4f, 0xff, 0xf0, 0x25, 0x2b, 0xff, 0xd4, 0x0b, 0x0e, 0xff, 0xa2, 0x02, 0x02, 0xff, 0x6b, 0x00, 0x00, 0xff, 0x3a, 0x00, 0x00, 0xff, 0x18, 0x33, 0x33, 0xff, 0x05, 
  0x00, 0x00, 0xff, 0x06, 0x0a, 0x0a, 0xff, 0x19, 0x00, 0x00, 0xff, 0x3a, 0x00, 0x00, 0xff, 0x6a, 0x0b, 0x0c, 0xff, 0xa5, 0x25, 0x29, 0xff, 0xd4, 0x42, 0x4d, 0xff, 0xf0, 0x59, 0x69, 0xff, 0xfc, 0x5a, 0x6a, 0xff, 0xfb, 0x45, 0x4f, 0xff, 0xf0, 0x28, 0x2c, 0xff, 0xd5, 0x0b, 0x0e, 0xff, 0xa2, 0x02, 0x05, 0xff, 0x6b, 0x00, 0x00, 0xff, 0x3b, 0x00, 0x00, 0xff, 0x19, 0x00, 0x00, 0xff, 0x05, 
  0x00, 0x00, 0xff, 0x05, 0x00, 0x00, 0xff, 0x19, 0x00, 0x00, 0xff, 0x39, 0x02, 0x02, 0xff, 0x6a, 0x0b, 0x0e, 0xff, 0xa5, 0x25, 0x29, 0xff, 0xd4, 0x43, 0x4d, 0xff, 0xf0, 0x5a, 0x69, 0xff, 0xfd, 0x5a, 0x6b, 0xff, 0xfb, 0x45, 0x4f, 0xff, 0xf0, 0x25, 0x2d, 0xff, 0xd3, 0x0d, 0x0e, 0xff, 0xa3, 0x00, 0x00, 0xff, 0x6b, 0x00, 0x00, 0xff, 0x3a, 0x00, 0x00, 0xff, 0x18, 0x00, 0x00, 0xff, 0x05, 
  0x00, 0x00, 0xff, 0x05, 0x00, 0x00, 0xff, 0x18, 0x00, 0x00, 0xff, 0x39, 0x00, 0x02, 0xff, 0x6a, 0x0c, 0x0f, 0xff, 0xa5, 0x25, 0x29, 0xff, 0xd5, 0x43, 0x4d, 0xff, 0xf1, 0x5a, 0x69, 0xff, 0xfc, 0x5a, 0x6a, 0xff, 0xfb, 0x46, 0x4f, 0xff, 0xf0, 0x25, 0x2d, 0xff, 0xd3, 0x0e, 0x0e, 0xff, 0xa3, 0x00, 0x00, 0xff, 0x6b, 0x00, 0x00, 0xff, 0x3b, 0x00, 0x00, 0xff, 0x19, 0x33, 0x33, 0xff, 0x05, 
  0x00, 0x00, 0xff, 0x05, 0x0b, 0x0b, 0xff, 0x17, 0x00, 0x00, 0xff, 0x38, 0x00, 0x00, 0xff, 0x6b, 0x0c, 0x0c, 0xff, 0xa6, 0x24, 0x29, 0xff, 0xd3, 0x43, 0x4d, 0xff, 0xf1, 0x59, 0x69, 0xff, 0xfc, 0x5a, 0x6b, 0xff, 0xfb, 0x45, 0x4f, 0xff, 0xf0, 0x25, 0x2d, 0xff, 0xd3, 0x0b, 0x0e, 0xff, 0xa3, 0x00, 0x00, 0xff, 0x6c, 0x00, 0x00, 0xff, 0x3b, 0x00, 0x00, 0xff, 0x19, 0x00, 0x00, 0xff, 0x05, 
  0x00, 0x00, 0xff, 0x05, 0x00, 0x00, 0xff, 0x17, 0x00, 0x00, 0xff, 0x39, 0x00, 0x00, 0xff, 0x6b, 0x0b, 0x0c, 0xff, 0xa5, 0x25, 0x29, 0xff, 0xd4, 0x43, 0x4c, 0xff, 0xf1, 0x59, 0x69, 0xff, 0xfd, 0x5a, 0x6b, 0xff, 0xfb, 0x44, 0x4f, 0xff, 0xf0, 0x27, 0x2d, 0xff, 0xd3, 0x0d, 0x0e, 0xff, 0xa2, 0x00, 0x00, 0xff, 0x6b, 0x00, 0x00, 0xff, 0x3b, 0x00, 0x00, 0xff, 0x19, 0x00, 0x00, 0xff, 0x05, 
  0x00, 0x00, 0xff, 0x05, 0x00, 0x00, 0xff, 0x18, 0x00, 0x00, 0xff, 0x3a, 0x00, 0x00, 0xff, 0x6a, 0x0b, 0x0c, 0xff, 0xa4, 0x25, 0x2a, 0xff, 0xd5, 0x43, 0x4d, 0xff, 0xf1, 0x5a, 0x69, 0xff, 0xfc, 0x59, 0x6a, 0xff, 0xfb, 0x44, 0x4e, 0xff, 0xf0, 0x28, 0x2c, 0xff, 0xd3, 0x0d, 0x0e, 0xff, 0xa2, 0x00, 0x00, 0xff, 0x6b, 0x04, 0x04, 0xff, 0x3b, 0x00, 0x00, 0xff, 0x19, 0x33, 0x33, 0xff, 0x05, 
  0x00, 0x00, 0xff, 0x05, 0x00, 0x00, 0xff, 0x18, 0x00, 0x00, 0xff, 0x3a, 0x00, 0x00, 0xff, 0x6a, 0x0c, 0x0e, 0xff, 0xa5, 0x25, 0x29, 0xff, 0xd4, 0x42, 0x4d, 0xff, 0xf1, 0x5a, 0x69, 0xff, 0xfc, 0x59, 0x6a, 0xff, 0xfb, 0x44, 0x4f, 0xff, 0xf0, 0x27, 0x2c, 0xff, 0xd3, 0x0b, 0x0e, 0xff, 0xa3, 0x02, 0x02, 0xff, 0x6a, 0x00, 0x00, 0xff, 0x3a, 0x00, 0x00, 0xff, 0x18, 0x33, 0x33, 0xff, 0x05, 
  0x00, 0x00, 0xff, 0x05, 0x00, 0x00, 0xff, 0x17, 0x00, 0x00, 0xff, 0x39, 0x00, 0x00, 0xff, 0x6b, 0x0c, 0x0e, 0xff, 0xa5, 0x24, 0x29, 0xff, 0xd4, 0x42, 0x4c, 0xff, 0xf1, 0x5a, 0x69, 0xff, 0xfc, 0x5a, 0x6a, 0xff, 0xfb, 0x45, 0x4f, 0xff, 0xf0, 0x25, 0x2d, 0xff, 0xd4, 0x0b, 0x0e, 0xff, 0xa3, 0x00, 0x00, 0xff, 0x6b, 0x00, 0x00, 0xff, 0x3b, 0x00, 0x00, 0xff, 0x19, 0x00, 0x00, 0xff, 0x06, 
  0x00, 0x00, 0xff, 0x05, 0x00, 0x00, 0xff, 0x18, 0x04, 0x04, 0xff, 0x39, 0x00, 0x00, 0xff, 0x6a, 0x0b, 0x0c, 0xff, 0xa5, 0x24, 0x2a, 0xff, 0xd4, 0x43, 0x4d, 0xff, 0xf0, 0x5a, 0x69, 0xff, 0xfc, 0x5a, 0x6b, 0xff, 0xfb, 0x46, 0x4f, 0xff, 0xf0, 0x27, 0x2d, 0xff, 0xd3, 0x0b, 0x0e, 0xff, 0xa2, 0x02, 0x02, 0xff, 0x6c, 0x00, 0x00, 0xff, 0x3a, 0x0b, 0x0b, 0xff, 0x18, 0x00, 0x00, 0xff, 0x05, 
  0x00, 0x00, 0xff, 0x05, 0x00, 0x00, 0xff, 0x19, 0x00, 0x00, 0xff, 0x39, 0x00, 0x00, 0xff, 0x6a, 0x0b, 0x0c, 0xff, 0xa5, 0x24, 0x2a, 0xff, 0xd4, 0x43, 0x4d, 0xff, 0xf1, 0x5a, 0x69, 0xff, 0xfc, 0x5a, 0x6b, 0xff, 0xfb, 0x45, 0x4f, 0xff, 0xf0, 0x26, 0x2b, 0xff, 0xd4, 0x0d, 0x0e, 0xff, 0xa3, 0x02, 0x02, 0xff, 0x6b, 0x00, 0x00, 0xff, 0x3a, 0x00, 0x00, 0xff, 0x18, 0x00, 0x00, 0xff, 0x05, 
  0x00, 0x00, 0xff, 0x06, 0x00, 0x00, 0xff, 0x19, 0x00, 0x00, 0xff, 0x39, 0x02, 0x02, 0xff, 0x6a, 0x09, 0x0c, 0xff, 0xa5, 0x24, 0x29, 0xff, 0xd5, 0x42, 0x4c, 0xff, 0xf1, 0x5a, 0x69, 0xff, 0xfc, 0x5a, 0x6a, 0xff, 0xfb, 0x46, 0x4f, 0xff, 0xf0, 0x25, 0x2c, 0xff, 0xd3, 0x0b, 0x0e, 0xff, 0xa3, 0x00, 0x00, 0xff, 0x6b, 0x00, 0x00, 0xff, 0x3a, 0x00, 0x00, 0xff, 0x19, 0x33, 0x33, 0xff, 0x05, 
  0x00, 0x00, 0xff, 0x05, 0x00, 0x00, 0xff, 0x17, 0x00, 0x00, 0xff, 0x38, 0x00, 0x00, 0xff, 0x6a, 0x0b, 0x0c, 0xff, 0xa5, 0x24, 0x29, 0xff, 0xd4, 0x42, 0x4e, 0xff, 0xf0, 0x59, 0x69, 0xff, 0xfc, 0x5a, 0x6b, 0xff, 0xfb, 0x45, 0x4f, 0xff, 0xef, 0x27, 0x29, 0xff, 0xd2, 0x0b, 0x0e, 0xff, 0xa1, 0x00, 0x00, 0xff, 0x6a, 0x00, 0x00, 0xff, 0x3a, 0x0a, 0x0a, 0xff, 0x19, 0x00, 0x00, 0xff, 0x05, 
  0x00, 0x00, 0xff, 0x05, 0x0b, 0x0b, 0xff, 0x17, 0x00, 0x00, 0xff, 0x38, 0x02, 0x02, 0xff, 0x6a, 0x0b, 0x0d, 0xff, 0xa3, 0x24, 0x2a, 0xff, 0xd3, 0x44, 0x4e, 0xff, 0xf0, 0x59, 0x69, 0xff, 0xfc, 0x5a, 0x6a, 0xff, 0xfc, 0x45, 0x4f, 0xff, 0xef, 0x27, 0x29, 0xff, 0xd1, 0x0b, 0x0e, 0xff, 0xa0, 0x00, 0x00, 0xff, 0x69, 0x00, 0x00, 0xff, 0x39, 0x00, 0x00, 0xff, 0x18, 0x00, 0x00, 0xff, 0x05, 
  0x00, 0x00, 0xff, 0x05, 0x00, 0x00, 0xff, 0x16, 0x05, 0x05, 0xff, 0x38, 0x02, 0x00, 0xff, 0x69, 0x0b, 0x0d, 0xff, 0xa3, 0x26, 0x2a, 0xff, 0xd2, 0x44, 0x4f, 0xff, 0xef, 0x5b, 0x69, 0xff, 0xfd, 0x5a, 0x6a, 0xff, 0xfb, 0x45, 0x4f, 0xff, 0xee, 0x27, 0x2c, 0xff, 0xd1, 0x0b, 0x0e, 0xff, 0xa0, 0x00, 0x00, 0xff, 0x67, 0x00, 0x00, 0xff, 0x38, 0x00, 0x00, 0xff, 0x18, 0x00, 0x00, 0xff, 0x05, 
  0x00, 0x00, 0xff, 0x04, 0x00, 0x00, 0xff, 0x16, 0x00, 0x00, 0xff, 0x37, 0x02, 0x02, 0xff, 0x67, 0x0b, 0x0e, 0xff, 0xa2, 0x25, 0x2a, 0xff, 0xd3, 0x44, 0x4e, 0xff, 0xee, 0x5a, 0x69, 0xff, 0xfc, 0x5c, 0x6a, 0xff, 0xfa, 0x45, 0x4f, 0xff, 0xee, 0x26, 0x2c, 0xff, 0xd0, 0x0d, 0x0f, 0xff, 0x9e, 0x00, 0x00, 0xff, 0x66, 0x00, 0x00, 0xff, 0x37, 0x00, 0x00, 0xff, 0x17, 0x00, 0x00, 0xff, 0x04, 
  0x00, 0x00, 0xff, 0x04, 0x00, 0x00, 0xff, 0x15, 0x00, 0x00, 0xff, 0x36, 0x00, 0x00, 0xff, 0x65, 0x0d, 0x0e, 0xff, 0x9f, 0x26, 0x2b, 0xff, 0xd1, 0x42, 0x4d, 0xff, 0xee, 0x5a, 0x6a, 0xff, 0xfb, 0x5b, 0x6a, 0xff, 0xfb, 0x45, 0x4f, 0xff, 0xee, 0x26, 0x2c, 0xff, 0xd0, 0x0d, 0x0f, 0xff, 0x9d, 0x00, 0x00, 0xff, 0x65, 0x00, 0x00, 0xff, 0x36, 0x00, 0x00, 0xff, 0x16, 0x00, 0x00, 0xff, 0x04, 
  0x00, 0x00, 0xff, 0x04, 0x0c, 0x0c, 0xff, 0x15, 0x00, 0x00, 0xff, 0x35, 0x00, 0x00, 0xff, 0x64, 0x0b, 0x0d, 0xff, 0x9e, 0x25, 0x2a, 0xff, 0xcf, 0x42, 0x4e, 0xff, 0xee, 0x59, 0x69, 0xff, 0xfc, 0x5b, 0x6a, 0xff, 0xfc, 0x46, 0x50, 0xff, 0xee, 0x26, 0x2c, 0xff, 0xcf, 0x0d, 0x10, 0xff, 0x9e, 0x03, 0x03, 0xff, 0x64, 0x00, 0x00, 0xff, 0x35, 0x00, 0x00, 0xff, 0x15, 0x00, 0x00, 0xff, 0x04, 
  0x00, 0x00, 0xff, 0x04, 0x00, 0x00, 0xff, 0x15, 0x00, 0x00, 0xff, 0x35, 0x00, 0x00, 0xff, 0x64, 0x0d, 0x0d, 0xff, 0x9d, 0x25, 0x2a, 0xff, 0xcf, 0x42, 0x4d, 0xff, 0xee, 0x5a, 0x6a, 0xff, 0xfb, 0x5c, 0x6b, 0xff, 0xfb, 0x46, 0x4f, 0xff, 0xee, 0x27, 0x2c, 0xff, 0xcf, 0x0d, 0x10, 0xff, 0x9c, 0x03, 0x03, 0xff, 0x63, 0x00, 0x00, 0xff, 0x35, 0x0c, 0x0c, 0xff, 0x15, 0x00, 0x00, 0xff, 0x04, 
  0x00, 0x00, 0xff, 0x04, 0x00, 0x00, 0xff, 0x15, 0x00, 0x00, 0xff, 0x35, 0x00, 0x00, 0xff, 0x64, 0x0d, 0x0d, 0xff, 0x9c, 0x25, 0x2a, 0xff, 0xcf, 0x43, 0x4d, 0xff, 0xed, 0x5a, 0x6a, 0xff, 0xfb, 0x5a, 0x6a, 0xff, 0xfb, 0x45, 0x4f, 0xff, 0xee, 0x27, 0x2c, 0xff, 0xcf, 0x0d, 0x0f, 0xff, 0x9b, 0x00, 0x00, 0xff, 0x63, 0x00, 0x00, 0xff, 0x35, 0x00, 0x00, 0xff, 0x15, 0x00, 0x00, 0xff, 0x04, 
  0x00, 0x00, 0xff, 0x04, 0x0c, 0x0c, 0xff, 0x15, 0x00, 0x00, 0xff, 0x35, 0x00, 0x00, 0xff, 0x64, 0x0d, 0x0f, 0xff, 0x9d, 0x25, 0x2b, 0xff, 0xce, 0x43, 0x4d, 0xff, 0xed, 0x59, 0x69, 0xff, 0xfc, 0x5a, 0x6a, 0xff, 0xfb, 0x46, 0x50, 0xff, 0xee, 0x26, 0x2c, 0xff, 0xcf, 0x0c, 0x0d, 0xff, 0x9b, 0x00, 0x00, 0xff, 0x63, 0x00, 0x00, 0xff, 0x35, 0x00, 0x00, 0xff, 0x16, 0x00, 0x00, 0xff, 0x05, 
  0x00, 0x00, 0xff, 0x04, 0x00, 0x00, 0xff, 0x15, 0x00, 0x00, 0xff, 0x35, 0x00, 0x00, 0xff, 0x63, 0x0d, 0x0f, 0xff, 0x9d, 0x26, 0x2a, 0xff, 0xcf, 0x44, 0x4f, 0xff, 0xed, 0x5a, 0x69, 0xff, 0xfc, 0x5b, 0x6a, 0xff, 0xfb, 0x46, 0x4f, 0xff, 0xee, 0x26, 0x2c, 0xff, 0xcf, 0x0d, 0x0d, 0xff, 0x9c, 0x03, 0x03, 0xff, 0x63, 0x00, 0x00, 0xff, 0x35, 0x00, 0x00, 0xff, 0x15, 0x00, 0x00, 0xff, 0x04, 
  0x00, 0x00, 0xff, 0x04, 0x00, 0x00, 0xff, 0x15, 0x00, 0x00, 0xff, 0x34, 0x03, 0x03, 0xff, 0x63, 0x0b, 0x0d, 0xff, 0x9d, 0x25, 0x29, 0xff, 0xcf, 0x44, 0x4f, 0xff, 0xed, 0x5a, 0x6a, 0xff, 0xfb, 0x5a, 0x69, 0xff, 0xfc, 0x45, 0x4f, 0xff, 0xed, 0x26, 0x2b, 0xff, 0xce, 0x0d, 0x0f, 0xff, 0x9c, 0x00, 0x00, 0xff, 0x64, 0x00, 0x00, 0xff, 0x35, 0x00, 0x00, 0xff, 0x15, 0x00, 0x00, 0xff, 0x04, 
  0x00, 0x00, 0xff, 0x04, 0x0c, 0x0c, 0xff, 0x15, 0x00, 0x00, 0xff, 0x34, 0x00, 0x00, 0xff, 0x64, 0x0d, 0x0f, 0xff, 0x9d, 0x25, 0x2a, 0xff, 0xcf, 0x43, 0x4d, 0xff, 0xed, 0x5a, 0x6a, 0xff, 0xfb, 0x5b, 0x6b, 0xff, 0xfb, 0x45, 0x50, 0xff, 0xee, 0x29, 0x2c, 0xff, 0xcf, 0x0f, 0x0f, 0xff, 0x9b, 0x00, 0x00, 0xff, 0x64, 0x00, 0x00, 0xff, 0x36, 0x0c, 0x0c, 0xff, 0x15, 0x00, 0x00, 0xff, 0x04, 
  0x00, 0x00, 0xff, 0x04, 0x00, 0x00, 0xff, 0x15, 0x00, 0x00, 0xff, 0x35, 0x00, 0x00, 0xff, 0x64, 0x0d, 0x0f, 0xff, 0x9c, 0x25, 0x2a, 0xff, 0xcf, 0x43, 0x4d, 0xff, 0xed, 0x5a, 0x6a, 0xff, 0xfb, 0x5c, 0x6b, 0xff, 0xfb, 0x46, 0x50, 0xff, 0xee, 0x29, 0x2c, 0xff, 0xcf, 0x0d, 0x0f, 0xff, 0x9c, 0x03, 0x03, 0xff, 0x64, 0x05, 0x05, 0xff, 0x35, 0x00, 0x00, 0xff, 0x14, 0x00, 0x00, 0xff, 0x04, 
  0x00, 0x00, 0xff, 0x04, 0x00, 0x00, 0xff, 0x15, 0x00, 0x00, 0xff, 0x35, 0x00, 0x00, 0xff, 0x64, 0x0b, 0x0d, 0xff, 0x9c, 0x25, 0x29, 0xff, 0xce, 0x43, 0x4d, 0xff, 0xed, 0x5a, 0x6a, 0xff, 0xfb, 0x5b, 0x6a, 0xff, 0xfb, 0x46, 0x50, 0xff, 0xee, 0x26, 0x2c, 0xff, 0xcf, 0x0d, 0x0f, 0xff, 0x9c, 0x00, 0x00, 0xff, 0x64, 0x00, 0x00, 0xff, 0x35, 0x00, 0x00, 0xff, 0x15, 0x00, 0x00, 0xff, 0x04, 
  0x00, 0x00, 0xff, 0x03, 0x0d, 0x0d, 0xff, 0x14, 0x00, 0x00, 0xff, 0x35, 0x00, 0x00, 0xff, 0x64, 0x0a, 0x0d, 0xff, 0x9c, 0x25, 0x2b, 0xff, 0xcf, 0x44, 0x4f, 0xff, 0xed, 0x5a, 0x6a, 0xff, 0xfb, 0x5c, 0x6a, 0xff, 0xfa, 0x45, 0x50, 0xff, 0xed, 0x26, 0x2c, 0xff, 0xcf, 0x0d, 0x0d, 0xff, 0x9b, 0x00, 0x00, 0xff, 0x63, 0x00, 0x00, 0xff, 0x35, 0x00, 0x00, 0xff, 0x15, 0x00, 0x00, 0xff, 0x04, 
  0x00, 0x00, 0xff, 0x03, 0x00, 0x00, 0xff, 0x15, 0x00, 0x00, 0xff, 0x34, 0x00, 0x00, 0xff, 0x64, 0x0b, 0x0f, 0xff, 0x9d, 0x25, 0x2b, 0xff, 0xcf, 0x43, 0x4d, 0xff, 0xed, 0x59, 0x6a, 0xff, 0xfb, 0x5a, 0x6a, 0xff, 0xfb, 0x45, 0x4f, 0xff, 0xed, 0x28, 0x2d, 0xff, 0xce, 0x0d, 0x0f, 0xff, 0x9b, 0x00, 0x00, 0xff, 0x63, 0x00, 0x00, 0xff, 0x35, 0x00, 0x00, 0xff, 0x15, 0x00, 0x00, 0xff, 0x04, 
  0x00, 0x00, 0xff, 0x04, 0x00, 0x00, 0xff, 0x15, 0x05, 0x05, 0xff, 0x34, 0x00, 0x00, 0xff, 0x64, 0x0d, 0x0f, 0xff, 0x9d, 0x25, 0x2a, 0xff, 0xcf, 0x43, 0x4d, 0xff, 0xed, 0x5a, 0x6b, 0xff, 0xfb, 0x5a, 0x6a, 0xff, 0xfc, 0x46, 0x4f, 0xff, 0xee, 0x26, 0x2c, 0xff, 0xcf, 0x0d, 0x0f, 0xff, 0x9c, 0x00, 0x00, 0xff, 0x63, 0x00, 0x00, 0xff, 0x35, 0x00, 0x00, 0xff, 0x15, 0x00, 0x00, 0xff, 0x04, 
  0x00, 0x00, 0xff, 0x03, 0x00, 0x00, 0xff, 0x15, 0x00, 0x00, 0xff, 0x35, 0x00, 0x00, 0xff, 0x64, 0x0b, 0x0d, 0xff, 0x9d, 0x26, 0x2b, 0xff, 0xd0, 0x44, 0x4e, 0xff, 0xee, 0x5a, 0x6b, 0xff, 0xfb, 0x5a, 0x6b, 0xff, 0xfb, 0x45, 0x50, 0xff, 0xed, 0x27, 0x2c, 0xff, 0xcf, 0x0d, 0x0f, 0xff, 0x9c, 0x00, 0x00, 0xff, 0x63, 0x00, 0x00, 0xff, 0x35, 0x00, 0x00, 0xff, 0x15, 0x00, 0x00, 0xff, 0x04, 
  0x00, 0x00, 0xff, 0x03, 0x00, 0x00, 0xff, 0x15, 0x00, 0x00, 0xff, 0x35, 0x00, 0x00, 0xff, 0x64, 0x0a, 0x0d, 0xff, 0x9d, 0x26, 0x2b, 0xff, 0xd0, 0x44, 0x4e, 0xff, 0xee, 0x5a, 0x69, 0xff, 0xfa, 0x5c, 0x69, 0xff, 0xfa, 0x46, 0x4f, 0xff, 0xee, 0x27, 0x2c, 0xff, 0xcf, 0x0d, 0x0f, 0xff, 0x9b, 0x03, 0x03, 0xff, 0x63, 0x00, 0x00, 0xff, 0x35, 0x00, 0x00, 0xff, 0x15, 0x00, 0x00, 0xff, 0x05, 
  0x00, 0x00, 0xff, 0x04, 0x00, 0x00, 0xff, 0x15, 0x00, 0x00, 0xff, 0x34, 0x00, 0x00, 0xff, 0x63, 0x0b, 0x0d, 0xff, 0x9d, 0x25, 0x2b, 0xff, 0xcf, 0x44, 0x4e, 0xff, 0xee, 0x5a, 0x6a, 0xff, 0xfa, 0x5c, 0x6b, 0xff, 0xfb, 0x47, 0x50, 0xff, 0xee, 0x27, 0x2c, 0xff, 0xcf, 0x0d, 0x10, 0xff, 0x9c, 0x03, 0x05, 0xff, 0x63, 0x00, 0x00, 0xff, 0x36, 0x0c, 0x0c, 0xff, 0x15, 0x00, 0x00, 0xff, 0x04, 
  0x00, 0x00, 0xff, 0x04, 0x00, 0x00, 0xff, 0x15, 0x00, 0x00, 0xff, 0x34, 0x00, 0x00, 0xff, 0x63, 0x0d, 0x0d, 0xff, 0x9d, 0x25, 0x2b, 0xff, 0xcf, 0x44, 0x4e, 0xff, 0xee, 0x59, 0x6a, 0xff, 0xfb, 0x5c, 0x6a, 0xff, 0xfb, 0x46, 0x4f, 0xff, 0xee, 0x27, 0x2c, 0xff, 0xcf, 0x0d, 0x0f, 0xff, 0x9c, 0x03, 0x03, 0xff, 0x63, 0x00, 0x00, 0xff, 0x36, 0x0c, 0x0c, 0xff, 0x16, 0x00, 0x00, 0xff, 0x04, 
  0x00, 0x00, 0xff, 0x04, 0x00, 0x00, 0xff, 0x15, 0x05, 0x05, 0xff, 0x34, 0x00, 0x00, 0xff, 0x64, 0x0b, 0x0d, 0xff, 0x9d, 0x25, 0x2a, 0xff, 0xcf, 0x43, 0x4d, 0xff, 0xed, 0x5a, 0x6a, 0xff, 0xfb, 0x5b, 0x69, 0xff, 0xfa, 0x45, 0x50, 0xff, 0xed, 0x26, 0x2c, 0xff, 0xcf, 0x0d, 0x0d, 0xff, 0x9c, 0x03, 0x03, 0xff, 0x63, 0x00, 0x00, 0xff, 0x35, 0x00, 0x00, 0xff, 0x15, 0x00, 0x00, 0xff, 0x04, 
  0x00, 0x00, 0xff, 0x04, 0x00, 0x00, 0xff, 0x15, 0x00, 0x00, 0xff, 0x35, 0x03, 0x03, 0xff, 0x63, 0x0a, 0x0d, 0xff, 0x9d, 0x25, 0x2a, 0xff, 0xcf, 0x43, 0x4d, 0xff, 0xed, 0x5a, 0x6a, 0xff, 0xfb, 0x5c, 0x6a, 0xff, 0xfa, 0x45, 0x50, 0xff, 0xee, 0x26, 0x2c, 0xff, 0xcf, 0x0d, 0x0f, 0xff, 0x9c, 0x00, 0x00, 0xff, 0x64, 0x00, 0x00, 0xff, 0x35, 0x00, 0x00, 0xff, 0x15, 0x00, 0x00, 0xff, 0x04, 
  0x00, 0x00, 0xff, 0x04, 0x0c, 0x0c, 0xff, 0x15, 0x00, 0x00, 0xff, 0x34, 0x00, 0x00, 0xff, 0x64, 0x0d, 0x0d, 0xff, 0x9d, 0x25, 0x2b, 0xff, 0xcf, 0x44, 0x4f, 0xff, 0xee, 0x5a, 0x6a, 0xff, 0xfb, 0x5a, 0x6b, 0xff, 0xfb, 0x45, 0x4f, 0xff, 0xee, 0x26, 0x2c, 0xff, 0xcf, 0x0d, 0x0d, 0xff, 0x9b, 0x00, 0x00, 0xff, 0x63, 0x00, 0x00, 0xff, 0x35, 0x0c, 0x0c, 0xff, 0x15, 0x00, 0x00, 0xff, 0x04, 
  0x00, 0x00, 0xff, 0x03, 0x00, 0x00, 0xff, 0x15, 0x05, 0x05, 0xff, 0x34, 0x00, 0x00, 0xff, 0x63, 0x0d, 0x0d, 0xff, 0x9d, 0x25, 0x2b, 0xff, 0xcf, 0x44, 0x4f, 0xff, 0xed, 0x5c, 0x6a, 0xff, 0xfa, 0x5c, 0x6a, 0xff, 0xfb, 0x45, 0x4f, 0xff, 0xed, 0x29, 0x2c, 0xff, 0xcf, 0x0d, 0x11, 0xff, 0x9a, 0x00, 0x00, 0xff, 0x63, 0x00, 0x00, 0xff, 0x35, 0x00, 0x00, 0xff, 0x15, 0x00, 0x00, 0xff, 0x04, 
  0x00, 0x00, 0xff, 0x03, 0x00, 0x00, 0xff, 0x14, 0x00, 0x00, 0xff, 0x34, 0x03, 0x03, 0xff, 0x63, 0x0d, 0x0f, 0xff, 0x9b, 0x24, 0x2c, 0xff, 0xcd, 0x43, 0x4d, 0xff, 0xed, 0x5b, 0x6a, 0xff, 0xfa, 0x5b, 0x6a, 0xff, 0xfa, 0x45, 0x50, 0xff, 0xed, 0x28, 0x2e, 0xff, 0xce, 0x0d, 0x0f, 0xff, 0x9a, 0x00, 0x00, 0xff, 0x61, 0x00, 0x00, 0xff, 0x33, 0x00, 0x00, 0xff, 0x14, 0x00, 0x00, 0xff, 0x04, 
  0x00, 0x00, 0xff, 0x03, 0x0d, 0x0d, 0xff, 0x14, 0x00, 0x00, 0xff, 0x33, 0x00, 0x00, 0xff, 0x61, 0x0d, 0x0f, 0xff, 0x99, 0x25, 0x2c, 0xff, 0xcc, 0x44, 0x4f, 0xff, 0xec, 0x5b, 0x6a, 0xff, 0xfb, 0x5b, 0x6a, 0xff, 0xfa, 0x45, 0x4f, 0xff, 0xed, 0x27, 0x2d, 0xff, 0xcd, 0x0d, 0x0f, 0xff, 0x99, 0x03, 0x03, 0xff, 0x60, 0x00, 0x00, 0xff, 0x31, 0x00, 0x00, 0xff, 0x14, 0x00, 0x00, 0xff, 0x04, 
  0x00, 0x00, 0xff, 0x03, 0x00, 0x00, 0xff, 0x14, 0x00, 0x00, 0xff, 0x32, 0x00, 0x00, 0xff, 0x60, 0x0d, 0x0f, 0xff, 0x99, 0x26, 0x2b, 0xff, 0xcb, 0x44, 0x4f, 0xff, 0xeb, 0x5a, 0x6b, 0xff, 0xfb, 0x5b, 0x6a, 0xff, 0xfb, 0x45, 0x50, 0xff, 0xed, 0x27, 0x2c, 0xff, 0xcd, 0x0e, 0x0f, 0xff, 0x97, 0x00, 0x00, 0xff, 0x5e, 0x00, 0x00, 0xff, 0x31, 0x00, 0x00, 0xff, 0x13, 0x00, 0x00, 0xff, 0x03, 
  0x00, 0x00, 0xff, 0x03, 0x00, 0x00, 0xff, 0x13, 0x00, 0x00, 0xff, 0x31, 0x03, 0x03, 0xff, 0x5e, 0x0e, 0x0e, 0xff, 0x96, 0x27, 0x2c, 0xff, 0xcb, 0x43, 0x4f, 0xff, 0xeb, 0x5a, 0x69, 0xff, 0xfa, 0x5c, 0x69, 0xff, 0xfa, 0x46, 0x51, 0xff, 0xec, 0x28, 0x2d, 0xff, 0xcd, 0x0f, 0x0f, 0xff, 0x97, 0x00, 0x00, 0xff, 0x5e, 0x00, 0x00, 0xff, 0x30, 0x00, 0x00, 0xff, 0x12, 0x00, 0x00, 0xff, 0x03, 
  0x00, 0x00, 0xff, 0x03, 0x00, 0x00, 0xff, 0x13, 0x00, 0x00, 0xff, 0x30, 0x00, 0x03, 0xff, 0x5e, 0x0c, 0x0f, 0xff, 0x96, 0x26, 0x2b, 0xff, 0xca, 0x44, 0x4f, 0xff, 0xeb, 0x5a, 0x69, 0xff, 0xfa, 0x5b, 0x68, 0xff, 0xf9, 0x46, 0x52, 0xff, 0xec, 0x28, 0x2e, 0xff, 0xcc, 0x0f, 0x0f, 0xff, 0x97, 0x03, 0x00, 0xff, 0x5d, 0x00, 0x00, 0xff, 0x2f, 0x0f, 0x0f, 0xff, 0x11, 0x00, 0x00, 0xff, 0x03, 
  0x00, 0x00, 0xff, 0x02, 0x00, 0x00, 0xff, 0x12, 0x00, 0x00, 0xff, 0x30, 0x03, 0x03, 0xff, 0x5e, 0x0e, 0x0f, 0xff, 0x97, 0x26, 0x2b, 0xff, 0xc9, 0x43, 0x4f, 0xff, 0xeb, 0x5b, 0x69, 0xff, 0xfa, 0x5b, 0x68, 0xff, 0xfa, 0x45, 0x51, 0xff, 0xeb, 0x27, 0x2d, 0xff, 0xcb, 0x0f, 0x11, 0xff, 0x96, 0x03, 0x03, 0xff, 0x5c, 0x00, 0x00, 0xff, 0x2f, 0x00, 0x00, 0xff, 0x12, 0x00, 0x00, 0xff, 0x03, 
  0x00, 0x00, 0xff, 0x02, 0x1c, 0x1c, 0xff, 0x12, 0x00, 0x00, 0xff, 0x30, 0x00, 0x00, 0xff, 0x5d, 0x0c, 0x0f, 0xff, 0x96, 0x27, 0x2c, 0xff, 0xc9, 0x43, 0x4f, 0xff, 0xeb, 0x5b, 0x69, 0xff, 0xfa, 0x5b, 0x69, 0xff, 0xfa, 0x46, 0x50, 0xff, 0xec, 0x27, 0x2d, 0xff, 0xcb, 0x0f, 0x11, 0xff, 0x97, 0x03, 0x03, 0xff, 0x5c, 0x00, 0x00, 0xff, 0x2f, 0x00, 0x00, 0xff, 0x12, 0x00, 0x00, 0xff, 0x03, 
  0x00, 0x00, 0xff, 0x02, 0x0d, 0x0d, 0xff, 0x13, 0x00, 0x00, 0xff, 0x30, 0x00, 0x00, 0xff, 0x5d, 0x0c, 0x0f, 0xff, 0x95, 0x27, 0x2b, 0xff, 0xca, 0x43, 0x4f, 0xff, 0xeb, 0x5b, 0x69, 0xff, 0xfa, 0x5b, 0x69, 0xff, 0xf9, 0x46, 0x50, 0xff, 0xec, 0x28, 0x2d, 0xff, 0xcd, 0x0f, 0x0f, 0xff, 0x95, 0x00, 0x00, 0xff, 0x5c, 0x00, 0x00, 0xff, 0x2f, 0x00, 0x00, 0xff, 0x11, 0x00, 0x00, 0xff, 0x03, 
  0x00, 0x00, 0x7f, 0x02, 0x00, 0x00, 0xff, 0x13, 0x00, 0x00, 0xff, 0x30, 0x00, 0x03, 0xff, 0x5e, 0x0e, 0x0f, 0xff, 0x96, 0x26, 0x2b, 0xff, 0xca, 0x44, 0x4e, 0xff, 0xea, 0x5b, 0x69, 0xff, 0xfa, 0x5b, 0x69, 0xff, 0xf9, 0x46, 0x50, 0xff, 0xec, 0x28, 0x2d, 0xff, 0xcc, 0x0e, 0x0f, 0xff, 0x95, 0x00, 0x00, 0xff, 0x5c, 0x05, 0x05, 0xff, 0x2f, 0x00, 0x00, 0xff, 0x11, 0x00, 0x00, 0xff, 0x03, 
  0x00, 0x00, 0xff, 0x02, 0x00, 0x00, 0xff, 0x12, 0x00, 0x00, 0xff, 0x31, 0x00, 0x00, 0xff, 0x5e, 0x0c, 0x0f, 0xff, 0x96, 0x26, 0x2c, 0xff, 0xc9, 0x44, 0x4f, 0xff, 0xeb, 0x5b, 0x69, 0xff, 0xfa, 0x5b, 0x6b, 0xff, 0xf9, 0x46, 0x50, 0xff, 0xec, 0x28, 0x2d, 0xff, 0xcc, 0x0c, 0x0f, 0xff, 0x95, 0x00, 0x00, 0xff, 0x5c, 0x00, 0x00, 0xff, 0x2f, 0x00, 0x00, 0xff, 0x12, 0x00, 0x00, 0xff, 0x03, 
  0x00, 0x00, 0xff, 0x02, 0x0e, 0x0e, 0xff, 0x12, 0x00, 0x00, 0xff, 0x30, 0x00, 0x00, 0xff, 0x5d, 0x0e, 0x0f, 0xff, 0x96, 0x27, 0x2c, 0xff, 0xca, 0x44, 0x4e, 0xff, 0xea, 0x5b, 0x69, 0xff, 0xfa, 0x5b, 0x69, 0xff, 0xf9, 0x45, 0x50, 0xff, 0xec, 0x28, 0x2e, 0xff, 0xcd, 0x0e, 0x0f, 0xff, 0x95, 0x00, 0x00, 0xff, 0x5c, 0x00, 0x00, 0xff, 0x2f, 0x0f, 0x0f, 0xff, 0x11, 0x00, 0x00, 0xff, 0x03, 
  0x00, 0x00, 0xff, 0x02, 0x00, 0x00, 0xff, 0x12, 0x00, 0x00, 0xff, 0x30, 0x00, 0x00, 0xff, 0x5d, 0x0e, 0x0f, 0xff, 0x96, 0x26, 0x2b, 0xff, 0xc9, 0x43, 0x4f, 0xff, 0xeb, 0x5b, 0x69, 0xff, 0xfa, 0x5b, 0x69, 0xff, 0xf9, 0x46, 0x51, 0xff, 0xec, 0x28, 0x2e, 0xff, 0xcd, 0x0f, 0x11, 0xff, 0x96, 0x00, 0x00, 0xff, 0x5c, 0x00, 0x00, 0xff, 0x2f, 0x00, 0x00, 0xff, 0x12, 0x00, 0x00, 0xff, 0x03, 
  0x00, 0x00, 0x7f, 0x02, 0x00, 0x00, 0xff, 0x13, 0x00, 0x00, 0xff, 0x30, 0x00, 0x00, 0xff, 0x5d, 0x0e, 0x0e, 0xff, 0x96, 0x26, 0x2c, 0xff, 0xc9, 0x44, 0x4f, 0xff, 0xe9, 0x5a, 0x69, 0xff, 0xfa, 0x5b, 0x69, 0xff, 0xf9, 0x47, 0x51, 0xff, 0xec, 0x28, 0x2e, 0xff, 0xcd, 0x0e, 0x11, 0xff, 0x95, 0x00, 0x00, 0xff, 0x5d, 0x00, 0x00, 0xff, 0x2f, 0x00, 0x00, 0xff, 0x11, 0x00, 0x00, 0xff, 0x03, 
  0x00, 0x00, 0xff, 0x02, 0x00, 0x00, 0xff, 0x12, 0x05, 0x05, 0xff, 0x30, 0x03, 0x03, 0xff, 0x5d, 0x0c, 0x0e, 0xff, 0x95, 0x27, 0x2c, 0xff, 0xc9, 0x44, 0x4f, 0xff, 0xeb, 0x5a, 0x69, 0xff, 0xfa, 0x5b, 0x6b, 0xff, 0xf9, 0x47, 0x51, 0xff, 0xec, 0x27, 0x2d, 0xff, 0xcc, 0x0f, 0x11, 0xff, 0x95, 0x03, 0x00, 0xff, 0x5c, 0x00, 0x00, 0xff, 0x2f, 0x00, 0x00, 0xff, 0x11, 0x00, 0x00, 0xff, 0x03, 
  0x00, 0x00, 0x7f, 0x02, 0x0d, 0x0d, 0xff, 0x13, 0x00, 0x00, 0xff, 0x30, 0x00, 0x00, 0xff, 0x5d, 0x0c, 0x0e, 0xff, 0x97, 0x27, 0x2c, 0xff, 0xca, 0x45, 0x4e, 0xff, 0xea, 0x5b, 0x69, 0xff, 0xfa, 0x5b, 0x69, 0xff, 0xf9, 0x46, 0x51, 0xff, 0xec, 0x27, 0x2e, 0xff, 0xcc, 0x0c, 0x0e, 0xff, 0x95, 0x03, 0x03, 0xff, 0x5c, 0x00, 0x00, 0xff, 0x2e, 0x00, 0x00, 0xff, 0x11, 0x00, 0x00, 0xff, 0x03, 
  0x00, 0x00, 0xff, 0x02, 0x00, 0x00, 0xff, 0x12, 0x00, 0x00, 0xff, 0x30, 0x00, 0x00, 0xff, 0x5d, 0x0c, 0x0e, 0xff, 0x95, 0x26, 0x2c, 0xff, 0xc9, 0x43, 0x4e, 0xff, 0xeb, 0x5b, 0x69, 0xff, 0xfa, 0x5a, 0x68, 0xff, 0xf9, 0x46, 0x51, 0xff, 0xec, 0x27, 0x2d, 0xff, 0xcc, 0x0f, 0x0f, 0xff, 0x95, 0x03, 0x00, 0xff, 0x5c, 0x00, 0x00, 0xff, 0x2f, 0x0f, 0x0f, 0xff, 0x11, 0x00, 0x00, 0xff, 0x03, 
  0x00, 0x00, 0xff, 0x03, 0x00, 0x00, 0xff, 0x13, 0x00, 0x00, 0xff, 0x30, 0x00, 0x00, 0xff, 0x5d, 0x0c, 0x0e, 0xff, 0x95, 0x27, 0x2c, 0xff, 0xc9, 0x45, 0x50, 0xff, 0xea, 0x5a, 0x69, 0xff, 0xf9, 0x5b, 0x68, 0xff, 0xf9, 0x46, 0x52, 0xff, 0xec, 0x28, 0x2d, 0xff, 0xcd, 0x0f, 0x0f, 0xff, 0x95, 0x03, 0x00, 0xff, 0x5c, 0x00, 0x00, 0xff, 0x2f, 0x00, 0x00, 0xff, 0x12, 0x00, 0x00, 0xff, 0x03, 
  0x00, 0x00, 0xff, 0x03, 0x0d, 0x0d, 0xff, 0x13, 0x00, 0x00, 0xff, 0x30, 0x03, 0x03, 0xff, 0x5d, 0x0a, 0x0e, 0xff, 0x96, 0x27, 0x2c, 0xff, 0xca, 0x45, 0x4e, 0xff, 0xea, 0x5a, 0x69, 0xff, 0xf9, 0x5b, 0x69, 0xff, 0xf9, 0x46, 0x51, 0xff, 0xec, 0x27, 0x2d, 0xff, 0xcc, 0x0f, 0x0f, 0xff, 0x96, 0x00, 0x00, 0xff, 0x5c, 0x00, 0x00, 0xff, 0x2f, 0x0f, 0x0f, 0xff, 0x11, 0x00, 0x00, 0xff, 0x03, 
  0x00, 0x00, 0xff, 0x02, 0x00, 0x00, 0xff, 0x12, 0x00, 0x00, 0xff, 0x30, 0x00, 0x00, 0xff, 0x5d, 0x0c, 0x0e, 0xff, 0x96, 0x26, 0x2c, 0xff, 0xc9, 0x44, 0x4f, 0xff, 0xeb, 0x5a, 0x69, 0xff, 0xfa, 0x5b, 0x69, 0xff, 0xf9, 0x46, 0x51, 0xff, 0xec, 0x27, 0x2d, 0xff, 0xcc, 0x0f, 0x0f, 0xff, 0x96, 0x03, 0x03, 0xff, 0x5c, 0x00, 0x00, 0xff, 0x2f, 0x00, 0x00, 0xff, 0x11, 0x00, 0x00, 0xff, 0x03, 
  0x00, 0x00, 0x7f, 0x02, 0x0d, 0x0d, 0xff, 0x13, 0x00, 0x00, 0xff, 0x30, 0x00, 0x00, 0xff, 0x5c, 0x0e, 0x0e, 0xff, 0x96, 0x27, 0x2c, 0xff, 0xc9, 0x44, 0x4f, 0xff, 0xeb, 0x5a, 0x69, 0xff, 0xfa, 0x5a, 0x68, 0xff, 0xf9, 0x45, 0x52, 0xff, 0xec, 0x27, 0x2d, 0xff, 0xcc, 0x0f, 0x0f, 0xff, 0x96, 0x03, 0x03, 0xff, 0x5c, 0x00, 0x00, 0xff, 0x2f, 0x00, 0x00, 0xff, 0x11, 0x00, 0x00, 0xff, 0x03, 
  0x00, 0x00, 0x7f, 0x02, 0x00, 0x00, 0xff, 0x13, 0x00, 0x00, 0xff, 0x30, 0x03, 0x03, 0xff, 0x5d, 0x0e, 0x0e, 0xff, 0x96, 0x26, 0x2c, 0xff, 0xc9, 0x44, 0x4f, 0xff, 0xeb, 0x5b, 0x69, 0xff, 0xfa, 0x5b, 0x69, 0xff, 0xf9, 0x45, 0x52, 0xff, 0xec, 0x28, 0x2d, 0xff, 0xcc, 0x0f, 0x0f, 0xff, 0x96, 0x00, 0x00, 0xff, 0x5c, 0x00, 0x00, 0xff, 0x2f, 0x00, 0x00, 0xff, 0x11, 0x00, 0x00, 0xff, 0x03, 
  0x00, 0x00, 0xff, 0x02, 0x00, 0x00, 0xff, 0x12, 0x00, 0x00, 0xff, 0x30, 0x03, 0x03, 0xff, 0x5d, 0x0c, 0x0f, 0xff, 0x96, 0x26, 0x2b, 0xff, 0xc9, 0x44, 0x4e, 0xff, 0xea, 0x5b, 0x69, 0xff, 0xfa, 0x5b, 0x69, 0xff, 0xf9, 0x45, 0x51, 0xff, 0xec, 0x28, 0x2d, 0xff, 0xcc, 0x0c, 0x0f, 0xff, 0x95, 0x00, 0x00, 0xff, 0x5c, 0x00, 0x00, 0xff, 0x2f, 0x00, 0x00, 0xff, 0x11, 0x00, 0x00, 0xff, 0x03, 
  0x00, 0x00, 0xff, 0x03, 0x0e, 0x0e, 0xff, 0x12, 0x00, 0x00, 0xff, 0x2f, 0x00, 0x00, 0xff, 0x5d, 0x0c, 0x0f, 0xff, 0x95, 0x26, 0x2c, 0xff, 0xc9, 0x44, 0x4e, 0xff, 0xea, 0x5b, 0x69, 0xff, 0xf9, 0x5b, 0x69, 0xff, 0xf9, 0x45, 0x50, 0xff, 0xec, 0x28, 0x2d, 0xff, 0xcc, 0x0e, 0x0f, 0xff, 0x95, 0x00, 0x00, 0xff, 0x5c, 0x00, 0x00, 0xff, 0x2f, 0x00, 0x00, 0xff, 0x12, 0x00, 0x00, 0xff, 0x03, 
  0x00, 0x00, 0x7f, 0x02, 0x00, 0x00, 0xff, 0x12, 0x05, 0x05, 0xff, 0x2f, 0x00, 0x00, 0xff, 0x5c, 0x0c, 0x0f, 0xff, 0x95, 0x27, 0x2c, 0xff, 0xca, 0x45, 0x50, 0xff, 0xea, 0x5a, 0x6b, 0xff, 0xf9, 0x5b, 0x69, 0xff, 0xf9, 0x46, 0x51, 0xff, 0xec, 0x28, 0x2d, 0xff, 0xcc, 0x0f, 0x0f, 0xff, 0x95, 0x00, 0x00, 0xff, 0x5b, 0x00, 0x00, 0xff, 0x2e, 0x00, 0x00, 0xff, 0x11, 0x00, 0x00, 0xff, 0x03, 
  0x00, 0x00, 0x00, 0x01, 0x0f, 0x0f, 0xff, 0x11, 0x00, 0x00, 0xff, 0x2f, 0x00, 0x00, 0xff, 0x5b, 0x0c, 0x10, 0xff, 0x94, 0x28, 0x2d, 0xff, 0xc8, 0x45, 0x4f, 0xff, 0xe9, 0x5b, 0x68, 0xff, 0xfa, 0x5b, 0x69, 0xff, 0xfa, 0x45, 0x51, 0xff, 0xeb, 0x28, 0x2d, 0xff, 0xcb, 0x0e, 0x0e, 0xff, 0x94, 0x00, 0x00, 0xff, 0x5a, 0x00, 0x00, 0xff, 0x2d, 0x00, 0x00, 0xff, 0x11, 0x00, 0x00, 0xff, 0x03, 
  0x00, 0x00, 0xff, 0x02, 0x00, 0x00, 0xff, 0x11, 0x06, 0x06, 0xff, 0x2e, 0x00, 0x00, 0xff, 0x5b, 0x0c, 0x0e, 0xff, 0x92, 0x26, 0x2d, 0xff, 0xc8, 0x45, 0x4f, 0xff, 0xe9, 0x5a, 0x69, 0xff, 0xfa, 0x5a, 0x69, 0xff, 0xfa, 0x45, 0x50, 0xff, 0xeb, 0x27, 0x2c, 0xff, 0xc9, 0x0c, 0x0c, 0xff, 0x92, 0x03, 0x03, 0xff, 0x5a, 0x00, 0x00, 0xff, 0x2d, 0x00, 0x00, 0xff, 0x0f, 0x00, 0x00, 0xff, 0x02, 
  0x00, 0x00, 0xaa, 0x03, 0x0f, 0x0f, 0xff, 0x11, 0x00, 0x00, 0xff, 0x2c, 0x00, 0x00, 0xff, 0x59, 0x0c, 0x10, 0xff, 0x92, 0x26, 0x2d, 0xff, 0xc7, 0x46, 0x50, 0xff, 0xe9, 0x5a, 0x69, 0xff, 0xfa, 0x5a, 0x68, 0xff, 0xfa, 0x45, 0x50, 0xff, 0xeb, 0x29, 0x2f, 0xff, 0xc9, 0x0c, 0x10, 0xff, 0x91, 0x03, 0x03, 0xff, 0x58, 0x00, 0x00, 0xff, 0x2b, 0x00, 0x00, 0xff, 0x0f, 0x00, 0x00, 0x7f, 0x02, 
  0x00, 0x00, 0xff, 0x02, 0x00, 0x00, 0xff, 0x10, 0x00, 0x00, 0xff, 0x2c, 0x00, 0x00, 0xff, 0x57, 0x0e, 0x0e, 0xff, 0x8f, 0x28, 0x2d, 0xff, 0xc7, 0x45, 0x50, 0xff, 0xe8, 0x5a, 0x6b, 0xff, 0xf9, 0x5b, 0x69, 0xff, 0xfa, 0x45, 0x50, 0xff, 0xeb, 0x28, 0x2e, 0xff, 0xc8, 0x0e, 0x10, 0xff, 0x90, 0x00, 0x00, 0xff, 0x56, 0x00, 0x00, 0xff, 0x2a, 0x11, 0x11, 0xff, 0x0f, 0x00, 0x00, 0x7f, 0x02, 
  0x00, 0x00, 0xff, 0x02, 0x00, 0x00, 0xff, 0x10, 0x00, 0x00, 0xff, 0x2c, 0x00, 0x00, 0xff, 0x57, 0x0c, 0x0e, 0xff, 0x8f, 0x28, 0x2d, 0xff, 0xc6, 0x45, 0x50, 0xff, 0xe8, 0x5a, 0x6b, 0xff, 0xf9, 0x5a, 0x6b, 0xff, 0xf9, 0x47, 0x52, 0xff, 0xea, 0x2a, 0x2e, 0xff, 0xc8, 0x0e, 0x10, 0xff, 0x90, 0x00, 0x00, 0xff, 0x56, 0x00, 0x00, 0xff, 0x29, 0x00, 0x00, 0xff, 0x0e, 0x00, 0x00, 0x00, 0x01, 
  0x00, 0x00, 0xff, 0x02, 0x00, 0x00, 0xff, 0x10, 0x00, 0x00, 0xff, 0x2b, 0x00, 0x00, 0xff, 0x57, 0x0c, 0x0e, 0xff, 0x8f, 0x27, 0x2d, 0xff, 0xc5, 0x45, 0x50, 0xff, 0xe8, 0x59, 0x6b, 0xff, 0xf9, 0x5a, 0x6b, 0xff, 0xf8, 0x47, 0x52, 0xff, 0xea, 0x29, 0x2f, 0xff, 0xc8, 0x10, 0x10, 0xff, 0x8f, 0x00, 0x00, 0xff, 0x55, 0x00, 0x00, 0xff, 0x29, 0x00, 0x00, 0xff, 0x0d, 0x00, 0x00, 0x00, 0x01, 
  0x00, 0x00, 0xff, 0x02, 0x00, 0x00, 0xff, 0x10, 0x00, 0x00, 0xff, 0x2b, 0x03, 0x03, 0xff, 0x57, 0x0e, 0x0e, 0xff, 0x8f, 0x28, 0x2d, 0xff, 0xc5, 0x45, 0x50, 0xff, 0xe8, 0x5a, 0x6b, 0xff, 0xf9, 0x5b, 0x6b, 0xff, 0xf9, 0x48, 0x52, 0xff, 0xea, 0x29, 0x2e, 0xff, 0xc8, 0x0e, 0x10, 0xff, 0x8f, 0x00, 0x03, 0xff, 0x55, 0x00, 0x00, 0xff, 0x29, 0x00, 0x00, 0xff, 0x0d, 0x00, 0x00, 0x00, 0x01, 
  0x00, 0x00, 0xff, 0x01, 0x00, 0x00, 0xff, 0x10, 0x00, 0x00, 0xff, 0x2c, 0x06, 0x03, 0xff, 0x57, 0x0d, 0x0e, 0xff, 0x8e, 0x27, 0x2d, 0xff, 0xc5, 0x44, 0x4f, 0xff, 0xe7, 0x5a, 0x6b, 0xff, 0xf9, 0x5b, 0x6b, 0xff, 0xf9, 0x47, 0x53, 0xff, 0xea, 0x29, 0x2e, 0xff, 0xc8, 0x0d, 0x10, 0xff, 0x8e, 0x00, 0x00, 0xff, 0x55, 0x00, 0x00, 0xff, 0x29, 0x00, 0x00, 0xff, 0x0d, 0x00, 0x00, 0x00, 0x01, 
  0x00, 0x00, 0xff, 0x01, 0x00, 0x00, 0xff, 0x10, 0x06, 0x06, 0xff, 0x2b, 0x00, 0x00, 0xff, 0x57, 0x0d, 0x0e, 0xff, 0x8e, 0x27, 0x2d, 0xff, 0xc5, 0x45, 0x4f, 0xff, 0xe8, 0x5a, 0x6b, 0xff, 0xf9, 0x5b, 0x6b, 0xff, 0xf9, 0x47, 0x52, 0xff, 0xea, 0x29, 0x2e, 0xff, 0xc8, 0x10, 0x12, 0xff, 0x8e, 0x00, 0x00, 0xff, 0x54, 0x00, 0x00, 0xff, 0x29, 0x14, 0x14, 0xff, 0x0d, 0x00, 0x00, 0x00, 0x01, 
  0x00, 0x00, 0xff, 0x02, 0x00, 0x00, 0xff, 0x10, 0x06, 0x06, 0xff, 0x2b, 0x00, 0x00, 0xff, 0x57, 0x0c, 0x0e, 0xff, 0x8f, 0x28, 0x2d, 0xff, 0xc5, 0x46, 0x4f, 0xff, 0xe7, 0x5a, 0x6b, 0xff, 0xf9, 0x5b, 0x6a, 0xff, 0xfa, 0x47, 0x52, 0xff, 0xea, 0x29, 0x2e, 0xff, 0xc8, 0x10, 0x12, 0xff, 0x8f, 0x00, 0x00, 0xff, 0x55, 0x00, 0x00, 0xff, 0x29, 0x27, 0x27, 0xff, 0x0d, 0x00, 0x00, 0x00, 0x01, 
  0x00, 0x00, 0xff, 0x02, 0x00, 0x00, 0xff, 0x10, 0x00, 0x00, 0xff, 0x2b, 0x00, 0x00, 0xff, 0x57, 0x0e, 0x10, 0xff, 0x8f, 0x28, 0x2d, 0xff, 0xc5, 0x44, 0x4f, 0xff, 0xe7, 0x5a, 0x6b, 0xff, 0xf9, 0x5b, 0x6b, 0xff, 0xf9, 0x47, 0x52, 0xff, 0xea, 0x29, 0x2e, 0xff, 0xc8, 0x0e, 0x10, 0xff, 0x8f, 0x00, 0x00, 0xff, 0x55, 0x00, 0x00, 0xff, 0x29, 0x14, 0x14, 0xff, 0x0d, 0x00, 0x00, 0x00, 0x01, 
  0x00, 0x00, 0xff, 0x02, 0x00, 0x00, 0xff, 0x10, 0x00, 0x00, 0xff, 0x2b, 0x00, 0x03, 0xff, 0x56, 0x0c, 0x0e, 0xff, 0x8f, 0x28, 0x2d, 0xff, 0xc6, 0x45, 0x51, 0xff, 0xe8, 0x59, 0x6b, 0xff, 0xf9, 0x5a, 0x6b, 0xff, 0xf8, 0x47, 0x51, 0xff, 0xea, 0x29, 0x2e, 0xff, 0xc8, 0x10, 0x10, 0xff, 0x8f, 0x00, 0x00, 0xff, 0x55, 0x00, 0x00, 0xff, 0x29, 0x14, 0x14, 0xff, 0x0d, 0x00, 0x00, 0x00, 0x01, 
  0x00, 0x00, 0x00, 0x01, 0x10, 0x10, 0xff, 0x10, 0x00, 0x00, 0xff, 0x2b, 0x03, 0x03, 0xff, 0x56, 0x0b, 0x0e, 0xff, 0x8e, 0x28, 0x2d, 0xff, 0xc6, 0x44, 0x4f, 0xff, 0xe7, 0x5a, 0x6b, 0xff, 0xf9, 0x5a, 0x6b, 0xff, 0xf9, 0x47, 0x51, 0xff, 0xea, 0x29, 0x2d, 0xff, 0xc7, 0x0e, 0x0e, 0xff, 0x8f, 0x00, 0x00, 0xff, 0x55, 0x00, 0x00, 0xff, 0x29, 0x00, 0x00, 0xff, 0x0d, 0x00, 0x00, 0x00, 0x01, 
  0x00, 0x00, 0xff, 0x02, 0x00, 0x00, 0xff, 0x10, 0x00, 0x00, 0xff, 0x2a, 0x00, 0x00, 0xff, 0x57, 0x0e, 0x10, 0xff, 0x90, 0x27, 0x2d, 0xff, 0xc5, 0x44, 0x4f, 0xff, 0xe7, 0x5a, 0x6b, 0xff, 0xf9, 0x5a, 0x6b, 0xff, 0xf9, 0x47, 0x51, 0xff, 0xea, 0x29, 0x2e, 0xff, 0xc8, 0x0e, 0x10, 0xff, 0x8f, 0x00, 0x03, 0xff, 0x55, 0x00, 0x00, 0xff, 0x29, 0x00, 0x00, 0xff, 0x0d, 0x00, 0x00, 0x00, 0x01, 
  0x00, 0x00, 0xff, 0x02, 0x10, 0x10, 0xff, 0x10, 0x00, 0x00, 0xff, 0x2b, 0x03, 0x03, 0xff, 0x57, 0x0c, 0x10, 0xff, 0x8f, 0x27, 0x2c, 0xff, 0xc5, 0x45, 0x50, 0xff, 0xe8, 0x59, 0x6b, 0xff, 0xf9, 0x5a, 0x6c, 0xff, 0xf9, 0x47, 0x51, 0xff, 0xea, 0x28, 0x2e, 0xff, 0xc7, 0x0d, 0x10, 0xff, 0x8e, 0x03, 0x06, 0xff, 0x55, 0x00, 0x00, 0xff, 0x29, 0x00, 0x00, 0xff, 0x0d, 0x00, 0x00, 0x00, 0x01, 
  0x00, 0x00, 0xff, 0x02, 0x00, 0x00, 0xff, 0x10, 0x06, 0x06, 0xff, 0x2c, 0x00, 0x00, 0xff, 0x57, 0x0e, 0x10, 0xff, 0x8f, 0x27, 0x2b, 0xff, 0xc5, 0x45, 0x4f, 0xff, 0xe8, 0x5a, 0x6b, 0xff, 0xf9, 0x5b, 0x6a, 0xff, 0xfa, 0x47, 0x52, 0xff, 0xea, 0x29, 0x2e, 0xff, 0xc7, 0x0c, 0x10, 0xff, 0x8f, 0x00, 0x03, 0xff, 0x55, 0x00, 0x00, 0xff, 0x29, 0x14, 0x14, 0xff, 0x0d, 0x00, 0x00, 0x00, 0x01, 
  0x00, 0x00, 0xff, 0x02, 0x00, 0x00, 0xff, 0x10, 0x00, 0x00, 0xff, 0x2c, 0x00, 0x00, 0xff, 0x57, 0x0b, 0x0e, 0xff, 0x8f, 0x27, 0x2d, 0xff, 0xc5, 0x45, 0x50, 0xff, 0xe8, 0x5a, 0x6b, 0xff, 0xf9, 0x5a, 0x6b, 0xff, 0xf9, 0x47, 0x52, 0xff, 0xea, 0x28, 0x2d, 0xff, 0xc7, 0x0e, 0x10, 0xff, 0x8f, 0x03, 0x03, 0xff, 0x55, 0x00, 0x00, 0xff, 0x29, 0x12, 0x12, 0xff, 0x0e, 0x00, 0x00, 0x00, 0x01, 
  0x00, 0x00, 0xff, 0x02, 0x00, 0x00, 0xff, 0x10, 0x06, 0x06, 0xff, 0x2b, 0x00, 0x00, 0xff, 0x57, 0x0e, 0x0e, 0xff, 0x8f, 0x28, 0x2d, 0xff, 0xc5, 0x44, 0x4f, 0xff, 0xe7, 0x5a, 0x6b, 0xff, 0xf9, 0x5a, 0x6b, 0xff, 0xf9, 0x47, 0x51, 0xff, 0xea, 0x29, 0x2e, 0xff, 0xc8, 0x0e, 0x10, 0xff, 0x8f, 0x03, 0x06, 0xff, 0x55, 0x00, 0x00, 0xff, 0x29, 0x00, 0x00, 0xff, 0x0d, 0x00, 0x00, 0x00, 0x00, 
  0x00, 0x00, 0xff, 0x02, 0x00, 0x00, 0xff, 0x0f, 0x00, 0x00, 0xff, 0x2b, 0x00, 0x00, 0xff, 0x57, 0x0c, 0x0e, 0xff, 0x8f, 0x28, 0x2d, 0xff, 0xc5, 0x44, 0x4f, 0xff, 0xe8, 0x5a, 0x6b, 0xff, 0xf9, 0x5a, 0x6b, 0xff, 0xf9, 0x47, 0x52, 0xff, 0xea, 0x29, 0x2e, 0xff, 0xc8, 0x10, 0x12, 0xff, 0x8f, 0x03, 0x03, 0xff, 0x55, 0x00, 0x00, 0xff, 0x29, 0x00, 0x00, 0xff, 0x0d, 0x00, 0x00, 0x00, 0x01, 
  0x00, 0x00, 0xff, 0x02, 0x00, 0x00, 0xff, 0x0f, 0x00, 0x00, 0xff, 0x2b, 0x00, 0x00, 0xff, 0x57, 0x0c, 0x0e, 0xff, 0x8f, 0x27, 0x2d, 0xff, 0xc5, 0x45, 0x51, 0xff, 0xe8, 0x59, 0x6b, 0xff, 0xf9, 0x5a, 0x6c, 0xff, 0xf9, 0x47, 0x52, 0xff, 0xea, 0x29, 0x2e, 0xff, 0xc8, 0x0e, 0x10, 0xff, 0x8f, 0x00, 0x00, 0xff, 0x55, 0x00, 0x00, 0xff, 0x29, 0x00, 0x00, 0xff, 0x0e, 0x00, 0x00, 0x00, 0x01, 
  0x00, 0x00, 0xff, 0x02, 0x00, 0x00, 0xff, 0x10, 0x00, 0x00, 0xff, 0x2b, 0x00, 0x00, 0xff, 0x57, 0x0e, 0x0e, 0xff, 0x8f, 0x28, 0x2d, 0xff, 0xc6, 0x44, 0x50, 0xff, 0xe8, 0x59, 0x6b, 0xff, 0xf9, 0x5a, 0x6c, 0xff, 0xf9, 0x47, 0x51, 0xff, 0xea, 0x29, 0x2f, 0xff, 0xc8, 0x0e, 0x10, 0xff, 0x8f, 0x00, 0x00, 0xff, 0x55, 0x00, 0x00, 0xff, 0x29, 0x00, 0x00, 0xff, 0x0d, 0x00, 0x00, 0x00, 0x01, 
  0x00, 0x00, 0xff, 0x02, 0x10, 0x10, 0xff, 0x10, 0x00, 0x00, 0xff, 0x2b, 0x03, 0x03, 0xff, 0x57, 0x0c, 0x10, 0xff, 0x8f, 0x29, 0x2d, 0xff, 0xc5, 0x44, 0x4e, 0xff, 0xe7, 0x59, 0x6b, 0xff, 0xf9, 0x5a, 0x6b, 0xff, 0xf9, 0x47, 0x51, 0xff, 0xea, 0x29, 0x2e, 0xff, 0xc8, 0x10, 0x14, 0xff, 0x8f, 0x03, 0x03, 0xff, 0x55, 0x00, 0x00, 0xff, 0x29, 0x00, 0x00, 0xff, 0x0d, 0x00, 0x00, 0x00, 0x01, 
  0x00, 0x00, 0xff, 0x02, 0x10, 0x10, 0xff, 0x10, 0x00, 0x00, 0xff, 0x2b, 0x03, 0x03, 0xff, 0x57, 0x0b, 0x0e, 0xff, 0x8f, 0x28, 0x2e, 0xff, 0xc4, 0x46, 0x4f, 0xff, 0xe7, 0x59, 0x69, 0xff, 0xf9, 0x59, 0x6b, 0xff, 0xf9, 0x45, 0x51, 0xff, 0xeb, 0x29, 0x2e, 0xff, 0xc8, 0x10, 0x14, 0xff, 0x8e, 0x00, 0x00, 0xff, 0x55, 0x00, 0x00, 0xff, 0x29, 0x14, 0x14, 0xff, 0x0d, 0x00, 0x00, 0x00, 0x01, 
  0x00, 0x00, 0x7f, 0x02, 0x10, 0x10, 0xff, 0x10, 0x00, 0x00, 0xff, 0x2b, 0x00, 0x00, 0xff, 0x57, 0x0e, 0x0e, 0xff, 0x8f, 0x27, 0x2d, 0xff, 0xc5, 0x45, 0x51, 0xff, 0xe8, 0x59, 0x6c, 0xff, 0xf9, 0x5a, 0x6b, 0xff, 0xf9, 0x46, 0x51, 0xff, 0xea, 0x29, 0x2f, 0xff, 0xc9, 0x10, 0x12, 0xff, 0x8e, 0x00, 0x00, 0xff, 0x54, 0x00, 0x00, 0xff, 0x29, 0x00, 0x00, 0xff, 0x0d, 0x00, 0x00, 0x00, 0x01, 
  0x00, 0x00, 0xff, 0x01, 0x00, 0x00, 0xff, 0x10, 0x00, 0x00, 0xff, 0x2b, 0x03, 0x03, 0xff, 0x57, 0x0c, 0x0e, 0xff, 0x8f, 0x28, 0x2d, 0xff, 0xc5, 0x44, 0x4f, 0xff, 0xe8, 0x5a, 0x6b, 0xff, 0xf9, 0x5a, 0x6b, 0xff, 0xf9, 0x46, 0x51, 0xff, 0xea, 0x28, 0x2e, 0xff, 0xc8, 0x10, 0x10, 0xff, 0x8f, 0x00, 0x00, 0xff, 0x56, 0x00, 0x00, 0xff, 0x29, 0x00, 0x00, 0xff, 0x0d, 0x00, 0x00, 0x00, 0x01, 
  0x00, 0x00, 0xff, 0x02, 0x00, 0x00, 0xff, 0x10, 0x06, 0x06, 0xff, 0x2b, 0x00, 0x00, 0xff, 0x57, 0x0b, 0x0e, 0xff, 0x8f, 0x27, 0x2d, 0xff, 0xc5, 0x45, 0x50, 0xff, 0xe8, 0x59, 0x69, 0xff, 0xf9, 0x5a, 0x6b, 0xff, 0xf9, 0x45, 0x51, 0xff, 0xea, 0x29, 0x2c, 0xff, 0xc7, 0x0e, 0x10, 0xff, 0x8e, 0x00, 0x00, 0xff, 0x55, 0x06, 0x06, 0xff, 0x29, 0x00, 0x00, 0xff, 0x0d, 0x00, 0x00, 0x00, 0x01, 
  0x00, 0x00, 0x00, 0x01, 0x00, 0x00, 0xff, 0x10, 0x00, 0x00, 0xff, 0x2b, 0x03, 0x03, 0xff, 0x57, 0x0b, 0x0e, 0xff, 0x8e, 0x27, 0x2e, 0xff, 0xc4, 0x45, 0x50, 0xff, 0xe8, 0x5a, 0x6b, 0xff, 0xf9, 0x5a, 0x6c, 0xff, 0xf9, 0x47, 0x51, 0xff, 0xea, 0x29, 0x2f, 0xff, 0xc7, 0x0e, 0x10, 0xff, 0x8e, 0x00, 0x03, 0xff, 0x54, 0x00, 0x00, 0xff, 0x29, 0x00, 0x00, 0xff, 0x0d, 0x00, 0x00, 0x00, 0x01, 
  0x00, 0x00, 0xff, 0x02, 0x00, 0x00, 0xff, 0x10, 0x00, 0x00, 0xff, 0x2a, 0x03, 0x06, 0xff, 0x56, 0x0b, 0x10, 0xff, 0x8d, 0x27, 0x2e, 0xff, 0xc4, 0x45, 0x51, 0xff, 0xe8, 0x59, 0x6b, 0xff, 0xf9, 0x5a, 0x6b, 0xff, 0xf8, 0x47, 0x51, 0xff, 0xea, 0x29, 0x2f, 0xff, 0xc7, 0x0e, 0x12, 0xff, 0x8e, 0x00, 0x00, 0xff, 0x53, 0x00, 0x00, 0xff, 0x28, 0x12, 0x12, 0xff, 0x0e, 0x00, 0x00, 0x00, 0x01, 
  0x00, 0x00, 0xff, 0x01, 0x00, 0x00, 0xff, 0x0f, 0x00, 0x00, 0xff, 0x2a, 0x03, 0x03, 0xff, 0x54, 0x0b, 0x0f, 0xff, 0x8c, 0x27, 0x2e, 0xff, 0xc3, 0x44, 0x51, 0xff, 0xe7, 0x5a, 0x6b, 0xff, 0xf9, 0x5c, 0x6b, 0xff, 0xf8, 0x47, 0x52, 0xff, 0xea, 0x29, 0x2f, 0xff, 0xc7, 0x0f, 0x12, 0xff, 0x8c, 0x00, 0x00, 0xff, 0x52, 0x00, 0x00, 0xff, 0x28, 0x14, 0x14, 0xff, 0x0d, 0x00, 0x00, 0x00, 0x01, 
  0x00, 0x00, 0xff, 0x01, 0x00, 0x00, 0xff, 0x0e, 0x06, 0x06, 0xff, 0x28, 0x00, 0x00, 0xff, 0x52, 0x0f, 0x0f, 0xff, 0x8a, 0x29, 0x2e, 0xff, 0xc1, 0x46, 0x51, 0xff, 0xe7, 0x5c, 0x6b, 0xff, 0xf8, 0x5c, 0x6b, 0xff, 0xf8, 0x46, 0x51, 0xff, 0xe8, 0x28, 0x30, 0xff, 0xc5, 0x0d, 0x12, 0xff, 0x8b, 0x03, 0x03, 0xff, 0x51, 0x00, 0x00, 0xff, 0x26, 0x00, 0x00, 0xff, 0x0c, 0x00, 0x00, 0x00, 0x01, 
  0x00, 0x00, 0xff, 0x02, 0x12, 0x12, 0xff, 0x0e, 0x00, 0x00, 0xff, 0x28, 0x00, 0x00, 0xff, 0x52, 0x0d, 0x0f, 0xff, 0x89, 0x28, 0x2d, 0xff, 0xc1, 0x45, 0x51, 0xff, 0xe6, 0x5c, 0x6a, 0xff, 0xf7, 0x5c, 0x6b, 0xff, 0xf8, 0x47, 0x51, 0xff, 0xe8, 0x2a, 0x2e, 0xff, 0xc3, 0x0d, 0x11, 0xff, 0x89, 0x00, 0x00, 0xff, 0x50, 0x07, 0x07, 0xff, 0x26, 0x00, 0x00, 0xff, 0x0c, 0x00, 0x00, 0x00, 0x00, 
  0x00, 0x00, 0xff, 0x01, 0x14, 0x14, 0xff, 0x0d, 0x00, 0x00, 0xff, 0x27, 0x00, 0x00, 0xff, 0x52, 0x0d, 0x0f, 0xff, 0x88, 0x28, 0x2d, 0xff, 0xc1, 0x46, 0x51, 0xff, 0xe6, 0x5c, 0x6b, 0xff, 0xf8, 0x5c, 0x6b, 0xff, 0xf7, 0x47, 0x53, 0xff, 0xe7, 0x2a, 0x2f, 0xff, 0xc3, 0x0f, 0x11, 0xff, 0x88, 0x00, 0x00, 0xff, 0x50, 0x00, 0x00, 0xff, 0x26, 0x17, 0x17, 0xff, 0x0b, 0x00, 0x00, 0x00, 0x00, 
  0x00, 0x00, 0xff, 0x01, 0x00, 0x00, 0xff, 0x0d, 0x00, 0x00, 0xff, 0x26, 0x00, 0x00, 0xff, 0x50, 0x0d, 0x0f, 0xff, 0x87, 0x28, 0x2f, 0xff, 0xbf, 0x46, 0x51, 0xff, 0xe6, 0x5c, 0x6b, 0xff, 0xf8, 0x5c, 0x6b, 0xff, 0xf7, 0x48, 0x53, 0xff, 0xe7, 0x2a, 0x2f, 0xff, 0xc2, 0x0f, 0x13, 0xff, 0x89, 0x03, 0x03, 0xff, 0x50, 0x00, 0x00, 0xff, 0x25, 0x00, 0x00, 0xff, 0x0b, 0x00, 0x00, 0x00, 0x01, 
  0x00, 0x00, 0xff, 0x02, 0x00, 0x00, 0xff, 0x0d, 0x00, 0x00, 0xff, 0x26, 0x00, 0x00, 0xff, 0x4f, 0x0d, 0x0f, 0xff, 0x87, 0x29, 0x2e, 0xff, 0xc0, 0x46, 0x51, 0xff, 0xe5, 0x5c, 0x6b, 0xff, 0xf8, 0x5c, 0x6b, 0xff, 0xf7, 0x48, 0x53, 0xff, 0xe7, 0x2a, 0x2f, 0xff, 0xc2, 0x0f, 0x13, 0xff, 0x87, 0x03, 0x03, 0xff, 0x4f, 0x00, 0x00, 0xff, 0x25, 0x00, 0x00, 0xff, 0x0c, 0x00, 0x00, 0x00, 0x01, 
  0x00, 0x00, 0xff, 0x01, 0x00, 0x00, 0xff, 0x0d, 0x00, 0x00, 0xff, 0x26, 0x00, 0x00, 0xff, 0x50, 0x0f, 0x0f, 0xff, 0x87, 0x28, 0x2e, 0xff, 0xc0, 0x46, 0x51, 0xff, 0xe5, 0x5c, 0x6b, 0xff, 0xf7, 0x5c, 0x6c, 0xff, 0xf7, 0x49, 0x53, 0xff, 0xe6, 0x2a, 0x31, 0xff, 0xc2, 0x0f, 0x11, 0xff, 0x87, 0x03, 0x03, 0xff, 0x4f, 0x00, 0x00, 0xff, 0x25, 0x00, 0x00, 0xff, 0x0b, 0x00, 0x00, 0x00, 0x00, 
  0x00, 0x00, 0xff, 0x01, 0x00, 0x00, 0xff, 0x0d, 0x07, 0x07, 0xff, 0x27, 0x00, 0x00, 0xff, 0x50, 0x0d, 0x0f, 0xff, 0x86, 0x28, 0x2d, 0xff, 0xbf, 0x47, 0x51, 0xff, 0xe6, 0x5b, 0x6c, 0xff, 0xf6, 0x5c, 0x6a, 0xff, 0xf7, 0x48, 0x53, 0xff, 0xe7, 0x29, 0x30, 0xff, 0xc1, 0x0f, 0x11, 0xff, 0x87, 0x03, 0x03, 0xff, 0x4f, 0x00, 0x00, 0xff, 0x25, 0x00, 0x00, 0xff, 0x0b, 0x00, 0x00, 0x00, 0x00, 
  0x00, 0x00, 0xff, 0x01, 0x00, 0x00, 0xff, 0x0d, 0x00, 0x00, 0xff, 0x27, 0x06, 0x06, 0xff, 0x4f, 0x0b, 0x0f, 0xff, 0x86, 0x28, 0x2d, 0xff, 0xbf, 0x46, 0x52, 0xff, 0xe5, 0x5a, 0x6b, 0xff, 0xf7, 0x5b, 0x6b, 0xff, 0xf7, 0x47, 0x52, 0xff, 0xe7, 0x29, 0x2d, 0xff, 0xc1, 0x0f, 0x13, 0xff, 0x87, 0x03, 0x03, 0xff, 0x4f, 0x00, 0x00, 0xff, 0x25, 0x00, 0x00, 0xff, 0x0b, 0x00, 0x00, 0x00, 0x00, 
  0x00, 0x00, 0xff, 0x01, 0x14, 0x14, 0xff, 0x0d, 0x00, 0x00, 0xff, 0x26, 0x03, 0x03, 0xff, 0x4f, 0x0d, 0x0f, 0xff, 0x87, 0x28, 0x2f, 0xff, 0xbf, 0x45, 0x50, 0xff, 0xe5, 0x5b, 0x6b, 0xff, 0xf7, 0x5c, 0x6c, 0xff, 0xf7, 0x49, 0x53, 0xff, 0xe6, 0x2a, 0x2f, 0xff, 0xc2, 0x0d, 0x11, 0xff, 0x88, 0x03, 0x03, 0xff, 0x4f, 0x00, 0x00, 0xff, 0x25, 0x00, 0x00, 0xff, 0x0c, 0x00, 0x00, 0x00, 0x01, 
  0x00, 0x00, 0x00, 0x01, 0x00, 0x00, 0xff, 0x0d, 0x07, 0x07, 0xff, 0x26, 0x00, 0x00, 0xff, 0x4f, 0x0d, 0x11, 0xff, 0x87, 0x29, 0x2f, 0xff, 0xbf, 0x46, 0x51, 0xff, 0xe6, 0x5c, 0x6b, 0xff, 0xf8, 0x5b, 0x6c, 0xff, 0xf7, 0x49, 0x53, 0xff, 0xe7, 0x2a, 0x30, 0xff, 0xc1, 0x0f, 0x11, 0xff, 0x88, 0x00, 0x00, 0xff, 0x4f, 0x00, 0x00, 0xff, 0x25, 0x15, 0x15, 0xff, 0x0c, 0x00, 0x00, 0x00, 0x01, 
  0x00, 0x00, 0xff, 0x02, 0x00, 0x00, 0xff, 0x0d, 0x00, 0x00, 0xff, 0x26, 0x00, 0x03, 0xff, 0x4f, 0x0f, 0x11, 0xff, 0x87, 0x28, 0x2d, 0xff, 0xbf, 0x45, 0x51, 0xff, 0xe4, 0x5c, 0x6b, 0xff, 0xf7, 0x5c, 0x6c, 0xff, 0xf7, 0x48, 0x52, 0xff, 0xe6, 0x2a, 0x2f, 0xff, 0xc2, 0x0f, 0x0f, 0xff, 0x86, 0x00, 0x00, 0xff, 0x4e, 0x00, 0x00, 0xff, 0x25, 0x00, 0x00, 0xff, 0x0c, 0x00, 0x00, 0x00, 0x01, 
  0x00, 0x00, 0xff, 0x01, 0x14, 0x14, 0xff, 0x0d, 0x00, 0x00, 0xff, 0x26, 0x00, 0x00, 0xff, 0x4f, 0x0d, 0x0f, 0xff, 0x87, 0x29, 0x2f, 0xff, 0xbf, 0x45, 0x51, 0xff, 0xe4, 0x5b, 0x6b, 0xff, 0xf7, 0x5b, 0x6a, 0xff, 0xf7, 0x48, 0x53, 0xff, 0xe6, 0x29, 0x31, 0xff, 0xc1, 0x0f, 0x11, 0xff, 0x86, 0x00, 0x00, 0xff, 0x4e, 0x00, 0x00, 0xff, 0x25, 0x00, 0x00, 0xff, 0x0c, 0x00, 0x00, 0x00, 0x01, 
  0x00, 0x00, 0x00, 0x00, 0x14, 0x14, 0xff, 0x0d, 0x00, 0x00, 0xff, 0x26, 0x00, 0x00, 0xff, 0x4f, 0x0f, 0x0f, 0xff, 0x87, 0x29, 0x2e, 0xff, 0xc0, 0x45, 0x51, 0xff, 0xe4, 0x5b, 0x6b, 0xff, 0xf7, 0x5c, 0x6b, 0xff, 0xf7, 0x48, 0x53, 0xff, 0xe6, 0x29, 0x31, 0xff, 0xc1, 0x0d, 0x11, 0xff, 0x86, 0x03, 0x03, 0xff, 0x4e, 0x00, 0x00, 0xff, 0x25, 0x00, 0x00, 0xff, 0x0c, 0x00, 0x00, 0x00, 0x01, 
  0x00, 0x00, 0xff, 0x01, 0x14, 0x14, 0xff, 0x0d, 0x00, 0x00, 0xff, 0x26, 0x00, 0x00, 0xff, 0x50, 0x0f, 0x0f, 0xff, 0x87, 0x28, 0x2f, 0xff, 0xbf, 0x46, 0x51, 0xff, 0xe5, 0x5b, 0x6d, 0xff, 0xf6, 0x5c, 0x6b, 0xff, 0xf7, 0x48, 0x52, 0xff, 0xe6, 0x29, 0x2f, 0xff, 0xc2, 0x0f, 0x11, 0xff, 0x87, 0x03, 0x00, 0xff, 0x50, 0x00, 0x00, 0xff, 0x25, 0x00, 0x00, 0xff, 0x0b, 0x00, 0x00, 0x00, 0x00, 
  0x00, 0x00, 0xff, 0x02, 0x00, 0x00, 0xff, 0x0e, 0x00, 0x00, 0xff, 0x27, 0x00, 0x00, 0xff, 0x51, 0x0f, 0x11, 0xff, 0x87, 0x28, 0x2f, 0xff, 0xbf, 0x46, 0x51, 0xff, 0xe6, 0x5c, 0x6b, 0xff, 0xf7, 0x5c, 0x6c, 0xff, 0xf7, 0x49, 0x53, 0xff, 0xe7, 0x2a, 0x2f, 0xff, 0xc2, 0x0f, 0x11, 0xff, 0x86, 0x00, 0x00, 0xff, 0x4f, 0x00, 0x00, 0xff, 0x26, 0x17, 0x17, 0xff, 0x0b, 0x00, 0x00, 0x00, 0x00, 
  0x00, 0x00, 0xff, 0x01, 0x00, 0x00, 0xff, 0x0e, 0x00, 0x00, 0xff, 0x26, 0x03, 0x03, 0xff, 0x4f, 0x0d, 0x0f, 0xff, 0x87, 0x29, 0x2f, 0xff, 0xbf, 0x46, 0x51, 0xff, 0xe6, 0x5b, 0x6a, 0xff, 0xf7, 0x5b, 0x6a, 0xff, 0xf7, 0x48, 0x53, 0xff, 0xe7, 0x29, 0x2f, 0xff, 0xc2, 0x0f, 0x0f, 0xff, 0x88, 0x03, 0x03, 0xff, 0x4f, 0x00, 0x00, 0xff, 0x25, 0x00, 0x00, 0xff, 0x0b, 0x00, 0x00, 0x00, 0x00, 
  0x00, 0x00, 0xff, 0x01, 0x15, 0x15, 0xff, 0x0c, 0x00, 0x00, 0xff, 0x26, 0x03, 0x03, 0xff, 0x50, 0x0b, 0x0f, 0xff, 0x87, 0x29, 0x2f, 0xff, 0xbf, 0x45, 0x50, 0xff, 0xe5, 0x5b, 0x6c, 0xff, 0xf6, 0x5c, 0x6b, 0xff, 0xf7, 0x48, 0x52, 0xff, 0xe6, 0x2a, 0x30, 0xff, 0xc1, 0x0f, 0x11, 0xff, 0x88, 0x06, 0x06, 0xff, 0x4f, 0x00, 0x00, 0xff, 0x24, 0x00, 0x00, 0xff, 0x0b, 0x00, 0x00, 0x00, 0x01, 
  0x00, 0x00, 0xff, 0x02, 0x00, 0x00, 0xff, 0x0c, 0x00, 0x00, 0xff, 0x26, 0x00, 0x00, 0xff, 0x50, 0x0d, 0x0f, 0xff, 0x87, 0x29, 0x2f, 0xff, 0xbf, 0x46, 0x51, 0xff, 0xe5, 0x5c, 0x6d, 0xff, 0xf6, 0x5c, 0x6b, 0xff, 0xf7, 0x49, 0x53, 0xff, 0xe7, 0x2a, 0x30, 0xff, 0xc1, 0x0f, 0x11, 0xff, 0x87, 0x00, 0x00, 0xff, 0x4f, 0x00, 0x00, 0xff, 0x25, 0x17, 0x17, 0xff, 0x0b, 0x00, 0x00, 0x00, 0x00, 
  0x00, 0x00, 0xff, 0x01, 0x00, 0x00, 0xff, 0x0d, 0x07, 0x07, 0xff, 0x27, 0x00, 0x00, 0xff, 0x50, 0x0d, 0x0f, 0xff, 0x87, 0x29, 0x2f, 0xff, 0xbf, 0x46, 0x51, 0xff, 0xe6, 0x5b, 0x6b, 0xff, 0xf7, 0x5b, 0x6b, 0xff, 0xf7, 0x49, 0x53, 0xff, 0xe7, 0x2a, 0x31, 0xff, 0xc1, 0x11, 0x11, 0xff, 0x87, 0x00, 0x00, 0xff, 0x4f, 0x00, 0x00, 0xff, 0x25, 0x17, 0x17, 0xff, 0x0b, 0x00, 0x00, 0x00, 0x00, 
  0x00, 0x00, 0xff, 0x01, 0x14, 0x14, 0xff, 0x0d, 0x00, 0x00, 0xff, 0x26, 0x00, 0x00, 0xff, 0x50, 0x0d, 0x0f, 0xff, 0x87, 0x29, 0x2f, 0xff, 0xbf, 0x46, 0x52, 0xff, 0xe6, 0x5b, 0x6b, 0xff, 0xf7, 0x5b, 0x6c, 0xff, 0xf7, 0x48, 0x53, 0xff, 0xe6, 0x2a, 0x31, 0xff, 0xc2, 0x11, 0x11, 0xff, 0x87, 0x03, 0x03, 0xff, 0x4f, 0x00, 0x00, 0xff, 0x25, 0x00, 0x00, 0xff, 0x0b, 0x00, 0x00, 0x00, 0x00, 
  0x00, 0x00, 0xff, 0x02, 0x14, 0x14, 0xff, 0x0d, 0x00, 0x00, 0xff, 0x25, 0x00, 0x00, 0xff, 0x4f, 0x0f, 0x0f, 0xff, 0x87, 0x28, 0x2f, 0xff, 0xbf, 0x46, 0x52, 0xff, 0xe5, 0x5b, 0x6c, 0xff, 0xf6, 0x5b, 0x6b, 0xff, 0xf7, 0x47, 0x53, 0xff, 0xe6, 0x2a, 0x30, 0xff, 0xc1, 0x11, 0x11, 0xff, 0x87, 0x00, 0x03, 0xff, 0x4f, 0x00, 0x00, 0xff, 0x25, 0x00, 0x00, 0xff, 0x0b, 0x00, 0x00, 0x00, 0x00, 
  0x00, 0x00, 0x00, 0x01, 0x00, 0x00, 0xff, 0x0e, 0x07, 0x07, 0xff, 0x26, 0x00, 0x00, 0xff, 0x4f, 0x0d, 0x0f, 0xff, 0x88, 0x28, 0x2f, 0xff, 0xbf, 0x45, 0x50, 0xff, 0xe5, 0x5b, 0x6a, 0xff, 0xf7, 0x5c, 0x6c, 0xff, 0xf6, 0x47, 0x52, 0xff, 0xe5, 0x2a, 0x31, 0xff, 0xc1, 0x0f, 0x11, 0xff, 0x87, 0x00, 0x00, 0xff, 0x4f, 0x00, 0x00, 0xff, 0x25, 0x00, 0x00, 0xff, 0x0c, 0x00, 0x00, 0x00, 0x01, 
  0x00, 0x00, 0xff, 0x01, 0x00, 0x00, 0xff, 0x0d, 0x00, 0x00, 0xff, 0x26, 0x00, 0x00, 0xff, 0x4e, 0x0b, 0x0f, 0xff, 0x86, 0x28, 0x2f, 0xff, 0xbf, 0x46, 0x52, 0xff, 0xe5, 0x5c, 0x6b, 0xff, 0xf7, 0x5e, 0x6d, 0xff, 0xf5, 0x49, 0x53, 0xff, 0xe6, 0x2a, 0x31, 0xff, 0xc1, 0x0f, 0x0f, 0xff, 0x86, 0x00, 0x00, 0xff, 0x4d, 0x00, 0x00, 0xff, 0x25, 0x17, 0x17, 0xff, 0x0b, 0x00, 0x00, 0x00, 0x00, 
  0x00, 0x00, 0xff, 0x01, 0x15, 0x15, 0xff, 0x0c, 0x00, 0x00, 0xff, 0x25, 0x00, 0x00, 0xff, 0x4e, 0x0d, 0x11, 0xff, 0x85, 0x28, 0x2f, 0xff, 0xbe, 0x45, 0x51, 0xff, 0xe4, 0x5d, 0x6c, 0xff, 0xf6, 0x5e, 0x6c, 0xff, 0xf6, 0x48, 0x54, 0xff, 0xe5, 0x2b, 0x30, 0xff, 0xbe, 0x11, 0x11, 0xff, 0x85, 0x03, 0x00, 0xff, 0x4c, 0x00, 0x00, 0xff, 0x24, 0x00, 0x00, 0xff, 0x0b, 0x00, 0x00, 0x00, 0x00, 
  0x00, 0x00, 0xff, 0x01, 0x00, 0x00, 0xff, 0x0c, 0x00, 0x00, 0xff, 0x23, 0x00, 0x00, 0xff, 0x4d, 0x0d, 0x11, 0xff, 0x85, 0x28, 0x2e, 0xff, 0xbd, 0x46, 0x52, 0xff, 0xe4, 0x5c, 0x6c, 0xff, 0xf5, 0x5d, 0x6c, 0xff, 0xf5, 0x47, 0x54, 0xff, 0xe5, 0x2b, 0x32, 0xff, 0xbe, 0x10, 0x12, 0xff, 0x82, 0x00, 0x00, 0xff, 0x4b, 0x00, 0x00, 0xff, 0x22, 0x00, 0x00, 0xff, 0x0a, 0x00, 0x00, 0x00, 0x00, 
  0x00, 0x00, 0xff, 0x01, 0x17, 0x17, 0xff, 0x0b, 0x00, 0x00, 0xff, 0x22, 0x03, 0x03, 0xff, 0x4b, 0x0e, 0x12, 0xff, 0x82, 0x29, 0x2d, 0xff, 0xbc, 0x47, 0x52, 0xff, 0xe3, 0x5c, 0x6e, 0xff, 0xf4, 0x5c, 0x6d, 0xff, 0xf4, 0x49, 0x53, 0xff, 0xe4, 0x2b, 0x2f, 0xff, 0xbc, 0x0e, 0x12, 0xff, 0x81, 0x03, 0x03, 0xff, 0x4a, 0x00, 0x00, 0xff, 0x22, 0x1a, 0x1a, 0xff, 0x0a, 0x00, 0x00, 0x00, 0x00, 
  0x00, 0x00, 0x00, 0x00, 0x00, 0x00, 0xff, 0x0b, 0x00, 0x00, 0xff, 0x22, 0x03, 0x03, 0xff, 0x4a, 0x0e, 0x10, 0xff, 0x81, 0x2a, 0x2f, 0xff, 0xbc, 0x47, 0x52, 0xff, 0xe3, 0x5d, 0x6c, 0xff, 0xf5, 0x5c, 0x6c, 0xff, 0xf5, 0x49, 0x53, 0xff, 0xe3, 0x2c, 0x31, 0xff, 0xbb, 0x0e, 0x12, 0xff, 0x81, 0x00, 0x03, 0xff, 0x49, 0x00, 0x00, 0xff, 0x22, 0x1a, 0x1a, 0xff, 0x0a, 0x00, 0x00, 0x00, 0x00, 
  0x00, 0x00, 0x00, 0x00, 0x17, 0x17, 0xff, 0x0b, 0x00, 0x00, 0xff, 0x22, 0x03, 0x03, 0xff, 0x4a, 0x0e, 0x10, 0xff, 0x81, 0x2a, 0x2f, 0xff, 0xbc, 0x47, 0x52, 0xff, 0xe3, 0x5d, 0x6c, 0xff, 0xf5, 0x5d, 0x6c, 0xff, 0xf5, 0x4a, 0x54, 0xff, 0xe4, 0x2c, 0x31, 0xff, 0xbb, 0x0e, 0x12, 0xff, 0x80, 0x03, 0x03, 0xff, 0x49, 0x00, 0x00, 0xff, 0x22, 0x1a, 0x1a, 0xff, 0x0a, 0x00, 0x00, 0x00, 0x00, 
  0x00, 0x00, 0x00, 0x00, 0x33, 0x33, 0xff, 0x0a, 0x00, 0x00, 0xff, 0x22, 0x03, 0x03, 0xff, 0x4a, 0x10, 0x12, 0xff, 0x81, 0x2b, 0x30, 0xff, 0xba, 0x48, 0x52, 0xff, 0xe3, 0x5d, 0x6e, 0xff, 0xf4, 0x5d, 0x6c, 0xff, 0xf5, 0x4a, 0x54, 0xff, 0xe4, 0x2c, 0x31, 0xff, 0xba, 0x0e, 0x12, 0xff, 0x80, 0x04, 0x04, 0xff, 0x48, 0x00, 0x00, 0xff, 0x21, 0x00, 0x00, 0xff, 0x0a, 0x00, 0x00, 0x00, 0x00, 
  0x00, 0x00, 0x00, 0x00, 0x17, 0x17, 0xff, 0x0b, 0x00, 0x00, 0xff, 0x22, 0x00, 0x00, 0xff, 0x49, 0x0e, 0x12, 0xff, 0x80, 0x2b, 0x30, 0xff, 0xba, 0x47, 0x52, 0xff, 0xe2, 0x5c, 0x6d, 0xff, 0xf4, 0x5d, 0x6c, 0xff, 0xf5, 0x49, 0x53, 0xff, 0xe3, 0x2a, 0x31, 0xff, 0xbb, 0x10, 0x12, 0xff, 0x80, 0x00, 0x00, 0xff, 0x49, 0x00, 0x00, 0xff, 0x21, 0x00, 0x00, 0xff, 0x0a, 0x00, 0x00, 0x00, 0x00, 
  0x00, 0x00, 0x00, 0x00, 0x17, 0x17, 0xff, 0x0b, 0x00, 0x00, 0xff, 0x22, 0x00, 0x04, 0xff, 0x48, 0x0c, 0x10, 0xff, 0x80, 0x2b, 0x30, 0xff, 0xba, 0x47, 0x52, 0xff, 0xe3, 0x5c, 0x6c, 0xff, 0xf5, 0x5d, 0x6c, 0xff, 0xf5, 0x49, 0x53, 0xff, 0xe3, 0x2b, 0x31, 0xff, 0xbc, 0x10, 0x12, 0xff, 0x80, 0x03, 0x03, 0xff, 0x49, 0x00, 0x00, 0xff, 0x22, 0x00, 0x00, 0xff, 0x0a, 0x00, 0x00, 0x00, 0x00, 
  0x00, 0x00, 0x00, 0x00, 0x00, 0x00, 0xff, 0x0a, 0x00, 0x00, 0xff, 0x22, 0x03, 0x03, 0xff, 0x49, 0x0e, 0x10, 0xff, 0x80, 0x2a, 0x30, 0xff, 0xbb, 0x47, 0x51, 0xff, 0xe3, 0x5d, 0x6c, 0xff, 0xf6, 0x5d, 0x6c, 0xff, 0xf5, 0x49, 0x53, 0xff, 0xe3, 0x2c, 0x32, 0xff, 0xbb, 0x10, 0x12, 0xff, 0x80, 0x03, 0x03, 0xff, 0x49, 0x08, 0x00, 0xff, 0x21, 0x00, 0x00, 0xff, 0x0a, 0x00, 0x00, 0x00, 0x00, 
  0x00, 0x00, 0x00, 0x00, 0x00, 0x00, 0xff, 0x0a, 0x00, 0x00, 0xff, 0x22, 0x03, 0x03, 0xff, 0x49, 0x10, 0x12, 0xff, 0x80, 0x2b, 0x30, 0xff, 0xba, 0x47, 0x52, 0xff, 0xe2, 0x5d, 0x6c, 0xff, 0xf5, 0x5c, 0x6c, 0xff, 0xf5, 0x49, 0x54, 0xff, 0xe3, 0x2b, 0x31, 0xff, 0xba, 0x10, 0x14, 0xff, 0x81, 0x00, 0x00, 0xff, 0x49, 0x00, 0x00, 0xff, 0x21, 0x00, 0x00, 0xff, 0x0a, 0x00, 0x00, 0x00, 0x00, 
  0x00, 0x00, 0x00, 0x00, 0x1a, 0x1a, 0xff, 0x0a, 0x00, 0x00, 0xff, 0x21, 0x07, 0x07, 0xff, 0x49, 0x0e, 0x12, 0xff, 0x81, 0x2b, 0x30, 0xff, 0xba, 0x47, 0x52, 0xff, 0xe2, 0x5d, 0x6d, 0xff, 0xf4, 0x5d, 0x6d, 0xff, 0xf5, 0x49, 0x54, 0xff, 0xe4, 0x2b, 0x2f, 0xff, 0xbc, 0x10, 0x12, 0xff, 0x80, 0x04, 0x04, 0xff, 0x48, 0x00, 0x00, 0xff, 0x22, 0x00, 0x00, 0xff, 0x0a, 0x00, 0x00, 0x00, 0x00, 
  0x00, 0x00, 0x00, 0x00, 0x17, 0x17, 0xff, 0x0b, 0x00, 0x00, 0xff, 0x22, 0x03, 0x03, 0xff, 0x49, 0x10, 0x10, 0xff, 0x80, 0x29, 0x30, 0xff, 0xba, 0x47, 0x52, 0xff, 0xe2, 0x5c, 0x6c, 0xff, 0xf5, 0x5d, 0x6d, 0xff, 0xf5, 0x49, 0x53, 0xff, 0xe4, 0x2a, 0x30, 0xff, 0xbb, 0x0e, 0x12, 0xff, 0x80, 0x03, 0x03, 0xff, 0x49, 0x07, 0x07, 0xff, 0x22, 0x00, 0x00, 0xff, 0x0a, 0x00, 0x00, 0x00, 0x00, 
  0x00, 0x00, 0x00, 0x00, 0x33, 0x33, 0xff, 0x0a, 0x00, 0x00, 0xff, 0x22, 0x00, 0x00, 0xff, 0x49, 0x10, 0x10, 0xff, 0x80, 0x29, 0x2d, 0xff, 0xb9, 0x44, 0x4f, 0xff, 0xe2, 0x5a, 0x69, 0xff, 0xf5, 0x5b, 0x6b, 0xff, 0xf4, 0x47, 0x51, 0xff, 0xe2, 0x2a, 0x30, 0xff, 0xbb, 0x10, 0x10, 0xff, 0x7f, 0x00, 0x00, 0xff, 0x49, 0x00, 0x00, 0xff, 0x22, 0x00, 0x00, 0xff, 0x09, 0x00, 0x00, 0x00, 0x00, 
  0x00, 0x00, 0x00, 0x00, 0x1a, 0x1a, 0xff, 0x0a, 0x00, 0x00, 0xff, 0x22, 0x00, 0x00, 0xff, 0x48, 0x0c, 0x0e, 0xff, 0x7f, 0x25, 0x29, 0xff, 0xb9, 0x3d, 0x46, 0xff, 0xe1, 0x51, 0x5d, 0xff, 0xf3, 0x52, 0x5d, 0xff, 0xf3, 0x3f, 0x49, 0xff, 0xe0, 0x24, 0x2c, 0xff, 0xba, 0x0e, 0x10, 0xff, 0x80, 0x00, 0x00, 0xff, 0x49, 0x00, 0x00, 0xff, 0x21, 0x00, 0x00, 0xff, 0x0a, 0x00, 0x00, 0x00, 0x00, 
  0x00, 0x00, 0x00, 0x00, 0x00, 0x00, 0xff, 0x0b, 0x00, 0x00, 0xff, 0x22, 0x04, 0x04, 0xff, 0x48, 0x08, 0x0a, 0xff, 0x7e, 0x1d, 0x20, 0xff, 0xb6, 0x30, 0x36, 0xff, 0xde, 0x3f, 0x48, 0xff, 0xf0, 0x3f, 0x49, 0xff, 0xf1, 0x30, 0x3a, 0xff, 0xdd, 0x1d, 0x20, 0xff, 0xb7, 0x0c, 0x0e, 0xff, 0x7e, 0x00, 0x00, 0xff, 0x49, 0x07, 0x07, 0xff, 0x22, 0x00, 0x00, 0xff, 0x0a, 0x00, 0x00, 0x00, 0x00, 
  0x00, 0x00, 0x00, 0x00, 0x00, 0x00, 0xff, 0x0a, 0x07, 0x07, 0xff, 0x22, 0x00, 0x00, 0xff, 0x48, 0x04, 0x08, 0xff, 0x7d, 0x10, 0x12, 0xff, 0xb4, 0x1d, 0x21, 0xff, 0xdb, 0x27, 0x2d, 0xff, 0xee, 0x26, 0x2d, 0xff, 0xef, 0x1d, 0x24, 0xff, 0xda, 0x10, 0x14, 0xff, 0xb3, 0x06, 0x08, 0xff, 0x7d, 0x04, 0x04, 0xff, 0x48, 0x00, 0x00, 0xff, 0x21, 0x00, 0x00, 0xff, 0x0a, 0x00, 0x00, 0x00, 0x00, 
  0x00, 0x00, 0x00, 0x00, 0x00, 0x00, 0xff, 0x0a, 0x00, 0x00, 0xff, 0x22, 0x04, 0x04, 0xff, 0x48, 0x02, 0x02, 0xff, 0x7a, 0x07, 0x09, 0xff, 0xaf, 0x0d, 0x0e, 0xff, 0xd7, 0x11, 0x13, 0xff, 0xec, 0x11, 0x15, 0xff, 0xeb, 0x0d, 0x11, 0xff, 0xd6, 0x07, 0x09, 0xff, 0xaf, 0x02, 0x02, 0xff, 0x7b, 0x00, 0x00, 0xff, 0x48, 0x00, 0x00, 0xff, 0x22, 0x1a, 0x1a, 0xff, 0x0a, 0x00, 0x00, 0x00, 0x00, 
  0x00, 0x00, 0x00, 0x00, 0x00, 0x00, 0xff, 0x09, 0x00, 0x00, 0xff, 0x20, 0x04, 0x04, 0xff, 0x46, 0x02, 0x02, 0xff, 0x79, 0x01, 0x01, 0xff, 0xac, 0x04, 0x04, 0xff, 0xd4, 0x04, 0x05, 0xff, 0xea, 0x04, 0x05, 0xff, 0xe9, 0x04, 0x05, 0xff, 0xd4, 0x03, 0x03, 0xff, 0xac, 0x02, 0x02, 0xff, 0x78, 0x04, 0x04, 0xff, 0x45, 0x08, 0x08, 0xff, 0x20, 0x00, 0x00, 0xff, 0x09, 0x00, 0x00, 0x00, 0x00, 
  0x00, 0x00, 0x00, 0x00, 0x00, 0x00, 0xff, 0x08, 0x09, 0x09, 0xff, 0x1d, 0x00, 0x00, 0xff, 0x41, 0x00, 0x00, 0xff, 0x72, 0x00, 0x00, 0xff, 0xa4, 0x00, 0x00, 0xff, 0xcc, 0x01, 0x01, 0xff, 0xe3, 0x00, 0x00, 0xff, 0xe3, 0x00, 0x00, 0xff, 0xcd, 0x00, 0x00, 0xff, 0xa3, 0x00, 0x00, 0xff, 0x71, 0x00, 0x00, 0xff, 0x42, 0x00, 0x00, 0xff, 0x1d, 0x20, 0x20, 0xff, 0x08, 0x00, 0x00, 0x00, 0x00, 
  0x00, 0x00, 0x00, 0x00, 0x2a, 0x2a, 0xff, 0x06, 0x0a, 0x0a, 0xff, 0x19, 0x00, 0x00, 0xff, 0x38, 0x00, 0x00, 0xff, 0x65, 0x00, 0x00, 0xff, 0x96, 0x00, 0x00, 0xff, 0xbd, 0x00, 0x00, 0xff, 0xd3, 0x00, 0x00, 0xff, 0xd3, 0x00, 0x00, 0xff, 0xbd, 0x00, 0x00, 0xff, 0x96, 0x00, 0x00, 0xff, 0x66, 0x04, 0x04, 0xff, 0x39, 0x00, 0x00, 0xff, 0x18, 0x00, 0x00, 0xff, 0x07, 0x00, 0x00, 0x00, 0x00, 
  0x00, 0x00, 0x00, 0x00, 0x7f, 0x7f, 0xff, 0x04, 0x00, 0x00, 0xff, 0x12, 0x00, 0x00, 0xff, 0x2c, 0x00, 0x00, 0xff, 0x52, 0x00, 0x00, 0xff, 0x7f, 0x00, 0x00, 0xff, 0xa2, 0x00, 0x00, 0xff, 0xb7, 0x00, 0x00, 0xff, 0xb6, 0x02, 0x02, 0xff, 0xa2, 0x02, 0x02, 0xff, 0x7e, 0x00, 0x00, 0xff, 0x53, 0x06, 0x06, 0xff, 0x2e, 0x00, 0x00, 0xff, 0x13, 0x00, 0x00, 0xff, 0x04, 0x00, 0x00, 0x00, 0x00, 
  0x00, 0x00, 0x00, 0x00, 0x00, 0x00, 0xff, 0x02, 0x00, 0x00, 0xff, 0x0c, 0x08, 0x08, 0xff, 0x20, 0x00, 0x00, 0xff, 0x3c, 0x00, 0x00, 0xff, 0x60, 0x00, 0x00, 0xff, 0x7d, 0x00, 0x00, 0xff, 0x8e, 0x00, 0x00, 0xff, 0x8d, 0x00, 0x00, 0xff, 0x7d, 0x05, 0x05, 0xff, 0x5e, 0x00, 0x00, 0xff, 0x3c, 0x00, 0x00, 0xff, 0x20, 0x00, 0x00, 0xff, 0x0c, 0x00, 0x00, 0xff, 0x02, 0x00, 0x00, 0x00, 0x00, 
  0x00, 0x00, 0x00, 0x00, 0x00, 0x00, 0x00, 0x01, 0x24, 0x24, 0xff, 0x07, 0x00, 0x00, 0xff, 0x13, 0x07, 0x07, 0xff, 0x25, 0x00, 0x00, 0xff, 0x3e, 0x00, 0x00, 0xff, 0x53, 0x00, 0x00, 0xff, 0x5f, 0x00, 0x00, 0xff, 0x5f, 0x00, 0x00, 0xff, 0x53, 0x00, 0x00, 0xff, 0x3d, 0x07, 0x07, 0xff, 0x26, 0x00, 0x00, 0xff, 0x13, 0x00, 0x00, 0xff, 0x06, 0x00, 0x00, 0xff, 0x01, 0x00, 0x00, 0x00, 0x00, 
  0x00, 0x00, 0x00, 0x00, 0x00, 0x00, 0x00, 0x00, 0x7f, 0x7f, 0xff, 0x02, 0x00, 0x00, 0xff, 0x09, 0x00, 0x00, 0xff, 0x15, 0x00, 0x00, 0xff, 0x21, 0x06, 0x06, 0xff, 0x2e, 0x00, 0x00, 0xff, 0x37, 0x00, 0x00, 0xff, 0x36, 0x00, 0x00, 0xff, 0x2f, 0x00, 0x00, 0xff, 0x22, 0x00, 0x00, 0xff, 0x14, 0x00, 0x00, 0xff, 0x09, 0x55, 0x55, 0xff, 0x03, 0x00, 0x00, 0x00, 0x00, 0x00, 0x00, 0x00, 0x00, 
  0x00, 0x00, 0x00, 0x00, 0x00, 0x00, 0x00, 0x00, 0x00, 0x00, 0x00, 0x00, 0x55, 0x55, 0xff, 0x03, 0x00, 0x00, 0xff, 0x08, 0x00, 0x00, 0xff, 0x0e, 0x00, 0x00, 0xff, 0x15, 0x00, 0x00, 0xff, 0x19, 0x00, 0x00, 0xff, 0x19, 0x00, 0x00, 0xff, 0x16, 0x00, 0x00, 0xff, 0x11, 0x00, 0x00, 0xff, 0x0a, 0x00, 0x00, 0xff, 0x04, 0xff, 0xff, 0xff, 0x01, 0x00, 0x00, 0x00, 0x00, 0x00, 0x00, 0x00, 0x00, 
  0x00, 0x00, 0x00, 0x00, 0x00, 0x00, 0x00, 0x00, 0x00, 0x00, 0x00, 0x00, 0x00, 0x00, 0x00, 0x00, 0x7f, 0x7f, 0xff, 0x02, 0x00, 0x00, 0xcc, 0x05, 0x00, 0x00, 0xff, 0x06, 0x00, 0x00, 0xff, 0x08, 0x00, 0x00, 0xff, 0x08, 0x00, 0x00, 0xff, 0x07, 0x00, 0x00, 0xff, 0x05, 0x00, 0x00, 0xff, 0x03, 0x00, 0x00, 0xff, 0x01, 0x00, 0x00, 0x00, 0x00, 0x00, 0x00, 0x00, 0x00, 0x00, 0x00, 0x00, 0x00, 
  0x00, 0x00, 0x00, 0x00, 0x00, 0x00, 0x00, 0x00, 0x00, 0x00, 0x00, 0x00, 0x00, 0x00, 0x00, 0x00, 0x00, 0x00, 0x00, 0x00, 0x00, 0x00, 0x00, 0x00, 0xff, 0xff, 0xff, 0x01, 0x00, 0x00, 0xff, 0x02, 0x00, 0x00, 0xff, 0x01, 0xff, 0xff, 0xff, 0x01, 0x00, 0x00, 0x00, 0x00, 0xff, 0xff, 0xff, 0x01, 0x00, 0x00, 0x00, 0x00, 0x00, 0x00, 0x00, 0x00, 0x00, 0x00, 0x00, 0x00, 0x00, 0x00, 0x00, 0x00, 
#endif
};

const lv_img_dsc_t img_img_needle = {
  .header.cf = LV_IMG_CF_TRUE_COLOR_ALPHA,
  .header.always_zero = 0,
  .header.reserved = 0,
  .header.w = 16,
  .header.h = 192,
  .data_size = 3072 * LV_IMG_PX_SIZE_ALPHA_BYTE,
  .data = img_img_needle_map,
};
